Combo_Name,Selection_Run_ID,Number_of_Tasks,Makespan,CPU_Time
2x2_slot_random_place_random_1_grasp_ver3_grasp_ver3,20260312164614,8,537.0,0.0
2x2_slot_random_place_random_1_grasp_ver3_grasp_ver3,20260312164619,3,309.0,0.0
2x2_slot_random_place_random_1_grasp_ver3_grasp_ver3,20260312164621,4,217.0,0.0
2x2_slot_random_place_random_1_grasp_ver3_grasp_ver3,20260312164624,5,307.0,0.0
2x2_slot_random_place_random_1_grasp_ver3_grasp_ver3,20260312164628,2,183.0,0.0
2x2_slot_random_place_random_1_grasp_ver3_grasp_ver3,20260312164630,23,1158.0,0.0
2x2_slot_random_place_random_1_grasp_ver3_grasp_ver3,20260312164636,4,273.0,0.0
2x2_slot_random_place_random_1_grasp_ver3_grasp_ver3,20260312164639,4,305.0,0.0
2x2_slot_random_place_random_1_grasp_ver3_grasp_ver3,20260312164643,7,247.0,0.0
2x2_slot_random_place_random_1_grasp_ver3_grasp_ver3,20260312164646,3,225.0,0.0
2x2_slot_random_place_random_1_grasp_ver3_grasp_ver3,20260312164649,5,211.0,0.015625
2x2_slot_random_place_random_1_grasp_ver3_grasp_ver3,20260312164653,3,259.0,0.0
2x2_slot_random_place_random_1_grasp_ver3_grasp_ver3,20260312164656,11,608.0,0.0
2x2_slot_random_place_random_1_grasp_ver3_grasp_ver3,20260312164702,2,209.0,0.0
2x2_slot_random_place_random_1_grasp_ver3_grasp_ver3,20260312164704,27,1403.0,0.0
2x2_slot_random_place_random_1_grasp_ver3_grasp_ver3,20260312164716,25,1142.0,0.0
2x2_slot_random_place_random_1_grasp_ver3_grasp_ver3,20260312164729,4,213.0,0.0
2x2_slot_random_place_random_1_grasp_ver3_grasp_ver3,20260312164732,5,359.0,0.0
2x2_slot_random_place_random_1_grasp_ver3_grasp_ver3,20260312164736,4,213.0,0.0
2x2_slot_random_place_random_1_grasp_ver3_grasp_ver3,20260312164740,11,520.0,0.015625
2x2_slot_random_place_random_1_grasp_ver3_grasp_ver3,20260312164747,4,213.0,0.0
2x2_slot_random_place_random_1_grasp_ver3_grasp_ver3,20260312164748,13,808.0,0.0
2x2_slot_random_place_random_1_grasp_ver3_grasp_ver3,20260312164751,9,670.0,0.0
2x2_slot_random_place_random_1_grasp_ver3_grasp_ver3,20260312164756,3,225.0,0.0
2x2_slot_random_place_random_1_grasp_ver3_grasp_ver3,20260312164759,7,437.0,0.0
2x2_slot_random_place_random_1_grasp_ver3_grasp_ver3,20260312164803,4,329.0,0.0
2x2_slot_random_place_random_1_grasp_ver3_grasp_ver3,20260312164806,7,493.0,0.0
2x2_slot_random_place_random_1_grasp_ver3_grasp_ver3,20260312164811,6,403.0,0.0
2x2_slot_random_place_random_1_grasp_ver3_grasp_ver3,20260312164814,48,2136.0,0.0
2x2_slot_random_place_random_1_grasp_ver3_grasp_ver3,20260312164824,7,404.0,0.0
2x2_slot_random_place_random_1_grasp_ver3_grasp_ver3,20260312164829,8,475.0,0.0
2x2_slot_random_place_random_1_grasp_ver3_grasp_ver3,20260312164834,3,245.0,0.0
2x2_slot_random_place_random_1_grasp_ver3_grasp_ver3,20260312164837,4,213.0,0.0
2x2_slot_random_place_random_1_grasp_ver3_grasp_ver3,20260312164841,2,179.0,0.0
2x2_slot_random_place_random_1_grasp_ver3_grasp_ver3,20260312164843,17,1044.0,0.0
2x2_slot_random_place_random_1_grasp_ver3_grasp_ver3,20260312164849,2,269.0,0.0
2x2_slot_random_place_random_1_grasp_ver3_grasp_ver3,20260312164851,4,201.0,0.0
2x2_slot_random_place_random_1_grasp_ver3_grasp_ver3,20260312164855,10,662.0,0.0
2x2_slot_random_place_random_1_grasp_ver3_grasp_ver3,20260312164859,9,458.0,0.0
2x2_slot_random_place_random_1_grasp_ver3_grasp_ver3,20260312164905,4,355.0,0.0
2x2_slot_random_place_random_1_grasp_ver3_grasp_ver3,20260312164908,4,207.0,0.0
2x2_slot_random_place_random_1_grasp_ver3_grasp_ver3,20260312164912,8,446.0,0.0
2x2_slot_random_place_random_1_grasp_ver3_grasp_ver3,20260312164917,5,215.0,0.0
2x2_slot_random_place_random_1_grasp_ver3_grasp_ver3,20260312164919,18,970.0,0.0
2x2_slot_random_place_random_1_grasp_ver3_grasp_ver3,20260312164926,8,414.0,0.0
2x2_slot_random_place_random_1_grasp_ver3_grasp_ver3,20260312164931,3,227.0,0.0
2x2_slot_random_place_random_1_grasp_ver3_grasp_ver3,20260312164935,17,768.0,0.0
2x2_slot_random_place_random_1_grasp_ver3_grasp_ver3,20260312164944,6,419.0,0.0
2x2_slot_random_place_random_1_grasp_ver3_grasp_ver3,20260312164948,2,201.0,0.0
2x2_slot_random_place_random_1_grasp_ver3_grasp_ver3,20260312164950,21,946.0,0.0
2x2_slot_random_place_random_1_grasp_ver3_grasp_ver3,20260312164953,5,279.0,0.0
2x2_slot_random_place_random_1_grasp_ver3_grasp_ver3,20260312164957,3,215.0,0.015625
2x2_slot_random_place_random_1_grasp_ver3_grasp_ver3,20260312165000,4,279.0,0.0
2x2_slot_random_place_random_1_grasp_ver3_grasp_ver3,20260312165003,10,502.0,0.0
2x2_slot_random_place_random_1_grasp_ver3_grasp_ver3,20260312165009,4,325.0,0.0
2x2_slot_random_place_random_1_grasp_ver3_grasp_ver3,20260312165013,3,215.0,0.0
2x2_slot_random_place_random_1_grasp_ver3_grasp_ver3,20260312165016,4,279.0,0.0
2x2_slot_random_place_random_1_grasp_ver3_grasp_ver3,20260312165019,3,225.0,0.0
2x2_slot_random_place_random_1_grasp_ver3_grasp_ver3,20260312165021,34,1708.0,0.0
2x2_slot_random_place_random_1_grasp_ver3_grasp_ver3,20260312165032,5,293.0,0.0
2x2_slot_random_place_random_1_grasp_ver3_grasp_ver3,20260312165036,3,205.0,0.0
2x2_slot_random_place_random_1_grasp_ver3_grasp_ver3,20260312165039,4,311.0,0.0
2x2_slot_random_place_random_1_grasp_ver3_grasp_ver3,20260312165043,4,283.0,0.0
2x2_slot_random_place_random_1_grasp_ver3_grasp_ver3,20260312165046,5,279.0,0.0
2x2_slot_random_place_random_1_grasp_ver3_grasp_ver3,20260312165050,6,307.0,0.0
2x2_slot_random_place_random_1_grasp_ver3_grasp_ver3,20260312165052,35,2101.0,0.0
2x2_slot_random_place_random_1_grasp_ver3_grasp_ver3,20260312165104,10,504.0,0.0
2x2_slot_random_place_random_1_grasp_ver3_grasp_ver3,20260312165110,3,227.0,0.015625
2x2_slot_random_place_random_1_grasp_ver3_grasp_ver3,20260312165113,6,303.0,0.0
2x2_slot_random_place_random_1_grasp_ver3_grasp_ver3,20260312165117,3,293.0,0.0
2x2_slot_random_place_random_1_grasp_ver3_grasp_ver3,20260312165119,14,598.0,0.015625
2x2_slot_random_place_random_1_grasp_ver3_grasp_ver3,20260312165123,5,303.0,0.0
2x2_slot_random_place_random_1_grasp_ver3_grasp_ver3,20260312165127,27,1457.0,0.0
2x2_slot_random_place_random_1_grasp_ver3_grasp_ver3,20260312165137,18,860.0,0.0
2x2_slot_random_place_random_1_grasp_ver3_grasp_ver3,20260312165142,3,277.0,0.0
2x2_slot_random_place_random_1_grasp_ver3_grasp_ver3,20260312165145,9,480.0,0.0
2x2_slot_random_place_random_1_grasp_ver3_grasp_ver3,20260312165150,3,225.0,0.0
2x2_slot_random_place_random_1_grasp_ver3_grasp_ver3,20260312165153,13,510.0,0.0
2x2_slot_random_place_random_1_grasp_ver3_grasp_ver3,20260312165155,7,431.0,0.0
2x2_slot_random_place_random_1_grasp_ver3_grasp_ver3,20260312165159,6,365.0,0.0
2x2_slot_random_place_random_1_grasp_ver3_grasp_ver3,20260312165203,7,413.0,0.0
2x2_slot_random_place_random_1_grasp_ver3_grasp_ver3,20260312165208,2,275.0,0.0
2x2_slot_random_place_random_1_grasp_ver3_grasp_ver3,20260312165210,3,221.0,0.0
2x2_slot_random_place_random_1_grasp_ver3_grasp_ver3,20260312165214,17,735.0,0.0
2x2_slot_random_place_random_1_grasp_ver3_grasp_ver3,20260312165222,3,217.0,0.0
2x2_slot_random_place_random_1_grasp_ver3_grasp_ver3,20260312165223,14,748.0,0.015625
2x2_slot_random_place_random_1_grasp_ver3_grasp_ver3,20260312165228,5,207.0,0.0
2x2_slot_random_place_random_1_grasp_ver3_grasp_ver3,20260312165231,5,241.0,0.0
2x2_slot_random_place_random_1_grasp_ver3_grasp_ver3,20260312165235,14,828.0,0.015625
2x2_slot_random_place_random_1_grasp_ver3_grasp_ver3,20260312165241,4,239.0,0.0
2x2_slot_random_place_random_1_grasp_ver3_grasp_ver3,20260312165244,3,225.0,0.0
2x2_slot_random_place_random_1_grasp_ver3_grasp_ver3,20260312165248,4,269.0,0.0
2x2_slot_random_place_random_1_grasp_ver3_grasp_ver3,20260312165251,9,548.0,0.0
2x2_slot_random_place_random_1_grasp_ver3_grasp_ver3,20260312165254,7,251.0,0.0
2x2_slot_random_place_random_1_grasp_ver3_grasp_ver3,20260312165259,5,213.0,0.0
2x2_slot_random_place_random_1_grasp_ver3_grasp_ver3,20260312165303,16,808.0,0.0
2x2_slot_random_place_random_1_grasp_ver3_grasp_ver3,20260312165313,35,1555.0,0.0
2x2_slot_random_place_random_1_grasp_ver3_grasp_ver3,20260312165327,5,307.0,0.0
2x2_slot_random_place_random_1_grasp_ver3_grasp_ver3,20260312165331,6,204.0,0.0
2x2_slot_random_place_random_1_grasp_ver3_grasp_ver3,20260312165335,4,211.0,0.0
2x2_slot_random_place_random_1_grasp_ver3_grasp_ver3,20260312165339,6,499.0,0.0
2x2_slot_random_place_random_1_grasp_ver3_grasp_ver3,20260312165342,5,313.0,0.0
2x2_slot_random_place_random_1_grasp_ver3_grasp_ver3,20260312165346,3,215.0,0.0
2x2_slot_random_place_random_1_grasp_ver3_grasp_ver3,20260312165349,4,211.0,0.015625
2x2_slot_random_place_random_1_grasp_ver3_grasp_ver3,20260312165352,7,389.0,0.015625
2x2_slot_random_place_random_1_grasp_ver3_grasp_ver3,20260312165356,16,696.0,0.015625
2x2_slot_random_place_random_1_grasp_ver3_grasp_ver3,20260312165358,7,361.0,0.0
2x2_slot_random_place_random_1_grasp_ver3_grasp_ver3,20260312165402,11,682.0,0.0
2x2_slot_random_place_random_1_grasp_ver3_grasp_ver3,20260312165409,5,229.0,0.0
2x2_slot_random_place_random_1_grasp_ver3_grasp_ver3,20260312165412,4,223.0,0.015625
2x2_slot_random_place_random_1_grasp_ver3_grasp_ver3,20260312165416,2,169.0,0.0
2x2_slot_random_place_random_1_grasp_ver3_grasp_ver3,20260312165418,18,812.0,0.0
2x2_slot_random_place_random_1_grasp_ver3_grasp_ver3,20260312165427,34,1661.0,0.015625
2x2_slot_random_place_random_1_grasp_ver3_grasp_ver3,20260312165441,5,243.0,0.0
2x2_slot_random_place_random_1_grasp_ver3_grasp_ver3,20260312165445,3,221.0,0.0
2x2_slot_random_place_random_1_grasp_ver3_grasp_ver3,20260312165448,4,293.0,0.0
2x2_slot_random_place_random_1_grasp_ver3_grasp_ver3,20260312165451,4,223.0,0.0
2x2_slot_random_place_random_1_grasp_ver3_grasp_ver3,20260312165454,2,169.0,0.0
2x2_slot_random_place_random_1_grasp_ver3_grasp_ver3,20260312165456,9,459.0,0.0
2x2_slot_random_place_random_1_grasp_ver3_grasp_ver3,20260312165459,6,183.0,0.0
2x2_slot_random_place_random_1_grasp_ver3_grasp_ver3,20260312165503,3,265.0,0.015625
2x2_slot_random_place_random_1_grasp_ver3_grasp_ver3,20260312165506,33,1568.0,0.0
2x2_slot_random_place_random_1_grasp_ver3_grasp_ver3,20260312165521,8,427.0,0.0
2x2_slot_random_place_random_1_grasp_ver3_grasp_ver3,20260312165524,6,317.0,0.0
2x2_slot_random_place_random_1_grasp_ver3_grasp_ver3,20260312165527,6,339.0,0.0
2x2_slot_random_place_random_1_grasp_ver3_grasp_ver3,20260312165529,18,1046.0,0.0
2x2_slot_random_place_random_1_grasp_ver3_grasp_ver3,20260312165532,9,530.0,0.0
2x2_slot_random_place_random_1_grasp_ver3_grasp_ver3,20260312165536,11,497.0,0.0
2x2_slot_random_place_random_1_grasp_ver3_grasp_ver3,20260312165540,11,521.0,0.0
2x2_slot_random_place_random_1_grasp_ver3_grasp_ver3,20260312165546,5,217.0,0.0
2x2_slot_random_place_random_1_grasp_ver3_grasp_ver3,20260312165550,8,440.0,0.0
2x2_slot_random_place_random_1_grasp_ver3_grasp_ver3,20260312165554,7,558.0,0.0
2x2_slot_random_place_random_1_grasp_ver3_grasp_ver3,20260312165559,21,994.0,0.0
2x2_slot_random_place_random_1_grasp_ver3_grasp_ver3,20260312165606,7,265.0,0.0
2x2_slot_random_place_random_1_grasp_ver3_grasp_ver3,20260312165611,2,287.0,0.015625
2x2_slot_random_place_random_1_grasp_ver3_grasp_ver3,20260312165613,10,632.0,0.0
2x2_slot_random_place_random_1_grasp_ver3_grasp_ver3,20260312165619,2,239.0,0.0
2x2_slot_random_place_random_1_grasp_ver3_grasp_ver3,20260312165621,3,203.0,0.0
2x2_slot_random_place_random_1_grasp_ver3_grasp_ver3,20260312165623,4,201.0,0.0
2x2_slot_random_place_random_1_grasp_ver3_grasp_ver3,20260312165627,5,215.0,0.0
2x2_slot_random_place_random_1_grasp_ver3_grasp_ver3,20260312165629,3,255.0,0.0
2x2_slot_random_place_random_1_grasp_ver3_grasp_ver3,20260312165632,10,624.0,0.0
2x2_slot_random_place_random_1_grasp_ver3_grasp_ver3,20260312165635,8,434.0,0.015625
2x2_slot_random_place_random_1_grasp_ver3_grasp_ver3,20260312165640,21,1040.0,0.0
2x2_slot_random_place_random_1_grasp_ver3_grasp_ver3,20260312165650,4,201.0,0.0
2x2_slot_random_place_random_1_grasp_ver3_grasp_ver3,20260312165654,5,259.0,0.0
2x2_slot_random_place_random_1_grasp_ver3_grasp_ver3,20260312165657,4,203.0,0.0
2x2_slot_random_place_random_1_grasp_ver3_grasp_ver3,20260312165701,16,886.0,0.0
2x2_slot_random_place_random_1_grasp_ver3_grasp_ver3,20260312165706,4,295.0,0.0
2x2_slot_random_place_random_1_grasp_ver3_grasp_ver3,20260312165709,6,201.0,0.0
2x2_slot_random_place_random_1_grasp_ver3_grasp_ver3,20260312165713,13,736.0,0.0
2x2_slot_random_place_random_1_grasp_ver3_grasp_ver3,20260312165720,8,544.0,0.0
2x2_slot_random_place_random_1_grasp_ver3_grasp_ver3,20260312165725,5,213.0,0.0
2x2_slot_random_place_random_1_grasp_ver3_grasp_ver3,20260312165729,28,1327.0,0.0
2x2_slot_random_place_random_1_grasp_ver3_grasp_ver3,20260312165739,2,197.0,0.0
2x2_slot_random_place_random_1_grasp_ver3_grasp_ver3,20260312165742,18,704.0,0.0
2x2_slot_random_place_random_1_grasp_ver3_grasp_ver3,20260312165750,5,209.0,0.0
2x2_slot_random_place_random_1_grasp_ver3_grasp_ver3,20260312165754,4,291.0,0.0
2x2_slot_random_place_random_1_grasp_ver3_grasp_ver3,20260312165757,4,211.0,0.0
2x2_slot_random_place_random_1_grasp_ver3_grasp_ver3,20260312165801,4,213.0,0.0
2x2_slot_random_place_random_1_grasp_ver3_grasp_ver3,20260312165803,2,185.0,0.0
2x2_slot_random_place_random_1_grasp_ver3_grasp_ver3,20260312165806,4,217.0,0.0
2x2_slot_random_place_random_1_grasp_ver3_grasp_ver3,20260312165809,7,476.0,0.0
2x2_slot_random_place_random_1_grasp_ver3_grasp_ver3,20260312165813,3,289.0,0.0
2x2_slot_random_place_random_1_grasp_ver3_grasp_ver3,20260312165816,6,329.0,0.0
2x2_slot_random_place_random_1_grasp_ver3_grasp_ver3,20260312165820,3,203.0,0.0
2x2_slot_random_place_random_1_grasp_ver3_grasp_ver3,20260312165822,3,221.0,0.0
2x2_slot_random_place_random_1_grasp_ver3_grasp_ver3,20260312165825,4,207.0,0.0
2x2_slot_random_place_random_1_grasp_ver3_grasp_ver3,20260312165828,15,675.0,0.015625
2x2_slot_random_place_random_1_grasp_ver3_grasp_ver3,20260312165833,7,393.0,0.015625
2x2_slot_random_place_random_1_grasp_ver3_grasp_ver3,20260312165837,4,211.0,0.0
2x2_slot_random_place_random_1_grasp_ver3_grasp_ver3,20260312165840,6,207.0,0.0
2x2_slot_random_place_random_1_grasp_ver3_grasp_ver3,20260312165844,4,307.0,0.0
2x2_slot_random_place_random_1_grasp_ver3_grasp_ver3,20260312165847,9,657.0,0.0
2x2_slot_random_place_random_1_grasp_ver3_grasp_ver3,20260312165852,4,201.0,0.015625
2x2_slot_random_place_random_1_grasp_ver3_grasp_ver3,20260312165855,13,712.0,0.0
2x2_slot_random_place_random_1_grasp_ver3_grasp_ver3,20260312165901,4,271.0,0.0
2x2_slot_random_place_random_1_grasp_ver3_grasp_ver3,20260312165903,12,608.0,0.0
2x2_slot_random_place_random_1_grasp_ver3_grasp_ver3,20260312165906,3,221.0,0.0
2x2_slot_random_place_random_1_grasp_ver3_grasp_ver3,20260312165909,4,201.0,0.0
2x2_slot_random_place_random_1_grasp_ver3_grasp_ver3,20260312165913,4,207.0,0.0
2x2_slot_random_place_random_1_grasp_ver3_grasp_ver3,20260312165916,4,217.0,0.0
2x2_slot_random_place_random_1_grasp_ver3_grasp_ver3,20260312165920,7,239.0,0.015625
2x2_slot_random_place_random_1_grasp_ver3_grasp_ver3,20260312165924,5,313.0,0.0
2x2_slot_random_place_random_1_grasp_ver3_grasp_ver3,20260312165927,4,201.0,0.0
2x2_slot_random_place_random_1_grasp_ver3_grasp_ver3,20260312165930,10,820.0,0.0
2x2_slot_random_place_random_1_grasp_ver3_grasp_ver3,20260312165934,11,478.0,0.015625
2x2_slot_random_place_random_1_grasp_ver3_grasp_ver3,20260312165936,20,964.0,0.0
2x2_slot_random_place_random_1_grasp_ver3_grasp_ver3,20260312165947,4,201.0,0.0
2x2_slot_random_place_random_1_grasp_ver3_grasp_ver3,20260312165950,5,209.0,0.0
2x2_slot_random_place_random_1_grasp_ver3_grasp_ver3,20260312165954,4,269.0,0.0
2x2_slot_random_place_random_1_grasp_ver3_grasp_ver3,20260312165957,8,557.0,0.0
2x2_slot_random_place_random_1_grasp_ver3_grasp_ver3,20260312170000,6,207.0,0.0
2x2_slot_random_place_random_1_grasp_ver3_grasp_ver3,20260312170004,15,680.0,0.0
2x2_slot_random_place_random_1_grasp_ver3_grasp_ver3,20260312170006,8,381.0,0.0
2x2_slot_random_place_random_1_grasp_ver3_grasp_ver3,20260312170010,4,201.0,0.0
2x2_slot_random_place_random_1_grasp_ver3_grasp_ver3,20260312170014,6,211.0,0.0
2x2_slot_random_place_random_1_grasp_ver3_grasp_ver3,20260312170018,6,201.0,0.0
2x2_slot_random_place_random_1_grasp_ver3_greedy_ver3,20260312164616,21,940.0,0.0
2x2_slot_random_place_random_1_grasp_ver3_greedy_ver3,20260312164620,3,289.0,0.0
2x2_slot_random_place_random_1_grasp_ver3_greedy_ver3,20260312164623,7,423.0,0.0
2x2_slot_random_place_random_1_grasp_ver3_greedy_ver3,20260312164626,14,676.0,0.0
2x2_slot_random_place_random_1_grasp_ver3_greedy_ver3,20260312164629,3,283.0,0.0
2x2_slot_random_place_random_1_grasp_ver3_greedy_ver3,20260312164633,27,1612.0,0.0
2x2_slot_random_place_random_1_grasp_ver3_greedy_ver3,20260312164638,7,337.0,0.0
2x2_slot_random_place_random_1_grasp_ver3_greedy_ver3,20260312164641,8,489.0,0.0
2x2_slot_random_place_random_1_grasp_ver3_greedy_ver3,20260312164645,22,1014.0,0.0
2x2_slot_random_place_random_1_grasp_ver3_greedy_ver3,20260312164647,11,516.0,0.0
2x2_slot_random_place_random_1_grasp_ver3_greedy_ver3,20260312164651,11,492.0,0.0
2x2_slot_random_place_random_1_grasp_ver3_greedy_ver3,20260312164654,5,313.0,0.0
2x2_slot_random_place_random_1_grasp_ver3_greedy_ver3,20260312164659,24,1080.0,0.0
2x2_slot_random_place_random_1_grasp_ver3_greedy_ver3,20260312164703,3,269.0,0.0
2x2_slot_random_place_random_1_grasp_ver3_greedy_ver3,20260312164709,60,2728.0,0.0
2x2_slot_random_place_random_1_grasp_ver3_greedy_ver3,20260312164721,85,3826.0,0.0
2x2_slot_random_place_random_1_grasp_ver3_greedy_ver3,20260312164730,11,437.0,0.0
2x2_slot_random_place_random_1_grasp_ver3_greedy_ver3,20260312164733,29,1450.0,0.0
2x2_slot_random_place_random_1_grasp_ver3_greedy_ver3,20260312164737,11,514.0,0.0
2x2_slot_random_place_random_1_grasp_ver3_greedy_ver3,20260312164743,48,2508.0,0.0
2x2_slot_random_place_random_1_grasp_ver3_greedy_ver3,20260312164748,13,808.0,0.0
2x2_slot_random_place_random_1_grasp_ver3_greedy_ver3,20260312164750,10,463.0,0.0
2x2_slot_random_place_random_1_grasp_ver3_greedy_ver3,20260312164754,13,744.0,0.0
2x2_slot_random_place_random_1_grasp_ver3_greedy_ver3,20260312164757,11,514.0,0.0
2x2_slot_random_place_random_1_grasp_ver3_greedy_ver3,20260312164801,10,638.0,0.0
2x2_slot_random_place_random_1_grasp_ver3_greedy_ver3,20260312164805,5,299.0,0.0
2x2_slot_random_place_random_1_grasp_ver3_greedy_ver3,20260312164808,13,707.0,0.0
2x2_slot_random_place_random_1_grasp_ver3_greedy_ver3,20260312164812,8,442.0,0.0
2x2_slot_random_place_random_1_grasp_ver3_greedy_ver3,20260312164818,66,3163.0,0.0
2x2_slot_random_place_random_1_grasp_ver3_greedy_ver3,20260312164826,29,1533.0,0.0
2x2_slot_random_place_random_1_grasp_ver3_greedy_ver3,20260312164831,18,890.0,0.0
2x2_slot_random_place_random_1_grasp_ver3_greedy_ver3,20260312164835,5,303.0,0.015625
2x2_slot_random_place_random_1_grasp_ver3_greedy_ver3,20260312164839,11,496.0,0.015625
2x2_slot_random_place_random_1_grasp_ver3_greedy_ver3,20260312164842,3,279.0,0.0
2x2_slot_random_place_random_1_grasp_ver3_greedy_ver3,20260312164847,39,1844.0,0.0
2x2_slot_random_place_random_1_grasp_ver3_greedy_ver3,20260312164850,3,229.0,0.0
2x2_slot_random_place_random_1_grasp_ver3_greedy_ver3,20260312164853,11,492.0,0.0
2x2_slot_random_place_random_1_grasp_ver3_greedy_ver3,20260312164857,10,684.0,0.0
2x2_slot_random_place_random_1_grasp_ver3_greedy_ver3,20260312164902,12,658.0,0.0
2x2_slot_random_place_random_1_grasp_ver3_greedy_ver3,20260312164906,4,355.0,0.0
2x2_slot_random_place_random_1_grasp_ver3_greedy_ver3,20260312164909,11,494.0,0.0
2x2_slot_random_place_random_1_grasp_ver3_greedy_ver3,20260312164914,11,542.0,0.0
2x2_slot_random_place_random_1_grasp_ver3_greedy_ver3,20260312164918,20,826.0,0.0
2x2_slot_random_place_random_1_grasp_ver3_greedy_ver3,20260312164923,31,1396.0,0.0
2x2_slot_random_place_random_1_grasp_ver3_greedy_ver3,20260312164929,21,922.0,0.0
2x2_slot_random_place_random_1_grasp_ver3_greedy_ver3,20260312164933,11,518.0,0.0
2x2_slot_random_place_random_1_grasp_ver3_greedy_ver3,20260312164939,39,1750.0,0.0
2x2_slot_random_place_random_1_grasp_ver3_greedy_ver3,20260312164946,11,542.0,0.0
2x2_slot_random_place_random_1_grasp_ver3_greedy_ver3,20260312164949,8,411.0,0.0
2x2_slot_random_place_random_1_grasp_ver3_greedy_ver3,20260312164950,21,946.0,0.0
2x2_slot_random_place_random_1_grasp_ver3_greedy_ver3,20260312164954,15,732.0,0.0
2x2_slot_random_place_random_1_grasp_ver3_greedy_ver3,20260312164958,11,494.0,0.0
2x2_slot_random_place_random_1_grasp_ver3_greedy_ver3,20260312165001,7,419.0,0.015625
2x2_slot_random_place_random_1_grasp_ver3_greedy_ver3,20260312165006,23,1056.0,0.015625
2x2_slot_random_place_random_1_grasp_ver3_greedy_ver3,20260312165011,10,600.0,0.0
2x2_slot_random_place_random_1_grasp_ver3_greedy_ver3,20260312165014,11,494.0,0.0
2x2_slot_random_place_random_1_grasp_ver3_greedy_ver3,20260312165017,7,419.0,0.0
2x2_slot_random_place_random_1_grasp_ver3_greedy_ver3,20260312165020,11,516.0,0.0
2x2_slot_random_place_random_1_grasp_ver3_greedy_ver3,20260312165026,61,2999.0,0.0
2x2_slot_random_place_random_1_grasp_ver3_greedy_ver3,20260312165034,12,630.0,0.0
2x2_slot_random_place_random_1_grasp_ver3_greedy_ver3,20260312165037,7,361.0,0.0
2x2_slot_random_place_random_1_grasp_ver3_greedy_ver3,20260312165040,15,688.0,0.0
2x2_slot_random_place_random_1_grasp_ver3_greedy_ver3,20260312165044,7,423.0,0.0
2x2_slot_random_place_random_1_grasp_ver3_greedy_ver3,20260312165047,15,732.0,0.0
2x2_slot_random_place_random_1_grasp_ver3_greedy_ver3,20260312165052,35,2101.0,0.0
2x2_slot_random_place_random_1_grasp_ver3_greedy_ver3,20260312165058,50,2455.0,0.0
2x2_slot_random_place_random_1_grasp_ver3_greedy_ver3,20260312165107,22,1068.0,0.0
2x2_slot_random_place_random_1_grasp_ver3_greedy_ver3,20260312165111,11,516.0,0.0
2x2_slot_random_place_random_1_grasp_ver3_greedy_ver3,20260312165115,8,372.0,0.0
2x2_slot_random_place_random_1_grasp_ver3_greedy_ver3,20260312165118,3,273.0,0.0
2x2_slot_random_place_random_1_grasp_ver3_greedy_ver3,20260312165122,28,1328.0,0.015625
2x2_slot_random_place_random_1_grasp_ver3_greedy_ver3,20260312165125,8,383.0,0.0
2x2_slot_random_place_random_1_grasp_ver3_greedy_ver3,20260312165131,48,2267.0,0.0
2x2_slot_random_place_random_1_grasp_ver3_greedy_ver3,20260312165139,32,1494.0,0.0
2x2_slot_random_place_random_1_grasp_ver3_greedy_ver3,20260312165143,6,357.0,0.0
2x2_slot_random_place_random_1_grasp_ver3_greedy_ver3,20260312165147,18,828.0,0.0
2x2_slot_random_place_random_1_grasp_ver3_greedy_ver3,20260312165151,11,516.0,0.0
2x2_slot_random_place_random_1_grasp_ver3_greedy_ver3,20260312165153,13,510.0,0.0
2x2_slot_random_place_random_1_grasp_ver3_greedy_ver3,20260312165157,8,464.0,0.0
2x2_slot_random_place_random_1_grasp_ver3_greedy_ver3,20260312165201,12,552.0,0.015625
2x2_slot_random_place_random_1_grasp_ver3_greedy_ver3,20260312165205,14,796.0,0.015625
2x2_slot_random_place_random_1_grasp_ver3_greedy_ver3,20260312165209,11,525.0,0.0
2x2_slot_random_place_random_1_grasp_ver3_greedy_ver3,20260312165211,11,514.0,0.0
2x2_slot_random_place_random_1_grasp_ver3_greedy_ver3,20260312165217,50,2285.0,0.0
2x2_slot_random_place_random_1_grasp_ver3_greedy_ver3,20260312165223,14,748.0,0.0
2x2_slot_random_place_random_1_grasp_ver3_greedy_ver3,20260312165225,13,694.0,0.0
2x2_slot_random_place_random_1_grasp_ver3_greedy_ver3,20260312165229,15,722.0,0.0
2x2_slot_random_place_random_1_grasp_ver3_greedy_ver3,20260312165233,17,814.0,0.0
2x2_slot_random_place_random_1_grasp_ver3_greedy_ver3,20260312165238,22,1144.0,0.0
2x2_slot_random_place_random_1_grasp_ver3_greedy_ver3,20260312165243,17,815.0,0.0
2x2_slot_random_place_random_1_grasp_ver3_greedy_ver3,20260312165245,11,514.0,0.0
2x2_slot_random_place_random_1_grasp_ver3_greedy_ver3,20260312165249,7,399.0,0.0
2x2_slot_random_place_random_1_grasp_ver3_greedy_ver3,20260312165253,21,1024.0,0.0
2x2_slot_random_place_random_1_grasp_ver3_greedy_ver3,20260312165256,19,894.0,0.015625
2x2_slot_random_place_random_1_grasp_ver3_greedy_ver3,20260312165300,20,888.0,0.0
2x2_slot_random_place_random_1_grasp_ver3_greedy_ver3,20260312165307,44,2061.0,0.0
2x2_slot_random_place_random_1_grasp_ver3_greedy_ver3,20260312165319,85,4046.0,0.0
2x2_slot_random_place_random_1_grasp_ver3_greedy_ver3,20260312165329,11,612.0,0.0
2x2_slot_random_place_random_1_grasp_ver3_greedy_ver3,20260312165333,14,794.0,0.0
2x2_slot_random_place_random_1_grasp_ver3_greedy_ver3,20260312165337,11,512.0,0.0
2x2_slot_random_place_random_1_grasp_ver3_greedy_ver3,20260312165340,14,676.0,0.0
2x2_slot_random_place_random_1_grasp_ver3_greedy_ver3,20260312165344,8,374.0,0.015625
2x2_slot_random_place_random_1_grasp_ver3_greedy_ver3,20260312165347,11,494.0,0.0
2x2_slot_random_place_random_1_grasp_ver3_greedy_ver3,20260312165350,7,417.0,0.0
2x2_slot_random_place_random_1_grasp_ver3_greedy_ver3,20260312165354,19,868.0,0.0
2x2_slot_random_place_random_1_grasp_ver3_greedy_ver3,20260312165356,16,696.0,0.0
2x2_slot_random_place_random_1_grasp_ver3_greedy_ver3,20260312165400,12,668.0,0.0
2x2_slot_random_place_random_1_grasp_ver3_greedy_ver3,20260312165405,34,1634.0,0.0
2x2_slot_random_place_random_1_grasp_ver3_greedy_ver3,20260312165411,17,759.0,0.0
2x2_slot_random_place_random_1_grasp_ver3_greedy_ver3,20260312165414,11,516.0,0.0
2x2_slot_random_place_random_1_grasp_ver3_greedy_ver3,20260312165417,3,269.0,0.0
2x2_slot_random_place_random_1_grasp_ver3_greedy_ver3,20260312165422,47,2213.0,0.0
2x2_slot_random_place_random_1_grasp_ver3_greedy_ver3,20260312165432,80,3607.0,0.0
2x2_slot_random_place_random_1_grasp_ver3_greedy_ver3,20260312165442,19,966.0,0.0
2x2_slot_random_place_random_1_grasp_ver3_greedy_ver3,20260312165446,9,502.0,0.0
2x2_slot_random_place_random_1_grasp_ver3_greedy_ver3,20260312165449,8,445.0,0.0
2x2_slot_random_place_random_1_grasp_ver3_greedy_ver3,20260312165452,9,504.0,0.0
2x2_slot_random_place_random_1_grasp_ver3_greedy_ver3,20260312165455,3,269.0,0.0
2x2_slot_random_place_random_1_grasp_ver3_greedy_ver3,20260312165458,12,616.0,0.0
2x2_slot_random_place_random_1_grasp_ver3_greedy_ver3,20260312165500,16,778.0,0.0
2x2_slot_random_place_random_1_grasp_ver3_greedy_ver3,20260312165504,15,733.0,0.0
2x2_slot_random_place_random_1_grasp_ver3_greedy_ver3,20260312165512,83,3676.0,0.0
2x2_slot_random_place_random_1_grasp_ver3_greedy_ver3,20260312165522,13,692.0,0.015625
2x2_slot_random_place_random_1_grasp_ver3_greedy_ver3,20260312165525,9,514.0,0.015625
2x2_slot_random_place_random_1_grasp_ver3_greedy_ver3,20260312165529,18,1046.0,0.0
2x2_slot_random_place_random_1_grasp_ver3_greedy_ver3,20260312165531,10,705.0,0.0
2x2_slot_random_place_random_1_grasp_ver3_greedy_ver3,20260312165534,13,860.0,0.0
2x2_slot_random_place_random_1_grasp_ver3_greedy_ver3,20260312165538,13,654.0,0.0
2x2_slot_random_place_random_1_grasp_ver3_greedy_ver3,20260312165543,22,1028.0,0.0
2x2_slot_random_place_random_1_grasp_ver3_greedy_ver3,20260312165547,19,870.0,0.0
2x2_slot_random_place_random_1_grasp_ver3_greedy_ver3,20260312165552,14,792.0,0.0
2x2_slot_random_place_random_1_grasp_ver3_greedy_ver3,20260312165556,16,812.0,0.0
2x2_slot_random_place_random_1_grasp_ver3_greedy_ver3,20260312165601,45,2139.0,0.0
2x2_slot_random_place_random_1_grasp_ver3_greedy_ver3,20260312165608,12,658.0,0.0
2x2_slot_random_place_random_1_grasp_ver3_greedy_ver3,20260312165612,11,547.0,0.0
2x2_slot_random_place_random_1_grasp_ver3_greedy_ver3,20260312165616,29,1338.0,0.0
2x2_slot_random_place_random_1_grasp_ver3_greedy_ver3,20260312165620,8,539.0,0.015625
2x2_slot_random_place_random_1_grasp_ver3_greedy_ver3,20260312165622,7,401.0,0.0
2x2_slot_random_place_random_1_grasp_ver3_greedy_ver3,20260312165625,11,492.0,0.0
2x2_slot_random_place_random_1_grasp_ver3_greedy_ver3,20260312165628,20,826.0,0.0
2x2_slot_random_place_random_1_grasp_ver3_greedy_ver3,20260312165630,5,313.0,0.0
2x2_slot_random_place_random_1_grasp_ver3_greedy_ver3,20260312165633,13,762.0,0.0
2x2_slot_random_place_random_1_grasp_ver3_greedy_ver3,20260312165637,14,664.0,0.0
2x2_slot_random_place_random_1_grasp_ver3_greedy_ver3,20260312165645,51,2326.0,0.0
2x2_slot_random_place_random_1_grasp_ver3_greedy_ver3,20260312165652,11,492.0,0.0
2x2_slot_random_place_random_1_grasp_ver3_greedy_ver3,20260312165655,10,558.0,0.0
2x2_slot_random_place_random_1_grasp_ver3_greedy_ver3,20260312165659,9,414.0,0.0
2x2_slot_random_place_random_1_grasp_ver3_greedy_ver3,20260312165702,40,1873.0,0.0
2x2_slot_random_place_random_1_grasp_ver3_greedy_ver3,20260312165707,10,545.0,0.0
2x2_slot_random_place_random_1_grasp_ver3_greedy_ver3,20260312165711,19,834.0,0.0
2x2_slot_random_place_random_1_grasp_ver3_greedy_ver3,20260312165717,39,2065.0,0.0
2x2_slot_random_place_random_1_grasp_ver3_greedy_ver3,20260312165722,16,828.0,0.0
2x2_slot_random_place_random_1_grasp_ver3_greedy_ver3,20260312165726,17,832.0,0.0
2x2_slot_random_place_random_1_grasp_ver3_greedy_ver3,20260312165733,49,2385.0,0.015625
2x2_slot_random_place_random_1_grasp_ver3_greedy_ver3,20260312165740,8,407.0,0.0
2x2_slot_random_place_random_1_grasp_ver3_greedy_ver3,20260312165746,40,1908.0,0.0
2x2_slot_random_place_random_1_grasp_ver3_greedy_ver3,20260312165752,19,838.0,0.0
2x2_slot_random_place_random_1_grasp_ver3_greedy_ver3,20260312165756,7,419.0,0.0
2x2_slot_random_place_random_1_grasp_ver3_greedy_ver3,20260312165759,11,512.0,0.0
2x2_slot_random_place_random_1_grasp_ver3_greedy_ver3,20260312165802,19,814.0,0.0
2x2_slot_random_place_random_1_grasp_ver3_greedy_ver3,20260312165804,8,431.0,0.0
2x2_slot_random_place_random_1_grasp_ver3_greedy_ver3,20260312165807,11,514.0,0.0
2x2_slot_random_place_random_1_grasp_ver3_greedy_ver3,20260312165811,16,964.0,0.015625
2x2_slot_random_place_random_1_grasp_ver3_greedy_ver3,20260312165814,3,229.0,0.015625
2x2_slot_random_place_random_1_grasp_ver3_greedy_ver3,20260312165818,11,594.0,0.0
2x2_slot_random_place_random_1_grasp_ver3_greedy_ver3,20260312165821,6,359.0,0.0
2x2_slot_random_place_random_1_grasp_ver3_greedy_ver3,20260312165823,11,518.0,0.015625
2x2_slot_random_place_random_1_grasp_ver3_greedy_ver3,20260312165827,7,403.0,0.0
2x2_slot_random_place_random_1_grasp_ver3_greedy_ver3,20260312165831,33,1548.0,0.0
2x2_slot_random_place_random_1_grasp_ver3_greedy_ver3,20260312165835,15,766.0,0.015625
2x2_slot_random_place_random_1_grasp_ver3_greedy_ver3,20260312165838,6,371.0,0.0
2x2_slot_random_place_random_1_grasp_ver3_greedy_ver3,20260312165842,19,838.0,0.0
2x2_slot_random_place_random_1_grasp_ver3_greedy_ver3,20260312165846,6,371.0,0.0
2x2_slot_random_place_random_1_grasp_ver3_greedy_ver3,20260312165849,14,738.0,0.0
2x2_slot_random_place_random_1_grasp_ver3_greedy_ver3,20260312165853,11,492.0,0.0
2x2_slot_random_place_random_1_grasp_ver3_greedy_ver3,20260312165858,27,1412.0,0.0
2x2_slot_random_place_random_1_grasp_ver3_greedy_ver3,20260312165903,12,608.0,0.015625
2x2_slot_random_place_random_1_grasp_ver3_greedy_ver3,20260312165904,13,660.0,0.0
2x2_slot_random_place_random_1_grasp_ver3_greedy_ver3,20260312165907,11,514.0,0.0
2x2_slot_random_place_random_1_grasp_ver3_greedy_ver3,20260312165911,11,494.0,0.0
2x2_slot_random_place_random_1_grasp_ver3_greedy_ver3,20260312165914,11,498.0,0.0
2x2_slot_random_place_random_1_grasp_ver3_greedy_ver3,20260312165918,11,514.0,0.0
2x2_slot_random_place_random_1_grasp_ver3_greedy_ver3,20260312165922,8,392.0,0.0
2x2_slot_random_place_random_1_grasp_ver3_greedy_ver3,20260312165925,14,692.0,0.0
2x2_slot_random_place_random_1_grasp_ver3_greedy_ver3,20260312165929,6,361.0,0.0
2x2_slot_random_place_random_1_grasp_ver3_greedy_ver3,20260312165932,15,950.0,0.0
2x2_slot_random_place_random_1_grasp_ver3_greedy_ver3,20260312165934,11,478.0,0.0
2x2_slot_random_place_random_1_grasp_ver3_greedy_ver3,20260312165941,57,2807.0,0.0
2x2_slot_random_place_random_1_grasp_ver3_greedy_ver3,20260312165948,11,492.0,0.0
2x2_slot_random_place_random_1_grasp_ver3_greedy_ver3,20260312165952,11,512.0,0.0
2x2_slot_random_place_random_1_grasp_ver3_greedy_ver3,20260312165955,7,399.0,0.0
2x2_slot_random_place_random_1_grasp_ver3_greedy_ver3,20260312165958,13,702.0,0.0
2x2_slot_random_place_random_1_grasp_ver3_greedy_ver3,20260312170002,19,838.0,0.015625
2x2_slot_random_place_random_1_grasp_ver3_greedy_ver3,20260312170004,15,680.0,0.0
2x2_slot_random_place_random_1_grasp_ver3_greedy_ver3,20260312170008,17,866.0,0.0
2x2_slot_random_place_random_1_grasp_ver3_greedy_ver3,20260312170012,11,492.0,0.0
2x2_slot_random_place_random_1_grasp_ver3_greedy_ver3,20260312170016,19,864.0,0.0
2x2_slot_random_place_random_1_grasp_ver3_greedy_ver3,20260312170020,19,834.0,0.0
2x2_slot_random_place_random_1_greedy_ver3_grasp_ver3,20260312163158,8,423.0,0.0
2x2_slot_random_place_random_1_greedy_ver3_grasp_ver3,20260312163203,3,255.0,0.0
2x2_slot_random_place_random_1_greedy_ver3_grasp_ver3,20260312163205,4,217.0,0.0
2x2_slot_random_place_random_1_greedy_ver3_grasp_ver3,20260312163209,7,402.0,0.0
2x2_slot_random_place_random_1_greedy_ver3_grasp_ver3,20260312163213,2,219.0,0.0
2x2_slot_random_place_random_1_greedy_ver3_grasp_ver3,20260312163215,23,1134.0,0.0
2x2_slot_random_place_random_1_greedy_ver3_grasp_ver3,20260312163221,4,273.0,0.0
2x2_slot_random_place_random_1_greedy_ver3_grasp_ver3,20260312163222,11,490.0,0.0
2x2_slot_random_place_random_1_greedy_ver3_grasp_ver3,20260312163225,7,247.0,0.0
2x2_slot_random_place_random_1_greedy_ver3_grasp_ver3,20260312163230,7,379.0,0.0
2x2_slot_random_place_random_1_greedy_ver3_grasp_ver3,20260312163234,5,211.0,0.0
2x2_slot_random_place_random_1_greedy_ver3_grasp_ver3,20260312163238,3,215.0,0.0
2x2_slot_random_place_random_1_greedy_ver3_grasp_ver3,20260312163241,10,554.0,0.0
2x2_slot_random_place_random_1_greedy_ver3_grasp_ver3,20260312163246,2,209.0,0.0
2x2_slot_random_place_random_1_greedy_ver3_grasp_ver3,20260312163249,43,1904.0,0.0
2x2_slot_random_place_random_1_greedy_ver3_grasp_ver3,20260312163305,16,814.0,0.0
2x2_slot_random_place_random_1_greedy_ver3_grasp_ver3,20260312163314,5,331.0,0.0
2x2_slot_random_place_random_1_greedy_ver3_grasp_ver3,20260312163317,5,359.0,0.0
2x2_slot_random_place_random_1_greedy_ver3_grasp_ver3,20260312163320,4,213.0,0.0
2x2_slot_random_place_random_1_greedy_ver3_grasp_ver3,20260312163324,11,536.0,0.0
2x2_slot_random_place_random_1_greedy_ver3_grasp_ver3,20260312163329,4,213.0,0.0
2x2_slot_random_place_random_1_greedy_ver3_grasp_ver3,20260312163332,6,483.0,0.0
2x2_slot_random_place_random_1_greedy_ver3_grasp_ver3,20260312163335,6,278.0,0.0
2x2_slot_random_place_random_1_greedy_ver3_grasp_ver3,20260312163339,7,412.0,0.0
2x2_slot_random_place_random_1_greedy_ver3_grasp_ver3,20260312163343,4,169.0,0.0
2x2_slot_random_place_random_1_greedy_ver3_grasp_ver3,20260312163346,3,307.0,0.0
2x2_slot_random_place_random_1_greedy_ver3_grasp_ver3,20260312163348,7,493.0,0.0
2x2_slot_random_place_random_1_greedy_ver3_grasp_ver3,20260312163352,6,403.0,0.0
2x2_slot_random_place_random_1_greedy_ver3_grasp_ver3,20260312163355,9,542.0,0.0
2x2_slot_random_place_random_1_greedy_ver3_grasp_ver3,20260312163400,45,1884.0,0.0
2x2_slot_random_place_random_1_greedy_ver3_grasp_ver3,20260312163410,8,398.0,0.0
2x2_slot_random_place_random_1_greedy_ver3_grasp_ver3,20260312163415,4,169.0,0.0
2x2_slot_random_place_random_1_greedy_ver3_grasp_ver3,20260312163418,5,209.0,0.0
2x2_slot_random_place_random_1_greedy_ver3_grasp_ver3,20260312163421,2,219.0,0.0
2x2_slot_random_place_random_1_greedy_ver3_grasp_ver3,20260312163424,4,217.0,0.0
2x2_slot_random_place_random_1_greedy_ver3_grasp_ver3,20260312163426,14,724.0,0.0
2x2_slot_random_place_random_1_greedy_ver3_grasp_ver3,20260312163431,4,201.0,0.0
2x2_slot_random_place_random_1_greedy_ver3_grasp_ver3,20260312163435,4,445.0,0.0
2x2_slot_random_place_random_1_greedy_ver3_grasp_ver3,20260312163438,9,538.0,0.0
2x2_slot_random_place_random_1_greedy_ver3_grasp_ver3,20260312163443,7,491.0,0.0
2x2_slot_random_place_random_1_greedy_ver3_grasp_ver3,20260312163446,4,207.0,0.0
2x2_slot_random_place_random_1_greedy_ver3_grasp_ver3,20260312163450,8,446.0,0.0
2x2_slot_random_place_random_1_greedy_ver3_grasp_ver3,20260312163454,5,215.0,0.0
2x2_slot_random_place_random_1_greedy_ver3_grasp_ver3,20260312163457,19,1034.0,0.0
2x2_slot_random_place_random_1_greedy_ver3_grasp_ver3,20260312163504,8,456.0,0.0
2x2_slot_random_place_random_1_greedy_ver3_grasp_ver3,20260312163509,6,409.0,0.0
2x2_slot_random_place_random_1_greedy_ver3_grasp_ver3,20260312163512,5,211.0,0.0
2x2_slot_random_place_random_1_greedy_ver3_grasp_ver3,20260312163516,6,288.0,0.0
2x2_slot_random_place_random_1_greedy_ver3_grasp_ver3,20260312163520,12,604.0,0.0
2x2_slot_random_place_random_1_greedy_ver3_grasp_ver3,20260312163527,22,1006.0,0.0
2x2_slot_random_place_random_1_greedy_ver3_grasp_ver3,20260312163530,5,217.0,0.0
2x2_slot_random_place_random_1_greedy_ver3_grasp_ver3,20260312163534,4,211.0,0.0
2x2_slot_random_place_random_1_greedy_ver3_grasp_ver3,20260312163537,3,307.0,0.0
2x2_slot_random_place_random_1_greedy_ver3_grasp_ver3,20260312163539,10,502.0,0.0
2x2_slot_random_place_random_1_greedy_ver3_grasp_ver3,20260312163545,4,325.0,0.0
2x2_slot_random_place_random_1_greedy_ver3_grasp_ver3,20260312163548,4,211.0,0.0
2x2_slot_random_place_random_1_greedy_ver3_grasp_ver3,20260312163552,3,307.0,0.0
2x2_slot_random_place_random_1_greedy_ver3_grasp_ver3,20260312163554,5,279.0,0.0
2x2_slot_random_place_random_1_greedy_ver3_grasp_ver3,20260312163558,6,303.0,0.0
2x2_slot_random_place_random_1_greedy_ver3_grasp_ver3,20260312163600,34,1623.0,0.0
2x2_slot_random_place_random_1_greedy_ver3_grasp_ver3,20260312163610,4,259.0,0.015625
2x2_slot_random_place_random_1_greedy_ver3_grasp_ver3,20260312163613,6,278.0,0.0
2x2_slot_random_place_random_1_greedy_ver3_grasp_ver3,20260312163617,4,283.0,0.0
2x2_slot_random_place_random_1_greedy_ver3_grasp_ver3,20260312163620,5,279.0,0.0
2x2_slot_random_place_random_1_greedy_ver3_grasp_ver3,20260312163624,6,307.0,0.0
2x2_slot_random_place_random_1_greedy_ver3_grasp_ver3,20260312163628,19,986.0,0.0
2x2_slot_random_place_random_1_greedy_ver3_grasp_ver3,20260312163635,14,644.0,0.0
2x2_slot_random_place_random_1_greedy_ver3_grasp_ver3,20260312163643,7,261.0,0.0
2x2_slot_random_place_random_1_greedy_ver3_grasp_ver3,20260312163647,5,275.0,0.0
2x2_slot_random_place_random_1_greedy_ver3_grasp_ver3,20260312163651,3,293.0,0.0
2x2_slot_random_place_random_1_greedy_ver3_grasp_ver3,20260312163653,10,440.0,0.0
2x2_slot_random_place_random_1_greedy_ver3_grasp_ver3,20260312163656,7,490.0,0.0
2x2_slot_random_place_random_1_greedy_ver3_grasp_ver3,20260312163700,9,590.0,0.0
2x2_slot_random_place_random_1_greedy_ver3_grasp_ver3,20260312163704,33,1617.0,0.0
2x2_slot_random_place_random_1_greedy_ver3_grasp_ver3,20260312163715,5,467.0,0.0
2x2_slot_random_place_random_1_greedy_ver3_grasp_ver3,20260312163717,8,431.0,0.0
2x2_slot_random_place_random_1_greedy_ver3_grasp_ver3,20260312163721,6,419.0,0.0
2x2_slot_random_place_random_1_greedy_ver3_grasp_ver3,20260312163725,8,412.0,0.0
2x2_slot_random_place_random_1_greedy_ver3_grasp_ver3,20260312163730,7,431.0,0.0
2x2_slot_random_place_random_1_greedy_ver3_grasp_ver3,20260312163732,17,847.0,0.0
2x2_slot_random_place_random_1_greedy_ver3_grasp_ver3,20260312163737,5,219.0,0.0
2x2_slot_random_place_random_1_greedy_ver3_grasp_ver3,20260312163741,2,275.0,0.0
2x2_slot_random_place_random_1_greedy_ver3_grasp_ver3,20260312163743,3,221.0,0.0
2x2_slot_random_place_random_1_greedy_ver3_grasp_ver3,20260312163746,7,387.0,0.0
2x2_slot_random_place_random_1_greedy_ver3_grasp_ver3,20260312163751,13,584.0,0.0
2x2_slot_random_place_random_1_greedy_ver3_grasp_ver3,20260312163758,5,241.0,0.0
2x2_slot_random_place_random_1_greedy_ver3_grasp_ver3,20260312163802,14,848.0,0.0
2x2_slot_random_place_random_1_greedy_ver3_grasp_ver3,20260312163807,6,278.0,0.0
2x2_slot_random_place_random_1_greedy_ver3_grasp_ver3,20260312163811,8,437.0,0.0
2x2_slot_random_place_random_1_greedy_ver3_grasp_ver3,20260312163815,4,281.0,0.0
2x2_slot_random_place_random_1_greedy_ver3_grasp_ver3,20260312163818,4,221.0,0.0
2x2_slot_random_place_random_1_greedy_ver3_grasp_ver3,20260312163822,3,297.0,0.0
2x2_slot_random_place_random_1_greedy_ver3_grasp_ver3,20260312163824,4,333.0,0.0
2x2_slot_random_place_random_1_greedy_ver3_grasp_ver3,20260312163827,8,363.0,0.0
2x2_slot_random_place_random_1_greedy_ver3_grasp_ver3,20260312163833,5,251.0,0.0
2x2_slot_random_place_random_1_greedy_ver3_grasp_ver3,20260312163834,16,754.0,0.0
2x2_slot_random_place_random_1_greedy_ver3_grasp_ver3,20260312163843,22,1151.0,0.0
2x2_slot_random_place_random_1_greedy_ver3_grasp_ver3,20260312163854,23,990.0,0.0
2x2_slot_random_place_random_1_greedy_ver3_grasp_ver3,20260312163903,6,204.0,0.0
2x2_slot_random_place_random_1_greedy_ver3_grasp_ver3,20260312163908,4,211.0,0.0
2x2_slot_random_place_random_1_greedy_ver3_grasp_ver3,20260312163911,4,287.0,0.015625
2x2_slot_random_place_random_1_greedy_ver3_grasp_ver3,20260312163914,6,217.0,0.0
2x2_slot_random_place_random_1_greedy_ver3_grasp_ver3,20260312163919,5,301.0,0.0
2x2_slot_random_place_random_1_greedy_ver3_grasp_ver3,20260312163922,4,211.0,0.0
2x2_slot_random_place_random_1_greedy_ver3_grasp_ver3,20260312163925,6,217.0,0.0
2x2_slot_random_place_random_1_greedy_ver3_grasp_ver3,20260312163929,6,307.0,0.0
2x2_slot_random_place_random_1_greedy_ver3_grasp_ver3,20260312163933,7,297.0,0.0
2x2_slot_random_place_random_1_greedy_ver3_grasp_ver3,20260312163936,11,682.0,0.0
2x2_slot_random_place_random_1_greedy_ver3_grasp_ver3,20260312163942,5,229.0,0.0
2x2_slot_random_place_random_1_greedy_ver3_grasp_ver3,20260312163945,5,219.0,0.0
2x2_slot_random_place_random_1_greedy_ver3_grasp_ver3,20260312163949,2,209.0,0.0
2x2_slot_random_place_random_1_greedy_ver3_grasp_ver3,20260312163951,18,926.0,0.0
2x2_slot_random_place_random_1_greedy_ver3_grasp_ver3,20260312164001,35,1775.0,0.0
2x2_slot_random_place_random_1_greedy_ver3_grasp_ver3,20260312164015,5,209.0,0.0
2x2_slot_random_place_random_1_greedy_ver3_grasp_ver3,20260312164018,3,221.0,0.0
2x2_slot_random_place_random_1_greedy_ver3_grasp_ver3,20260312164022,4,293.0,0.0
2x2_slot_random_place_random_1_greedy_ver3_grasp_ver3,20260312164025,5,219.0,0.0
2x2_slot_random_place_random_1_greedy_ver3_grasp_ver3,20260312164028,2,209.0,0.0
2x2_slot_random_place_random_1_greedy_ver3_grasp_ver3,20260312164030,14,809.0,0.0
2x2_slot_random_place_random_1_greedy_ver3_grasp_ver3,20260312164037,10,560.0,0.015625
2x2_slot_random_place_random_1_greedy_ver3_grasp_ver3,20260312164038,3,265.0,0.0
2x2_slot_random_place_random_1_greedy_ver3_grasp_ver3,20260312164041,34,1583.0,0.0
2x2_slot_random_place_random_1_greedy_ver3_grasp_ver3,20260312164056,4,217.0,0.0
2x2_slot_random_place_random_1_greedy_ver3_grasp_ver3,20260312164059,6,317.0,0.0
2x2_slot_random_place_random_1_greedy_ver3_grasp_ver3,20260312164103,6,339.0,0.0
2x2_slot_random_place_random_1_greedy_ver3_grasp_ver3,20260312164106,14,960.0,0.0
2x2_slot_random_place_random_1_greedy_ver3_grasp_ver3,20260312164108,8,584.0,0.0
2x2_slot_random_place_random_1_greedy_ver3_grasp_ver3,20260312164112,9,494.0,0.0
2x2_slot_random_place_random_1_greedy_ver3_grasp_ver3,20260312164117,11,521.0,0.0
2x2_slot_random_place_random_1_greedy_ver3_grasp_ver3,20260312164122,8,472.0,0.0
2x2_slot_random_place_random_1_greedy_ver3_grasp_ver3,20260312164127,4,201.0,0.0
2x2_slot_random_place_random_1_greedy_ver3_grasp_ver3,20260312164130,7,558.0,0.0
2x2_slot_random_place_random_1_greedy_ver3_grasp_ver3,20260312164135,20,1076.0,0.0
2x2_slot_random_place_random_1_greedy_ver3_grasp_ver3,20260312164143,9,520.0,0.0
2x2_slot_random_place_random_1_greedy_ver3_grasp_ver3,20260312164148,3,217.0,0.0
2x2_slot_random_place_random_1_greedy_ver3_grasp_ver3,20260312164151,9,602.0,0.0
2x2_slot_random_place_random_1_greedy_ver3_grasp_ver3,20260312164156,2,199.0,0.0
2x2_slot_random_place_random_1_greedy_ver3_grasp_ver3,20260312164158,3,203.0,0.0
2x2_slot_random_place_random_1_greedy_ver3_grasp_ver3,20260312164201,4,201.0,0.015625
2x2_slot_random_place_random_1_greedy_ver3_grasp_ver3,20260312164204,8,377.0,0.0
2x2_slot_random_place_random_1_greedy_ver3_grasp_ver3,20260312164209,3,213.0,0.0
2x2_slot_random_place_random_1_greedy_ver3_grasp_ver3,20260312164210,10,624.0,0.0
2x2_slot_random_place_random_1_greedy_ver3_grasp_ver3,20260312164214,8,434.0,0.0
2x2_slot_random_place_random_1_greedy_ver3_grasp_ver3,20260312164218,22,910.0,0.0
2x2_slot_random_place_random_1_greedy_ver3_grasp_ver3,20260312164228,4,201.0,0.0
2x2_slot_random_place_random_1_greedy_ver3_grasp_ver3,20260312164232,4,217.0,0.0
2x2_slot_random_place_random_1_greedy_ver3_grasp_ver3,20260312164235,4,203.0,0.0
2x2_slot_random_place_random_1_greedy_ver3_grasp_ver3,20260312164239,15,806.0,0.0
2x2_slot_random_place_random_1_greedy_ver3_grasp_ver3,20260312164244,4,295.0,0.0
2x2_slot_random_place_random_1_greedy_ver3_grasp_ver3,20260312164247,6,201.0,0.0
2x2_slot_random_place_random_1_greedy_ver3_grasp_ver3,20260312164252,13,850.0,0.0
2x2_slot_random_place_random_1_greedy_ver3_grasp_ver3,20260312164258,8,544.0,0.015625
2x2_slot_random_place_random_1_greedy_ver3_grasp_ver3,20260312164303,25,1219.0,0.0
2x2_slot_random_place_random_1_greedy_ver3_grasp_ver3,20260312164313,5,215.0,0.0
2x2_slot_random_place_random_1_greedy_ver3_grasp_ver3,20260312164317,2,197.0,0.0
2x2_slot_random_place_random_1_greedy_ver3_grasp_ver3,20260312164319,18,834.0,0.0
2x2_slot_random_place_random_1_greedy_ver3_grasp_ver3,20260312164328,6,307.0,0.0
2x2_slot_random_place_random_1_greedy_ver3_grasp_ver3,20260312164332,3,305.0,0.0
2x2_slot_random_place_random_1_greedy_ver3_grasp_ver3,20260312164335,4,211.0,0.0
2x2_slot_random_place_random_1_greedy_ver3_grasp_ver3,20260312164339,6,207.0,0.0
2x2_slot_random_place_random_1_greedy_ver3_grasp_ver3,20260312164342,3,305.0,0.0
2x2_slot_random_place_random_1_greedy_ver3_grasp_ver3,20260312164344,4,217.0,0.0
2x2_slot_random_place_random_1_greedy_ver3_grasp_ver3,20260312164348,7,476.0,0.0
2x2_slot_random_place_random_1_greedy_ver3_grasp_ver3,20260312164353,3,289.0,0.015625
2x2_slot_random_place_random_1_greedy_ver3_grasp_ver3,20260312164355,6,288.0,0.0
2x2_slot_random_place_random_1_greedy_ver3_grasp_ver3,20260312164359,3,203.0,0.015625
2x2_slot_random_place_random_1_greedy_ver3_grasp_ver3,20260312164402,3,221.0,0.0
2x2_slot_random_place_random_1_greedy_ver3_grasp_ver3,20260312164405,4,207.0,0.015625
2x2_slot_random_place_random_1_greedy_ver3_grasp_ver3,20260312164408,15,675.0,0.0
2x2_slot_random_place_random_1_greedy_ver3_grasp_ver3,20260312164413,7,393.0,0.0
2x2_slot_random_place_random_1_greedy_ver3_grasp_ver3,20260312164418,4,211.0,0.0
2x2_slot_random_place_random_1_greedy_ver3_grasp_ver3,20260312164421,6,207.0,0.0
2x2_slot_random_place_random_1_greedy_ver3_grasp_ver3,20260312164426,4,181.0,0.0
2x2_slot_random_place_random_1_greedy_ver3_grasp_ver3,20260312164429,9,657.0,0.0
2x2_slot_random_place_random_1_greedy_ver3_grasp_ver3,20260312164434,4,201.0,0.0
2x2_slot_random_place_random_1_greedy_ver3_grasp_ver3,20260312164437,12,760.0,0.0
2x2_slot_random_place_random_1_greedy_ver3_grasp_ver3,20260312164442,4,271.0,0.0
2x2_slot_random_place_random_1_greedy_ver3_grasp_ver3,20260312164445,4,253.0,0.0
2x2_slot_random_place_random_1_greedy_ver3_grasp_ver3,20260312164449,3,221.0,0.0
2x2_slot_random_place_random_1_greedy_ver3_grasp_ver3,20260312164452,4,201.0,0.0
2x2_slot_random_place_random_1_greedy_ver3_grasp_ver3,20260312164456,4,207.0,0.0
2x2_slot_random_place_random_1_greedy_ver3_grasp_ver3,20260312164500,4,217.0,0.0
2x2_slot_random_place_random_1_greedy_ver3_grasp_ver3,20260312164503,6,199.0,0.0
2x2_slot_random_place_random_1_greedy_ver3_grasp_ver3,20260312164507,5,313.0,0.0
2x2_slot_random_place_random_1_greedy_ver3_grasp_ver3,20260312164511,4,201.0,0.0
2x2_slot_random_place_random_1_greedy_ver3_grasp_ver3,20260312164514,10,820.0,0.0
2x2_slot_random_place_random_1_greedy_ver3_grasp_ver3,20260312164517,4,273.0,0.0
2x2_slot_random_place_random_1_greedy_ver3_grasp_ver3,20260312164520,18,966.0,0.0
2x2_slot_random_place_random_1_greedy_ver3_grasp_ver3,20260312164530,4,201.0,0.015625
2x2_slot_random_place_random_1_greedy_ver3_grasp_ver3,20260312164534,5,209.0,0.0
2x2_slot_random_place_random_1_greedy_ver3_grasp_ver3,20260312164538,4,269.0,0.0
2x2_slot_random_place_random_1_greedy_ver3_grasp_ver3,20260312164541,8,557.0,0.0
2x2_slot_random_place_random_1_greedy_ver3_grasp_ver3,20260312164545,26,1200.0,0.0
2x2_slot_random_place_random_1_greedy_ver3_grasp_ver3,20260312164548,4,283.0,0.0
2x2_slot_random_place_random_1_greedy_ver3_grasp_ver3,20260312164551,8,381.0,0.0
2x2_slot_random_place_random_1_greedy_ver3_grasp_ver3,20260312164555,4,201.0,0.015625
2x2_slot_random_place_random_1_greedy_ver3_grasp_ver3,20260312164559,6,211.0,0.0
2x2_slot_random_place_random_1_greedy_ver3_grasp_ver3,20260312164604,6,201.0,0.0
2x2_slot_random_place_random_1_greedy_ver3_greedy_ver3,20260312163200,28,1158.0,0.0
2x2_slot_random_place_random_1_greedy_ver3_greedy_ver3,20260312163204,5,283.0,0.0
2x2_slot_random_place_random_1_greedy_ver3_greedy_ver3,20260312163207,7,423.0,0.0
2x2_slot_random_place_random_1_greedy_ver3_greedy_ver3,20260312163210,16,690.0,0.0
2x2_slot_random_place_random_1_greedy_ver3_greedy_ver3,20260312163214,3,279.0,0.0
2x2_slot_random_place_random_1_greedy_ver3_greedy_ver3,20260312163218,27,1652.0,0.0
2x2_slot_random_place_random_1_greedy_ver3_greedy_ver3,20260312163222,11,490.0,0.0
2x2_slot_random_place_random_1_greedy_ver3_greedy_ver3,20260312163224,8,489.0,0.0
2x2_slot_random_place_random_1_greedy_ver3_greedy_ver3,20260312163227,22,1014.0,0.015625
2x2_slot_random_place_random_1_greedy_ver3_greedy_ver3,20260312163232,11,592.0,0.0
2x2_slot_random_place_random_1_greedy_ver3_greedy_ver3,20260312163236,12,604.0,0.0
2x2_slot_random_place_random_1_greedy_ver3_greedy_ver3,20260312163239,7,423.0,0.015625
2x2_slot_random_place_random_1_greedy_ver3_greedy_ver3,20260312163243,24,1080.0,0.0
2x2_slot_random_place_random_1_greedy_ver3_greedy_ver3,20260312163247,3,269.0,0.0
2x2_slot_random_place_random_1_greedy_ver3_greedy_ver3,20260312163255,104,4630.0,0.0
2x2_slot_random_place_random_1_greedy_ver3_greedy_ver3,20260312163309,33,1520.0,0.0
2x2_slot_random_place_random_1_greedy_ver3_greedy_ver3,20260312163315,8,431.0,0.015625
2x2_slot_random_place_random_1_greedy_ver3_greedy_ver3,20260312163318,29,1450.0,0.0
2x2_slot_random_place_random_1_greedy_ver3_greedy_ver3,20260312163322,11,514.0,0.0
2x2_slot_random_place_random_1_greedy_ver3_greedy_ver3,20260312163325,48,2508.0,0.0
2x2_slot_random_place_random_1_greedy_ver3_greedy_ver3,20260312163331,7,419.0,0.0
2x2_slot_random_place_random_1_greedy_ver3_greedy_ver3,20260312163334,10,463.0,0.0
2x2_slot_random_place_random_1_greedy_ver3_greedy_ver3,20260312163337,9,474.0,0.0
2x2_slot_random_place_random_1_greedy_ver3_greedy_ver3,20260312163341,13,764.0,0.0
2x2_slot_random_place_random_1_greedy_ver3_greedy_ver3,20260312163344,14,672.0,0.0
2x2_slot_random_place_random_1_greedy_ver3_greedy_ver3,20260312163347,3,287.0,0.0
2x2_slot_random_place_random_1_greedy_ver3_greedy_ver3,20260312163350,13,707.0,0.015625
2x2_slot_random_place_random_1_greedy_ver3_greedy_ver3,20260312163354,8,442.0,0.0
2x2_slot_random_place_random_1_greedy_ver3_greedy_ver3,20260312163357,35,1847.0,0.015625
2x2_slot_random_place_random_1_greedy_ver3_greedy_ver3,20260312163405,60,2971.0,0.0
2x2_slot_random_place_random_1_greedy_ver3_greedy_ver3,20260312163413,14,832.0,0.0
2x2_slot_random_place_random_1_greedy_ver3_greedy_ver3,20260312163416,6,359.0,0.0
2x2_slot_random_place_random_1_greedy_ver3_greedy_ver3,20260312163420,11,496.0,0.0
2x2_slot_random_place_random_1_greedy_ver3_greedy_ver3,20260312163422,3,279.0,0.015625
2x2_slot_random_place_random_1_greedy_ver3_greedy_ver3,20260312163425,11,514.0,0.0
2x2_slot_random_place_random_1_greedy_ver3_greedy_ver3,20260312163429,30,1442.0,0.0
2x2_slot_random_place_random_1_greedy_ver3_greedy_ver3,20260312163433,11,492.0,0.015625
2x2_slot_random_place_random_1_greedy_ver3_greedy_ver3,20260312163436,4,445.0,0.0
2x2_slot_random_place_random_1_greedy_ver3_greedy_ver3,20260312163440,15,752.0,0.015625
2x2_slot_random_place_random_1_greedy_ver3_greedy_ver3,20260312163445,7,491.0,0.0
2x2_slot_random_place_random_1_greedy_ver3_greedy_ver3,20260312163448,11,494.0,0.0
2x2_slot_random_place_random_1_greedy_ver3_greedy_ver3,20260312163452,11,542.0,0.0
2x2_slot_random_place_random_1_greedy_ver3_greedy_ver3,20260312163456,20,826.0,0.0
2x2_slot_random_place_random_1_greedy_ver3_greedy_ver3,20260312163500,31,1396.0,0.0
2x2_slot_random_place_random_1_greedy_ver3_greedy_ver3,20260312163506,21,922.0,0.0
2x2_slot_random_place_random_1_greedy_ver3_greedy_ver3,20260312163510,8,462.0,0.0
2x2_slot_random_place_random_1_greedy_ver3_greedy_ver3,20260312163514,17,738.0,0.0
2x2_slot_random_place_random_1_greedy_ver3_greedy_ver3,20260312163518,19,908.0,0.0
2x2_slot_random_place_random_1_greedy_ver3_greedy_ver3,20260312163523,32,1376.0,0.0
2x2_slot_random_place_random_1_greedy_ver3_greedy_ver3,20260312163527,22,1006.0,0.0
2x2_slot_random_place_random_1_greedy_ver3_greedy_ver3,20260312163532,12,624.0,0.0
2x2_slot_random_place_random_1_greedy_ver3_greedy_ver3,20260312163535,11,498.0,0.0
2x2_slot_random_place_random_1_greedy_ver3_greedy_ver3,20260312163538,3,287.0,0.0
2x2_slot_random_place_random_1_greedy_ver3_greedy_ver3,20260312163542,23,1056.0,0.0
2x2_slot_random_place_random_1_greedy_ver3_greedy_ver3,20260312163547,10,600.0,0.0
2x2_slot_random_place_random_1_greedy_ver3_greedy_ver3,20260312163550,11,498.0,0.0
2x2_slot_random_place_random_1_greedy_ver3_greedy_ver3,20260312163553,3,287.0,0.0
2x2_slot_random_place_random_1_greedy_ver3_greedy_ver3,20260312163555,11,554.0,0.0
2x2_slot_random_place_random_1_greedy_ver3_greedy_ver3,20260312163559,8,374.0,0.0
2x2_slot_random_place_random_1_greedy_ver3_greedy_ver3,20260312163604,58,2941.0,0.0
2x2_slot_random_place_random_1_greedy_ver3_greedy_ver3,20260312163611,13,621.0,0.0
2x2_slot_random_place_random_1_greedy_ver3_greedy_ver3,20260312163615,19,876.0,0.0
2x2_slot_random_place_random_1_greedy_ver3_greedy_ver3,20260312163619,6,373.0,0.0
2x2_slot_random_place_random_1_greedy_ver3_greedy_ver3,20260312163622,15,732.0,0.0
2x2_slot_random_place_random_1_greedy_ver3_greedy_ver3,20260312163626,8,374.0,0.0
2x2_slot_random_place_random_1_greedy_ver3_greedy_ver3,20260312163631,34,1701.0,0.015625
2x2_slot_random_place_random_1_greedy_ver3_greedy_ver3,20260312163639,31,1452.0,0.0
2x2_slot_random_place_random_1_greedy_ver3_greedy_ver3,20260312163645,16,732.0,0.0
2x2_slot_random_place_random_1_greedy_ver3_greedy_ver3,20260312163649,9,492.0,0.0
2x2_slot_random_place_random_1_greedy_ver3_greedy_ver3,20260312163652,3,273.0,0.0
2x2_slot_random_place_random_1_greedy_ver3_greedy_ver3,20260312163654,10,440.0,0.0
2x2_slot_random_place_random_1_greedy_ver3_greedy_ver3,20260312163658,14,668.0,0.0
2x2_slot_random_place_random_1_greedy_ver3_greedy_ver3,20260312163701,23,1188.0,0.0
2x2_slot_random_place_random_1_greedy_ver3_greedy_ver3,20260312163709,54,2487.0,0.015625
2x2_slot_random_place_random_1_greedy_ver3_greedy_ver3,20260312163716,6,417.0,0.0
2x2_slot_random_place_random_1_greedy_ver3_greedy_ver3,20260312163719,15,754.0,0.015625
2x2_slot_random_place_random_1_greedy_ver3_greedy_ver3,20260312163723,11,542.0,0.0
2x2_slot_random_place_random_1_greedy_ver3_greedy_ver3,20260312163727,15,692.0,0.0
2x2_slot_random_place_random_1_greedy_ver3_greedy_ver3,20260312163732,17,847.0,0.0
2x2_slot_random_place_random_1_greedy_ver3_greedy_ver3,20260312163735,14,796.0,0.0
2x2_slot_random_place_random_1_greedy_ver3_greedy_ver3,20260312163739,12,626.0,0.0
2x2_slot_random_place_random_1_greedy_ver3_greedy_ver3,20260312163742,11,525.0,0.015625
2x2_slot_random_place_random_1_greedy_ver3_greedy_ver3,20260312163744,11,514.0,0.0
2x2_slot_random_place_random_1_greedy_ver3_greedy_ver3,20260312163748,23,1118.0,0.0
2x2_slot_random_place_random_1_greedy_ver3_greedy_ver3,20260312163755,38,1799.0,0.015625
2x2_slot_random_place_random_1_greedy_ver3_greedy_ver3,20260312163800,17,814.0,0.0
2x2_slot_random_place_random_1_greedy_ver3_greedy_ver3,20260312163803,22,1144.0,0.0
2x2_slot_random_place_random_1_greedy_ver3_greedy_ver3,20260312163809,15,650.0,0.015625
2x2_slot_random_place_random_1_greedy_ver3_greedy_ver3,20260312163813,12,622.0,0.0
2x2_slot_random_place_random_1_greedy_ver3_greedy_ver3,20260312163817,17,815.0,0.0
2x2_slot_random_place_random_1_greedy_ver3_greedy_ver3,20260312163820,11,518.0,0.015625
2x2_slot_random_place_random_1_greedy_ver3_greedy_ver3,20260312163823,3,277.0,0.0
2x2_slot_random_place_random_1_greedy_ver3_greedy_ver3,20260312163826,12,665.0,0.0
2x2_slot_random_place_random_1_greedy_ver3_greedy_ver3,20260312163830,21,1000.0,0.0
2x2_slot_random_place_random_1_greedy_ver3_greedy_ver3,20260312163832,11,556.0,0.0
2x2_slot_random_place_random_1_greedy_ver3_greedy_ver3,20260312163838,44,2063.0,0.0
2x2_slot_random_place_random_1_greedy_ver3_greedy_ver3,20260312163848,53,2489.0,0.0
2x2_slot_random_place_random_1_greedy_ver3_greedy_ver3,20260312163859,41,1889.0,0.0
2x2_slot_random_place_random_1_greedy_ver3_greedy_ver3,20260312163905,14,794.0,0.0
2x2_slot_random_place_random_1_greedy_ver3_greedy_ver3,20260312163909,9,496.0,0.0
2x2_slot_random_place_random_1_greedy_ver3_greedy_ver3,20260312163913,11,515.0,0.015625
2x2_slot_random_place_random_1_greedy_ver3_greedy_ver3,20260312163916,15,748.0,0.015625
2x2_slot_random_place_random_1_greedy_ver3_greedy_ver3,20260312163920,9,499.0,0.015625
2x2_slot_random_place_random_1_greedy_ver3_greedy_ver3,20260312163923,7,417.0,0.0
2x2_slot_random_place_random_1_greedy_ver3_greedy_ver3,20260312163927,19,868.0,0.0
2x2_slot_random_place_random_1_greedy_ver3_greedy_ver3,20260312163931,9,494.0,0.0
2x2_slot_random_place_random_1_greedy_ver3_greedy_ver3,20260312163935,12,668.0,0.0
2x2_slot_random_place_random_1_greedy_ver3_greedy_ver3,20260312163938,34,1540.0,0.0
2x2_slot_random_place_random_1_greedy_ver3_greedy_ver3,20260312163944,17,759.0,0.0
2x2_slot_random_place_random_1_greedy_ver3_greedy_ver3,20260312163947,11,516.0,0.0
2x2_slot_random_place_random_1_greedy_ver3_greedy_ver3,20260312163950,3,269.0,0.0
2x2_slot_random_place_random_1_greedy_ver3_greedy_ver3,20260312163955,47,2213.0,0.0
2x2_slot_random_place_random_1_greedy_ver3_greedy_ver3,20260312164006,85,3767.0,0.0
2x2_slot_random_place_random_1_greedy_ver3_greedy_ver3,20260312164016,11,492.0,0.0
2x2_slot_random_place_random_1_greedy_ver3_greedy_ver3,20260312164019,11,518.0,0.0
2x2_slot_random_place_random_1_greedy_ver3_greedy_ver3,20260312164023,8,445.0,0.0
2x2_slot_random_place_random_1_greedy_ver3_greedy_ver3,20260312164026,11,516.0,0.0
2x2_slot_random_place_random_1_greedy_ver3_greedy_ver3,20260312164029,3,269.0,0.0
2x2_slot_random_place_random_1_greedy_ver3_greedy_ver3,20260312164034,25,1094.0,0.0
2x2_slot_random_place_random_1_greedy_ver3_greedy_ver3,20260312164037,10,560.0,0.0
2x2_slot_random_place_random_1_greedy_ver3_greedy_ver3,20260312164039,15,733.0,0.0
2x2_slot_random_place_random_1_greedy_ver3_greedy_ver3,20260312164048,82,3646.0,0.0
2x2_slot_random_place_random_1_greedy_ver3_greedy_ver3,20260312164057,11,516.0,0.0
2x2_slot_random_place_random_1_greedy_ver3_greedy_ver3,20260312164101,9,514.0,0.0
2x2_slot_random_place_random_1_greedy_ver3_greedy_ver3,20260312164104,17,736.0,0.0
2x2_slot_random_place_random_1_greedy_ver3_greedy_ver3,20260312164106,14,960.0,0.0
2x2_slot_random_place_random_1_greedy_ver3_greedy_ver3,20260312164110,13,860.0,0.0
2x2_slot_random_place_random_1_greedy_ver3_greedy_ver3,20260312164114,13,654.0,0.0
2x2_slot_random_place_random_1_greedy_ver3_greedy_ver3,20260312164119,22,1028.0,0.0
2x2_slot_random_place_random_1_greedy_ver3_greedy_ver3,20260312164124,22,1192.0,0.0
2x2_slot_random_place_random_1_greedy_ver3_greedy_ver3,20260312164129,6,359.0,0.0
2x2_slot_random_place_random_1_greedy_ver3_greedy_ver3,20260312164132,16,812.0,0.0
2x2_slot_random_place_random_1_greedy_ver3_greedy_ver3,20260312164137,45,2263.0,0.0
2x2_slot_random_place_random_1_greedy_ver3_greedy_ver3,20260312164145,20,1004.0,0.0
2x2_slot_random_place_random_1_greedy_ver3_greedy_ver3,20260312164149,11,512.0,0.0
2x2_slot_random_place_random_1_greedy_ver3_greedy_ver3,20260312164154,20,1056.0,0.0
2x2_slot_random_place_random_1_greedy_ver3_greedy_ver3,20260312164157,6,449.0,0.0
2x2_slot_random_place_random_1_greedy_ver3_greedy_ver3,20260312164159,7,401.0,0.0
2x2_slot_random_place_random_1_greedy_ver3_greedy_ver3,20260312164202,10,524.0,0.0
2x2_slot_random_place_random_1_greedy_ver3_greedy_ver3,20260312164206,14,618.0,0.0
2x2_slot_random_place_random_1_greedy_ver3_greedy_ver3,20260312164208,7,377.0,0.0
2x2_slot_random_place_random_1_greedy_ver3_greedy_ver3,20260312164212,13,766.0,0.0
2x2_slot_random_place_random_1_greedy_ver3_greedy_ver3,20260312164215,14,664.0,0.0
2x2_slot_random_place_random_1_greedy_ver3_greedy_ver3,20260312164223,51,2420.0,0.0
2x2_slot_random_place_random_1_greedy_ver3_greedy_ver3,20260312164230,11,492.0,0.0
2x2_slot_random_place_random_1_greedy_ver3_greedy_ver3,20260312164233,11,514.0,0.0
2x2_slot_random_place_random_1_greedy_ver3_greedy_ver3,20260312164237,11,494.0,0.0
2x2_slot_random_place_random_1_greedy_ver3_greedy_ver3,20260312164241,39,1929.0,0.0
2x2_slot_random_place_random_1_greedy_ver3_greedy_ver3,20260312164246,10,545.0,0.0
2x2_slot_random_place_random_1_greedy_ver3_greedy_ver3,20260312164249,19,834.0,0.0
2x2_slot_random_place_random_1_greedy_ver3_greedy_ver3,20260312164255,39,2065.0,0.0
2x2_slot_random_place_random_1_greedy_ver3_greedy_ver3,20260312164300,16,828.0,0.0
2x2_slot_random_place_random_1_greedy_ver3_greedy_ver3,20260312164308,52,2301.0,0.0
2x2_slot_random_place_random_1_greedy_ver3_greedy_ver3,20260312164315,12,724.0,0.0
2x2_slot_random_place_random_1_greedy_ver3_greedy_ver3,20260312164318,6,447.0,0.0
2x2_slot_random_place_random_1_greedy_ver3_greedy_ver3,20260312164323,40,1908.0,0.0
2x2_slot_random_place_random_1_greedy_ver3_greedy_ver3,20260312164330,19,842.0,0.0
2x2_slot_random_place_random_1_greedy_ver3_greedy_ver3,20260312164334,3,285.0,0.0
2x2_slot_random_place_random_1_greedy_ver3_greedy_ver3,20260312164336,11,512.0,0.0
2x2_slot_random_place_random_1_greedy_ver3_greedy_ver3,20260312164341,25,1084.0,0.0
2x2_slot_random_place_random_1_greedy_ver3_greedy_ver3,20260312164343,3,285.0,0.0
2x2_slot_random_place_random_1_greedy_ver3_greedy_ver3,20260312164346,11,514.0,0.0
2x2_slot_random_place_random_1_greedy_ver3_greedy_ver3,20260312164350,16,964.0,0.0
2x2_slot_random_place_random_1_greedy_ver3_greedy_ver3,20260312164354,3,229.0,0.0
2x2_slot_random_place_random_1_greedy_ver3_greedy_ver3,20260312164357,11,594.0,0.0
2x2_slot_random_place_random_1_greedy_ver3_greedy_ver3,20260312164400,7,399.0,0.0
2x2_slot_random_place_random_1_greedy_ver3_greedy_ver3,20260312164403,11,518.0,0.0
2x2_slot_random_place_random_1_greedy_ver3_greedy_ver3,20260312164407,7,403.0,0.0
2x2_slot_random_place_random_1_greedy_ver3_greedy_ver3,20260312164411,33,1548.0,0.015625
2x2_slot_random_place_random_1_greedy_ver3_greedy_ver3,20260312164415,15,766.0,0.0
2x2_slot_random_place_random_1_greedy_ver3_greedy_ver3,20260312164419,6,371.0,0.0
2x2_slot_random_place_random_1_greedy_ver3_greedy_ver3,20260312164423,19,838.0,0.0
2x2_slot_random_place_random_1_greedy_ver3_greedy_ver3,20260312164427,6,371.0,0.0
2x2_slot_random_place_random_1_greedy_ver3_greedy_ver3,20260312164431,14,738.0,0.0
2x2_slot_random_place_random_1_greedy_ver3_greedy_ver3,20260312164435,11,492.0,0.0
2x2_slot_random_place_random_1_greedy_ver3_greedy_ver3,20260312164440,27,1412.0,0.0
2x2_slot_random_place_random_1_greedy_ver3_greedy_ver3,20260312164444,7,401.0,0.0
2x2_slot_random_place_random_1_greedy_ver3_greedy_ver3,20260312164447,13,660.0,0.0
2x2_slot_random_place_random_1_greedy_ver3_greedy_ver3,20260312164450,11,514.0,0.0
2x2_slot_random_place_random_1_greedy_ver3_greedy_ver3,20260312164454,11,494.0,0.015625
2x2_slot_random_place_random_1_greedy_ver3_greedy_ver3,20260312164457,11,498.0,0.0
2x2_slot_random_place_random_1_greedy_ver3_greedy_ver3,20260312164501,11,514.0,0.0
2x2_slot_random_place_random_1_greedy_ver3_greedy_ver3,20260312164505,8,392.0,0.0
2x2_slot_random_place_random_1_greedy_ver3_greedy_ver3,20260312164509,14,692.0,0.0
2x2_slot_random_place_random_1_greedy_ver3_greedy_ver3,20260312164513,6,361.0,0.0
2x2_slot_random_place_random_1_greedy_ver3_greedy_ver3,20260312164515,15,950.0,0.0
2x2_slot_random_place_random_1_greedy_ver3_greedy_ver3,20260312164518,7,403.0,0.0
2x2_slot_random_place_random_1_greedy_ver3_greedy_ver3,20260312164524,57,2807.0,0.0
2x2_slot_random_place_random_1_greedy_ver3_greedy_ver3,20260312164532,11,492.0,0.0
2x2_slot_random_place_random_1_greedy_ver3_greedy_ver3,20260312164536,11,512.0,0.0
2x2_slot_random_place_random_1_greedy_ver3_greedy_ver3,20260312164539,7,399.0,0.0
2x2_slot_random_place_random_1_greedy_ver3_greedy_ver3,20260312164542,13,702.0,0.0
2x2_slot_random_place_random_1_greedy_ver3_greedy_ver3,20260312164545,26,1200.0,0.0
2x2_slot_random_place_random_1_greedy_ver3_greedy_ver3,20260312164549,11,585.0,0.0
2x2_slot_random_place_random_1_greedy_ver3_greedy_ver3,20260312164553,17,866.0,0.015625
2x2_slot_random_place_random_1_greedy_ver3_greedy_ver3,20260312164557,11,492.0,0.0
2x2_slot_random_place_random_1_greedy_ver3_greedy_ver3,20260312164601,19,864.0,0.0
2x2_slot_random_place_random_1_greedy_ver3_greedy_ver3,20260312164606,19,834.0,0.0
2x2_slot_random_place_random_5_grasp_ver3_grasp_ver3,20260310115639,6,278.0,0.0
2x2_slot_random_place_random_5_grasp_ver3_grasp_ver3,20260310115643,5,223.0,0.0
2x2_slot_random_place_random_5_grasp_ver3_grasp_ver3,20260310115646,23,1128.0,0.015625
2x2_slot_random_place_random_5_grasp_ver3_grasp_ver3,20260310115651,6,425.0,0.0
2x2_slot_random_place_random_5_grasp_ver3_grasp_ver3,20260310115654,5,279.0,0.0
2x2_slot_random_place_random_5_grasp_ver3_grasp_ver3,20260310115658,5,257.0,0.0
2x2_slot_random_place_random_5_grasp_ver3_grasp_ver3,20260310115701,4,315.0,0.0
2x2_slot_random_place_random_5_grasp_ver3_grasp_ver3,20260310115706,7,247.0,0.0
2x2_slot_random_place_random_5_grasp_ver3_grasp_ver3,20260310115710,6,309.0,0.0
2x2_slot_random_place_random_5_grasp_ver3_grasp_ver3,20260310115714,7,349.0,0.0
2x2_slot_random_place_random_5_grasp_ver3_grasp_ver3,20260310115718,13,860.0,0.0
2x2_slot_random_place_random_5_grasp_ver3_grasp_ver3,20260310115726,54,2349.0,0.0
2x2_slot_random_place_random_5_grasp_ver3_grasp_ver3,20260310115744,14,616.0,0.0
2x2_slot_random_place_random_5_grasp_ver3_grasp_ver3,20260310115751,7,426.0,0.0
2x2_slot_random_place_random_5_grasp_ver3_grasp_ver3,20260310115755,2,229.0,0.0
2x2_slot_random_place_random_5_grasp_ver3_grasp_ver3,20260310115757,3,215.0,0.015625
2x2_slot_random_place_random_5_grasp_ver3_grasp_ver3,20260310115800,5,219.0,0.0
2x2_slot_random_place_random_5_grasp_ver3_grasp_ver3,20260310115803,12,967.0,0.0
2x2_slot_random_place_random_5_grasp_ver3_grasp_ver3,20260310115806,11,698.0,0.0
2x2_slot_random_place_random_5_grasp_ver3_grasp_ver3,20260310115813,9,628.0,0.0
2x2_slot_random_place_random_5_grasp_ver3_grasp_ver3,20260310115817,2,279.0,0.0
2x2_slot_random_place_random_5_grasp_ver3_grasp_ver3,20260310115819,3,227.0,0.0
2x2_slot_random_place_random_5_grasp_ver3_grasp_ver3,20260310115822,5,269.0,0.0
2x2_slot_random_place_random_5_grasp_ver3_grasp_ver3,20260310115826,7,353.0,0.0
2x2_slot_random_place_random_5_grasp_ver3_grasp_ver3,20260310115829,33,1416.0,0.0
2x2_slot_random_place_random_5_grasp_ver3_grasp_ver3,20260310115839,11,620.0,0.0
2x2_slot_random_place_random_5_grasp_ver3_grasp_ver3,20260310115846,2,269.0,0.0
2x2_slot_random_place_random_5_grasp_ver3_grasp_ver3,20260310115848,5,269.0,0.0
2x2_slot_random_place_random_5_grasp_ver3_grasp_ver3,20260310115852,10,564.0,0.0
2x2_slot_random_place_random_5_grasp_ver3_grasp_ver3,20260310115856,8,443.0,0.0
2x2_slot_random_place_random_5_grasp_ver3_grasp_ver3,20260310115900,16,764.0,0.015625
2x2_slot_random_place_random_5_grasp_ver3_grasp_ver3,20260310115906,7,327.0,0.0
2x2_slot_random_place_random_5_grasp_ver3_grasp_ver3,20260310115909,8,426.0,0.0
2x2_slot_random_place_random_5_grasp_ver3_grasp_ver3,20260310115914,4,205.0,0.0
2x2_slot_random_place_random_5_grasp_ver3_grasp_ver3,20260310115919,7,249.0,0.0
2x2_slot_random_place_random_5_grasp_ver3_grasp_ver3,20260310115923,10,606.0,0.0
2x2_slot_random_place_random_5_grasp_ver3_grasp_ver3,20260310115929,12,628.0,0.0
2x2_slot_random_place_random_5_grasp_ver3_grasp_ver3,20260310115934,15,648.0,0.0
2x2_slot_random_place_random_5_grasp_ver3_grasp_ver3,20260310115941,6,421.0,0.0
2x2_slot_random_place_random_5_grasp_ver3_grasp_ver3,20260310115945,6,419.0,0.0
2x2_slot_random_place_random_5_grasp_ver3_grasp_ver3,20260310115948,3,217.0,0.0
2x2_slot_random_place_random_5_grasp_ver3_grasp_ver3,20260310115952,8,554.0,0.0
2x2_slot_random_place_random_5_grasp_ver3_grasp_ver3,20260310115957,5,201.0,0.0
2x2_slot_random_place_random_5_grasp_ver3_grasp_ver3,20260310120000,6,304.0,0.0
2x2_slot_random_place_random_5_grasp_ver3_grasp_ver3,20260310120004,18,1018.0,0.0
2x2_slot_random_place_random_5_grasp_ver3_grasp_ver3,20260310120012,3,225.0,0.0
2x2_slot_random_place_random_5_grasp_ver3_grasp_ver3,20260310120014,3,215.0,0.0
2x2_slot_random_place_random_5_grasp_ver3_grasp_ver3,20260310120017,5,261.0,0.0
2x2_slot_random_place_random_5_grasp_ver3_grasp_ver3,20260310120021,22,1158.0,0.0
2x2_slot_random_place_random_5_grasp_ver3_grasp_ver3,20260310120032,6,264.0,0.0
2x2_slot_random_place_random_5_grasp_ver3_grasp_ver3,20260310120036,8,378.0,0.0
2x2_slot_random_place_random_5_grasp_ver3_grasp_ver3,20260310120041,5,223.0,0.0
2x2_slot_random_place_random_5_grasp_ver3_grasp_ver3,20260310120045,2,275.0,0.0
2x2_slot_random_place_random_5_grasp_ver3_grasp_ver3,20260310120047,6,387.0,0.0
2x2_slot_random_place_random_5_grasp_ver3_grasp_ver3,20260310120050,3,217.0,0.0
2x2_slot_random_place_random_5_grasp_ver3_grasp_ver3,20260310120053,26,1312.0,0.0
2x2_slot_random_place_random_5_grasp_ver3_grasp_ver3,20260310120105,10,554.0,0.0
2x2_slot_random_place_random_5_grasp_ver3_grasp_ver3,20260310120110,6,282.0,0.0
2x2_slot_random_place_random_5_grasp_ver3_grasp_ver3,20260310120114,4,205.0,0.0
2x2_slot_random_place_random_5_grasp_ver3_grasp_ver3,20260310120117,27,1252.0,0.0
2x2_slot_random_place_random_5_grasp_ver3_grasp_ver3,20260310120126,3,215.0,0.015625
2x2_slot_random_place_random_5_grasp_ver3_grasp_ver3,20260310120129,8,482.0,0.0
2x2_slot_random_place_random_5_grasp_ver3_grasp_ver3,20260310120135,8,452.0,0.0
2x2_slot_random_place_random_5_grasp_ver3_grasp_ver3,20260310120140,18,860.0,0.0
2x2_slot_random_place_random_5_grasp_ver3_grasp_ver3,20260310120147,18,916.0,0.0
2x2_slot_random_place_random_5_grasp_ver3_grasp_ver3,20260310120152,5,227.0,0.0
2x2_slot_random_place_random_5_grasp_ver3_grasp_ver3,20260310120155,5,267.0,0.0
2x2_slot_random_place_random_5_grasp_ver3_grasp_ver3,20260310120159,7,321.0,0.0
2x2_slot_random_place_random_5_grasp_ver3_grasp_ver3,20260310120203,7,444.0,0.0
2x2_slot_random_place_random_5_grasp_ver3_grasp_ver3,20260310120208,2,207.0,0.0
2x2_slot_random_place_random_5_grasp_ver3_grasp_ver3,20260310120211,4,325.0,0.0
2x2_slot_random_place_random_5_grasp_ver3_grasp_ver3,20260310120214,6,409.0,0.0
2x2_slot_random_place_random_5_grasp_ver3_grasp_ver3,20260310120218,15,958.0,0.0
2x2_slot_random_place_random_5_grasp_ver3_grasp_ver3,20260310120225,5,259.0,0.0
2x2_slot_random_place_random_5_grasp_ver3_grasp_ver3,20260310120229,6,300.0,0.0
2x2_slot_random_place_random_5_grasp_ver3_grasp_ver3,20260310120233,8,456.0,0.0
2x2_slot_random_place_random_5_grasp_ver3_grasp_ver3,20260310120237,4,249.0,0.0
2x2_slot_random_place_random_5_grasp_ver3_grasp_ver3,20260310120242,5,213.0,0.0
2x2_slot_random_place_random_5_grasp_ver3_grasp_ver3,20260310120245,3,215.0,0.0
2x2_slot_random_place_random_5_grasp_ver3_grasp_ver3,20260310120248,5,291.0,0.0
2x2_slot_random_place_random_5_grasp_ver3_grasp_ver3,20260310120252,17,798.0,0.0
2x2_slot_random_place_random_5_grasp_ver3_grasp_ver3,20260310120301,5,221.0,0.0
2x2_slot_random_place_random_5_grasp_ver3_grasp_ver3,20260310120306,11,460.0,0.0
2x2_slot_random_place_random_5_grasp_ver3_grasp_ver3,20260310120314,36,1917.0,0.0
2x2_slot_random_place_random_5_grasp_ver3_grasp_ver3,20260310120330,4,201.0,0.0
2x2_slot_random_place_random_5_grasp_ver3_grasp_ver3,20260310120333,5,211.0,0.015625
2x2_slot_random_place_random_5_grasp_ver3_grasp_ver3,20260310120337,2,295.0,0.0
2x2_slot_random_place_random_5_grasp_ver3_grasp_ver3,20260310120339,5,277.0,0.0
2x2_slot_random_place_random_5_grasp_ver3_grasp_ver3,20260310120343,8,510.0,0.0
2x2_slot_random_place_random_5_grasp_ver3_grasp_ver3,20260310120349,3,215.0,0.0
2x2_slot_random_place_random_5_grasp_ver3_grasp_ver3,20260310120352,2,209.0,0.0
2x2_slot_random_place_random_5_grasp_ver3_grasp_ver3,20260310120354,15,905.0,0.0
2x2_slot_random_place_random_5_grasp_ver3_grasp_ver3,20260310120401,4,297.0,0.0
2x2_slot_random_place_random_5_grasp_ver3_grasp_ver3,20260310120405,8,407.0,0.0
2x2_slot_random_place_random_5_grasp_ver3_grasp_ver3,20260310120410,3,313.0,0.0
2x2_slot_random_place_random_5_grasp_ver3_grasp_ver3,20260310120412,7,417.0,0.0
2x2_slot_random_place_random_5_grasp_ver3_grasp_ver3,20260310120417,6,226.0,0.0
2x2_slot_random_place_random_5_grasp_ver3_grasp_ver3,20260310120423,59,2923.0,0.0
2x2_slot_random_place_random_5_grasp_ver3_grasp_ver3,20260310120445,2,299.0,0.0
2x2_slot_random_place_random_5_grasp_ver3_grasp_ver3,20260310120447,5,217.0,0.015625
2x2_slot_random_place_random_5_grasp_ver3_grasp_ver3,20260310120451,5,261.0,0.0
2x2_slot_random_place_random_5_grasp_ver3_grasp_ver3,20260310120456,9,425.0,0.015625
2x2_slot_random_place_random_5_grasp_ver3_grasp_ver3,20260310120501,2,179.0,0.0
2x2_slot_random_place_random_5_grasp_ver3_grasp_ver3,20260310120503,37,1893.0,0.0
2x2_slot_random_place_random_5_grasp_ver3_grasp_ver3,20260310120519,10,487.0,0.0
2x2_slot_random_place_random_5_grasp_ver3_grasp_ver3,20260310120523,6,317.0,0.0
2x2_slot_random_place_random_5_grasp_ver3_grasp_ver3,20260310120528,6,339.0,0.0
2x2_slot_random_place_random_5_grasp_ver3_grasp_ver3,20260310120532,14,920.0,0.0
2x2_slot_random_place_random_5_grasp_ver3_grasp_ver3,20260310120538,4,299.0,0.0
2x2_slot_random_place_random_5_grasp_ver3_grasp_ver3,20260310120541,5,197.0,0.0
2x2_slot_random_place_random_5_grasp_ver3_grasp_ver3,20260310120544,15,828.0,0.0
2x2_slot_random_place_random_5_grasp_ver3_grasp_ver3,20260310120551,3,289.0,0.0
2x2_slot_random_place_random_5_grasp_ver3_grasp_ver3,20260310120553,7,474.0,0.0
2x2_slot_random_place_random_5_grasp_ver3_grasp_ver3,20260310120557,23,1092.0,0.0
2x2_slot_random_place_random_5_grasp_ver3_grasp_ver3,20260310120609,14,866.0,0.0
2x2_slot_random_place_random_5_grasp_ver3_grasp_ver3,20260310120615,5,205.0,0.0
2x2_slot_random_place_random_5_grasp_ver3_grasp_ver3,20260310120619,3,293.0,0.0
2x2_slot_random_place_random_5_grasp_ver3_grasp_ver3,20260310120621,3,213.0,0.0
2x2_slot_random_place_random_5_grasp_ver3_grasp_ver3,20260310120624,6,423.0,0.0
2x2_slot_random_place_random_5_grasp_ver3_grasp_ver3,20260310120627,3,211.0,0.015625
2x2_slot_random_place_random_5_grasp_ver3_grasp_ver3,20260310120630,10,622.0,0.0
2x2_slot_random_place_random_5_grasp_ver3_grasp_ver3,20260310120636,20,978.0,0.0
2x2_slot_random_place_random_5_grasp_ver3_grasp_ver3,20260310120646,6,331.0,0.0
2x2_slot_random_place_random_5_grasp_ver3_grasp_ver3,20260310120650,5,247.0,0.0
2x2_slot_random_place_random_5_grasp_ver3_grasp_ver3,20260310120653,5,259.0,0.015625
2x2_slot_random_place_random_5_grasp_ver3_grasp_ver3,20260310120656,16,834.0,0.015625
2x2_slot_random_place_random_5_grasp_ver3_grasp_ver3,20260310120704,5,279.0,0.0
2x2_slot_random_place_random_5_grasp_ver3_grasp_ver3,20260310120707,11,574.0,0.0
2x2_slot_random_place_random_5_grasp_ver3_grasp_ver3,20260310120712,13,816.0,0.0
2x2_slot_random_place_random_5_grasp_ver3_grasp_ver3,20260310120718,8,436.0,0.015625
2x2_slot_random_place_random_5_grasp_ver3_grasp_ver3,20260310120722,5,253.0,0.0
2x2_slot_random_place_random_5_grasp_ver3_grasp_ver3,20260310120725,27,1345.0,0.0
2x2_slot_random_place_random_5_grasp_ver3_grasp_ver3,20260310120736,2,207.0,0.0
2x2_slot_random_place_random_5_grasp_ver3_grasp_ver3,20260310120738,18,846.0,0.0
2x2_slot_random_place_random_5_grasp_ver3_grasp_ver3,20260310120747,5,219.0,0.0
2x2_slot_random_place_random_5_grasp_ver3_grasp_ver3,20260310120750,2,275.0,0.0
2x2_slot_random_place_random_5_grasp_ver3_grasp_ver3,20260310120753,5,247.0,0.0
2x2_slot_random_place_random_5_grasp_ver3_grasp_ver3,20260310120756,5,257.0,0.0
2x2_slot_random_place_random_5_grasp_ver3_grasp_ver3,20260310120800,2,175.0,0.0
2x2_slot_random_place_random_5_grasp_ver3_grasp_ver3,20260310120802,4,207.0,0.0
2x2_slot_random_place_random_5_grasp_ver3_grasp_ver3,20260310120805,6,226.0,0.0
2x2_slot_random_place_random_5_grasp_ver3_grasp_ver3,20260310120809,3,279.0,0.0
2x2_slot_random_place_random_5_grasp_ver3_grasp_ver3,20260310120811,7,443.0,0.0
2x2_slot_random_place_random_5_grasp_ver3_grasp_ver3,20260310120816,3,221.0,0.0
2x2_slot_random_place_random_5_grasp_ver3_grasp_ver3,20260310120819,4,207.0,0.0
2x2_slot_random_place_random_5_grasp_ver3_grasp_ver3,20260310120822,15,633.0,0.0
2x2_slot_random_place_random_5_grasp_ver3_grasp_ver3,20260310120827,10,581.0,0.0
2x2_slot_random_place_random_5_grasp_ver3_grasp_ver3,20260310120832,2,279.0,0.0
2x2_slot_random_place_random_5_grasp_ver3_grasp_ver3,20260310120834,7,389.0,0.015625
2x2_slot_random_place_random_5_grasp_ver3_grasp_ver3,20260310120837,10,484.0,0.0
2x2_slot_random_place_random_5_grasp_ver3_grasp_ver3,20260310120842,3,213.0,0.0
2x2_slot_random_place_random_5_grasp_ver3_grasp_ver3,20260310120845,12,902.0,0.0
2x2_slot_random_place_random_5_grasp_ver3_grasp_ver3,20260310120852,4,281.0,0.0
2x2_slot_random_place_random_5_grasp_ver3_grasp_ver3,20260310120855,4,263.0,0.0
2x2_slot_random_place_random_5_grasp_ver3_grasp_ver3,20260310120858,3,211.0,0.0
2x2_slot_random_place_random_5_grasp_ver3_grasp_ver3,20260310120900,4,211.0,0.0
2x2_slot_random_place_random_5_grasp_ver3_grasp_ver3,20260310120903,5,259.0,0.015625
2x2_slot_random_place_random_5_grasp_ver3_grasp_ver3,20260310120906,5,251.0,0.0
2x2_slot_random_place_random_5_grasp_ver3_grasp_ver3,20260310120909,4,247.0,0.0
2x2_slot_random_place_random_5_grasp_ver3_grasp_ver3,20260310120912,6,221.0,0.0
2x2_slot_random_place_random_5_grasp_ver3_grasp_ver3,20260310120916,2,197.0,0.0
2x2_slot_random_place_random_5_grasp_ver3_grasp_ver3,20260310120918,10,760.0,0.0
2x2_slot_random_place_random_5_grasp_ver3_grasp_ver3,20260310120923,4,273.0,0.0
2x2_slot_random_place_random_5_grasp_ver3_grasp_ver3,20260310120926,23,1292.0,0.0
2x2_slot_random_place_random_5_grasp_ver3_grasp_ver3,20260310120935,2,269.0,0.0
2x2_slot_random_place_random_5_grasp_ver3_grasp_ver3,20260310120937,4,269.0,0.0
2x2_slot_random_place_random_5_grasp_ver3_grasp_ver3,20260310120939,8,537.0,0.0
2x2_slot_random_place_random_5_grasp_ver3_grasp_ver3,20260310120942,7,299.0,0.0
2x2_slot_random_place_random_5_grasp_ver3_grasp_ver3,20260310120946,11,521.0,0.0
2x2_slot_random_place_random_5_grasp_ver3_grasp_ver3,20260310120951,5,257.0,0.0
2x2_slot_random_place_random_5_grasp_ver3_grasp_ver3,20260310120956,6,231.0,0.0
2x2_slot_random_place_random_5_grasp_ver3_grasp_ver3,20260310121000,7,317.0,0.0
2x2_slot_random_place_random_5_grasp_ver3_greedy_ver3,20260310115641,10,578.0,0.0
2x2_slot_random_place_random_5_grasp_ver3_greedy_ver3,20260310115644,20,852.0,0.0
2x2_slot_random_place_random_5_grasp_ver3_greedy_ver3,20260310115649,27,1572.0,0.0
2x2_slot_random_place_random_5_grasp_ver3_greedy_ver3,20260310115653,11,622.0,0.0
2x2_slot_random_place_random_5_grasp_ver3_greedy_ver3,20260310115656,13,634.0,0.0
2x2_slot_random_place_random_5_grasp_ver3_greedy_ver3,20260310115659,20,848.0,0.0
2x2_slot_random_place_random_5_grasp_ver3_greedy_ver3,20260310115704,12,534.0,0.0
2x2_slot_random_place_random_5_grasp_ver3_greedy_ver3,20260310115708,23,1162.0,0.0
2x2_slot_random_place_random_5_grasp_ver3_greedy_ver3,20260310115712,25,1094.0,0.0
2x2_slot_random_place_random_5_grasp_ver3_greedy_ver3,20260310115716,14,810.0,0.0
2x2_slot_random_place_random_5_grasp_ver3_greedy_ver3,20260310115721,58,2894.0,0.0
2x2_slot_random_place_random_5_grasp_ver3_greedy_ver3,20260310115733,114,5327.0,0.0
2x2_slot_random_place_random_5_grasp_ver3_greedy_ver3,20260310115747,35,1586.0,0.0
2x2_slot_random_place_random_5_grasp_ver3_greedy_ver3,20260310115752,14,670.0,0.0
2x2_slot_random_place_random_5_grasp_ver3_greedy_ver3,20260310115756,5,359.0,0.015625
2x2_slot_random_place_random_5_grasp_ver3_greedy_ver3,20260310115758,11,496.0,0.0
2x2_slot_random_place_random_5_grasp_ver3_greedy_ver3,20260310115801,9,456.0,0.0
2x2_slot_random_place_random_5_grasp_ver3_greedy_ver3,20260310115805,18,968.0,0.0
2x2_slot_random_place_random_5_grasp_ver3_greedy_ver3,20260310115809,14,852.0,0.0
2x2_slot_random_place_random_5_grasp_ver3_greedy_ver3,20260310115815,19,956.0,0.015625
2x2_slot_random_place_random_5_grasp_ver3_greedy_ver3,20260310115818,3,219.0,0.0
2x2_slot_random_place_random_5_grasp_ver3_greedy_ver3,20260310115820,11,518.0,0.0
2x2_slot_random_place_random_5_grasp_ver3_greedy_ver3,20260310115823,15,702.0,0.0
2x2_slot_random_place_random_5_grasp_ver3_greedy_ver3,20260310115827,8,472.0,0.0
2x2_slot_random_place_random_5_grasp_ver3_greedy_ver3,20260310115833,62,2983.0,0.0
2x2_slot_random_place_random_5_grasp_ver3_greedy_ver3,20260310115841,41,2043.0,0.0
2x2_slot_random_place_random_5_grasp_ver3_greedy_ver3,20260310115847,3,209.0,0.0
2x2_slot_random_place_random_5_grasp_ver3_greedy_ver3,20260310115850,15,702.0,0.0
2x2_slot_random_place_random_5_grasp_ver3_greedy_ver3,20260310115854,12,712.0,0.0
2x2_slot_random_place_random_5_grasp_ver3_greedy_ver3,20260310115858,11,568.0,0.0
2x2_slot_random_place_random_5_grasp_ver3_greedy_ver3,20260310115903,32,1550.0,0.0
2x2_slot_random_place_random_5_grasp_ver3_greedy_ver3,20260310115908,6,447.0,0.0
2x2_slot_random_place_random_5_grasp_ver3_greedy_ver3,20260310115911,17,726.0,0.0
2x2_slot_random_place_random_5_grasp_ver3_greedy_ver3,20260310115915,10,528.0,0.0
2x2_slot_random_place_random_5_grasp_ver3_greedy_ver3,20260310115921,19,768.0,0.0
2x2_slot_random_place_random_5_grasp_ver3_greedy_ver3,20260310115926,30,1346.0,0.015625
2x2_slot_random_place_random_5_grasp_ver3_greedy_ver3,20260310115931,24,1070.0,0.0
2x2_slot_random_place_random_5_grasp_ver3_greedy_ver3,20260310115937,30,1364.0,0.0
2x2_slot_random_place_random_5_grasp_ver3_greedy_ver3,20260310115943,11,558.0,0.0
2x2_slot_random_place_random_5_grasp_ver3_greedy_ver3,20260310115946,11,578.0,0.0
2x2_slot_random_place_random_5_grasp_ver3_greedy_ver3,20260310115949,10,526.0,0.0
2x2_slot_random_place_random_5_grasp_ver3_greedy_ver3,20260310115954,18,1044.0,0.0
2x2_slot_random_place_random_5_grasp_ver3_greedy_ver3,20260310115958,18,770.0,0.0
2x2_slot_random_place_random_5_grasp_ver3_greedy_ver3,20260310120002,10,604.0,0.0
2x2_slot_random_place_random_5_grasp_ver3_greedy_ver3,20260310120007,39,2059.0,0.0
2x2_slot_random_place_random_5_grasp_ver3_greedy_ver3,20260310120013,9,438.0,0.0
2x2_slot_random_place_random_5_grasp_ver3_greedy_ver3,20260310120015,9,418.0,0.0
2x2_slot_random_place_random_5_grasp_ver3_greedy_ver3,20260310120019,8,454.0,0.0
2x2_slot_random_place_random_5_grasp_ver3_greedy_ver3,20260310120026,65,3010.0,0.0
2x2_slot_random_place_random_5_grasp_ver3_greedy_ver3,20260310120034,14,814.0,0.0
2x2_slot_random_place_random_5_grasp_ver3_greedy_ver3,20260310120038,16,838.0,0.0
2x2_slot_random_place_random_5_grasp_ver3_greedy_ver3,20260310120042,14,746.0,0.0
2x2_slot_random_place_random_5_grasp_ver3_greedy_ver3,20260310120046,11,457.0,0.0
2x2_slot_random_place_random_5_grasp_ver3_greedy_ver3,20260310120048,8,394.0,0.0
2x2_slot_random_place_random_5_grasp_ver3_greedy_ver3,20260310120051,9,418.0,0.0
2x2_slot_random_place_random_5_grasp_ver3_greedy_ver3,20260310120100,50,2481.0,0.0
2x2_slot_random_place_random_5_grasp_ver3_greedy_ver3,20260310120107,23,1114.0,0.0
2x2_slot_random_place_random_5_grasp_ver3_greedy_ver3,20260310120112,14,660.0,0.0
2x2_slot_random_place_random_5_grasp_ver3_greedy_ver3,20260310120116,5,297.0,0.0
2x2_slot_random_place_random_5_grasp_ver3_greedy_ver3,20260310120121,42,1861.0,0.0
2x2_slot_random_place_random_5_grasp_ver3_greedy_ver3,20260310120127,10,524.0,0.0
2x2_slot_random_place_random_5_grasp_ver3_greedy_ver3,20260310120132,29,1417.0,0.015625
2x2_slot_random_place_random_5_grasp_ver3_greedy_ver3,20260310120137,17,882.0,0.0
2x2_slot_random_place_random_5_grasp_ver3_greedy_ver3,20260310120143,39,1804.0,0.015625
2x2_slot_random_place_random_5_grasp_ver3_greedy_ver3,20260310120149,23,1000.0,0.0
2x2_slot_random_place_random_5_grasp_ver3_greedy_ver3,20260310120153,15,750.0,0.0
2x2_slot_random_place_random_5_grasp_ver3_greedy_ver3,20260310120157,18,924.0,0.0
2x2_slot_random_place_random_5_grasp_ver3_greedy_ver3,20260310120201,8,474.0,0.0
2x2_slot_random_place_random_5_grasp_ver3_greedy_ver3,20260310120206,15,724.0,0.0
2x2_slot_random_place_random_5_grasp_ver3_greedy_ver3,20260310120209,8,417.0,0.0
2x2_slot_random_place_random_5_grasp_ver3_greedy_ver3,20260310120212,15,716.0,0.0
2x2_slot_random_place_random_5_grasp_ver3_greedy_ver3,20260310120215,11,596.0,0.0
2x2_slot_random_place_random_5_grasp_ver3_greedy_ver3,20260310120221,37,1787.0,0.0
2x2_slot_random_place_random_5_grasp_ver3_greedy_ver3,20260310120227,14,704.0,0.0
2x2_slot_random_place_random_5_grasp_ver3_greedy_ver3,20260310120230,20,948.0,0.0
2x2_slot_random_place_random_5_grasp_ver3_greedy_ver3,20260310120235,24,1038.0,0.0
2x2_slot_random_place_random_5_grasp_ver3_greedy_ver3,20260310120240,17,835.0,0.0
2x2_slot_random_place_random_5_grasp_ver3_greedy_ver3,20260310120243,19,922.0,0.0
2x2_slot_random_place_random_5_grasp_ver3_greedy_ver3,20260310120247,11,496.0,0.0
2x2_slot_random_place_random_5_grasp_ver3_greedy_ver3,20260310120250,14,714.0,0.0
2x2_slot_random_place_random_5_grasp_ver3_greedy_ver3,20260310120256,45,2141.0,0.0
2x2_slot_random_place_random_5_grasp_ver3_greedy_ver3,20260310120303,19,870.0,0.0
2x2_slot_random_place_random_5_grasp_ver3_greedy_ver3,20260310120308,38,1773.0,0.015625
2x2_slot_random_place_random_5_grasp_ver3_greedy_ver3,20260310120321,76,3612.0,0.0
2x2_slot_random_place_random_5_grasp_ver3_greedy_ver3,20260310120331,11,552.0,0.0
2x2_slot_random_place_random_5_grasp_ver3_greedy_ver3,20260310120335,20,858.0,0.0
2x2_slot_random_place_random_5_grasp_ver3_greedy_ver3,20260310120338,11,473.0,0.0
2x2_slot_random_place_random_5_grasp_ver3_greedy_ver3,20260310120341,9,494.0,0.0
2x2_slot_random_place_random_5_grasp_ver3_greedy_ver3,20260310120346,14,712.0,0.0
2x2_slot_random_place_random_5_grasp_ver3_greedy_ver3,20260310120350,11,498.0,0.0
2x2_slot_random_place_random_5_grasp_ver3_greedy_ver3,20260310120353,8,419.0,0.0
2x2_slot_random_place_random_5_grasp_ver3_greedy_ver3,20260310120357,33,1514.0,0.0
2x2_slot_random_place_random_5_grasp_ver3_greedy_ver3,20260310120403,21,1004.0,0.0
2x2_slot_random_place_random_5_grasp_ver3_greedy_ver3,20260310120407,27,1160.0,0.0
2x2_slot_random_place_random_5_grasp_ver3_greedy_ver3,20260310120411,12,581.0,0.0
2x2_slot_random_place_random_5_grasp_ver3_greedy_ver3,20260310120414,16,760.0,0.0
2x2_slot_random_place_random_5_grasp_ver3_greedy_ver3,20260310120420,21,1022.0,0.0
2x2_slot_random_place_random_5_grasp_ver3_greedy_ver3,20260310120432,117,5421.0,0.0
2x2_slot_random_place_random_5_grasp_ver3_greedy_ver3,20260310120446,4,289.0,0.0
2x2_slot_random_place_random_5_grasp_ver3_greedy_ver3,20260310120448,20,826.0,0.0
2x2_slot_random_place_random_5_grasp_ver3_greedy_ver3,20260310120454,11,574.0,0.0
2x2_slot_random_place_random_5_grasp_ver3_greedy_ver3,20260310120458,25,1168.0,0.0
2x2_slot_random_place_random_5_grasp_ver3_greedy_ver3,20260310120502,5,369.0,0.0
2x2_slot_random_place_random_5_grasp_ver3_greedy_ver3,20260310120511,87,4123.0,0.0
2x2_slot_random_place_random_5_grasp_ver3_greedy_ver3,20260310120521,19,1006.0,0.0
2x2_slot_random_place_random_5_grasp_ver3_greedy_ver3,20260310120525,9,514.0,0.0
2x2_slot_random_place_random_5_grasp_ver3_greedy_ver3,20260310120530,12,554.0,0.0
2x2_slot_random_place_random_5_grasp_ver3_greedy_ver3,20260310120534,27,1462.0,0.0
2x2_slot_random_place_random_5_grasp_ver3_greedy_ver3,20260310120539,6,339.0,0.0
2x2_slot_random_place_random_5_grasp_ver3_greedy_ver3,20260310120542,15,678.0,0.0
2x2_slot_random_place_random_5_grasp_ver3_greedy_ver3,20260310120547,29,1438.0,0.0
2x2_slot_random_place_random_5_grasp_ver3_greedy_ver3,20260310120552,3,269.0,0.0
2x2_slot_random_place_random_5_grasp_ver3_greedy_ver3,20260310120555,16,816.0,0.0
2x2_slot_random_place_random_5_grasp_ver3_greedy_ver3,20260310120603,50,2109.0,0.0
2x2_slot_random_place_random_5_grasp_ver3_greedy_ver3,20260310120612,37,1898.0,0.0
2x2_slot_random_place_random_5_grasp_ver3_greedy_ver3,20260310120617,16,724.0,0.0
2x2_slot_random_place_random_5_grasp_ver3_greedy_ver3,20260310120620,12,683.0,0.0
2x2_slot_random_place_random_5_grasp_ver3_greedy_ver3,20260310120622,7,421.0,0.0
2x2_slot_random_place_random_5_grasp_ver3_greedy_ver3,20260310120625,11,580.0,0.0
2x2_slot_random_place_random_5_grasp_ver3_greedy_ver3,20260310120628,7,363.0,0.0
2x2_slot_random_place_random_5_grasp_ver3_greedy_ver3,20260310120633,13,732.0,0.0
2x2_slot_random_place_random_5_grasp_ver3_greedy_ver3,20260310120640,60,2739.0,0.0
2x2_slot_random_place_random_5_grasp_ver3_greedy_ver3,20260310120647,19,896.0,0.0
2x2_slot_random_place_random_5_grasp_ver3_greedy_ver3,20260310120651,11,552.0,0.0
2x2_slot_random_place_random_5_grasp_ver3_greedy_ver3,20260310120654,10,558.0,0.0
2x2_slot_random_place_random_5_grasp_ver3_greedy_ver3,20260310120659,49,2279.0,0.0
2x2_slot_random_place_random_5_grasp_ver3_greedy_ver3,20260310120704,5,279.0,0.0
2x2_slot_random_place_random_5_grasp_ver3_greedy_ver3,20260310120709,24,1086.0,0.0
2x2_slot_random_place_random_5_grasp_ver3_greedy_ver3,20260310120714,40,1757.0,0.0
2x2_slot_random_place_random_5_grasp_ver3_greedy_ver3,20260310120720,16,722.0,0.0
2x2_slot_random_place_random_5_grasp_ver3_greedy_ver3,20260310120723,22,932.0,0.0
2x2_slot_random_place_random_5_grasp_ver3_greedy_ver3,20260310120730,54,2475.0,0.0
2x2_slot_random_place_random_5_grasp_ver3_greedy_ver3,20260310120737,8,417.0,0.0
2x2_slot_random_place_random_5_grasp_ver3_greedy_ver3,20260310120743,44,2110.0,0.0
2x2_slot_random_place_random_5_grasp_ver3_greedy_ver3,20260310120749,9,432.0,0.0
2x2_slot_random_place_random_5_grasp_ver3_greedy_ver3,20260310120751,11,459.0,0.0
2x2_slot_random_place_random_5_grasp_ver3_greedy_ver3,20260310120754,11,492.0,0.0
2x2_slot_random_place_random_5_grasp_ver3_greedy_ver3,20260310120757,14,708.0,0.0
2x2_slot_random_place_random_5_grasp_ver3_greedy_ver3,20260310120801,8,505.0,0.0
2x2_slot_random_place_random_5_grasp_ver3_greedy_ver3,20260310120803,11,494.0,0.0
2x2_slot_random_place_random_5_grasp_ver3_greedy_ver3,20260310120807,16,896.0,0.0
2x2_slot_random_place_random_5_grasp_ver3_greedy_ver3,20260310120810,3,219.0,0.0
2x2_slot_random_place_random_5_grasp_ver3_greedy_ver3,20260310120814,13,608.0,0.0
2x2_slot_random_place_random_5_grasp_ver3_greedy_ver3,20260310120817,9,434.0,0.0
2x2_slot_random_place_random_5_grasp_ver3_greedy_ver3,20260310120820,7,403.0,0.0
2x2_slot_random_place_random_5_grasp_ver3_greedy_ver3,20260310120824,33,1688.0,0.0
2x2_slot_random_place_random_5_grasp_ver3_greedy_ver3,20260310120829,18,852.0,0.0
2x2_slot_random_place_random_5_grasp_ver3_greedy_ver3,20260310120833,3,239.0,0.0
2x2_slot_random_place_random_5_grasp_ver3_greedy_ver3,20260310120835,22,928.0,0.0
2x2_slot_random_place_random_5_grasp_ver3_greedy_ver3,20260310120840,17,764.0,0.0
2x2_slot_random_place_random_5_grasp_ver3_greedy_ver3,20260310120843,11,572.0,0.0
2x2_slot_random_place_random_5_grasp_ver3_greedy_ver3,20260310120849,27,1285.0,0.0
2x2_slot_random_place_random_5_grasp_ver3_greedy_ver3,20260310120853,6,367.0,0.0
2x2_slot_random_place_random_5_grasp_ver3_greedy_ver3,20260310120856,13,708.0,0.0
2x2_slot_random_place_random_5_grasp_ver3_greedy_ver3,20260310120859,10,528.0,0.0
2x2_slot_random_place_random_5_grasp_ver3_greedy_ver3,20260310120902,11,514.0,0.0
2x2_slot_random_place_random_5_grasp_ver3_greedy_ver3,20260310120905,10,554.0,0.0
2x2_slot_random_place_random_5_grasp_ver3_greedy_ver3,20260310120908,9,486.0,0.0
2x2_slot_random_place_random_5_grasp_ver3_greedy_ver3,20260310120911,5,277.0,0.0
2x2_slot_random_place_random_5_grasp_ver3_greedy_ver3,20260310120914,18,808.0,0.0
2x2_slot_random_place_random_5_grasp_ver3_greedy_ver3,20260310120917,8,407.0,0.0
2x2_slot_random_place_random_5_grasp_ver3_greedy_ver3,20260310120921,15,950.0,0.0
2x2_slot_random_place_random_5_grasp_ver3_greedy_ver3,20260310120924,7,403.0,0.015625
2x2_slot_random_place_random_5_grasp_ver3_greedy_ver3,20260310120930,57,2807.0,0.0
2x2_slot_random_place_random_5_grasp_ver3_greedy_ver3,20260310120936,3,229.0,0.0
2x2_slot_random_place_random_5_grasp_ver3_greedy_ver3,20260310120938,6,359.0,0.0
2x2_slot_random_place_random_5_grasp_ver3_greedy_ver3,20260310120941,13,692.0,0.0
2x2_slot_random_place_random_5_grasp_ver3_greedy_ver3,20260310120944,22,962.0,0.0
2x2_slot_random_place_random_5_grasp_ver3_greedy_ver3,20260310120949,19,922.0,0.0
2x2_slot_random_place_random_5_grasp_ver3_greedy_ver3,20260310120953,11,512.0,0.015625
2x2_slot_random_place_random_5_grasp_ver3_greedy_ver3,20260310120958,22,926.0,0.0
2x2_slot_random_place_random_5_grasp_ver3_greedy_ver3,20260310121002,22,946.0,0.0
2x2_slot_random_place_random_5_greedy_ver3_grasp_ver3,20260310114320,6,278.0,0.0
2x2_slot_random_place_random_5_greedy_ver3_grasp_ver3,20260310114324,19,994.0,0.0
2x2_slot_random_place_random_5_greedy_ver3_grasp_ver3,20260310114329,7,368.0,0.0
2x2_slot_random_place_random_5_greedy_ver3_grasp_ver3,20260310114333,6,401.0,0.015625
2x2_slot_random_place_random_5_greedy_ver3_grasp_ver3,20260310114337,4,281.0,0.0
2x2_slot_random_place_random_5_greedy_ver3_grasp_ver3,20260310114341,5,281.0,0.0
2x2_slot_random_place_random_5_greedy_ver3_grasp_ver3,20260310114345,9,498.0,0.015625
2x2_slot_random_place_random_5_greedy_ver3_grasp_ver3,20260310114350,5,211.0,0.0
2x2_slot_random_place_random_5_greedy_ver3_grasp_ver3,20260310114353,10,499.0,0.0
2x2_slot_random_place_random_5_greedy_ver3_grasp_ver3,20260310114358,4,337.0,0.0
2x2_slot_random_place_random_5_greedy_ver3_grasp_ver3,20260310114401,35,1539.0,0.0
2x2_slot_random_place_random_5_greedy_ver3_grasp_ver3,20260310114417,26,1162.0,0.0
2x2_slot_random_place_random_5_greedy_ver3_grasp_ver3,20260310114428,13,734.0,0.0
2x2_slot_random_place_random_5_greedy_ver3_grasp_ver3,20260310114434,16,1028.0,0.0
2x2_slot_random_place_random_5_greedy_ver3_grasp_ver3,20260310114442,2,267.0,0.0
2x2_slot_random_place_random_5_greedy_ver3_grasp_ver3,20260310114444,6,294.0,0.0
2x2_slot_random_place_random_5_greedy_ver3_grasp_ver3,20260310114449,13,741.0,0.0
2x2_slot_random_place_random_5_greedy_ver3_grasp_ver3,20260310114454,7,376.0,0.0
2x2_slot_random_place_random_5_greedy_ver3_grasp_ver3,20260310114458,7,446.0,0.0
2x2_slot_random_place_random_5_greedy_ver3_grasp_ver3,20260310114501,7,363.0,0.0
2x2_slot_random_place_random_5_greedy_ver3_grasp_ver3,20260310114506,3,343.0,0.0
2x2_slot_random_place_random_5_greedy_ver3_grasp_ver3,20260310114508,7,321.0,0.0
2x2_slot_random_place_random_5_greedy_ver3_grasp_ver3,20260310114511,9,566.0,0.0
2x2_slot_random_place_random_5_greedy_ver3_grasp_ver3,20260310114516,6,288.0,0.0
2x2_slot_random_place_random_5_greedy_ver3_grasp_ver3,20260310114521,43,1947.0,0.0
2x2_slot_random_place_random_5_greedy_ver3_grasp_ver3,20260310114531,7,417.0,0.0
2x2_slot_random_place_random_5_greedy_ver3_grasp_ver3,20260310114535,2,207.0,0.0
2x2_slot_random_place_random_5_greedy_ver3_grasp_ver3,20260310114537,9,518.0,0.0
2x2_slot_random_place_random_5_greedy_ver3_grasp_ver3,20260310114541,9,558.0,0.0
2x2_slot_random_place_random_5_greedy_ver3_grasp_ver3,20260310114545,9,546.0,0.0
2x2_slot_random_place_random_5_greedy_ver3_grasp_ver3,20260310114549,10,569.0,0.0
2x2_slot_random_place_random_5_greedy_ver3_grasp_ver3,20260310114554,9,502.0,0.0
2x2_slot_random_place_random_5_greedy_ver3_grasp_ver3,20260310114559,8,476.0,0.0
2x2_slot_random_place_random_5_greedy_ver3_grasp_ver3,20260310114604,4,205.0,0.0
2x2_slot_random_place_random_5_greedy_ver3_grasp_ver3,20260310114607,18,938.0,0.0
2x2_slot_random_place_random_5_greedy_ver3_grasp_ver3,20260310114613,10,514.0,0.0
2x2_slot_random_place_random_5_greedy_ver3_grasp_ver3,20260310114618,3,211.0,0.0
2x2_slot_random_place_random_5_greedy_ver3_grasp_ver3,20260310114621,5,251.0,0.0
2x2_slot_random_place_random_5_greedy_ver3_grasp_ver3,20260310114625,5,207.0,0.0
2x2_slot_random_place_random_5_greedy_ver3_grasp_ver3,20260310114629,8,486.0,0.0
2x2_slot_random_place_random_5_greedy_ver3_grasp_ver3,20260310114634,7,473.0,0.0
2x2_slot_random_place_random_5_greedy_ver3_grasp_ver3,20260310114638,10,442.0,0.0
2x2_slot_random_place_random_5_greedy_ver3_grasp_ver3,20260310114642,5,251.0,0.0
2x2_slot_random_place_random_5_greedy_ver3_grasp_ver3,20260310114645,12,598.0,0.0
2x2_slot_random_place_random_5_greedy_ver3_grasp_ver3,20260310114651,6,278.0,0.0
2x2_slot_random_place_random_5_greedy_ver3_grasp_ver3,20260310114655,8,417.0,0.0
2x2_slot_random_place_random_5_greedy_ver3_grasp_ver3,20260310114658,5,169.0,0.0
2x2_slot_random_place_random_5_greedy_ver3_grasp_ver3,20260310114703,5,251.0,0.0
2x2_slot_random_place_random_5_greedy_ver3_grasp_ver3,20260310114706,35,1777.0,0.0
2x2_slot_random_place_random_5_greedy_ver3_grasp_ver3,20260310114716,15,746.0,0.0
2x2_slot_random_place_random_5_greedy_ver3_grasp_ver3,20260310114723,9,487.0,0.0
2x2_slot_random_place_random_5_greedy_ver3_grasp_ver3,20260310114728,4,179.0,0.0
2x2_slot_random_place_random_5_greedy_ver3_grasp_ver3,20260310114731,3,295.0,0.0
2x2_slot_random_place_random_5_greedy_ver3_grasp_ver3,20260310114734,6,317.0,0.0
2x2_slot_random_place_random_5_greedy_ver3_grasp_ver3,20260310114737,8,433.0,0.0
2x2_slot_random_place_random_5_greedy_ver3_grasp_ver3,20260310114742,17,954.0,0.0
2x2_slot_random_place_random_5_greedy_ver3_grasp_ver3,20260310114749,17,846.0,0.0
2x2_slot_random_place_random_5_greedy_ver3_grasp_ver3,20260310114756,6,286.0,0.0
2x2_slot_random_place_random_5_greedy_ver3_grasp_ver3,20260310114800,9,464.0,0.0
2x2_slot_random_place_random_5_greedy_ver3_grasp_ver3,20260310114804,4,307.0,0.0
2x2_slot_random_place_random_5_greedy_ver3_grasp_ver3,20260310114808,13,568.0,0.0
2x2_slot_random_place_random_5_greedy_ver3_grasp_ver3,20260310114812,11,520.0,0.0
2x2_slot_random_place_random_5_greedy_ver3_grasp_ver3,20260310114815,6,487.0,0.0
2x2_slot_random_place_random_5_greedy_ver3_grasp_ver3,20260310114818,20,1060.0,0.015625
2x2_slot_random_place_random_5_greedy_ver3_grasp_ver3,20260310114826,15,946.0,0.0
2x2_slot_random_place_random_5_greedy_ver3_grasp_ver3,20260310114831,7,436.0,0.0
2x2_slot_random_place_random_5_greedy_ver3_grasp_ver3,20260310114835,8,498.0,0.0
2x2_slot_random_place_random_5_greedy_ver3_grasp_ver3,20260310114839,6,381.0,0.0
2x2_slot_random_place_random_5_greedy_ver3_grasp_ver3,20260310114844,8,487.0,0.0
2x2_slot_random_place_random_5_greedy_ver3_grasp_ver3,20260310114848,2,207.0,0.015625
2x2_slot_random_place_random_5_greedy_ver3_grasp_ver3,20260310114850,5,281.0,0.0
2x2_slot_random_place_random_5_greedy_ver3_grasp_ver3,20260310114853,5,209.0,0.0
2x2_slot_random_place_random_5_greedy_ver3_grasp_ver3,20260310114856,8,527.0,0.0
2x2_slot_random_place_random_5_greedy_ver3_grasp_ver3,20260310114900,4,287.0,0.0
2x2_slot_random_place_random_5_greedy_ver3_grasp_ver3,20260310114903,10,542.0,0.0
2x2_slot_random_place_random_5_greedy_ver3_grasp_ver3,20260310114909,11,674.0,0.0
2x2_slot_random_place_random_5_greedy_ver3_grasp_ver3,20260310114916,4,249.0,0.0
2x2_slot_random_place_random_5_greedy_ver3_grasp_ver3,20260310114919,5,283.0,0.0
2x2_slot_random_place_random_5_greedy_ver3_grasp_ver3,20260310114923,7,303.0,0.0
2x2_slot_random_place_random_5_greedy_ver3_grasp_ver3,20260310114927,5,311.0,0.0
2x2_slot_random_place_random_5_greedy_ver3_grasp_ver3,20260310114930,6,304.0,0.0
2x2_slot_random_place_random_5_greedy_ver3_grasp_ver3,20260310114933,18,1002.0,0.015625
2x2_slot_random_place_random_5_greedy_ver3_grasp_ver3,20260310114942,16,738.0,0.0
2x2_slot_random_place_random_5_greedy_ver3_grasp_ver3,20260310114952,32,1533.0,0.0
2x2_slot_random_place_random_5_greedy_ver3_grasp_ver3,20260310115004,5,247.0,0.0
2x2_slot_random_place_random_5_greedy_ver3_grasp_ver3,20260310115007,4,273.0,0.0
2x2_slot_random_place_random_5_greedy_ver3_grasp_ver3,20260310115010,7,379.0,0.0
2x2_slot_random_place_random_5_greedy_ver3_grasp_ver3,20260310115014,5,331.0,0.0
2x2_slot_random_place_random_5_greedy_ver3_grasp_ver3,20260310115017,8,546.0,0.0
2x2_slot_random_place_random_5_greedy_ver3_grasp_ver3,20260310115022,7,309.0,0.0
2x2_slot_random_place_random_5_greedy_ver3_grasp_ver3,20260310115027,5,279.0,0.0
2x2_slot_random_place_random_5_greedy_ver3_grasp_ver3,20260310115029,11,574.0,0.015625
2x2_slot_random_place_random_5_greedy_ver3_grasp_ver3,20260310115034,6,274.0,0.0
2x2_slot_random_place_random_5_greedy_ver3_grasp_ver3,20260310115038,5,209.0,0.0
2x2_slot_random_place_random_5_greedy_ver3_grasp_ver3,20260310115042,6,272.0,0.0
2x2_slot_random_place_random_5_greedy_ver3_grasp_ver3,20260310115046,56,2771.0,0.0
2x2_slot_random_place_random_5_greedy_ver3_grasp_ver3,20260310115106,5,271.0,0.0
2x2_slot_random_place_random_5_greedy_ver3_grasp_ver3,20260310115110,7,316.0,0.015625
2x2_slot_random_place_random_5_greedy_ver3_grasp_ver3,20260310115114,4,297.0,0.0
2x2_slot_random_place_random_5_greedy_ver3_grasp_ver3,20260310115117,6,321.0,0.0
2x2_slot_random_place_random_5_greedy_ver3_grasp_ver3,20260310115121,6,387.0,0.0
2x2_slot_random_place_random_5_greedy_ver3_grasp_ver3,20260310115124,11,634.0,0.0
2x2_slot_random_place_random_5_greedy_ver3_grasp_ver3,20260310115132,2,203.0,0.0
2x2_slot_random_place_random_5_greedy_ver3_grasp_ver3,20260310115134,34,1701.0,0.0
2x2_slot_random_place_random_5_greedy_ver3_grasp_ver3,20260310115148,7,286.0,0.0
2x2_slot_random_place_random_5_greedy_ver3_grasp_ver3,20260310115152,6,317.0,0.0
2x2_slot_random_place_random_5_greedy_ver3_grasp_ver3,20260310115155,6,365.0,0.015625
2x2_slot_random_place_random_5_greedy_ver3_grasp_ver3,20260310115159,16,872.0,0.0
2x2_slot_random_place_random_5_greedy_ver3_grasp_ver3,20260310115206,4,329.0,0.0
2x2_slot_random_place_random_5_greedy_ver3_grasp_ver3,20260310115209,15,760.0,0.0
2x2_slot_random_place_random_5_greedy_ver3_grasp_ver3,20260310115215,8,502.0,0.0
2x2_slot_random_place_random_5_greedy_ver3_grasp_ver3,20260310115219,3,289.0,0.0
2x2_slot_random_place_random_5_greedy_ver3_grasp_ver3,20260310115221,7,578.0,0.0
2x2_slot_random_place_random_5_greedy_ver3_grasp_ver3,20260310115225,10,572.0,0.0
2x2_slot_random_place_random_5_greedy_ver3_grasp_ver3,20260310115231,7,532.0,0.0
2x2_slot_random_place_random_5_greedy_ver3_grasp_ver3,20260310115236,20,956.0,0.0
2x2_slot_random_place_random_5_greedy_ver3_grasp_ver3,20260310115245,9,546.0,0.0
2x2_slot_random_place_random_5_greedy_ver3_grasp_ver3,20260310115250,3,213.0,0.0
2x2_slot_random_place_random_5_greedy_ver3_grasp_ver3,20260310115252,6,431.0,0.0
2x2_slot_random_place_random_5_greedy_ver3_grasp_ver3,20260310115256,3,211.0,0.0
2x2_slot_random_place_random_5_greedy_ver3_grasp_ver3,20260310115258,10,552.0,0.0
2x2_slot_random_place_random_5_greedy_ver3_grasp_ver3,20260310115302,23,1118.0,0.0
2x2_slot_random_place_random_5_greedy_ver3_grasp_ver3,20260310115313,4,207.0,0.0
2x2_slot_random_place_random_5_greedy_ver3_grasp_ver3,20260310115316,4,201.0,0.0
2x2_slot_random_place_random_5_greedy_ver3_grasp_ver3,20260310115319,4,217.0,0.0
2x2_slot_random_place_random_5_greedy_ver3_grasp_ver3,20260310115323,15,834.0,0.0
2x2_slot_random_place_random_5_greedy_ver3_grasp_ver3,20260310115330,2,279.0,0.0
2x2_slot_random_place_random_5_greedy_ver3_grasp_ver3,20260310115333,10,455.0,0.015625
2x2_slot_random_place_random_5_greedy_ver3_grasp_ver3,20260310115338,14,706.0,0.0
2x2_slot_random_place_random_5_greedy_ver3_grasp_ver3,20260310115346,8,524.0,0.0
2x2_slot_random_place_random_5_greedy_ver3_grasp_ver3,20260310115350,26,1437.0,0.0
2x2_slot_random_place_random_5_greedy_ver3_grasp_ver3,20260310115401,5,205.0,0.0
2x2_slot_random_place_random_5_greedy_ver3_grasp_ver3,20260310115405,8,487.0,0.0
2x2_slot_random_place_random_5_greedy_ver3_grasp_ver3,20260310115407,19,856.0,0.0
2x2_slot_random_place_random_5_greedy_ver3_grasp_ver3,20260310115414,6,177.0,0.0
2x2_slot_random_place_random_5_greedy_ver3_grasp_ver3,20260310115419,3,295.0,0.0
2x2_slot_random_place_random_5_greedy_ver3_grasp_ver3,20260310115422,5,247.0,0.0
2x2_slot_random_place_random_5_greedy_ver3_grasp_ver3,20260310115425,7,437.0,0.0
2x2_slot_random_place_random_5_greedy_ver3_grasp_ver3,20260310115429,3,295.0,0.0
2x2_slot_random_place_random_5_greedy_ver3_grasp_ver3,20260310115431,4,207.0,0.0
2x2_slot_random_place_random_5_greedy_ver3_grasp_ver3,20260310115434,6,226.0,0.0
2x2_slot_random_place_random_5_greedy_ver3_grasp_ver3,20260310115438,3,279.0,0.015625
2x2_slot_random_place_random_5_greedy_ver3_grasp_ver3,20260310115440,7,299.0,0.015625
2x2_slot_random_place_random_5_greedy_ver3_grasp_ver3,20260310115444,3,221.0,0.015625
2x2_slot_random_place_random_5_greedy_ver3_grasp_ver3,20260310115446,5,249.0,0.0
2x2_slot_random_place_random_5_greedy_ver3_grasp_ver3,20260310115450,15,758.0,0.0
2x2_slot_random_place_random_5_greedy_ver3_grasp_ver3,20260310115456,10,487.0,0.0
2x2_slot_random_place_random_5_greedy_ver3_grasp_ver3,20260310115501,2,177.0,0.0
2x2_slot_random_place_random_5_greedy_ver3_grasp_ver3,20260310115503,7,319.0,0.0
2x2_slot_random_place_random_5_greedy_ver3_grasp_ver3,20260310115507,13,646.0,0.0
2x2_slot_random_place_random_5_greedy_ver3_grasp_ver3,20260310115512,4,301.0,0.0
2x2_slot_random_place_random_5_greedy_ver3_grasp_ver3,20260310115515,12,898.0,0.0
2x2_slot_random_place_random_5_greedy_ver3_grasp_ver3,20260310115520,4,281.0,0.0
2x2_slot_random_place_random_5_greedy_ver3_grasp_ver3,20260310115524,4,263.0,0.0
2x2_slot_random_place_random_5_greedy_ver3_grasp_ver3,20260310115527,3,211.0,0.0
2x2_slot_random_place_random_5_greedy_ver3_grasp_ver3,20260310115530,4,211.0,0.0
2x2_slot_random_place_random_5_greedy_ver3_grasp_ver3,20260310115533,4,217.0,0.0
2x2_slot_random_place_random_5_greedy_ver3_grasp_ver3,20260310115536,4,209.0,0.0
2x2_slot_random_place_random_5_greedy_ver3_grasp_ver3,20260310115539,4,277.0,0.0
2x2_slot_random_place_random_5_greedy_ver3_grasp_ver3,20260310115542,7,461.0,0.0
2x2_slot_random_place_random_5_greedy_ver3_grasp_ver3,20260310115546,2,197.0,0.0
2x2_slot_random_place_random_5_greedy_ver3_grasp_ver3,20260310115548,10,792.0,0.0
2x2_slot_random_place_random_5_greedy_ver3_grasp_ver3,20260310115551,4,173.0,0.0
2x2_slot_random_place_random_5_greedy_ver3_grasp_ver3,20260310115554,23,1173.0,0.0
2x2_slot_random_place_random_5_greedy_ver3_grasp_ver3,20260310115605,3,289.0,0.0
2x2_slot_random_place_random_5_greedy_ver3_grasp_ver3,20260310115607,4,269.0,0.0
2x2_slot_random_place_random_5_greedy_ver3_grasp_ver3,20260310115610,8,537.0,0.0
2x2_slot_random_place_random_5_greedy_ver3_grasp_ver3,20260310115613,7,299.0,0.0
2x2_slot_random_place_random_5_greedy_ver3_grasp_ver3,20260310115617,11,583.0,0.0
2x2_slot_random_place_random_5_greedy_ver3_grasp_ver3,20260310115622,5,257.0,0.0
2x2_slot_random_place_random_5_greedy_ver3_grasp_ver3,20260310115625,7,297.0,0.0
2x2_slot_random_place_random_5_greedy_ver3_grasp_ver3,20260310115631,7,317.0,0.0
2x2_slot_random_place_random_5_greedy_ver3_greedy_ver3,20260310114322,12,678.0,0.0
2x2_slot_random_place_random_5_greedy_ver3_greedy_ver3,20260310114326,31,1602.0,0.0
2x2_slot_random_place_random_5_greedy_ver3_greedy_ver3,20260310114331,19,918.0,0.0
2x2_slot_random_place_random_5_greedy_ver3_greedy_ver3,20260310114335,8,522.0,0.0
2x2_slot_random_place_random_5_greedy_ver3_greedy_ver3,20260310114338,14,616.0,0.0
2x2_slot_random_place_random_5_greedy_ver3_greedy_ver3,20260310114343,17,858.0,0.0
2x2_slot_random_place_random_5_greedy_ver3_greedy_ver3,20260310114347,28,1336.0,0.0
2x2_slot_random_place_random_5_greedy_ver3_greedy_ver3,20260310114351,15,732.0,0.0
2x2_slot_random_place_random_5_greedy_ver3_greedy_ver3,20260310114355,13,674.0,0.0
2x2_slot_random_place_random_5_greedy_ver3_greedy_ver3,20260310114359,15,728.0,0.0
2x2_slot_random_place_random_5_greedy_ver3_greedy_ver3,20260310114408,98,4415.0,0.0
2x2_slot_random_place_random_5_greedy_ver3_greedy_ver3,20260310114422,50,2270.0,0.0
2x2_slot_random_place_random_5_greedy_ver3_greedy_ver3,20260310114431,29,1138.0,0.0
2x2_slot_random_place_random_5_greedy_ver3_greedy_ver3,20260310114438,54,2505.0,0.0
2x2_slot_random_place_random_5_greedy_ver3_greedy_ver3,20260310114443,3,227.0,0.0
2x2_slot_random_place_random_5_greedy_ver3_greedy_ver3,20260310114447,12,674.0,0.0
2x2_slot_random_place_random_5_greedy_ver3_greedy_ver3,20260310114452,21,1168.0,0.0
2x2_slot_random_place_random_5_greedy_ver3_greedy_ver3,20260310114456,11,596.0,0.015625
2x2_slot_random_place_random_5_greedy_ver3_greedy_ver3,20260310114500,13,786.0,0.0
2x2_slot_random_place_random_5_greedy_ver3_greedy_ver3,20260310114503,19,754.0,0.015625
2x2_slot_random_place_random_5_greedy_ver3_greedy_ver3,20260310114507,4,263.0,0.0
2x2_slot_random_place_random_5_greedy_ver3_greedy_ver3,20260310114509,8,408.0,0.0
2x2_slot_random_place_random_5_greedy_ver3_greedy_ver3,20260310114513,32,1523.0,0.0
2x2_slot_random_place_random_5_greedy_ver3_greedy_ver3,20260310114517,23,1162.0,0.0
2x2_slot_random_place_random_5_greedy_ver3_greedy_ver3,20260310114526,61,2907.0,0.0
2x2_slot_random_place_random_5_greedy_ver3_greedy_ver3,20260310114533,16,820.0,0.0
2x2_slot_random_place_random_5_greedy_ver3_greedy_ver3,20260310114536,3,267.0,0.0
2x2_slot_random_place_random_5_greedy_ver3_greedy_ver3,20260310114539,13,588.0,0.0
2x2_slot_random_place_random_5_greedy_ver3_greedy_ver3,20260310114543,14,874.0,0.0
2x2_slot_random_place_random_5_greedy_ver3_greedy_ver3,20260310114547,9,546.0,0.0
2x2_slot_random_place_random_5_greedy_ver3_greedy_ver3,20260310114551,11,700.0,0.0
2x2_slot_random_place_random_5_greedy_ver3_greedy_ver3,20260310114556,28,1278.0,0.015625
2x2_slot_random_place_random_5_greedy_ver3_greedy_ver3,20260310114601,18,882.0,0.0
2x2_slot_random_place_random_5_greedy_ver3_greedy_ver3,20260310114605,11,552.0,0.0
2x2_slot_random_place_random_5_greedy_ver3_greedy_ver3,20260310114610,31,1446.0,0.0
2x2_slot_random_place_random_5_greedy_ver3_greedy_ver3,20260310114616,24,1144.0,0.0
2x2_slot_random_place_random_5_greedy_ver3_greedy_ver3,20260310114619,11,556.0,0.0
2x2_slot_random_place_random_5_greedy_ver3_greedy_ver3,20260310114622,17,854.0,0.015625
2x2_slot_random_place_random_5_greedy_ver3_greedy_ver3,20260310114628,17,734.0,0.0
2x2_slot_random_place_random_5_greedy_ver3_greedy_ver3,20260310114632,12,744.0,0.0
2x2_slot_random_place_random_5_greedy_ver3_greedy_ver3,20260310114635,18,838.0,0.0
2x2_slot_random_place_random_5_greedy_ver3_greedy_ver3,20260310114640,14,790.0,0.0
2x2_slot_random_place_random_5_greedy_ver3_greedy_ver3,20260310114643,8,496.0,0.0
2x2_slot_random_place_random_5_greedy_ver3_greedy_ver3,20260310114648,35,1564.0,0.0
2x2_slot_random_place_random_5_greedy_ver3_greedy_ver3,20260310114653,10,574.0,0.0
2x2_slot_random_place_random_5_greedy_ver3_greedy_ver3,20260310114657,11,594.0,0.0
2x2_slot_random_place_random_5_greedy_ver3_greedy_ver3,20260310114701,8,388.0,0.0
2x2_slot_random_place_random_5_greedy_ver3_greedy_ver3,20260310114704,17,776.0,0.0
2x2_slot_random_place_random_5_greedy_ver3_greedy_ver3,20260310114711,67,3265.0,0.0
2x2_slot_random_place_random_5_greedy_ver3_greedy_ver3,20260310114719,41,1971.0,0.0
2x2_slot_random_place_random_5_greedy_ver3_greedy_ver3,20260310114725,19,1032.0,0.0
2x2_slot_random_place_random_5_greedy_ver3_greedy_ver3,20260310114729,14,666.0,0.0
2x2_slot_random_place_random_5_greedy_ver3_greedy_ver3,20260310114732,3,275.0,0.0
2x2_slot_random_place_random_5_greedy_ver3_greedy_ver3,20260310114736,8,446.0,0.0
2x2_slot_random_place_random_5_greedy_ver3_greedy_ver3,20260310114739,16,808.0,0.0
2x2_slot_random_place_random_5_greedy_ver3_greedy_ver3,20260310114745,39,1881.0,0.0
2x2_slot_random_place_random_5_greedy_ver3_greedy_ver3,20260310114753,35,1724.0,0.0
2x2_slot_random_place_random_5_greedy_ver3_greedy_ver3,20260310114758,10,540.0,0.0
2x2_slot_random_place_random_5_greedy_ver3_greedy_ver3,20260310114802,15,696.0,0.0
2x2_slot_random_place_random_5_greedy_ver3_greedy_ver3,20260310114805,5,245.0,0.0
2x2_slot_random_place_random_5_greedy_ver3_greedy_ver3,20260310114810,15,658.0,0.0
2x2_slot_random_place_random_5_greedy_ver3_greedy_ver3,20260310114813,17,780.0,0.0
2x2_slot_random_place_random_5_greedy_ver3_greedy_ver3,20260310114816,18,868.0,0.0
2x2_slot_random_place_random_5_greedy_ver3_greedy_ver3,20260310114821,53,2450.0,0.0
2x2_slot_random_place_random_5_greedy_ver3_greedy_ver3,20260310114828,29,1334.0,0.0
2x2_slot_random_place_random_5_greedy_ver3_greedy_ver3,20260310114833,8,408.0,0.0
2x2_slot_random_place_random_5_greedy_ver3_greedy_ver3,20260310114837,15,838.0,0.0
2x2_slot_random_place_random_5_greedy_ver3_greedy_ver3,20260310114842,20,950.0,0.0
2x2_slot_random_place_random_5_greedy_ver3_greedy_ver3,20260310114846,22,1046.0,0.0
2x2_slot_random_place_random_5_greedy_ver3_greedy_ver3,20260310114849,8,417.0,0.0
2x2_slot_random_place_random_5_greedy_ver3_greedy_ver3,20260310114852,17,776.0,0.0
2x2_slot_random_place_random_5_greedy_ver3_greedy_ver3,20260310114855,11,566.0,0.0
2x2_slot_random_place_random_5_greedy_ver3_greedy_ver3,20260310114858,16,832.0,0.0
2x2_slot_random_place_random_5_greedy_ver3_greedy_ver3,20260310114902,13,588.0,0.0
2x2_slot_random_place_random_5_greedy_ver3_greedy_ver3,20260310114906,20,1076.0,0.0
2x2_slot_random_place_random_5_greedy_ver3_greedy_ver3,20260310114912,29,1498.0,0.0
2x2_slot_random_place_random_5_greedy_ver3_greedy_ver3,20260310114918,17,785.0,0.015625
2x2_slot_random_place_random_5_greedy_ver3_greedy_ver3,20260310114921,12,574.0,0.0
2x2_slot_random_place_random_5_greedy_ver3_greedy_ver3,20260310114925,10,578.0,0.0
2x2_slot_random_place_random_5_greedy_ver3_greedy_ver3,20260310114928,9,541.0,0.015625
2x2_slot_random_place_random_5_greedy_ver3_greedy_ver3,20260310114931,15,748.0,0.0
2x2_slot_random_place_random_5_greedy_ver3_greedy_ver3,20260310114937,56,2571.0,0.0
2x2_slot_random_place_random_5_greedy_ver3_greedy_ver3,20260310114945,51,2345.0,0.0
2x2_slot_random_place_random_5_greedy_ver3_greedy_ver3,20260310114957,54,2612.0,0.0
2x2_slot_random_place_random_5_greedy_ver3_greedy_ver3,20260310115005,11,492.0,0.0
2x2_slot_random_place_random_5_greedy_ver3_greedy_ver3,20260310115008,11,515.0,0.0
2x2_slot_random_place_random_5_greedy_ver3_greedy_ver3,20260310115012,14,792.0,0.0
2x2_slot_random_place_random_5_greedy_ver3_greedy_ver3,20260310115015,9,499.0,0.0
2x2_slot_random_place_random_5_greedy_ver3_greedy_ver3,20260310115019,14,744.0,0.0
2x2_slot_random_place_random_5_greedy_ver3_greedy_ver3,20260310115024,23,1002.0,0.0
2x2_slot_random_place_random_5_greedy_ver3_greedy_ver3,20260310115027,5,279.0,0.0
2x2_slot_random_place_random_5_greedy_ver3_greedy_ver3,20260310115031,25,1134.0,0.0
2x2_slot_random_place_random_5_greedy_ver3_greedy_ver3,20260310115036,17,826.0,0.0
2x2_slot_random_place_random_5_greedy_ver3_greedy_ver3,20260310115040,10,526.0,0.0
2x2_slot_random_place_random_5_greedy_ver3_greedy_ver3,20260310115043,20,834.0,0.015625
2x2_slot_random_place_random_5_greedy_ver3_greedy_ver3,20260310115056,110,5098.0,0.0
2x2_slot_random_place_random_5_greedy_ver3_greedy_ver3,20260310115108,18,924.0,0.0
2x2_slot_random_place_random_5_greedy_ver3_greedy_ver3,20260310115112,19,1022.0,0.0
2x2_slot_random_place_random_5_greedy_ver3_greedy_ver3,20260310115115,12,613.0,0.0
2x2_slot_random_place_random_5_greedy_ver3_greedy_ver3,20260310115118,20,988.0,0.0
2x2_slot_random_place_random_5_greedy_ver3_greedy_ver3,20260310115122,11,532.0,0.0
2x2_slot_random_place_random_5_greedy_ver3_greedy_ver3,20260310115127,32,1468.0,0.0
2x2_slot_random_place_random_5_greedy_ver3_greedy_ver3,20260310115133,5,353.0,0.0
2x2_slot_random_place_random_5_greedy_ver3_greedy_ver3,20260310115140,82,3734.0,0.0
2x2_slot_random_place_random_5_greedy_ver3_greedy_ver3,20260310115149,29,1345.0,0.0
2x2_slot_random_place_random_5_greedy_ver3_greedy_ver3,20260310115153,9,514.0,0.0
2x2_slot_random_place_random_5_greedy_ver3_greedy_ver3,20260310115157,13,650.0,0.0
2x2_slot_random_place_random_5_greedy_ver3_greedy_ver3,20260310115203,31,1552.0,0.0
2x2_slot_random_place_random_5_greedy_ver3_greedy_ver3,20260310115208,7,379.0,0.0
2x2_slot_random_place_random_5_greedy_ver3_greedy_ver3,20260310115212,29,1286.0,0.015625
2x2_slot_random_place_random_5_greedy_ver3_greedy_ver3,20260310115217,20,944.0,0.0
2x2_slot_random_place_random_5_greedy_ver3_greedy_ver3,20260310115220,3,269.0,0.0
2x2_slot_random_place_random_5_greedy_ver3_greedy_ver3,20260310115223,16,832.0,0.0
2x2_slot_random_place_random_5_greedy_ver3_greedy_ver3,20260310115227,29,1323.0,0.0
2x2_slot_random_place_random_5_greedy_ver3_greedy_ver3,20260310115232,22,866.0,0.0
2x2_slot_random_place_random_5_greedy_ver3_greedy_ver3,20260310115240,51,2291.0,0.0
2x2_slot_random_place_random_5_greedy_ver3_greedy_ver3,20260310115247,16,1036.0,0.0
2x2_slot_random_place_random_5_greedy_ver3_greedy_ver3,20260310115251,7,421.0,0.0
2x2_slot_random_place_random_5_greedy_ver3_greedy_ver3,20260310115254,11,616.0,0.0
2x2_slot_random_place_random_5_greedy_ver3_greedy_ver3,20260310115257,6,293.0,0.0
2x2_slot_random_place_random_5_greedy_ver3_greedy_ver3,20260310115300,13,746.0,0.0
2x2_slot_random_place_random_5_greedy_ver3_greedy_ver3,20260310115306,57,2499.0,0.0
2x2_slot_random_place_random_5_greedy_ver3_greedy_ver3,20260310115314,11,494.0,0.0
2x2_slot_random_place_random_5_greedy_ver3_greedy_ver3,20260310115318,11,492.0,0.0
2x2_slot_random_place_random_5_greedy_ver3_greedy_ver3,20260310115321,11,514.0,0.0
2x2_slot_random_place_random_5_greedy_ver3_greedy_ver3,20260310115326,46,2313.0,0.0
2x2_slot_random_place_random_5_greedy_ver3_greedy_ver3,20260310115331,3,239.0,0.0
2x2_slot_random_place_random_5_greedy_ver3_greedy_ver3,20260310115335,21,1036.0,0.0
2x2_slot_random_place_random_5_greedy_ver3_greedy_ver3,20260310115341,39,1863.0,0.0
2x2_slot_random_place_random_5_greedy_ver3_greedy_ver3,20260310115348,16,744.0,0.0
2x2_slot_random_place_random_5_greedy_ver3_greedy_ver3,20260310115355,50,2288.0,0.0
2x2_slot_random_place_random_5_greedy_ver3_greedy_ver3,20260310115403,12,724.0,0.0
2x2_slot_random_place_random_5_greedy_ver3_greedy_ver3,20260310115405,8,487.0,0.0
2x2_slot_random_place_random_5_greedy_ver3_greedy_ver3,20260310115410,41,1838.0,0.0
2x2_slot_random_place_random_5_greedy_ver3_greedy_ver3,20260310115417,17,792.0,0.0
2x2_slot_random_place_random_5_greedy_ver3_greedy_ver3,20260310115420,3,275.0,0.0
2x2_slot_random_place_random_5_greedy_ver3_greedy_ver3,20260310115423,11,552.0,0.0
2x2_slot_random_place_random_5_greedy_ver3_greedy_ver3,20260310115427,21,1044.0,0.0
2x2_slot_random_place_random_5_greedy_ver3_greedy_ver3,20260310115430,3,275.0,0.0
2x2_slot_random_place_random_5_greedy_ver3_greedy_ver3,20260310115432,10,524.0,0.0
2x2_slot_random_place_random_5_greedy_ver3_greedy_ver3,20260310115436,16,856.0,0.0
2x2_slot_random_place_random_5_greedy_ver3_greedy_ver3,20260310115439,3,219.0,0.0
2x2_slot_random_place_random_5_greedy_ver3_greedy_ver3,20260310115442,13,598.0,0.0
2x2_slot_random_place_random_5_greedy_ver3_greedy_ver3,20260310115445,10,554.0,0.0
2x2_slot_random_place_random_5_greedy_ver3_greedy_ver3,20260310115448,6,363.0,0.0
2x2_slot_random_place_random_5_greedy_ver3_greedy_ver3,20260310115453,33,1480.0,0.0
2x2_slot_random_place_random_5_greedy_ver3_greedy_ver3,20260310115458,26,1378.0,0.0
2x2_slot_random_place_random_5_greedy_ver3_greedy_ver3,20260310115502,3,277.0,0.0
2x2_slot_random_place_random_5_greedy_ver3_greedy_ver3,20260310115505,22,928.0,0.0
2x2_slot_random_place_random_5_greedy_ver3_greedy_ver3,20260310115509,14,668.0,0.0
2x2_slot_random_place_random_5_greedy_ver3_greedy_ver3,20260310115513,17,822.0,0.0
2x2_slot_random_place_random_5_greedy_ver3_greedy_ver3,20260310115517,27,1397.0,0.0
2x2_slot_random_place_random_5_greedy_ver3_greedy_ver3,20260310115522,7,421.0,0.0
2x2_slot_random_place_random_5_greedy_ver3_greedy_ver3,20260310115526,13,670.0,0.0
2x2_slot_random_place_random_5_greedy_ver3_greedy_ver3,20260310115528,11,494.0,0.0
2x2_slot_random_place_random_5_greedy_ver3_greedy_ver3,20260310115531,11,514.0,0.0
2x2_slot_random_place_random_5_greedy_ver3_greedy_ver3,20260310115535,11,518.0,0.0
2x2_slot_random_place_random_5_greedy_ver3_greedy_ver3,20260310115538,11,492.0,0.0
2x2_slot_random_place_random_5_greedy_ver3_greedy_ver3,20260310115541,5,247.0,0.0
2x2_slot_random_place_random_5_greedy_ver3_greedy_ver3,20260310115544,18,802.0,0.0
2x2_slot_random_place_random_5_greedy_ver3_greedy_ver3,20260310115547,8,407.0,0.0
2x2_slot_random_place_random_5_greedy_ver3_greedy_ver3,20260310115550,15,970.0,0.0
2x2_slot_random_place_random_5_greedy_ver3_greedy_ver3,20260310115553,7,403.0,0.0
2x2_slot_random_place_random_5_greedy_ver3_greedy_ver3,20260310115559,57,2646.0,0.0
2x2_slot_random_place_random_5_greedy_ver3_greedy_ver3,20260310115606,12,567.0,0.0
2x2_slot_random_place_random_5_greedy_ver3_greedy_ver3,20260310115608,6,359.0,0.0
2x2_slot_random_place_random_5_greedy_ver3_greedy_ver3,20260310115611,13,692.0,0.0
2x2_slot_random_place_random_5_greedy_ver3_greedy_ver3,20260310115614,17,826.0,0.0
2x2_slot_random_place_random_5_greedy_ver3_greedy_ver3,20260310115619,19,848.0,0.0
2x2_slot_random_place_random_5_greedy_ver3_greedy_ver3,20260310115623,9,432.0,0.0
2x2_slot_random_place_random_5_greedy_ver3_greedy_ver3,20260310115627,22,896.0,0.0
2x2_slot_random_place_random_5_greedy_ver3_greedy_ver3,20260310115633,19,864.0,0.0
2x2_slot_random_place_random_10_grasp_ver3_grasp_ver3,20260311215057,3,219.0,0.0
2x2_slot_random_place_random_10_grasp_ver3_grasp_ver3,20260311215100,25,1572.0,0.0
2x2_slot_random_place_random_10_grasp_ver3_grasp_ver3,20260311215106,5,247.0,0.015625
2x2_slot_random_place_random_10_grasp_ver3_grasp_ver3,20260311215110,3,227.0,0.0
2x2_slot_random_place_random_10_grasp_ver3_grasp_ver3,20260311215113,5,271.0,0.0
2x2_slot_random_place_random_10_grasp_ver3_grasp_ver3,20260311215117,6,288.0,0.0
2x2_slot_random_place_random_10_grasp_ver3_grasp_ver3,20260311215121,8,602.0,0.0
2x2_slot_random_place_random_10_grasp_ver3_grasp_ver3,20260311215126,11,503.0,0.0
2x2_slot_random_place_random_10_grasp_ver3_grasp_ver3,20260311215131,5,281.0,0.0
2x2_slot_random_place_random_10_grasp_ver3_grasp_ver3,20260311215135,9,571.0,0.0
2x2_slot_random_place_random_10_grasp_ver3_grasp_ver3,20260311215139,22,1019.0,0.015625
2x2_slot_random_place_random_10_grasp_ver3_grasp_ver3,20260311215147,22,1101.0,0.0
2x2_slot_random_place_random_10_grasp_ver3_grasp_ver3,20260311215157,22,1134.0,0.0
2x2_slot_random_place_random_10_grasp_ver3_grasp_ver3,20260311215202,31,1378.0,0.0
2x2_slot_random_place_random_10_grasp_ver3_grasp_ver3,20260311215216,26,1268.0,0.0
2x2_slot_random_place_random_10_grasp_ver3_grasp_ver3,20260311215221,24,1282.0,0.0
2x2_slot_random_place_random_10_grasp_ver3_grasp_ver3,20260311215230,8,499.0,0.015625
2x2_slot_random_place_random_10_grasp_ver3_grasp_ver3,20260311215235,10,582.0,0.0
2x2_slot_random_place_random_10_grasp_ver3_grasp_ver3,20260311215239,21,1134.0,0.0
2x2_slot_random_place_random_10_grasp_ver3_grasp_ver3,20260311215247,14,844.0,0.0
2x2_slot_random_place_random_10_grasp_ver3_grasp_ver3,20260311215249,13,591.0,0.0
2x2_slot_random_place_random_10_grasp_ver3_grasp_ver3,20260311215254,17,870.0,0.0
2x2_slot_random_place_random_10_grasp_ver3_grasp_ver3,20260311215258,36,1624.0,0.0
2x2_slot_random_place_random_10_grasp_ver3_grasp_ver3,20260311215302,45,2239.0,0.0
2x2_slot_random_place_random_10_grasp_ver3_grasp_ver3,20260311215315,7,397.0,0.0
2x2_slot_random_place_random_10_grasp_ver3_grasp_ver3,20260311215319,6,401.0,0.0
2x2_slot_random_place_random_10_grasp_ver3_grasp_ver3,20260311215324,24,1072.0,0.0
2x2_slot_random_place_random_10_grasp_ver3_grasp_ver3,20260311215327,7,393.0,0.0
2x2_slot_random_place_random_10_grasp_ver3_grasp_ver3,20260311215333,14,832.0,0.0
2x2_slot_random_place_random_10_grasp_ver3_grasp_ver3,20260311215341,5,355.0,0.0
2x2_slot_random_place_random_10_grasp_ver3_grasp_ver3,20260311215346,5,227.0,0.0
2x2_slot_random_place_random_10_grasp_ver3_grasp_ver3,20260311215353,14,570.0,0.0
2x2_slot_random_place_random_10_grasp_ver3_grasp_ver3,20260311215402,4,281.0,0.0
2x2_slot_random_place_random_10_grasp_ver3_grasp_ver3,20260311215406,14,682.0,0.0
2x2_slot_random_place_random_10_grasp_ver3_grasp_ver3,20260311215414,15,828.0,0.0
2x2_slot_random_place_random_10_grasp_ver3_grasp_ver3,20260311215416,3,217.0,0.0
2x2_slot_random_place_random_10_grasp_ver3_grasp_ver3,20260311215420,33,1651.0,0.0
2x2_slot_random_place_random_10_grasp_ver3_grasp_ver3,20260311215431,3,217.0,0.0
2x2_slot_random_place_random_10_grasp_ver3_grasp_ver3,20260311215435,19,934.0,0.0
2x2_slot_random_place_random_10_grasp_ver3_grasp_ver3,20260311215439,8,522.0,0.0
2x2_slot_random_place_random_10_grasp_ver3_grasp_ver3,20260311215444,23,1208.0,0.0
2x2_slot_random_place_random_10_grasp_ver3_grasp_ver3,20260311215452,7,397.0,0.0
2x2_slot_random_place_random_10_grasp_ver3_grasp_ver3,20260311215457,15,721.0,0.0
2x2_slot_random_place_random_10_grasp_ver3_grasp_ver3,20260311215502,5,169.0,0.015625
2x2_slot_random_place_random_10_grasp_ver3_grasp_ver3,20260311215506,5,267.0,0.0
2x2_slot_random_place_random_10_grasp_ver3_grasp_ver3,20260311215510,13,554.0,0.0
2x2_slot_random_place_random_10_grasp_ver3_grasp_ver3,20260311215517,14,844.0,0.0
2x2_slot_random_place_random_10_grasp_ver3_grasp_ver3,20260311215520,18,966.0,0.0
2x2_slot_random_place_random_10_grasp_ver3_grasp_ver3,20260311215524,45,2223.0,0.0
2x2_slot_random_place_random_10_grasp_ver3_grasp_ver3,20260311215529,3,219.0,0.0
2x2_slot_random_place_random_10_grasp_ver3_grasp_ver3,20260311215532,5,291.0,0.0
2x2_slot_random_place_random_10_grasp_ver3_grasp_ver3,20260311215536,41,1904.0,0.0
2x2_slot_random_place_random_10_grasp_ver3_grasp_ver3,20260311215538,5,247.0,0.0
2x2_slot_random_place_random_10_grasp_ver3_grasp_ver3,20260311215543,19,877.0,0.0
2x2_slot_random_place_random_10_grasp_ver3_grasp_ver3,20260311215548,14,904.0,0.0
2x2_slot_random_place_random_10_grasp_ver3_grasp_ver3,20260311215556,12,548.0,0.0
2x2_slot_random_place_random_10_grasp_ver3_grasp_ver3,20260311215602,9,636.0,0.0
2x2_slot_random_place_random_10_grasp_ver3_grasp_ver3,20260311215608,20,930.0,0.0
2x2_slot_random_place_random_10_grasp_ver3_grasp_ver3,20260311215611,58,2817.0,0.0
2x2_slot_random_place_random_10_grasp_ver3_grasp_ver3,20260311215617,23,1039.0,0.0
2x2_slot_random_place_random_10_grasp_ver3_grasp_ver3,20260311215623,21,1218.0,0.0
2x2_slot_random_place_random_10_grasp_ver3_grasp_ver3,20260311215629,49,2371.0,0.0
2x2_slot_random_place_random_10_grasp_ver3_grasp_ver3,20260311215640,7,491.0,0.0
2x2_slot_random_place_random_10_grasp_ver3_grasp_ver3,20260311215643,20,1052.0,0.0
2x2_slot_random_place_random_10_grasp_ver3_grasp_ver3,20260311215648,4,249.0,0.0
2x2_slot_random_place_random_10_grasp_ver3_grasp_ver3,20260311215651,20,1062.0,0.0
2x2_slot_random_place_random_10_grasp_ver3_grasp_ver3,20260311215655,5,217.0,0.0
2x2_slot_random_place_random_10_grasp_ver3_grasp_ver3,20260311215659,5,295.0,0.0
2x2_slot_random_place_random_10_grasp_ver3_grasp_ver3,20260311215704,7,397.0,0.0
2x2_slot_random_place_random_10_grasp_ver3_grasp_ver3,20260311215709,5,227.0,0.0
2x2_slot_random_place_random_10_grasp_ver3_grasp_ver3,20260311215713,17,918.0,0.0
2x2_slot_random_place_random_10_grasp_ver3_grasp_ver3,20260311215723,5,299.0,0.0
2x2_slot_random_place_random_10_grasp_ver3_grasp_ver3,20260311215726,5,279.0,0.0
2x2_slot_random_place_random_10_grasp_ver3_grasp_ver3,20260311215731,16,867.0,0.0
2x2_slot_random_place_random_10_grasp_ver3_grasp_ver3,20260311215735,33,1563.0,0.0
2x2_slot_random_place_random_10_grasp_ver3_grasp_ver3,20260311215743,3,225.0,0.0
2x2_slot_random_place_random_10_grasp_ver3_grasp_ver3,20260311215747,8,462.0,0.0
2x2_slot_random_place_random_10_grasp_ver3_grasp_ver3,20260311215754,16,814.0,0.0
2x2_slot_random_place_random_10_grasp_ver3_grasp_ver3,20260311215806,14,726.0,0.0
2x2_slot_random_place_random_10_grasp_ver3_grasp_ver3,20260311215809,35,1616.0,0.0
2x2_slot_random_place_random_10_grasp_ver3_grasp_ver3,20260311215825,47,2283.0,0.0
2x2_slot_random_place_random_10_grasp_ver3_grasp_ver3,20260311215834,3,201.0,0.0
2x2_slot_random_place_random_10_grasp_ver3_grasp_ver3,20260311215838,4,313.0,0.0
2x2_slot_random_place_random_10_grasp_ver3_grasp_ver3,20260311215844,3,227.0,0.0
2x2_slot_random_place_random_10_grasp_ver3_grasp_ver3,20260311215848,3,215.0,0.0
2x2_slot_random_place_random_10_grasp_ver3_grasp_ver3,20260311215852,16,862.0,0.0
2x2_slot_random_place_random_10_grasp_ver3_grasp_ver3,20260311215856,6,421.0,0.0
2x2_slot_random_place_random_10_grasp_ver3_grasp_ver3,20260311215859,2,179.0,0.0
2x2_slot_random_place_random_10_grasp_ver3_grasp_ver3,20260311215902,14,844.0,0.0
2x2_slot_random_place_random_10_grasp_ver3_grasp_ver3,20260311215910,9,514.0,0.0
2x2_slot_random_place_random_10_grasp_ver3_grasp_ver3,20260311215914,47,2285.0,0.0
2x2_slot_random_place_random_10_grasp_ver3_grasp_ver3,20260311215932,3,227.0,0.0
2x2_slot_random_place_random_10_grasp_ver3_grasp_ver3,20260311215936,6,379.0,0.0
2x2_slot_random_place_random_10_grasp_ver3_grasp_ver3,20260311215940,17,1002.0,0.0
2x2_slot_random_place_random_10_grasp_ver3_grasp_ver3,20260311215950,5,269.0,0.0
2x2_slot_random_place_random_10_grasp_ver3_grasp_ver3,20260311215953,5,257.0,0.0
2x2_slot_random_place_random_10_grasp_ver3_grasp_ver3,20260311215958,12,522.0,0.0
2x2_slot_random_place_random_10_grasp_ver3_grasp_ver3,20260311220003,9,484.0,0.0
2x2_slot_random_place_random_10_grasp_ver3_grasp_ver3,20260311220009,10,626.0,0.0
2x2_slot_random_place_random_10_grasp_ver3_grasp_ver3,20260311220016,35,1618.0,0.0
2x2_slot_random_place_random_10_grasp_ver3_grasp_ver3,20260311220035,8,434.0,0.0
2x2_slot_random_place_random_10_grasp_ver3_grasp_ver3,20260311220040,5,251.0,0.015625
2x2_slot_random_place_random_10_grasp_ver3_grasp_ver3,20260311220044,12,592.0,0.0
2x2_slot_random_place_random_10_grasp_ver3_grasp_ver3,20260311220052,2,295.0,0.0
2x2_slot_random_place_random_10_grasp_ver3_grasp_ver3,20260311220055,18,962.0,0.0
2x2_slot_random_place_random_10_grasp_ver3_grasp_ver3,20260311220101,8,433.0,0.0
2x2_slot_random_place_random_10_grasp_ver3_grasp_ver3,20260311220107,47,2315.0,0.0
2x2_slot_random_place_random_10_grasp_ver3_grasp_ver3,20260311220118,5,245.0,0.0
2x2_slot_random_place_random_10_grasp_ver3_grasp_ver3,20260311220122,13,742.0,0.0
2x2_slot_random_place_random_10_grasp_ver3_grasp_ver3,20260311220129,4,295.0,0.0
2x2_slot_random_place_random_10_grasp_ver3_grasp_ver3,20260311220133,6,321.0,0.0
2x2_slot_random_place_random_10_grasp_ver3_grasp_ver3,20260311220137,6,349.0,0.0
2x2_slot_random_place_random_10_grasp_ver3_grasp_ver3,20260311220140,10,624.0,0.0
2x2_slot_random_place_random_10_grasp_ver3_grasp_ver3,20260311220145,5,243.0,0.0
2x2_slot_random_place_random_10_grasp_ver3_grasp_ver3,20260311220150,22,1178.0,0.0
2x2_slot_random_place_random_10_grasp_ver3_grasp_ver3,20260311220200,30,1525.0,0.0
2x2_slot_random_place_random_10_grasp_ver3_grasp_ver3,20260311220203,5,249.0,0.0
2x2_slot_random_place_random_10_grasp_ver3_grasp_ver3,20260311220207,16,926.0,0.0
2x2_slot_random_place_random_10_grasp_ver3_grasp_ver3,20260311220216,7,253.0,0.0
2x2_slot_random_place_random_10_grasp_ver3_grasp_ver3,20260311220220,10,405.0,0.0
2x2_slot_random_place_random_10_grasp_ver3_grasp_ver3,20260311220227,68,3167.0,0.0
2x2_slot_random_place_random_10_grasp_ver3_grasp_ver3,20260311220236,4,269.0,0.0
2x2_slot_random_place_random_10_grasp_ver3_grasp_ver3,20260311220240,32,1517.0,0.0
2x2_slot_random_place_random_10_grasp_ver3_grasp_ver3,20260311220244,33,1695.0,0.0
2x2_slot_random_place_random_10_grasp_ver3_grasp_ver3,20260311220257,21,944.0,0.0
2x2_slot_random_place_random_10_grasp_ver3_grasp_ver3,20260311220259,5,223.0,0.0
2x2_slot_random_place_random_10_grasp_ver3_grasp_ver3,20260311220304,19,906.0,0.0
2x2_slot_random_place_random_10_grasp_ver3_grasp_ver3,20260311220314,4,201.0,0.0
2x2_slot_random_place_random_10_grasp_ver3_grasp_ver3,20260311220319,4,223.0,0.0
2x2_slot_random_place_random_10_grasp_ver3_grasp_ver3,20260311220323,2,175.0,0.0
2x2_slot_random_place_random_10_grasp_ver3_grasp_ver3,20260311220326,7,239.0,0.0
2x2_slot_random_place_random_10_grasp_ver3_grasp_ver3,20260311220331,20,1233.0,0.0
2x2_slot_random_place_random_10_grasp_ver3_grasp_ver3,20260311220336,7,383.0,0.0
2x2_slot_random_place_random_10_grasp_ver3_grasp_ver3,20260311220341,2,179.0,0.0
2x2_slot_random_place_random_10_grasp_ver3_grasp_ver3,20260311220344,13,720.0,0.0
2x2_slot_random_place_random_10_grasp_ver3_grasp_ver3,20260311220350,11,412.0,0.0
2x2_slot_random_place_random_10_grasp_ver3_grasp_ver3,20260311220354,9,423.0,0.0
2x2_slot_random_place_random_10_grasp_ver3_grasp_ver3,20260311220400,2,269.0,0.015625
2x2_slot_random_place_random_10_grasp_ver3_grasp_ver3,20260311220402,11,738.0,0.0
2x2_slot_random_place_random_10_grasp_ver3_grasp_ver3,20260311220408,13,766.0,0.0
2x2_slot_random_place_random_10_grasp_ver3_grasp_ver3,20260311220411,24,1162.0,0.0
2x2_slot_random_place_random_10_grasp_ver3_grasp_ver3,20260311220414,37,2071.0,0.0
2x2_slot_random_place_random_10_grasp_ver3_grasp_ver3,20260311220423,7,363.0,0.0
2x2_slot_random_place_random_10_grasp_ver3_grasp_ver3,20260311220428,15,703.0,0.0
2x2_slot_random_place_random_10_grasp_ver3_grasp_ver3,20260311220432,5,249.0,0.0
2x2_slot_random_place_random_10_grasp_ver3_grasp_ver3,20260311220436,5,261.0,0.0
2x2_slot_random_place_random_10_grasp_ver3_grasp_ver3,20260311220439,4,237.0,0.0
2x2_slot_random_place_random_10_grasp_ver3_grasp_ver3,20260311220443,13,712.0,0.0
2x2_slot_random_place_random_10_grasp_ver3_grasp_ver3,20260311220448,9,552.0,0.0
2x2_slot_random_place_random_10_grasp_ver3_grasp_ver3,20260311220453,24,1347.0,0.0
2x2_slot_random_place_random_10_grasp_ver3_grasp_ver3,20260311220505,3,209.0,0.0
2x2_slot_random_place_random_10_grasp_ver3_grasp_ver3,20260311220508,4,269.0,0.0
2x2_slot_random_place_random_10_grasp_ver3_grasp_ver3,20260311220511,18,881.0,0.0
2x2_slot_random_place_random_10_grasp_ver3_grasp_ver3,20260311220515,7,373.0,0.0
2x2_slot_random_place_random_10_grasp_ver3_grasp_ver3,20260311220519,7,366.0,0.0
2x2_slot_random_place_random_10_grasp_ver3_grasp_ver3,20260311220524,4,201.0,0.0
2x2_slot_random_place_random_10_grasp_ver3_grasp_ver3,20260311220528,6,211.0,0.015625
2x2_slot_random_place_random_10_grasp_ver3_grasp_ver3,20260311220533,18,778.0,0.0
2x2_slot_random_place_random_10_grasp_ver3_greedy_ver3,20260311215058,16,774.0,0.0
2x2_slot_random_place_random_10_grasp_ver3_greedy_ver3,20260311215102,26,1416.0,0.0
2x2_slot_random_place_random_10_grasp_ver3_greedy_ver3,20260311215107,16,774.0,0.0
2x2_slot_random_place_random_10_grasp_ver3_greedy_ver3,20260311215111,9,504.0,0.0
2x2_slot_random_place_random_10_grasp_ver3_greedy_ver3,20260311215115,17,818.0,0.0
2x2_slot_random_place_random_10_grasp_ver3_greedy_ver3,20260311215119,17,776.0,0.0
2x2_slot_random_place_random_10_grasp_ver3_greedy_ver3,20260311215123,19,1006.0,0.0
2x2_slot_random_place_random_10_grasp_ver3_greedy_ver3,20260311215128,14,904.0,0.0
2x2_slot_random_place_random_10_grasp_ver3_greedy_ver3,20260311215133,14,778.0,0.0
2x2_slot_random_place_random_10_grasp_ver3_greedy_ver3,20260311215137,11,542.0,0.0
2x2_slot_random_place_random_10_grasp_ver3_greedy_ver3,20260311215142,38,1966.0,0.0
2x2_slot_random_place_random_10_grasp_ver3_greedy_ver3,20260311215151,66,3043.0,0.0
2x2_slot_random_place_random_10_grasp_ver3_greedy_ver3,20260311215159,10,598.0,0.0
2x2_slot_random_place_random_10_grasp_ver3_greedy_ver3,20260311215208,74,3251.0,0.0
2x2_slot_random_place_random_10_grasp_ver3_greedy_ver3,20260311215218,19,776.0,0.0
2x2_slot_random_place_random_10_grasp_ver3_greedy_ver3,20260311215224,63,2745.0,0.0
2x2_slot_random_place_random_10_grasp_ver3_greedy_ver3,20260311215232,14,772.0,0.0
2x2_slot_random_place_random_10_grasp_ver3_greedy_ver3,20260311215237,15,730.0,0.0
2x2_slot_random_place_random_10_grasp_ver3_greedy_ver3,20260311215243,28,1360.0,0.0
2x2_slot_random_place_random_10_grasp_ver3_greedy_ver3,20260311215248,2,331.0,0.0
2x2_slot_random_place_random_10_grasp_ver3_greedy_ver3,20260311215252,14,634.0,0.0
2x2_slot_random_place_random_10_grasp_ver3_greedy_ver3,20260311215255,10,556.0,0.0
2x2_slot_random_place_random_10_grasp_ver3_greedy_ver3,20260311215259,15,758.0,0.0
2x2_slot_random_place_random_10_grasp_ver3_greedy_ver3,20260311215308,59,2935.0,0.0
2x2_slot_random_place_random_10_grasp_ver3_greedy_ver3,20260311215317,8,450.0,0.0
2x2_slot_random_place_random_10_grasp_ver3_greedy_ver3,20260311215322,17,976.0,0.0
2x2_slot_random_place_random_10_grasp_ver3_greedy_ver3,20260311215326,4,375.0,0.0
2x2_slot_random_place_random_10_grasp_ver3_greedy_ver3,20260311215330,26,1255.0,0.0
2x2_slot_random_place_random_10_grasp_ver3_greedy_ver3,20260311215336,48,2138.0,0.0
2x2_slot_random_place_random_10_grasp_ver3_greedy_ver3,20260311215343,6,405.0,0.0
2x2_slot_random_place_random_10_grasp_ver3_greedy_ver3,20260311215347,20,878.0,0.0
2x2_slot_random_place_random_10_grasp_ver3_greedy_ver3,20260311215357,36,1698.0,0.0
2x2_slot_random_place_random_10_grasp_ver3_greedy_ver3,20260311215404,7,310.0,0.0
2x2_slot_random_place_random_10_grasp_ver3_greedy_ver3,20260311215409,30,1358.0,0.0
2x2_slot_random_place_random_10_grasp_ver3_greedy_ver3,20260311215415,3,285.0,0.0
2x2_slot_random_place_random_10_grasp_ver3_greedy_ver3,20260311215418,11,558.0,0.0
2x2_slot_random_place_random_10_grasp_ver3_greedy_ver3,20260311215425,66,3369.0,0.0
2x2_slot_random_place_random_10_grasp_ver3_greedy_ver3,20260311215432,20,1014.0,0.0
2x2_slot_random_place_random_10_grasp_ver3_greedy_ver3,20260311215436,11,518.0,0.0
2x2_slot_random_place_random_10_grasp_ver3_greedy_ver3,20260311215441,12,662.0,0.0
2x2_slot_random_place_random_10_grasp_ver3_greedy_ver3,20260311215448,31,1386.0,0.0
2x2_slot_random_place_random_10_grasp_ver3_greedy_ver3,20260311215454,21,882.0,0.015625
2x2_slot_random_place_random_10_grasp_ver3_greedy_ver3,20260311215459,16,802.0,0.0
2x2_slot_random_place_random_10_grasp_ver3_greedy_ver3,20260311215503,8,434.0,0.0
2x2_slot_random_place_random_10_grasp_ver3_greedy_ver3,20260311215507,12,632.0,0.0
2x2_slot_random_place_random_10_grasp_ver3_greedy_ver3,20260311215513,46,2146.0,0.0
2x2_slot_random_place_random_10_grasp_ver3_greedy_ver3,20260311215519,11,473.0,0.0
2x2_slot_random_place_random_10_grasp_ver3_greedy_ver3,20260311215522,5,279.0,0.0
2x2_slot_random_place_random_10_grasp_ver3_greedy_ver3,20260311215526,16,972.0,0.0
2x2_slot_random_place_random_10_grasp_ver3_greedy_ver3,20260311215530,26,1442.0,0.0
2x2_slot_random_place_random_10_grasp_ver3_greedy_ver3,20260311215534,27,1113.0,0.0
2x2_slot_random_place_random_10_grasp_ver3_greedy_ver3,20260311215537,3,273.0,0.0
2x2_slot_random_place_random_10_grasp_ver3_greedy_ver3,20260311215540,27,1254.0,0.0
2x2_slot_random_place_random_10_grasp_ver3_greedy_ver3,20260311215544,10,558.0,0.0
2x2_slot_random_place_random_10_grasp_ver3_greedy_ver3,20260311215551,38,1634.0,0.0
2x2_slot_random_place_random_10_grasp_ver3_greedy_ver3,20260311215558,80,3616.0,0.0
2x2_slot_random_place_random_10_grasp_ver3_greedy_ver3,20260311215604,24,1166.0,0.0
2x2_slot_random_place_random_10_grasp_ver3_greedy_ver3,20260311215609,10,549.0,0.0
2x2_slot_random_place_random_10_grasp_ver3_greedy_ver3,20260311215614,16,768.0,0.0
2x2_slot_random_place_random_10_grasp_ver3_greedy_ver3,20260311215619,39,1760.0,0.0
2x2_slot_random_place_random_10_grasp_ver3_greedy_ver3,20260311215626,17,920.0,0.0
2x2_slot_random_place_random_10_grasp_ver3_greedy_ver3,20260311215634,60,2753.0,0.015625
2x2_slot_random_place_random_10_grasp_ver3_greedy_ver3,20260311215642,8,441.0,0.0
2x2_slot_random_place_random_10_grasp_ver3_greedy_ver3,20260311215645,15,766.0,0.0
2x2_slot_random_place_random_10_grasp_ver3_greedy_ver3,20260311215649,13,601.0,0.0
2x2_slot_random_place_random_10_grasp_ver3_greedy_ver3,20260311215653,45,2078.0,0.0
2x2_slot_random_place_random_10_grasp_ver3_greedy_ver3,20260311215657,15,722.0,0.0
2x2_slot_random_place_random_10_grasp_ver3_greedy_ver3,20260311215701,12,606.0,0.0
2x2_slot_random_place_random_10_grasp_ver3_greedy_ver3,20260311215706,16,740.0,0.0
2x2_slot_random_place_random_10_grasp_ver3_greedy_ver3,20260311215710,27,1192.0,0.0
2x2_slot_random_place_random_10_grasp_ver3_greedy_ver3,20260311215717,42,2081.0,0.0
2x2_slot_random_place_random_10_grasp_ver3_greedy_ver3,20260311215724,26,1247.0,0.0
2x2_slot_random_place_random_10_grasp_ver3_greedy_ver3,20260311215729,18,810.0,0.0
2x2_slot_random_place_random_10_grasp_ver3_greedy_ver3,20260311215733,9,502.0,0.0
2x2_slot_random_place_random_10_grasp_ver3_greedy_ver3,20260311215739,19,792.0,0.015625
2x2_slot_random_place_random_10_grasp_ver3_greedy_ver3,20260311215744,10,556.0,0.015625
2x2_slot_random_place_random_10_grasp_ver3_greedy_ver3,20260311215750,15,812.0,0.0
2x2_slot_random_place_random_10_grasp_ver3_greedy_ver3,20260311215800,47,2213.0,0.015625
2x2_slot_random_place_random_10_grasp_ver3_greedy_ver3,20260311215807,4,287.0,0.0
2x2_slot_random_place_random_10_grasp_ver3_greedy_ver3,20260311215815,65,3022.0,0.0
2x2_slot_random_place_random_10_grasp_ver3_greedy_ver3,20260311215829,40,1821.0,0.0
2x2_slot_random_place_random_10_grasp_ver3_greedy_ver3,20260311215836,11,492.0,0.0
2x2_slot_random_place_random_10_grasp_ver3_greedy_ver3,20260311215841,19,768.0,0.0
2x2_slot_random_place_random_10_grasp_ver3_greedy_ver3,20260311215845,19,1040.0,0.0
2x2_slot_random_place_random_10_grasp_ver3_greedy_ver3,20260311215849,9,416.0,0.0
2x2_slot_random_place_random_10_grasp_ver3_greedy_ver3,20260311215854,43,2055.0,0.0
2x2_slot_random_place_random_10_grasp_ver3_greedy_ver3,20260311215857,11,564.0,0.0
2x2_slot_random_place_random_10_grasp_ver3_greedy_ver3,20260311215901,81,3834.0,0.0
2x2_slot_random_place_random_10_grasp_ver3_greedy_ver3,20260311215906,28,1262.0,0.0
2x2_slot_random_place_random_10_grasp_ver3_greedy_ver3,20260311215912,30,1420.0,0.0
2x2_slot_random_place_random_10_grasp_ver3_greedy_ver3,20260311215923,89,4110.0,0.015625
2x2_slot_random_place_random_10_grasp_ver3_greedy_ver3,20260311215933,11,518.0,0.0
2x2_slot_random_place_random_10_grasp_ver3_greedy_ver3,20260311215937,21,880.0,0.0
2x2_slot_random_place_random_10_grasp_ver3_greedy_ver3,20260311215944,53,2581.0,0.0
2x2_slot_random_place_random_10_grasp_ver3_greedy_ver3,20260311215951,13,568.0,0.0
2x2_slot_random_place_random_10_grasp_ver3_greedy_ver3,20260311215955,20,926.0,0.0
2x2_slot_random_place_random_10_grasp_ver3_greedy_ver3,20260311220000,29,1210.0,0.0
2x2_slot_random_place_random_10_grasp_ver3_greedy_ver3,20260311220005,46,2159.0,0.0
2x2_slot_random_place_random_10_grasp_ver3_greedy_ver3,20260311220012,16,776.0,0.0
2x2_slot_random_place_random_10_grasp_ver3_greedy_ver3,20260311220024,87,3703.0,0.0
2x2_slot_random_place_random_10_grasp_ver3_greedy_ver3,20260311220037,51,2207.0,0.0
2x2_slot_random_place_random_10_grasp_ver3_greedy_ver3,20260311220042,17,748.0,0.0
2x2_slot_random_place_random_10_grasp_ver3_greedy_ver3,20260311220048,29,1461.0,0.0
2x2_slot_random_place_random_10_grasp_ver3_greedy_ver3,20260311220053,19,982.0,0.0
2x2_slot_random_place_random_10_grasp_ver3_greedy_ver3,20260311220058,28,1570.0,0.015625
2x2_slot_random_place_random_10_grasp_ver3_greedy_ver3,20260311220104,24,1168.0,0.0
2x2_slot_random_place_random_10_grasp_ver3_greedy_ver3,20260311220112,85,3949.0,0.0
2x2_slot_random_place_random_10_grasp_ver3_greedy_ver3,20260311220120,28,1256.0,0.0
2x2_slot_random_place_random_10_grasp_ver3_greedy_ver3,20260311220125,43,1857.0,0.0
2x2_slot_random_place_random_10_grasp_ver3_greedy_ver3,20260311220131,59,2907.0,0.0
2x2_slot_random_place_random_10_grasp_ver3_greedy_ver3,20260311220135,8,374.0,0.015625
2x2_slot_random_place_random_10_grasp_ver3_greedy_ver3,20260311220138,24,1120.0,0.0
2x2_slot_random_place_random_10_grasp_ver3_greedy_ver3,20260311220143,13,774.0,0.0
2x2_slot_random_place_random_10_grasp_ver3_greedy_ver3,20260311220146,19,814.0,0.015625
2x2_slot_random_place_random_10_grasp_ver3_greedy_ver3,20260311220154,56,2624.0,0.0
2x2_slot_random_place_random_10_grasp_ver3_greedy_ver3,20260311220202,3,219.0,0.0
2x2_slot_random_place_random_10_grasp_ver3_greedy_ver3,20260311220205,9,482.0,0.0
2x2_slot_random_place_random_10_grasp_ver3_greedy_ver3,20260311220211,50,2282.0,0.0
2x2_slot_random_place_random_10_grasp_ver3_greedy_ver3,20260311220218,3,229.0,0.0
2x2_slot_random_place_random_10_grasp_ver3_greedy_ver3,20260311220223,24,1068.0,0.015625
2x2_slot_random_place_random_10_grasp_ver3_greedy_ver3,20260311220231,54,2691.0,0.0
2x2_slot_random_place_random_10_grasp_ver3_greedy_ver3,20260311220238,10,467.0,0.0
2x2_slot_random_place_random_10_grasp_ver3_greedy_ver3,20260311220241,20,994.0,0.0
2x2_slot_random_place_random_10_grasp_ver3_greedy_ver3,20260311220250,63,2977.0,0.0
2x2_slot_random_place_random_10_grasp_ver3_greedy_ver3,20260311220258,8,417.0,0.0
2x2_slot_random_place_random_10_grasp_ver3_greedy_ver3,20260311220301,24,952.0,0.0
2x2_slot_random_place_random_10_grasp_ver3_greedy_ver3,20260311220308,54,2415.0,0.0
2x2_slot_random_place_random_10_grasp_ver3_greedy_ver3,20260311220316,46,2266.0,0.0
2x2_slot_random_place_random_10_grasp_ver3_greedy_ver3,20260311220321,19,876.0,0.0
2x2_slot_random_place_random_10_grasp_ver3_greedy_ver3,20260311220324,19,1206.0,0.0
2x2_slot_random_place_random_10_grasp_ver3_greedy_ver3,20260311220328,17,824.0,0.0
2x2_slot_random_place_random_10_grasp_ver3_greedy_ver3,20260311220333,14,870.0,0.0
2x2_slot_random_place_random_10_grasp_ver3_greedy_ver3,20260311220338,25,1346.0,0.0
2x2_slot_random_place_random_10_grasp_ver3_greedy_ver3,20260311220342,3,279.0,0.0
2x2_slot_random_place_random_10_grasp_ver3_greedy_ver3,20260311220347,37,1796.0,0.0
2x2_slot_random_place_random_10_grasp_ver3_greedy_ver3,20260311220352,7,284.0,0.0
2x2_slot_random_place_random_10_grasp_ver3_greedy_ver3,20260311220356,32,1494.0,0.0
2x2_slot_random_place_random_10_grasp_ver3_greedy_ver3,20260311220401,17,888.0,0.0
2x2_slot_random_place_random_10_grasp_ver3_greedy_ver3,20260311220404,20,1022.0,0.0
2x2_slot_random_place_random_10_grasp_ver3_greedy_ver3,20260311220409,9,434.0,0.015625
2x2_slot_random_place_random_10_grasp_ver3_greedy_ver3,20260311220413,11,523.0,0.0
2x2_slot_random_place_random_10_grasp_ver3_greedy_ver3,20260311220418,33,1539.0,0.0
2x2_slot_random_place_random_10_grasp_ver3_greedy_ver3,20260311220425,27,1378.0,0.0
2x2_slot_random_place_random_10_grasp_ver3_greedy_ver3,20260311220430,11,494.0,0.0
2x2_slot_random_place_random_10_grasp_ver3_greedy_ver3,20260311220434,15,688.0,0.0
2x2_slot_random_place_random_10_grasp_ver3_greedy_ver3,20260311220437,9,506.0,0.0
2x2_slot_random_place_random_10_grasp_ver3_greedy_ver3,20260311220441,5,297.0,0.0
2x2_slot_random_place_random_10_grasp_ver3_greedy_ver3,20260311220445,28,1352.0,0.0
2x2_slot_random_place_random_10_grasp_ver3_greedy_ver3,20260311220450,15,734.0,0.0
2x2_slot_random_place_random_10_grasp_ver3_greedy_ver3,20260311220458,59,2825.0,0.0
2x2_slot_random_place_random_10_grasp_ver3_greedy_ver3,20260311220506,13,726.0,0.0
2x2_slot_random_place_random_10_grasp_ver3_greedy_ver3,20260311220510,6,348.0,0.015625
2x2_slot_random_place_random_10_grasp_ver3_greedy_ver3,20260311220513,10,674.0,0.0
2x2_slot_random_place_random_10_grasp_ver3_greedy_ver3,20260311220517,12,730.0,0.0
2x2_slot_random_place_random_10_grasp_ver3_greedy_ver3,20260311220522,19,1169.0,0.0
2x2_slot_random_place_random_10_grasp_ver3_greedy_ver3,20260311220526,10,524.0,0.015625
2x2_slot_random_place_random_10_grasp_ver3_greedy_ver3,20260311220530,24,1206.0,0.0
2x2_slot_random_place_random_10_grasp_ver3_greedy_ver3,20260311220535,34,1470.0,0.0
2x2_slot_random_place_random_10_greedy_ver3_grasp_ver3,20260311213434,15,688.0,0.0
2x2_slot_random_place_random_10_greedy_ver3_grasp_ver3,20260311213439,12,520.0,0.0
2x2_slot_random_place_random_10_greedy_ver3_grasp_ver3,20260311213442,8,424.0,0.0
2x2_slot_random_place_random_10_greedy_ver3_grasp_ver3,20260311213447,7,353.0,0.0
2x2_slot_random_place_random_10_greedy_ver3_grasp_ver3,20260311213451,21,1130.0,0.0
2x2_slot_random_place_random_10_greedy_ver3_grasp_ver3,20260311213455,10,636.0,0.0
2x2_slot_random_place_random_10_greedy_ver3_grasp_ver3,20260311213500,41,1908.0,0.0
2x2_slot_random_place_random_10_greedy_ver3_grasp_ver3,20260311213507,8,492.0,0.0
2x2_slot_random_place_random_10_greedy_ver3_grasp_ver3,20260311213512,5,201.0,0.0
2x2_slot_random_place_random_10_greedy_ver3_grasp_ver3,20260311213516,7,247.0,0.0
2x2_slot_random_place_random_10_greedy_ver3_grasp_ver3,20260311213521,6,208.0,0.0
2x2_slot_random_place_random_10_greedy_ver3_grasp_ver3,20260311213525,7,434.0,0.0
2x2_slot_random_place_random_10_greedy_ver3_grasp_ver3,20260311213530,17,971.0,0.015625
2x2_slot_random_place_random_10_greedy_ver3_grasp_ver3,20260311213535,35,1963.0,0.0
2x2_slot_random_place_random_10_greedy_ver3_grasp_ver3,20260311213546,7,261.0,0.0
2x2_slot_random_place_random_10_greedy_ver3_grasp_ver3,20260311213552,8,554.0,0.0
2x2_slot_random_place_random_10_greedy_ver3_grasp_ver3,20260311213557,35,1831.0,0.0
2x2_slot_random_place_random_10_greedy_ver3_grasp_ver3,20260311213613,16,690.0,0.0
2x2_slot_random_place_random_10_greedy_ver3_grasp_ver3,20260311213622,16,862.0,0.0
2x2_slot_random_place_random_10_greedy_ver3_grasp_ver3,20260311213628,5,325.0,0.0
2x2_slot_random_place_random_10_greedy_ver3_grasp_ver3,20260311213631,7,311.0,0.0
2x2_slot_random_place_random_10_greedy_ver3_grasp_ver3,20260311213635,9,570.0,0.0
2x2_slot_random_place_random_10_greedy_ver3_grasp_ver3,20260311213641,8,455.0,0.0
2x2_slot_random_place_random_10_greedy_ver3_grasp_ver3,20260311213647,8,408.0,0.0
2x2_slot_random_place_random_10_greedy_ver3_grasp_ver3,20260311213653,12,624.0,0.0
2x2_slot_random_place_random_10_greedy_ver3_grasp_ver3,20260311213700,11,495.0,0.0
2x2_slot_random_place_random_10_greedy_ver3_grasp_ver3,20260311213705,14,866.0,0.0
2x2_slot_random_place_random_10_greedy_ver3_grasp_ver3,20260311213711,47,2351.0,0.0
2x2_slot_random_place_random_10_greedy_ver3_grasp_ver3,20260311213725,9,352.0,0.0
2x2_slot_random_place_random_10_greedy_ver3_grasp_ver3,20260311213730,19,962.0,0.0
2x2_slot_random_place_random_10_greedy_ver3_grasp_ver3,20260311213736,9,476.0,0.0
2x2_slot_random_place_random_10_greedy_ver3_grasp_ver3,20260311213741,36,1893.0,0.0
2x2_slot_random_place_random_10_greedy_ver3_grasp_ver3,20260311213748,7,417.0,0.0
2x2_slot_random_place_random_10_greedy_ver3_grasp_ver3,20260311213753,9,542.0,0.0
2x2_slot_random_place_random_10_greedy_ver3_grasp_ver3,20260311213759,4,265.0,0.0
2x2_slot_random_place_random_10_greedy_ver3_grasp_ver3,20260311213802,7,366.0,0.015625
2x2_slot_random_place_random_10_greedy_ver3_grasp_ver3,20260311213806,5,251.0,0.015625
2x2_slot_random_place_random_10_greedy_ver3_grasp_ver3,20260311213810,5,237.0,0.0
2x2_slot_random_place_random_10_greedy_ver3_grasp_ver3,20260311213813,8,586.0,0.0
2x2_slot_random_place_random_10_greedy_ver3_grasp_ver3,20260311213819,13,726.0,0.0
2x2_slot_random_place_random_10_greedy_ver3_grasp_ver3,20260311213825,7,261.0,0.0
2x2_slot_random_place_random_10_greedy_ver3_grasp_ver3,20260311213829,19,912.0,0.0
2x2_slot_random_place_random_10_greedy_ver3_grasp_ver3,20260311213834,10,547.0,0.0
2x2_slot_random_place_random_10_greedy_ver3_grasp_ver3,20260311213839,5,251.0,0.015625
2x2_slot_random_place_random_10_greedy_ver3_grasp_ver3,20260311213842,15,650.0,0.0
2x2_slot_random_place_random_10_greedy_ver3_grasp_ver3,20260311213846,23,1268.0,0.0
2x2_slot_random_place_random_10_greedy_ver3_grasp_ver3,20260311213853,23,1294.0,0.0
2x2_slot_random_place_random_10_greedy_ver3_grasp_ver3,20260311213904,14,710.0,0.0
2x2_slot_random_place_random_10_greedy_ver3_grasp_ver3,20260311213913,8,417.0,0.0
2x2_slot_random_place_random_10_greedy_ver3_grasp_ver3,20260311213917,10,512.0,0.0
2x2_slot_random_place_random_10_greedy_ver3_grasp_ver3,20260311213923,6,431.0,0.015625
2x2_slot_random_place_random_10_greedy_ver3_grasp_ver3,20260311213927,16,782.0,0.0
2x2_slot_random_place_random_10_greedy_ver3_grasp_ver3,20260311213929,7,399.0,0.0
2x2_slot_random_place_random_10_greedy_ver3_grasp_ver3,20260311213933,10,484.0,0.0
2x2_slot_random_place_random_10_greedy_ver3_grasp_ver3,20260311213939,8,387.0,0.0
2x2_slot_random_place_random_10_greedy_ver3_grasp_ver3,20260311213943,25,1246.0,0.0
2x2_slot_random_place_random_10_greedy_ver3_grasp_ver3,20260311213948,15,770.0,0.0
2x2_slot_random_place_random_10_greedy_ver3_grasp_ver3,20260311213951,12,538.0,0.0
2x2_slot_random_place_random_10_greedy_ver3_grasp_ver3,20260311213955,11,582.0,0.015625
2x2_slot_random_place_random_10_greedy_ver3_grasp_ver3,20260311213959,19,1104.0,0.0
2x2_slot_random_place_random_10_greedy_ver3_grasp_ver3,20260311214009,38,1949.0,0.0
2x2_slot_random_place_random_10_greedy_ver3_grasp_ver3,20260311214021,89,4466.0,0.0
2x2_slot_random_place_random_10_greedy_ver3_grasp_ver3,20260311214033,9,576.0,0.0
2x2_slot_random_place_random_10_greedy_ver3_grasp_ver3,20260311214037,5,281.0,0.0
2x2_slot_random_place_random_10_greedy_ver3_grasp_ver3,20260311214041,15,826.0,0.0
2x2_slot_random_place_random_10_greedy_ver3_grasp_ver3,20260311214044,43,2125.0,0.0
2x2_slot_random_place_random_10_greedy_ver3_grasp_ver3,20260311214048,6,278.0,0.0
2x2_slot_random_place_random_10_greedy_ver3_grasp_ver3,20260311214052,7,297.0,0.0
2x2_slot_random_place_random_10_greedy_ver3_grasp_ver3,20260311214057,7,508.0,0.0
2x2_slot_random_place_random_10_greedy_ver3_grasp_ver3,20260311214102,12,651.0,0.0
2x2_slot_random_place_random_10_greedy_ver3_grasp_ver3,20260311214108,5,197.0,0.0
2x2_slot_random_place_random_10_greedy_ver3_grasp_ver3,20260311214112,30,1636.0,0.0
2x2_slot_random_place_random_10_greedy_ver3_grasp_ver3,20260311214117,27,1134.0,0.0
2x2_slot_random_place_random_10_greedy_ver3_grasp_ver3,20260311214126,22,1044.0,0.015625
2x2_slot_random_place_random_10_greedy_ver3_grasp_ver3,20260311214130,7,303.0,0.0
2x2_slot_random_place_random_10_greedy_ver3_grasp_ver3,20260311214134,11,591.0,0.0
2x2_slot_random_place_random_10_greedy_ver3_grasp_ver3,20260311214142,6,254.0,0.0
2x2_slot_random_place_random_10_greedy_ver3_grasp_ver3,20260311214147,19,1044.0,0.0
2x2_slot_random_place_random_10_greedy_ver3_grasp_ver3,20260311214158,51,2283.0,0.0
2x2_slot_random_place_random_10_greedy_ver3_grasp_ver3,20260311214201,17,812.0,0.0
2x2_slot_random_place_random_10_greedy_ver3_grasp_ver3,20260311214212,33,1623.0,0.0
2x2_slot_random_place_random_10_greedy_ver3_grasp_ver3,20260311214228,5,247.0,0.0
2x2_slot_random_place_random_10_greedy_ver3_grasp_ver3,20260311214232,7,333.0,0.0
2x2_slot_random_place_random_10_greedy_ver3_grasp_ver3,20260311214236,15,694.0,0.0
2x2_slot_random_place_random_10_greedy_ver3_grasp_ver3,20260311214240,5,211.0,0.0
2x2_slot_random_place_random_10_greedy_ver3_grasp_ver3,20260311214244,21,976.0,0.0
2x2_slot_random_place_random_10_greedy_ver3_grasp_ver3,20260311214249,5,281.0,0.0
2x2_slot_random_place_random_10_greedy_ver3_grasp_ver3,20260311214252,2,279.0,0.0
2x2_slot_random_place_random_10_greedy_ver3_grasp_ver3,20260311214255,11,594.0,0.0
2x2_slot_random_place_random_10_greedy_ver3_grasp_ver3,20260311214301,6,234.0,0.0
2x2_slot_random_place_random_10_greedy_ver3_grasp_ver3,20260311214305,8,387.0,0.0
2x2_slot_random_place_random_10_greedy_ver3_grasp_ver3,20260311214310,7,427.0,0.0
2x2_slot_random_place_random_10_greedy_ver3_grasp_ver3,20260311214315,43,2099.0,0.0
2x2_slot_random_place_random_10_greedy_ver3_grasp_ver3,20260311214335,15,846.0,0.0
2x2_slot_random_place_random_10_greedy_ver3_grasp_ver3,20260311214344,17,890.0,0.0
2x2_slot_random_place_random_10_greedy_ver3_grasp_ver3,20260311214348,19,1042.0,0.0
2x2_slot_random_place_random_10_greedy_ver3_grasp_ver3,20260311214353,31,1403.0,0.0
2x2_slot_random_place_random_10_greedy_ver3_grasp_ver3,20260311214358,7,351.0,0.0
2x2_slot_random_place_random_10_greedy_ver3_grasp_ver3,20260311214403,56,2456.0,0.0
2x2_slot_random_place_random_10_greedy_ver3_grasp_ver3,20260311214424,15,864.0,0.0
2x2_slot_random_place_random_10_greedy_ver3_grasp_ver3,20260311214446,8,424.0,0.0
2x2_slot_random_place_random_10_greedy_ver3_grasp_ver3,20260311214458,7,259.0,0.0
2x2_slot_random_place_random_10_greedy_ver3_grasp_ver3,20260311214509,19,835.0,0.0
2x2_slot_random_place_random_10_greedy_ver3_grasp_ver3,20260311214525,6,274.0,0.0
2x2_slot_random_place_random_10_greedy_ver3_grasp_ver3,20260311214530,15,944.0,0.0
2x2_slot_random_place_random_10_greedy_ver3_grasp_ver3,20260311214545,7,474.0,0.015625
2x2_slot_random_place_random_10_greedy_ver3_grasp_ver3,20260311214559,10,502.0,0.0
2x2_slot_random_place_random_10_greedy_ver3_grasp_ver3,20260311214608,7,462.0,0.0
2x2_slot_random_place_random_10_greedy_ver3_grasp_ver3,20260311214616,11,704.0,0.0
2x2_slot_random_place_random_10_greedy_ver3_grasp_ver3,20260311214623,23,1117.0,0.0
2x2_slot_random_place_random_10_greedy_ver3_grasp_ver3,20260311214636,7,419.0,0.0
2x2_slot_random_place_random_10_greedy_ver3_grasp_ver3,20260311214642,6,367.0,0.0
2x2_slot_random_place_random_10_greedy_ver3_grasp_ver3,20260311214647,24,1146.0,0.0
2x2_slot_random_place_random_10_greedy_ver3_grasp_ver3,20260311214655,5,209.0,0.0
2x2_slot_random_place_random_10_greedy_ver3_grasp_ver3,20260311214700,20,1060.0,0.0
2x2_slot_random_place_random_10_greedy_ver3_grasp_ver3,20260311214712,14,822.0,0.0
2x2_slot_random_place_random_10_greedy_ver3_grasp_ver3,20260311214715,4,207.0,0.0
2x2_slot_random_place_random_10_greedy_ver3_grasp_ver3,20260311214720,16,926.0,0.015625
2x2_slot_random_place_random_10_greedy_ver3_grasp_ver3,20260311214729,2,269.0,0.0
2x2_slot_random_place_random_10_greedy_ver3_grasp_ver3,20260311214731,11,501.0,0.0
2x2_slot_random_place_random_10_greedy_ver3_grasp_ver3,20260311214738,12,684.0,0.015625
2x2_slot_random_place_random_10_greedy_ver3_grasp_ver3,20260311214746,7,388.0,0.0
2x2_slot_random_place_random_10_greedy_ver3_grasp_ver3,20260311214751,39,2092.0,0.0
2x2_slot_random_place_random_10_greedy_ver3_grasp_ver3,20260311214804,5,245.0,0.0
2x2_slot_random_place_random_10_greedy_ver3_grasp_ver3,20260311214808,7,307.0,0.0
2x2_slot_random_place_random_10_greedy_ver3_grasp_ver3,20260311214810,6,311.0,0.0
2x2_slot_random_place_random_10_greedy_ver3_grasp_ver3,20260311214815,28,1159.0,0.0
2x2_slot_random_place_random_10_greedy_ver3_grasp_ver3,20260311214826,10,467.0,0.0
2x2_slot_random_place_random_10_greedy_ver3_grasp_ver3,20260311214829,6,217.0,0.0
2x2_slot_random_place_random_10_greedy_ver3_grasp_ver3,20260311214834,29,1649.0,0.0
2x2_slot_random_place_random_10_greedy_ver3_grasp_ver3,20260311214837,7,459.0,0.0
2x2_slot_random_place_random_10_greedy_ver3_grasp_ver3,20260311214842,10,507.0,0.0
2x2_slot_random_place_random_10_greedy_ver3_grasp_ver3,20260311214847,18,986.0,0.0
2x2_slot_random_place_random_10_greedy_ver3_grasp_ver3,20260311214852,2,179.0,0.0
2x2_slot_random_place_random_10_greedy_ver3_grasp_ver3,20260311214854,17,1010.0,0.0
2x2_slot_random_place_random_10_greedy_ver3_grasp_ver3,20260311214902,14,664.0,0.0
2x2_slot_random_place_random_10_greedy_ver3_grasp_ver3,20260311214904,11,615.0,0.0
2x2_slot_random_place_random_10_greedy_ver3_grasp_ver3,20260311214910,2,167.0,0.0
2x2_slot_random_place_random_10_greedy_ver3_grasp_ver3,20260311214912,6,307.0,0.015625
2x2_slot_random_place_random_10_greedy_ver3_grasp_ver3,20260311214916,10,503.0,0.0
2x2_slot_random_place_random_10_greedy_ver3_grasp_ver3,20260311214922,5,359.0,0.015625
2x2_slot_random_place_random_10_greedy_ver3_grasp_ver3,20260311214926,51,2441.0,0.0
2x2_slot_random_place_random_10_greedy_ver3_grasp_ver3,20260311214934,7,261.0,0.0
2x2_slot_random_place_random_10_greedy_ver3_grasp_ver3,20260311214940,4,201.0,0.0
2x2_slot_random_place_random_10_greedy_ver3_grasp_ver3,20260311214944,15,757.0,0.015625
2x2_slot_random_place_random_10_greedy_ver3_grasp_ver3,20260311214947,5,263.0,0.0
2x2_slot_random_place_random_10_greedy_ver3_grasp_ver3,20260311214951,4,297.0,0.0
2x2_slot_random_place_random_10_greedy_ver3_grasp_ver3,20260311214954,13,694.0,0.0
2x2_slot_random_place_random_10_greedy_ver3_grasp_ver3,20260311214959,43,2477.0,0.0
2x2_slot_random_place_random_10_greedy_ver3_grasp_ver3,20260311215004,8,441.0,0.0
2x2_slot_random_place_random_10_greedy_ver3_grasp_ver3,20260311215010,19,946.0,0.0
2x2_slot_random_place_random_10_greedy_ver3_grasp_ver3,20260311215022,16,814.0,0.0
2x2_slot_random_place_random_10_greedy_ver3_grasp_ver3,20260311215025,15,896.0,0.0
2x2_slot_random_place_random_10_greedy_ver3_grasp_ver3,20260311215029,13,681.0,0.0
2x2_slot_random_place_random_10_greedy_ver3_grasp_ver3,20260311215033,3,213.0,0.0
2x2_slot_random_place_random_10_greedy_ver3_grasp_ver3,20260311215036,4,201.0,0.0
2x2_slot_random_place_random_10_greedy_ver3_grasp_ver3,20260311215040,7,317.0,0.0
2x2_slot_random_place_random_10_greedy_ver3_grasp_ver3,20260311215045,7,367.0,0.0
2x2_slot_random_place_random_10_greedy_ver3_greedy_ver3,20260311213436,30,1287.0,0.0
2x2_slot_random_place_random_10_greedy_ver3_greedy_ver3,20260311213440,17,828.0,0.0
2x2_slot_random_place_random_10_greedy_ver3_greedy_ver3,20260311213445,25,1116.0,0.015625
2x2_slot_random_place_random_10_greedy_ver3_greedy_ver3,20260311213449,8,408.0,0.0
2x2_slot_random_place_random_10_greedy_ver3_greedy_ver3,20260311213453,17,952.0,0.0
2x2_slot_random_place_random_10_greedy_ver3_greedy_ver3,20260311213458,21,1148.0,0.015625
2x2_slot_random_place_random_10_greedy_ver3_greedy_ver3,20260311213504,39,2023.0,0.0
2x2_slot_random_place_random_10_greedy_ver3_greedy_ver3,20260311213510,21,1054.0,0.0
2x2_slot_random_place_random_10_greedy_ver3_greedy_ver3,20260311213514,51,2363.0,0.0
2x2_slot_random_place_random_10_greedy_ver3_greedy_ver3,20260311213519,13,742.0,0.0
2x2_slot_random_place_random_10_greedy_ver3_greedy_ver3,20260311213523,40,2160.0,0.0
2x2_slot_random_place_random_10_greedy_ver3_greedy_ver3,20260311213527,12,546.0,0.0
2x2_slot_random_place_random_10_greedy_ver3_greedy_ver3,20260311213533,20,1124.0,0.0
2x2_slot_random_place_random_10_greedy_ver3_greedy_ver3,20260311213540,59,2917.0,0.0
2x2_slot_random_place_random_10_greedy_ver3_greedy_ver3,20260311213548,16,810.0,0.0
2x2_slot_random_place_random_10_greedy_ver3_greedy_ver3,20260311213554,41,1989.0,0.0
2x2_slot_random_place_random_10_greedy_ver3_greedy_ver3,20260311213605,87,4005.0,0.0
2x2_slot_random_place_random_10_greedy_ver3_greedy_ver3,20260311213617,48,2129.0,0.0
2x2_slot_random_place_random_10_greedy_ver3_greedy_ver3,20260311213624,30,1456.0,0.0
2x2_slot_random_place_random_10_greedy_ver3_greedy_ver3,20260311213629,23,1146.0,0.0
2x2_slot_random_place_random_10_greedy_ver3_greedy_ver3,20260311213633,8,388.0,0.0
2x2_slot_random_place_random_10_greedy_ver3_greedy_ver3,20260311213638,15,658.0,0.015625
2x2_slot_random_place_random_10_greedy_ver3_greedy_ver3,20260311213643,23,1140.0,0.0
2x2_slot_random_place_random_10_greedy_ver3_greedy_ver3,20260311213650,42,2050.0,0.0
2x2_slot_random_place_random_10_greedy_ver3_greedy_ver3,20260311213657,38,1901.0,0.0
2x2_slot_random_place_random_10_greedy_ver3_greedy_ver3,20260311213703,28,1356.0,0.0
2x2_slot_random_place_random_10_greedy_ver3_greedy_ver3,20260311213707,21,1106.0,0.0
2x2_slot_random_place_random_10_greedy_ver3_greedy_ver3,20260311213718,76,3740.0,0.0
2x2_slot_random_place_random_10_greedy_ver3_greedy_ver3,20260311213727,9,352.0,0.0
2x2_slot_random_place_random_10_greedy_ver3_greedy_ver3,20260311213733,32,1504.0,0.0
2x2_slot_random_place_random_10_greedy_ver3_greedy_ver3,20260311213739,35,1556.0,0.0
2x2_slot_random_place_random_10_greedy_ver3_greedy_ver3,20260311213745,17,806.0,0.0
2x2_slot_random_place_random_10_greedy_ver3_greedy_ver3,20260311213750,21,960.0,0.0
2x2_slot_random_place_random_10_greedy_ver3_greedy_ver3,20260311213755,31,1444.0,0.0
2x2_slot_random_place_random_10_greedy_ver3_greedy_ver3,20260311213800,10,554.0,0.0
2x2_slot_random_place_random_10_greedy_ver3_greedy_ver3,20260311213804,17,852.0,0.0
2x2_slot_random_place_random_10_greedy_ver3_greedy_ver3,20260311213808,17,824.0,0.015625
2x2_slot_random_place_random_10_greedy_ver3_greedy_ver3,20260311213811,17,734.0,0.0
2x2_slot_random_place_random_10_greedy_ver3_greedy_ver3,20260311213816,29,1370.0,0.015625
2x2_slot_random_place_random_10_greedy_ver3_greedy_ver3,20260311213821,13,686.0,0.0
2x2_slot_random_place_random_10_greedy_ver3_greedy_ver3,20260311213827,27,1184.0,0.0
2x2_slot_random_place_random_10_greedy_ver3_greedy_ver3,20260311213832,11,564.0,0.0
2x2_slot_random_place_random_10_greedy_ver3_greedy_ver3,20260311213836,20,1088.0,0.0
2x2_slot_random_place_random_10_greedy_ver3_greedy_ver3,20260311213840,14,774.0,0.0
2x2_slot_random_place_random_10_greedy_ver3_greedy_ver3,20260311213844,18,718.0,0.0
2x2_slot_random_place_random_10_greedy_ver3_greedy_ver3,20260311213849,36,1845.0,0.0
2x2_slot_random_place_random_10_greedy_ver3_greedy_ver3,20260311213858,51,2593.0,0.0
2x2_slot_random_place_random_10_greedy_ver3_greedy_ver3,20260311213908,66,2995.0,0.0
2x2_slot_random_place_random_10_greedy_ver3_greedy_ver3,20260311213915,30,1583.0,0.0
2x2_slot_random_place_random_10_greedy_ver3_greedy_ver3,20260311213920,59,2830.0,0.0
2x2_slot_random_place_random_10_greedy_ver3_greedy_ver3,20260311213925,18,920.0,0.0
2x2_slot_random_place_random_10_greedy_ver3_greedy_ver3,20260311213928,13,584.0,0.015625
2x2_slot_random_place_random_10_greedy_ver3_greedy_ver3,20260311213931,8,452.0,0.0
2x2_slot_random_place_random_10_greedy_ver3_greedy_ver3,20260311213936,22,1102.0,0.0
2x2_slot_random_place_random_10_greedy_ver3_greedy_ver3,20260311213941,21,1028.0,0.0
2x2_slot_random_place_random_10_greedy_ver3_greedy_ver3,20260311213945,34,1655.0,0.0
2x2_slot_random_place_random_10_greedy_ver3_greedy_ver3,20260311213949,5,235.0,0.0
2x2_slot_random_place_random_10_greedy_ver3_greedy_ver3,20260311213953,15,686.0,0.0
2x2_slot_random_place_random_10_greedy_ver3_greedy_ver3,20260311213957,20,982.0,0.0
2x2_slot_random_place_random_10_greedy_ver3_greedy_ver3,20260311214003,55,2459.0,0.0
2x2_slot_random_place_random_10_greedy_ver3_greedy_ver3,20260311214016,38,1848.0,0.0
2x2_slot_random_place_random_10_greedy_ver3_greedy_ver3,20260311214026,55,2569.0,0.0
2x2_slot_random_place_random_10_greedy_ver3_greedy_ver3,20260311214035,13,696.0,0.0
2x2_slot_random_place_random_10_greedy_ver3_greedy_ver3,20260311214038,27,1264.0,0.0
2x2_slot_random_place_random_10_greedy_ver3_greedy_ver3,20260311214042,17,806.0,0.0
2x2_slot_random_place_random_10_greedy_ver3_greedy_ver3,20260311214046,13,608.0,0.0
2x2_slot_random_place_random_10_greedy_ver3_greedy_ver3,20260311214050,11,638.0,0.0
2x2_slot_random_place_random_10_greedy_ver3_greedy_ver3,20260311214054,13,608.0,0.0
2x2_slot_random_place_random_10_greedy_ver3_greedy_ver3,20260311214059,11,576.0,0.0
2x2_slot_random_place_random_10_greedy_ver3_greedy_ver3,20260311214104,14,708.0,0.0
2x2_slot_random_place_random_10_greedy_ver3_greedy_ver3,20260311214110,15,702.0,0.0
2x2_slot_random_place_random_10_greedy_ver3_greedy_ver3,20260311214114,23,1068.0,0.0
2x2_slot_random_place_random_10_greedy_ver3_greedy_ver3,20260311214120,34,1607.0,0.0
2x2_slot_random_place_random_10_greedy_ver3_greedy_ver3,20260311214127,10,474.0,0.0
2x2_slot_random_place_random_10_greedy_ver3_greedy_ver3,20260311214132,10,524.0,0.0
2x2_slot_random_place_random_10_greedy_ver3_greedy_ver3,20260311214140,18,810.0,0.0
2x2_slot_random_place_random_10_greedy_ver3_greedy_ver3,20260311214144,15,728.0,0.0
2x2_slot_random_place_random_10_greedy_ver3_greedy_ver3,20260311214152,53,2489.0,0.0
2x2_slot_random_place_random_10_greedy_ver3_greedy_ver3,20260311214159,8,407.0,0.0
2x2_slot_random_place_random_10_greedy_ver3_greedy_ver3,20260311214206,54,2383.0,0.0
2x2_slot_random_place_random_10_greedy_ver3_greedy_ver3,20260311214219,58,2702.0,0.0
2x2_slot_random_place_random_10_greedy_ver3_greedy_ver3,20260311214230,17,954.0,0.0
2x2_slot_random_place_random_10_greedy_ver3_greedy_ver3,20260311214234,8,388.0,0.0
2x2_slot_random_place_random_10_greedy_ver3_greedy_ver3,20260311214238,17,830.0,0.0
2x2_slot_random_place_random_10_greedy_ver3_greedy_ver3,20260311214241,11,564.0,0.015625
2x2_slot_random_place_random_10_greedy_ver3_greedy_ver3,20260311214246,15,672.0,0.0
2x2_slot_random_place_random_10_greedy_ver3_greedy_ver3,20260311214250,15,698.0,0.0
2x2_slot_random_place_random_10_greedy_ver3_greedy_ver3,20260311214253,3,239.0,0.015625
2x2_slot_random_place_random_10_greedy_ver3_greedy_ver3,20260311214257,30,1302.0,0.0
2x2_slot_random_place_random_10_greedy_ver3_greedy_ver3,20260311214303,27,1318.0,0.0
2x2_slot_random_place_random_10_greedy_ver3_greedy_ver3,20260311214307,14,748.0,0.0
2x2_slot_random_place_random_10_greedy_ver3_greedy_ver3,20260311214312,47,2342.0,0.0
2x2_slot_random_place_random_10_greedy_ver3_greedy_ver3,20260311214325,114,5505.0,0.0
2x2_slot_random_place_random_10_greedy_ver3_greedy_ver3,20260311214338,46,2263.0,0.0
2x2_slot_random_place_random_10_greedy_ver3_greedy_ver3,20260311214345,27,1164.0,0.0
2x2_slot_random_place_random_10_greedy_ver3_greedy_ver3,20260311214350,23,1241.0,0.0
2x2_slot_random_place_random_10_greedy_ver3_greedy_ver3,20260311214354,11,558.0,0.0
2x2_slot_random_place_random_10_greedy_ver3_greedy_ver3,20260311214400,42,1924.0,0.0
2x2_slot_random_place_random_10_greedy_ver3_greedy_ver3,20260311214411,83,3696.0,0.0
2x2_slot_random_place_random_10_greedy_ver3_greedy_ver3,20260311214441,39,1849.0,0.0
2x2_slot_random_place_random_10_greedy_ver3_greedy_ver3,20260311214450,14,644.0,0.015625
2x2_slot_random_place_random_10_greedy_ver3_greedy_ver3,20260311214501,11,594.0,0.0
2x2_slot_random_place_random_10_greedy_ver3_greedy_ver3,20260311214515,76,3685.0,0.0
2x2_slot_random_place_random_10_greedy_ver3_greedy_ver3,20260311214528,14,646.0,0.0
2x2_slot_random_place_random_10_greedy_ver3_greedy_ver3,20260311214539,32,1660.0,0.0
2x2_slot_random_place_random_10_greedy_ver3_greedy_ver3,20260311214551,8,474.0,0.0
2x2_slot_random_place_random_10_greedy_ver3_greedy_ver3,20260311214602,29,1287.0,0.0
2x2_slot_random_place_random_10_greedy_ver3_greedy_ver3,20260311214611,18,822.0,0.0
2x2_slot_random_place_random_10_greedy_ver3_greedy_ver3,20260311214620,31,1438.0,0.0
2x2_slot_random_place_random_10_greedy_ver3_greedy_ver3,20260311214629,47,2311.0,0.0
2x2_slot_random_place_random_10_greedy_ver3_greedy_ver3,20260311214638,21,962.0,0.0
2x2_slot_random_place_random_10_greedy_ver3_greedy_ver3,20260311214644,11,504.0,0.0
2x2_slot_random_place_random_10_greedy_ver3_greedy_ver3,20260311214649,13,766.0,0.0
2x2_slot_random_place_random_10_greedy_ver3_greedy_ver3,20260311214657,9,416.0,0.0
2x2_slot_random_place_random_10_greedy_ver3_greedy_ver3,20260311214706,66,3095.0,0.0
2x2_slot_random_place_random_10_greedy_ver3_greedy_ver3,20260311214714,12,671.0,0.0
2x2_slot_random_place_random_10_greedy_ver3_greedy_ver3,20260311214718,20,1062.0,0.0
2x2_slot_random_place_random_10_greedy_ver3_greedy_ver3,20260311214724,51,2372.0,0.015625
2x2_slot_random_place_random_10_greedy_ver3_greedy_ver3,20260311214730,3,229.0,0.0
2x2_slot_random_place_random_10_greedy_ver3_greedy_ver3,20260311214735,58,2598.0,0.0
2x2_slot_random_place_random_10_greedy_ver3_greedy_ver3,20260311214741,37,1629.0,0.015625
2x2_slot_random_place_random_10_greedy_ver3_greedy_ver3,20260311214748,41,1879.0,0.0
2x2_slot_random_place_random_10_greedy_ver3_greedy_ver3,20260311214757,51,2347.0,0.0
2x2_slot_random_place_random_10_greedy_ver3_greedy_ver3,20260311214805,14,694.0,0.0
2x2_slot_random_place_random_10_greedy_ver3_greedy_ver3,20260311214809,20,926.0,0.0
2x2_slot_random_place_random_10_greedy_ver3_greedy_ver3,20260311214812,21,964.0,0.0
2x2_slot_random_place_random_10_greedy_ver3_greedy_ver3,20260311214820,48,2164.0,0.0
2x2_slot_random_place_random_10_greedy_ver3_greedy_ver3,20260311214827,10,522.0,0.0
2x2_slot_random_place_random_10_greedy_ver3_greedy_ver3,20260311214831,24,1112.0,0.0
2x2_slot_random_place_random_10_greedy_ver3_greedy_ver3,20260311214836,3,275.0,0.0
2x2_slot_random_place_random_10_greedy_ver3_greedy_ver3,20260311214839,87,4191.0,0.0
2x2_slot_random_place_random_10_greedy_ver3_greedy_ver3,20260311214844,12,702.0,0.0
2x2_slot_random_place_random_10_greedy_ver3_greedy_ver3,20260311214849,21,994.0,0.0
2x2_slot_random_place_random_10_greedy_ver3_greedy_ver3,20260311214853,10,484.0,0.0
2x2_slot_random_place_random_10_greedy_ver3_greedy_ver3,20260311214858,40,1898.0,0.0
2x2_slot_random_place_random_10_greedy_ver3_greedy_ver3,20260311214903,3,273.0,0.0
2x2_slot_random_place_random_10_greedy_ver3_greedy_ver3,20260311214906,21,1034.0,0.0
2x2_slot_random_place_random_10_greedy_ver3_greedy_ver3,20260311214911,3,267.0,0.0
2x2_slot_random_place_random_10_greedy_ver3_greedy_ver3,20260311214914,12,536.0,0.0
2x2_slot_random_place_random_10_greedy_ver3_greedy_ver3,20260311214919,19,866.0,0.0
2x2_slot_random_place_random_10_greedy_ver3_greedy_ver3,20260311214924,10,589.0,0.0
2x2_slot_random_place_random_10_greedy_ver3_greedy_ver3,20260311214930,43,2279.0,0.0
2x2_slot_random_place_random_10_greedy_ver3_greedy_ver3,20260311214936,26,1300.0,0.0
2x2_slot_random_place_random_10_greedy_ver3_greedy_ver3,20260311214942,20,1014.0,0.0
2x2_slot_random_place_random_10_greedy_ver3_greedy_ver3,20260311214945,11,498.0,0.0
2x2_slot_random_place_random_10_greedy_ver3_greedy_ver3,20260311214949,63,2698.0,0.0
2x2_slot_random_place_random_10_greedy_ver3_greedy_ver3,20260311214953,5,237.0,0.0
2x2_slot_random_place_random_10_greedy_ver3_greedy_ver3,20260311214957,18,760.0,0.0
2x2_slot_random_place_random_10_greedy_ver3_greedy_ver3,20260311215002,23,1222.0,0.0
2x2_slot_random_place_random_10_greedy_ver3_greedy_ver3,20260311215007,17,822.0,0.0
2x2_slot_random_place_random_10_greedy_ver3_greedy_ver3,20260311215014,56,2485.0,0.0
2x2_slot_random_place_random_10_greedy_ver3_greedy_ver3,20260311215023,6,359.0,0.0
2x2_slot_random_place_random_10_greedy_ver3_greedy_ver3,20260311215026,13,692.0,0.0
2x2_slot_random_place_random_10_greedy_ver3_greedy_ver3,20260311215031,38,1766.0,0.0
2x2_slot_random_place_random_10_greedy_ver3_greedy_ver3,20260311215034,35,1646.0,0.0
2x2_slot_random_place_random_10_greedy_ver3_greedy_ver3,20260311215038,11,552.0,0.0
2x2_slot_random_place_random_10_greedy_ver3_greedy_ver3,20260311215042,19,864.0,0.015625
2x2_slot_random_place_random_10_greedy_ver3_greedy_ver3,20260311215047,19,834.0,0.015625
2x2_slot_random_place_random_15_grasp_ver3_grasp_ver3,20260311214917,9,468.0,0.0
2x2_slot_random_place_random_15_grasp_ver3_grasp_ver3,20260311214923,15,820.0,0.0
2x2_slot_random_place_random_15_grasp_ver3_grasp_ver3,20260311214930,43,2279.0,0.0
2x2_slot_random_place_random_15_grasp_ver3_grasp_ver3,20260311214935,12,636.0,0.0
2x2_slot_random_place_random_15_grasp_ver3_grasp_ver3,20260311214942,20,1014.0,0.0
2x2_slot_random_place_random_15_grasp_ver3_grasp_ver3,20260311214946,12,602.0,0.0
2x2_slot_random_place_random_15_grasp_ver3_grasp_ver3,20260311214954,13,694.0,0.0
2x2_slot_random_place_random_15_grasp_ver3_grasp_ver3,20260311214959,43,2477.0,0.015625
2x2_slot_random_place_random_15_grasp_ver3_grasp_ver3,20260311215013,3,219.0,0.0
2x2_slot_random_place_random_15_grasp_ver3_grasp_ver3,20260311215016,3,227.0,0.0
2x2_slot_random_place_random_15_grasp_ver3_grasp_ver3,20260311215020,5,261.0,0.0
2x2_slot_random_place_random_15_grasp_ver3_grasp_ver3,20260311215025,15,896.0,0.0
2x2_slot_random_place_random_15_grasp_ver3_grasp_ver3,20260311215029,13,681.0,0.0
2x2_slot_random_place_random_15_grasp_ver3_grasp_ver3,20260311215034,35,1646.0,0.0
2x2_slot_random_place_random_15_grasp_ver3_grasp_ver3,20260311215048,11,721.0,0.0
2x2_slot_random_place_random_15_grasp_ver3_grasp_ver3,20260311215053,10,586.0,0.0
2x2_slot_random_place_random_15_grasp_ver3_grasp_ver3,20260311215058,16,774.0,0.0
2x2_slot_random_place_random_15_grasp_ver3_grasp_ver3,20260311215103,26,1242.0,0.0
2x2_slot_random_place_random_15_grasp_ver3_grasp_ver3,20260311215116,17,898.0,0.0
2x2_slot_random_place_random_15_grasp_ver3_grasp_ver3,20260311215125,15,804.0,0.0
2x2_slot_random_place_random_15_grasp_ver3_grasp_ver3,20260311215135,9,571.0,0.0
2x2_slot_random_place_random_15_grasp_ver3_grasp_ver3,20260311215139,22,1019.0,0.0
2x2_slot_random_place_random_15_grasp_ver3_grasp_ver3,20260311215143,7,408.0,0.0
2x2_slot_random_place_random_15_grasp_ver3_grasp_ver3,20260311215148,7,533.0,0.0
2x2_slot_random_place_random_15_grasp_ver3_grasp_ver3,20260311215154,7,261.0,0.015625
2x2_slot_random_place_random_15_grasp_ver3_grasp_ver3,20260311215200,5,345.0,0.0
2x2_slot_random_place_random_15_grasp_ver3_grasp_ver3,20260311215206,7,406.0,0.0
2x2_slot_random_place_random_15_grasp_ver3_grasp_ver3,20260311215213,9,507.0,0.0
2x2_slot_random_place_random_15_grasp_ver3_grasp_ver3,20260311215219,4,273.0,0.0
2x2_slot_random_place_random_15_grasp_ver3_grasp_ver3,20260311215223,3,217.0,0.0
2x2_slot_random_place_random_15_grasp_ver3_grasp_ver3,20260311215227,17,834.0,0.0
2x2_slot_random_place_random_15_grasp_ver3_grasp_ver3,20260311215239,21,1134.0,0.0
2x2_slot_random_place_random_15_grasp_ver3_grasp_ver3,20260311215246,3,227.0,0.0
2x2_slot_random_place_random_15_grasp_ver3_grasp_ver3,20260311215249,13,591.0,0.0
2x2_slot_random_place_random_15_grasp_ver3_grasp_ver3,20260311215254,17,870.0,0.0
2x2_slot_random_place_random_15_grasp_ver3_grasp_ver3,20260311215303,7,387.0,0.0
2x2_slot_random_place_random_15_grasp_ver3_grasp_ver3,20260311215310,7,259.0,0.0
2x2_slot_random_place_random_15_grasp_ver3_grasp_ver3,20260311215316,5,251.0,0.0
2x2_slot_random_place_random_15_grasp_ver3_grasp_ver3,20260311215322,17,976.0,0.0
2x2_slot_random_place_random_15_grasp_ver3_grasp_ver3,20260311215328,8,358.0,0.0
2x2_slot_random_place_random_15_grasp_ver3_grasp_ver3,20260311215334,2,305.0,0.0
2x2_slot_random_place_random_15_grasp_ver3_grasp_ver3,20260311215337,36,1875.0,0.0
2x2_slot_random_place_random_15_grasp_ver3_grasp_ver3,20260311215352,5,251.0,0.0
2x2_slot_random_place_random_15_grasp_ver3_grasp_ver3,20260311215357,36,1698.0,0.0
2x2_slot_random_place_random_15_grasp_ver3_grasp_ver3,20260311215403,6,421.0,0.0
2x2_slot_random_place_random_15_grasp_ver3_grasp_ver3,20260311215407,5,277.0,0.0
2x2_slot_random_place_random_15_grasp_ver3_grasp_ver3,20260311215414,15,828.0,0.0
2x2_slot_random_place_random_15_grasp_ver3_grasp_ver3,20260311215425,66,3369.0,0.015625
2x2_slot_random_place_random_15_grasp_ver3_grasp_ver3,20260311215432,20,1014.0,0.0
2x2_slot_random_place_random_15_grasp_ver3_grasp_ver3,20260311215438,5,211.0,0.0
2x2_slot_random_place_random_15_grasp_ver3_grasp_ver3,20260311215443,2,241.0,0.0
2x2_slot_random_place_random_15_grasp_ver3_grasp_ver3,20260311215446,6,278.0,0.0
2x2_slot_random_place_random_15_grasp_ver3_grasp_ver3,20260311215451,5,257.0,0.0
2x2_slot_random_place_random_15_grasp_ver3_grasp_ver3,20260311215457,15,721.0,0.0
2x2_slot_random_place_random_15_grasp_ver3_grasp_ver3,20260311215504,11,552.0,0.0
2x2_slot_random_place_random_15_grasp_ver3_grasp_ver3,20260311215511,5,219.0,0.0
2x2_slot_random_place_random_15_grasp_ver3_grasp_ver3,20260311215516,3,227.0,0.0
2x2_slot_random_place_random_15_grasp_ver3_grasp_ver3,20260311215520,18,966.0,0.0
2x2_slot_random_place_random_15_grasp_ver3_grasp_ver3,20260311215528,4,349.0,0.0
2x2_slot_random_place_random_15_grasp_ver3_grasp_ver3,20260311215534,27,1113.0,0.0
2x2_slot_random_place_random_15_grasp_ver3_grasp_ver3,20260311215540,27,1254.0,0.015625
2x2_slot_random_place_random_15_grasp_ver3_grasp_ver3,20260311215547,7,311.0,0.0
2x2_slot_random_place_random_15_grasp_ver3_grasp_ver3,20260311215552,27,1398.0,0.0
2x2_slot_random_place_random_15_grasp_ver3_grasp_ver3,20260311215605,4,231.0,0.0
2x2_slot_random_place_random_15_grasp_ver3_grasp_ver3,20260311215608,20,930.0,0.015625
2x2_slot_random_place_random_15_grasp_ver3_grasp_ver3,20260311215615,9,462.0,0.0
2x2_slot_random_place_random_15_grasp_ver3_grasp_ver3,20260311215619,39,1760.0,0.0
2x2_slot_random_place_random_15_grasp_ver3_grasp_ver3,20260311215623,21,1218.0,0.0
2x2_slot_random_place_random_15_grasp_ver3_grasp_ver3,20260311215632,3,225.0,0.0
2x2_slot_random_place_random_15_grasp_ver3_grasp_ver3,20260311215636,5,267.0,0.0
2x2_slot_random_place_random_15_grasp_ver3_grasp_ver3,20260311215641,8,540.0,0.0
2x2_slot_random_place_random_15_grasp_ver3_grasp_ver3,20260311215646,5,323.0,0.0
2x2_slot_random_place_random_15_grasp_ver3_grasp_ver3,20260311215649,13,601.0,0.0
2x2_slot_random_place_random_15_grasp_ver3_grasp_ver3,20260311215653,45,2078.0,0.0
2x2_slot_random_place_random_15_grasp_ver3_grasp_ver3,20260311215707,7,347.0,0.0
2x2_slot_random_place_random_15_grasp_ver3_grasp_ver3,20260311215712,6,339.0,0.0
2x2_slot_random_place_random_15_grasp_ver3_grasp_ver3,20260311215716,8,504.0,0.0
2x2_slot_random_place_random_15_grasp_ver3_grasp_ver3,20260311215722,7,474.0,0.0
2x2_slot_random_place_random_15_grasp_ver3_grasp_ver3,20260311215728,7,458.0,0.0
2x2_slot_random_place_random_15_grasp_ver3_grasp_ver3,20260311215735,33,1563.0,0.015625
2x2_slot_random_place_random_15_grasp_ver3_grasp_ver3,20260311215753,13,608.0,0.0
2x2_slot_random_place_random_15_grasp_ver3_grasp_ver3,20260311215803,6,209.0,0.0
2x2_slot_random_place_random_15_grasp_ver3_grasp_ver3,20260311215809,35,1616.0,0.0
2x2_slot_random_place_random_15_grasp_ver3_grasp_ver3,20260311215812,3,227.0,0.015625
2x2_slot_random_place_random_15_grasp_ver3_grasp_ver3,20260311215816,14,834.0,0.0
2x2_slot_random_place_random_15_grasp_ver3_grasp_ver3,20260311215823,7,392.0,0.0
2x2_slot_random_place_random_15_grasp_ver3_grasp_ver3,20260311215828,4,303.0,0.0
2x2_slot_random_place_random_15_grasp_ver3_grasp_ver3,20260311215832,24,1351.0,0.0
2x2_slot_random_place_random_15_grasp_ver3_grasp_ver3,20260311215845,19,1040.0,0.0
2x2_slot_random_place_random_15_grasp_ver3_grasp_ver3,20260311215850,6,423.0,0.0
2x2_slot_random_place_random_15_grasp_ver3_grasp_ver3,20260311215854,43,2055.0,0.0
2x2_slot_random_place_random_15_grasp_ver3_grasp_ver3,20260311215910,9,514.0,0.0
2x2_slot_random_place_random_15_grasp_ver3_grasp_ver3,20260311215914,47,2285.0,0.0
2x2_slot_random_place_random_15_grasp_ver3_grasp_ver3,20260311215918,12,606.0,0.0
2x2_slot_random_place_random_15_grasp_ver3_grasp_ver3,20260311215925,7,387.0,0.0
2x2_slot_random_place_random_15_grasp_ver3_grasp_ver3,20260311215929,5,247.0,0.0
2x2_slot_random_place_random_15_grasp_ver3_grasp_ver3,20260311215934,6,381.0,0.0
2x2_slot_random_place_random_15_grasp_ver3_grasp_ver3,20260311215938,36,1797.0,0.0
2x2_slot_random_place_random_15_grasp_ver3_grasp_ver3,20260311215954,4,305.0,0.0
2x2_slot_random_place_random_15_grasp_ver3_grasp_ver3,20260311215958,12,522.0,0.0
2x2_slot_random_place_random_15_grasp_ver3_grasp_ver3,20260311220001,14,746.0,0.0
2x2_slot_random_place_random_15_grasp_ver3_grasp_ver3,20260311220010,15,1046.0,0.0
2x2_slot_random_place_random_15_grasp_ver3_grasp_ver3,20260311220017,14,854.0,0.0
2x2_slot_random_place_random_15_grasp_ver3_grasp_ver3,20260311220026,9,446.0,0.0
2x2_slot_random_place_random_15_grasp_ver3_grasp_ver3,20260311220032,20,1074.0,0.0
2x2_slot_random_place_random_15_grasp_ver3_grasp_ver3,20260311220044,12,592.0,0.0
2x2_slot_random_place_random_15_grasp_ver3_grasp_ver3,20260311220048,29,1461.0,0.0
2x2_slot_random_place_random_15_grasp_ver3_grasp_ver3,20260311220053,19,982.0,0.0
2x2_slot_random_place_random_15_grasp_ver3_grasp_ver3,20260311220059,3,283.0,0.0
2x2_slot_random_place_random_15_grasp_ver3_grasp_ver3,20260311220102,8,478.0,0.0
2x2_slot_random_place_random_15_grasp_ver3_grasp_ver3,20260311220107,47,2315.0,0.0
2x2_slot_random_place_random_15_grasp_ver3_grasp_ver3,20260311220119,5,457.0,0.0
2x2_slot_random_place_random_15_grasp_ver3_grasp_ver3,20260311220121,5,247.0,0.0
2x2_slot_random_place_random_15_grasp_ver3_grasp_ver3,20260311220125,43,1857.0,0.015625
2x2_slot_random_place_random_15_grasp_ver3_grasp_ver3,20260311220127,15,866.0,0.0
2x2_slot_random_place_random_15_grasp_ver3_grasp_ver3,20260311220136,2,269.0,0.0
2x2_slot_random_place_random_15_grasp_ver3_grasp_ver3,20260311220138,24,1120.0,0.0
2x2_slot_random_place_random_15_grasp_ver3_grasp_ver3,20260311220144,18,1082.0,0.0
2x2_slot_random_place_random_15_grasp_ver3_grasp_ver3,20260311220154,56,2624.0,0.0
2x2_slot_random_place_random_15_grasp_ver3_grasp_ver3,20260311220156,4,213.0,0.0
2x2_slot_random_place_random_15_grasp_ver3_grasp_ver3,20260311220200,30,1525.0,0.0
2x2_slot_random_place_random_15_grasp_ver3_grasp_ver3,20260311220214,2,167.0,0.0
2x2_slot_random_place_random_15_grasp_ver3_grasp_ver3,20260311220216,7,253.0,0.0
2x2_slot_random_place_random_15_grasp_ver3_grasp_ver3,20260311220222,20,1082.0,0.0
2x2_slot_random_place_random_15_grasp_ver3_grasp_ver3,20260311220233,5,247.0,0.0
2x2_slot_random_place_random_15_grasp_ver3_grasp_ver3,20260311220237,8,410.0,0.0
2x2_slot_random_place_random_15_grasp_ver3_grasp_ver3,20260311220244,33,1695.0,0.0
2x2_slot_random_place_random_15_grasp_ver3_grasp_ver3,20260311220247,7,261.0,0.0
2x2_slot_random_place_random_15_grasp_ver3_grasp_ver3,20260311220252,3,225.0,0.0
2x2_slot_random_place_random_15_grasp_ver3_grasp_ver3,20260311220255,8,507.0,0.0
2x2_slot_random_place_random_15_grasp_ver3_grasp_ver3,20260311220301,24,952.0,0.0
2x2_slot_random_place_random_15_grasp_ver3_grasp_ver3,20260311220306,9,479.0,0.0
2x2_slot_random_place_random_15_grasp_ver3_grasp_ver3,20260311220312,16,738.0,0.0
2x2_slot_random_place_random_15_grasp_ver3_grasp_ver3,20260311220320,3,215.0,0.0
2x2_slot_random_place_random_15_grasp_ver3_grasp_ver3,20260311220324,19,1206.0,0.0
2x2_slot_random_place_random_15_grasp_ver3_grasp_ver3,20260311220331,20,1233.0,0.0
2x2_slot_random_place_random_15_grasp_ver3_grasp_ver3,20260311220338,25,1346.0,0.0
2x2_slot_random_place_random_15_grasp_ver3_grasp_ver3,20260311220344,13,720.0,0.0
2x2_slot_random_place_random_15_grasp_ver3_grasp_ver3,20260311220346,4,201.0,0.0
2x2_slot_random_place_random_15_grasp_ver3_grasp_ver3,20260311220350,11,412.0,0.0
2x2_slot_random_place_random_15_grasp_ver3_grasp_ver3,20260311220353,7,327.0,0.0
2x2_slot_random_place_random_15_grasp_ver3_grasp_ver3,20260311220359,7,381.0,0.0
2x2_slot_random_place_random_15_grasp_ver3_grasp_ver3,20260311220404,20,1022.0,0.0
2x2_slot_random_place_random_15_grasp_ver3_grasp_ver3,20260311220408,13,766.0,0.0
2x2_slot_random_place_random_15_grasp_ver3_grasp_ver3,20260311220414,37,2071.0,0.0
2x2_slot_random_place_random_15_grasp_ver3_grasp_ver3,20260311220428,15,703.0,0.0
2x2_slot_random_place_random_15_grasp_ver3_grasp_ver3,20260311220434,15,688.0,0.0
2x2_slot_random_place_random_15_grasp_ver3_grasp_ver3,20260311220438,7,326.0,0.0
2x2_slot_random_place_random_15_grasp_ver3_grasp_ver3,20260311220443,13,712.0,0.015625
2x2_slot_random_place_random_15_grasp_ver3_grasp_ver3,20260311220447,7,319.0,0.0
2x2_slot_random_place_random_15_grasp_ver3_greedy_ver3,20260311214920,25,1318.0,0.0
2x2_slot_random_place_random_15_grasp_ver3_greedy_ver3,20260311214926,51,2441.0,0.0
2x2_slot_random_place_random_15_grasp_ver3_greedy_ver3,20260311214932,21,1012.0,0.0
2x2_slot_random_place_random_15_grasp_ver3_greedy_ver3,20260311214938,38,2047.0,0.015625
2x2_slot_random_place_random_15_grasp_ver3_greedy_ver3,20260311214944,15,757.0,0.0
2x2_slot_random_place_random_15_grasp_ver3_greedy_ver3,20260311214949,63,2698.0,0.0
2x2_slot_random_place_random_15_grasp_ver3_greedy_ver3,20260311214956,26,1169.0,0.0
2x2_slot_random_place_random_15_grasp_ver3_greedy_ver3,20260311215005,69,3220.0,0.0
2x2_slot_random_place_random_15_grasp_ver3_greedy_ver3,20260311215014,56,2485.0,0.0
2x2_slot_random_place_random_15_grasp_ver3_greedy_ver3,20260311215018,11,516.0,0.0
2x2_slot_random_place_random_15_grasp_ver3_greedy_ver3,20260311215022,16,814.0,0.0
2x2_slot_random_place_random_15_grasp_ver3_greedy_ver3,20260311215027,9,536.0,0.0
2x2_slot_random_place_random_15_grasp_ver3_greedy_ver3,20260311215031,38,1766.0,0.0
2x2_slot_random_place_random_15_grasp_ver3_greedy_ver3,20260311215041,78,3612.0,0.0
2x2_slot_random_place_random_15_grasp_ver3_greedy_ver3,20260311215050,18,1078.0,0.0
2x2_slot_random_place_random_15_grasp_ver3_greedy_ver3,20260311215055,17,800.0,0.0
2x2_slot_random_place_random_15_grasp_ver3_greedy_ver3,20260311215100,25,1572.0,0.015625
2x2_slot_random_place_random_15_grasp_ver3_greedy_ver3,20260311215108,56,2583.0,0.0
2x2_slot_random_place_random_15_grasp_ver3_greedy_ver3,20260311215120,31,1757.0,0.0
2x2_slot_random_place_random_15_grasp_ver3_greedy_ver3,20260311215130,37,1673.0,0.015625
2x2_slot_random_place_random_15_grasp_ver3_greedy_ver3,20260311215136,11,518.0,0.0
2x2_slot_random_place_random_15_grasp_ver3_greedy_ver3,20260311215141,9,436.0,0.0
2x2_slot_random_place_random_15_grasp_ver3_greedy_ver3,20260311215146,11,636.0,0.0
2x2_slot_random_place_random_15_grasp_ver3_greedy_ver3,20260311215151,66,3043.0,0.0
2x2_slot_random_place_random_15_grasp_ver3_greedy_ver3,20260311215157,22,1134.0,0.015625
2x2_slot_random_place_random_15_grasp_ver3_greedy_ver3,20260311215203,14,730.0,0.0
2x2_slot_random_place_random_15_grasp_ver3_greedy_ver3,20260311215209,24,1187.0,0.0
2x2_slot_random_place_random_15_grasp_ver3_greedy_ver3,20260311215216,26,1268.0,0.0
2x2_slot_random_place_random_15_grasp_ver3_greedy_ver3,20260311215221,24,1282.0,0.0
2x2_slot_random_place_random_15_grasp_ver3_greedy_ver3,20260311215225,11,496.0,0.0
2x2_slot_random_place_random_15_grasp_ver3_greedy_ver3,20260311215233,39,1554.0,0.0
2x2_slot_random_place_random_15_grasp_ver3_greedy_ver3,20260311215242,16,836.0,0.0
2x2_slot_random_place_random_15_grasp_ver3_greedy_ver3,20260311215247,14,844.0,0.015625
2x2_slot_random_place_random_15_grasp_ver3_greedy_ver3,20260311215251,8,403.0,0.0
2x2_slot_random_place_random_15_grasp_ver3_greedy_ver3,20260311215258,36,1624.0,0.0
2x2_slot_random_place_random_15_grasp_ver3_greedy_ver3,20260311215305,16,712.0,0.0
2x2_slot_random_place_random_15_grasp_ver3_greedy_ver3,20260311215313,14,666.0,0.0
2x2_slot_random_place_random_15_grasp_ver3_greedy_ver3,20260311215318,8,496.0,0.0
2x2_slot_random_place_random_15_grasp_ver3_greedy_ver3,20260311215324,24,1072.0,0.0
2x2_slot_random_place_random_15_grasp_ver3_greedy_ver3,20260311215331,12,592.0,0.0
2x2_slot_random_place_random_15_grasp_ver3_greedy_ver3,20260311215335,4,285.0,0.0
2x2_slot_random_place_random_15_grasp_ver3_greedy_ver3,20260311215344,61,3177.0,0.0
2x2_slot_random_place_random_15_grasp_ver3_greedy_ver3,20260311215355,8,438.0,0.015625
2x2_slot_random_place_random_15_grasp_ver3_greedy_ver3,20260311215400,10,558.0,0.0
2x2_slot_random_place_random_15_grasp_ver3_greedy_ver3,20260311215405,11,514.0,0.0
2x2_slot_random_place_random_15_grasp_ver3_greedy_ver3,20260311215411,13,650.0,0.0
2x2_slot_random_place_random_15_grasp_ver3_greedy_ver3,20260311215419,32,1305.0,0.015625
2x2_slot_random_place_random_15_grasp_ver3_greedy_ver3,20260311215428,18,1054.0,0.0
2x2_slot_random_place_random_15_grasp_ver3_greedy_ver3,20260311215435,19,934.0,0.0
2x2_slot_random_place_random_15_grasp_ver3_greedy_ver3,20260311215440,15,704.0,0.0
2x2_slot_random_place_random_15_grasp_ver3_greedy_ver3,20260311215444,23,1208.0,0.0
2x2_slot_random_place_random_15_grasp_ver3_greedy_ver3,20260311215449,10,576.0,0.0
2x2_slot_random_place_random_15_grasp_ver3_greedy_ver3,20260311215453,15,788.0,0.0
2x2_slot_random_place_random_15_grasp_ver3_greedy_ver3,20260311215500,24,1180.0,0.0
2x2_slot_random_place_random_15_grasp_ver3_greedy_ver3,20260311215508,16,766.0,0.0
2x2_slot_random_place_random_15_grasp_ver3_greedy_ver3,20260311215513,46,2146.0,0.0
2x2_slot_random_place_random_15_grasp_ver3_greedy_ver3,20260311215517,14,844.0,0.0
2x2_slot_random_place_random_15_grasp_ver3_greedy_ver3,20260311215524,45,2223.0,0.0
2x2_slot_random_place_random_15_grasp_ver3_greedy_ver3,20260311215530,26,1442.0,0.0
2x2_slot_random_place_random_15_grasp_ver3_greedy_ver3,20260311215536,41,1904.0,0.0
2x2_slot_random_place_random_15_grasp_ver3_greedy_ver3,20260311215543,19,877.0,0.015625
2x2_slot_random_place_random_15_grasp_ver3_greedy_ver3,20260311215550,8,466.0,0.0
2x2_slot_random_place_random_15_grasp_ver3_greedy_ver3,20260311215558,80,3616.0,0.0
2x2_slot_random_place_random_15_grasp_ver3_greedy_ver3,20260311215606,4,231.0,0.0
2x2_slot_random_place_random_15_grasp_ver3_greedy_ver3,20260311215611,58,2817.0,0.015625
2x2_slot_random_place_random_15_grasp_ver3_greedy_ver3,20260311215617,23,1039.0,0.0
2x2_slot_random_place_random_15_grasp_ver3_greedy_ver3,20260311215621,15,730.0,0.0
2x2_slot_random_place_random_15_grasp_ver3_greedy_ver3,20260311215629,49,2371.0,0.0
2x2_slot_random_place_random_15_grasp_ver3_greedy_ver3,20260311215634,60,2753.0,0.0
2x2_slot_random_place_random_15_grasp_ver3_greedy_ver3,20260311215638,18,942.0,0.0
2x2_slot_random_place_random_15_grasp_ver3_greedy_ver3,20260311215643,20,1052.0,0.0
2x2_slot_random_place_random_15_grasp_ver3_greedy_ver3,20260311215647,14,624.0,0.0
2x2_slot_random_place_random_15_grasp_ver3_greedy_ver3,20260311215651,20,1062.0,0.0
2x2_slot_random_place_random_15_grasp_ver3_greedy_ver3,20260311215700,65,3082.0,0.0
2x2_slot_random_place_random_15_grasp_ver3_greedy_ver3,20260311215710,27,1192.0,0.0
2x2_slot_random_place_random_15_grasp_ver3_greedy_ver3,20260311215714,17,736.0,0.0
2x2_slot_random_place_random_15_grasp_ver3_greedy_ver3,20260311215719,19,902.0,0.0
2x2_slot_random_place_random_15_grasp_ver3_greedy_ver3,20260311215724,26,1247.0,0.0
2x2_slot_random_place_random_15_grasp_ver3_greedy_ver3,20260311215731,16,867.0,0.015625
2x2_slot_random_place_random_15_grasp_ver3_greedy_ver3,20260311215742,53,2525.0,0.0
2x2_slot_random_place_random_15_grasp_ver3_greedy_ver3,20260311215757,40,1832.0,0.0
2x2_slot_random_place_random_15_grasp_ver3_greedy_ver3,20260311215806,14,726.0,0.0
2x2_slot_random_place_random_15_grasp_ver3_greedy_ver3,20260311215810,9,577.0,0.0
2x2_slot_random_place_random_15_grasp_ver3_greedy_ver3,20260311215813,10,558.0,0.0
2x2_slot_random_place_random_15_grasp_ver3_greedy_ver3,20260311215819,23,1012.0,0.0
2x2_slot_random_place_random_15_grasp_ver3_greedy_ver3,20260311215825,47,2283.0,0.0
2x2_slot_random_place_random_15_grasp_ver3_greedy_ver3,20260311215830,7,339.0,0.015625
2x2_slot_random_place_random_15_grasp_ver3_greedy_ver3,20260311215837,56,2561.0,0.0
2x2_slot_random_place_random_15_grasp_ver3_greedy_ver3,20260311215847,21,868.0,0.0
2x2_slot_random_place_random_15_grasp_ver3_greedy_ver3,20260311215852,16,862.0,0.0
2x2_slot_random_place_random_15_grasp_ver3_greedy_ver3,20260311215901,81,3834.0,0.0
2x2_slot_random_place_random_15_grasp_ver3_greedy_ver3,20260311215912,30,1420.0,0.0
2x2_slot_random_place_random_15_grasp_ver3_greedy_ver3,20260311215916,11,556.0,0.0
2x2_slot_random_place_random_15_grasp_ver3_greedy_ver3,20260311215921,33,1533.0,0.015625
2x2_slot_random_place_random_15_grasp_ver3_greedy_ver3,20260311215927,16,864.0,0.0
2x2_slot_random_place_random_15_grasp_ver3_greedy_ver3,20260311215931,20,866.0,0.0
2x2_slot_random_place_random_15_grasp_ver3_greedy_ver3,20260311215935,8,494.0,0.0
2x2_slot_random_place_random_15_grasp_ver3_greedy_ver3,20260311215945,89,3977.0,0.0
2x2_slot_random_place_random_15_grasp_ver3_greedy_ver3,20260311215956,12,696.0,0.0
2x2_slot_random_place_random_15_grasp_ver3_greedy_ver3,20260311215959,15,678.0,0.0
2x2_slot_random_place_random_15_grasp_ver3_greedy_ver3,20260311220005,46,2159.0,0.0
2x2_slot_random_place_random_15_grasp_ver3_greedy_ver3,20260311220013,28,1628.0,0.0
2x2_slot_random_place_random_15_grasp_ver3_greedy_ver3,20260311220021,28,1462.0,0.0
2x2_slot_random_place_random_15_grasp_ver3_greedy_ver3,20260311220028,15,778.0,0.0
2x2_slot_random_place_random_15_grasp_ver3_greedy_ver3,20260311220037,51,2207.0,0.0
2x2_slot_random_place_random_15_grasp_ver3_greedy_ver3,20260311220045,9,438.0,0.0
2x2_slot_random_place_random_15_grasp_ver3_greedy_ver3,20260311220050,26,1304.0,0.0
2x2_slot_random_place_random_15_grasp_ver3_greedy_ver3,20260311220056,33,1592.0,0.0
2x2_slot_random_place_random_15_grasp_ver3_greedy_ver3,20260311220100,12,679.0,0.0
2x2_slot_random_place_random_15_grasp_ver3_greedy_ver3,20260311220104,24,1168.0,0.0
2x2_slot_random_place_random_15_grasp_ver3_greedy_ver3,20260311220112,85,3949.0,0.0
2x2_slot_random_place_random_15_grasp_ver3_greedy_ver3,20260311220120,28,1256.0,0.0
2x2_slot_random_place_random_15_grasp_ver3_greedy_ver3,20260311220123,9,484.0,0.0
2x2_slot_random_place_random_15_grasp_ver3_greedy_ver3,20260311220126,3,279.0,0.0
2x2_slot_random_place_random_15_grasp_ver3_greedy_ver3,20260311220131,59,2907.0,0.0
2x2_slot_random_place_random_15_grasp_ver3_greedy_ver3,20260311220137,6,349.0,0.0
2x2_slot_random_place_random_15_grasp_ver3_greedy_ver3,20260311220141,16,748.0,0.0
2x2_slot_random_place_random_15_grasp_ver3_greedy_ver3,20260311220149,55,2825.0,0.0
2x2_slot_random_place_random_15_grasp_ver3_greedy_ver3,20260311220155,2,229.0,0.0
2x2_slot_random_place_random_15_grasp_ver3_greedy_ver3,20260311220158,10,528.0,0.0
2x2_slot_random_place_random_15_grasp_ver3_greedy_ver3,20260311220206,55,2649.0,0.0
2x2_slot_random_place_random_15_grasp_ver3_greedy_ver3,20260311220215,3,267.0,0.015625
2x2_slot_random_place_random_15_grasp_ver3_greedy_ver3,20260311220219,19,838.0,0.0
2x2_slot_random_place_random_15_grasp_ver3_greedy_ver3,20260311220227,68,3167.0,0.0
2x2_slot_random_place_random_15_grasp_ver3_greedy_ver3,20260311220235,9,412.0,0.0
2x2_slot_random_place_random_15_grasp_ver3_greedy_ver3,20260311220240,32,1517.0,0.0
2x2_slot_random_place_random_15_grasp_ver3_greedy_ver3,20260311220245,11,512.0,0.0
2x2_slot_random_place_random_15_grasp_ver3_greedy_ver3,20260311220250,63,2977.0,0.0
2x2_slot_random_place_random_15_grasp_ver3_greedy_ver3,20260311220253,6,309.0,0.0
2x2_slot_random_place_random_15_grasp_ver3_greedy_ver3,20260311220257,21,944.0,0.0
2x2_slot_random_place_random_15_grasp_ver3_greedy_ver3,20260311220303,16,876.0,0.0
2x2_slot_random_place_random_15_grasp_ver3_greedy_ver3,20260311220309,18,884.0,0.0
2x2_slot_random_place_random_15_grasp_ver3_greedy_ver3,20260311220316,46,2266.0,0.0
2x2_slot_random_place_random_15_grasp_ver3_greedy_ver3,20260311220322,9,482.0,0.015625
2x2_slot_random_place_random_15_grasp_ver3_greedy_ver3,20260311220327,32,1486.0,0.0
2x2_slot_random_place_random_15_grasp_ver3_greedy_ver3,20260311220334,23,1062.0,0.0
2x2_slot_random_place_random_15_grasp_ver3_greedy_ver3,20260311220340,29,1396.0,0.0
2x2_slot_random_place_random_15_grasp_ver3_greedy_ver3,20260311220345,2,215.0,0.0
2x2_slot_random_place_random_15_grasp_ver3_greedy_ver3,20260311220348,11,554.0,0.0
2x2_slot_random_place_random_15_grasp_ver3_greedy_ver3,20260311220351,10,554.0,0.0
2x2_slot_random_place_random_15_grasp_ver3_greedy_ver3,20260311220356,32,1494.0,0.0
2x2_slot_random_place_random_15_grasp_ver3_greedy_ver3,20260311220401,17,888.0,0.0
2x2_slot_random_place_random_15_grasp_ver3_greedy_ver3,20260311220406,13,534.0,0.0
2x2_slot_random_place_random_15_grasp_ver3_greedy_ver3,20260311220411,24,1162.0,0.0
2x2_slot_random_place_random_15_grasp_ver3_greedy_ver3,20260311220420,60,2872.0,0.0
2x2_slot_random_place_random_15_grasp_ver3_greedy_ver3,20260311220431,23,1140.0,0.0
2x2_slot_random_place_random_15_grasp_ver3_greedy_ver3,20260311220435,18,794.0,0.0
2x2_slot_random_place_random_15_grasp_ver3_greedy_ver3,20260311220440,16,718.0,0.0
2x2_slot_random_place_random_15_grasp_ver3_greedy_ver3,20260311220445,28,1352.0,0.015625
2x2_slot_random_place_random_15_grasp_ver3_greedy_ver3,20260311220449,17,732.0,0.0
2x2_slot_random_place_random_15_greedy_ver3_grasp_ver3,20260311213203,7,368.0,0.0
2x2_slot_random_place_random_15_greedy_ver3_grasp_ver3,20260311213214,5,253.0,0.015625
2x2_slot_random_place_random_15_greedy_ver3_grasp_ver3,20260311213240,8,446.0,0.0
2x2_slot_random_place_random_15_greedy_ver3_grasp_ver3,20260311213245,7,321.0,0.0
2x2_slot_random_place_random_15_greedy_ver3_grasp_ver3,20260311213256,8,460.0,0.015625
2x2_slot_random_place_random_15_greedy_ver3_grasp_ver3,20260311213306,6,208.0,0.0
2x2_slot_random_place_random_15_greedy_ver3_grasp_ver3,20260311213312,10,498.0,0.015625
2x2_slot_random_place_random_15_greedy_ver3_grasp_ver3,20260311213320,14,830.0,0.0
2x2_slot_random_place_random_15_greedy_ver3_grasp_ver3,20260311213328,19,964.0,0.0
2x2_slot_random_place_random_15_greedy_ver3_grasp_ver3,20260311213336,8,503.0,0.015625
2x2_slot_random_place_random_15_greedy_ver3_grasp_ver3,20260311213342,14,726.0,0.0
2x2_slot_random_place_random_15_greedy_ver3_grasp_ver3,20260311213352,46,2227.0,0.0
2x2_slot_random_place_random_15_greedy_ver3_grasp_ver3,20260311213411,14,564.0,0.0
2x2_slot_random_place_random_15_greedy_ver3_grasp_ver3,20260311213429,8,576.0,0.0
2x2_slot_random_place_random_15_greedy_ver3_grasp_ver3,20260311213434,15,688.0,0.0
2x2_slot_random_place_random_15_greedy_ver3_grasp_ver3,20260311213439,12,520.0,0.015625
2x2_slot_random_place_random_15_greedy_ver3_grasp_ver3,20260311213443,7,326.0,0.015625
2x2_slot_random_place_random_15_greedy_ver3_grasp_ver3,20260311213448,8,466.0,0.0
2x2_slot_random_place_random_15_greedy_ver3_grasp_ver3,20260311213453,17,952.0,0.0
2x2_slot_random_place_random_15_greedy_ver3_grasp_ver3,20260311213458,21,1148.0,0.0
2x2_slot_random_place_random_15_greedy_ver3_grasp_ver3,20260311213502,5,247.0,0.0
2x2_slot_random_place_random_15_greedy_ver3_grasp_ver3,20260311213506,8,483.0,0.0
2x2_slot_random_place_random_15_greedy_ver3_grasp_ver3,20260311213511,12,714.0,0.0
2x2_slot_random_place_random_15_greedy_ver3_grasp_ver3,20260311213517,16,1061.0,0.0
2x2_slot_random_place_random_15_greedy_ver3_grasp_ver3,20260311213523,40,2160.0,0.0
2x2_slot_random_place_random_15_greedy_ver3_grasp_ver3,20260311213532,15,740.0,0.0
2x2_slot_random_place_random_15_greedy_ver3_grasp_ver3,20260311213540,59,2917.0,0.0
2x2_slot_random_place_random_15_greedy_ver3_grasp_ver3,20260311213545,10,578.0,0.0
2x2_slot_random_place_random_15_greedy_ver3_grasp_ver3,20260311213550,15,892.0,0.0
2x2_slot_random_place_random_15_greedy_ver3_grasp_ver3,20260311213559,5,271.0,0.0
2x2_slot_random_place_random_15_greedy_ver3_grasp_ver3,20260311213603,5,251.0,0.0
2x2_slot_random_place_random_15_greedy_ver3_grasp_ver3,20260311213607,7,383.0,0.0
2x2_slot_random_place_random_15_greedy_ver3_grasp_ver3,20260311213612,8,508.0,0.0
2x2_slot_random_place_random_15_greedy_ver3_grasp_ver3,20260311213617,48,2129.0,0.0
2x2_slot_random_place_random_15_greedy_ver3_grasp_ver3,20260311213622,16,862.0,0.0
2x2_slot_random_place_random_15_greedy_ver3_grasp_ver3,20260311213627,7,353.0,0.0
2x2_slot_random_place_random_15_greedy_ver3_grasp_ver3,20260311213632,7,357.0,0.0
2x2_slot_random_place_random_15_greedy_ver3_grasp_ver3,20260311213637,14,762.0,0.0
2x2_slot_random_place_random_15_greedy_ver3_grasp_ver3,20260311213643,23,1140.0,0.0
2x2_slot_random_place_random_15_greedy_ver3_grasp_ver3,20260311213650,42,2050.0,0.0
2x2_slot_random_place_random_15_greedy_ver3_grasp_ver3,20260311213700,11,495.0,0.0
2x2_slot_random_place_random_15_greedy_ver3_grasp_ver3,20260311213705,14,866.0,0.0
2x2_slot_random_place_random_15_greedy_ver3_grasp_ver3,20260311213710,8,501.0,0.0
2x2_slot_random_place_random_15_greedy_ver3_grasp_ver3,20260311213715,8,574.0,0.0
2x2_slot_random_place_random_15_greedy_ver3_grasp_ver3,20260311213721,8,444.0,0.0
2x2_slot_random_place_random_15_greedy_ver3_grasp_ver3,20260311213728,7,353.0,0.0
2x2_slot_random_place_random_15_greedy_ver3_grasp_ver3,20260311213733,32,1504.0,0.015625
2x2_slot_random_place_random_15_greedy_ver3_grasp_ver3,20260311213737,5,251.0,0.0
2x2_slot_random_place_random_15_greedy_ver3_grasp_ver3,20260311213741,36,1893.0,0.0
2x2_slot_random_place_random_15_greedy_ver3_grasp_ver3,20260311213751,19,1064.0,0.0
2x2_slot_random_place_random_15_greedy_ver3_grasp_ver3,20260311213802,7,366.0,0.0
2x2_slot_random_place_random_15_greedy_ver3_grasp_ver3,20260311213805,7,397.0,0.0
2x2_slot_random_place_random_15_greedy_ver3_grasp_ver3,20260311213809,7,321.0,0.0
2x2_slot_random_place_random_15_greedy_ver3_grasp_ver3,20260311213814,8,466.0,0.0
2x2_slot_random_place_random_15_greedy_ver3_grasp_ver3,20260311213819,13,726.0,0.0
2x2_slot_random_place_random_15_greedy_ver3_grasp_ver3,20260311213822,5,209.0,0.0
2x2_slot_random_place_random_15_greedy_ver3_grasp_ver3,20260311213827,27,1184.0,0.0
2x2_slot_random_place_random_15_greedy_ver3_grasp_ver3,20260311213831,8,505.0,0.0
2x2_slot_random_place_random_15_greedy_ver3_grasp_ver3,20260311213836,20,1088.0,0.0
2x2_slot_random_place_random_15_greedy_ver3_grasp_ver3,20260311213840,14,774.0,0.0
2x2_slot_random_place_random_15_greedy_ver3_grasp_ver3,20260311213844,18,718.0,0.0
2x2_slot_random_place_random_15_greedy_ver3_grasp_ver3,20260311213847,13,552.0,0.015625
2x2_slot_random_place_random_15_greedy_ver3_grasp_ver3,20260311213852,18,1066.0,0.0
2x2_slot_random_place_random_15_greedy_ver3_grasp_ver3,20260311213902,32,1358.0,0.0
2x2_slot_random_place_random_15_greedy_ver3_grasp_ver3,20260311213915,30,1583.0,0.015625
2x2_slot_random_place_random_15_greedy_ver3_grasp_ver3,20260311213925,18,920.0,0.0
2x2_slot_random_place_random_15_greedy_ver3_grasp_ver3,20260311213928,13,584.0,0.015625
2x2_slot_random_place_random_15_greedy_ver3_grasp_ver3,20260311213932,5,271.0,0.0
2x2_slot_random_place_random_15_greedy_ver3_grasp_ver3,20260311213936,22,1102.0,0.0
2x2_slot_random_place_random_15_greedy_ver3_grasp_ver3,20260311213941,21,1028.0,0.0
2x2_slot_random_place_random_15_greedy_ver3_grasp_ver3,20260311213945,34,1655.0,0.0
2x2_slot_random_place_random_15_greedy_ver3_grasp_ver3,20260311213950,8,407.0,0.0
2x2_slot_random_place_random_15_greedy_ver3_grasp_ver3,20260311213954,5,291.0,0.0
2x2_slot_random_place_random_15_greedy_ver3_grasp_ver3,20260311213958,6,216.0,0.0
2x2_slot_random_place_random_15_greedy_ver3_grasp_ver3,20260311214002,7,468.0,0.0
2x2_slot_random_place_random_15_greedy_ver3_grasp_ver3,20260311214006,13,842.0,0.0
2x2_slot_random_place_random_15_greedy_ver3_grasp_ver3,20260311214014,31,1549.0,0.0
2x2_slot_random_place_random_15_greedy_ver3_grasp_ver3,20260311214028,5,271.0,0.0
2x2_slot_random_place_random_15_greedy_ver3_grasp_ver3,20260311214032,6,183.0,0.0
2x2_slot_random_place_random_15_greedy_ver3_grasp_ver3,20260311214036,7,334.0,0.015625
2x2_slot_random_place_random_15_greedy_ver3_grasp_ver3,20260311214041,15,826.0,0.0
2x2_slot_random_place_random_15_greedy_ver3_grasp_ver3,20260311214049,33,1705.0,0.0
2x2_slot_random_place_random_15_greedy_ver3_grasp_ver3,20260311214105,4,239.0,0.0
2x2_slot_random_place_random_15_greedy_ver3_grasp_ver3,20260311214109,11,692.0,0.0
2x2_slot_random_place_random_15_greedy_ver3_grasp_ver3,20260311214116,5,273.0,0.0
2x2_slot_random_place_random_15_greedy_ver3_grasp_ver3,20260311214119,7,394.0,0.0
2x2_slot_random_place_random_15_greedy_ver3_grasp_ver3,20260311214124,6,294.0,0.0
2x2_slot_random_place_random_15_greedy_ver3_grasp_ver3,20260311214129,8,503.0,0.0
2x2_slot_random_place_random_15_greedy_ver3_grasp_ver3,20260311214134,11,591.0,0.0
2x2_slot_random_place_random_15_greedy_ver3_grasp_ver3,20260311214143,6,323.0,0.0
2x2_slot_random_place_random_15_greedy_ver3_grasp_ver3,20260311214148,6,298.0,0.0
2x2_slot_random_place_random_15_greedy_ver3_grasp_ver3,20260311214154,5,291.0,0.0
2x2_slot_random_place_random_15_greedy_ver3_grasp_ver3,20260311214158,51,2283.0,0.0
2x2_slot_random_place_random_15_greedy_ver3_grasp_ver3,20260311214220,14,768.0,0.0
2x2_slot_random_place_random_15_greedy_ver3_grasp_ver3,20260311214230,17,954.0,0.0
2x2_slot_random_place_random_15_greedy_ver3_grasp_ver3,20260311214236,15,694.0,0.0
2x2_slot_random_place_random_15_greedy_ver3_grasp_ver3,20260311214242,5,283.0,0.0
2x2_slot_random_place_random_15_greedy_ver3_grasp_ver3,20260311214247,35,1739.0,0.0
2x2_slot_random_place_random_15_greedy_ver3_grasp_ver3,20260311214303,27,1318.0,0.0
2x2_slot_random_place_random_15_greedy_ver3_grasp_ver3,20260311214308,18,866.0,0.0
2x2_slot_random_place_random_15_greedy_ver3_grasp_ver3,20260311214316,4,273.0,0.0
2x2_slot_random_place_random_15_greedy_ver3_grasp_ver3,20260311214321,19,1050.0,0.0
2x2_slot_random_place_random_15_greedy_ver3_grasp_ver3,20260311214330,12,794.0,0.015625
2x2_slot_random_place_random_15_greedy_ver3_grasp_ver3,20260311214336,9,530.0,0.0
2x2_slot_random_place_random_15_greedy_ver3_grasp_ver3,20260311214341,7,247.0,0.0
2x2_slot_random_place_random_15_greedy_ver3_grasp_ver3,20260311214346,5,221.0,0.0
2x2_slot_random_place_random_15_greedy_ver3_grasp_ver3,20260311214350,23,1241.0,0.0
2x2_slot_random_place_random_15_greedy_ver3_grasp_ver3,20260311214357,7,438.0,0.015625
2x2_slot_random_place_random_15_greedy_ver3_grasp_ver3,20260311214403,56,2456.0,0.0
2x2_slot_random_place_random_15_greedy_ver3_grasp_ver3,20260311214422,21,992.0,0.0
2x2_slot_random_place_random_15_greedy_ver3_grasp_ver3,20260311214438,9,417.0,0.0
2x2_slot_random_place_random_15_greedy_ver3_grasp_ver3,20260311214445,5,457.0,0.0
2x2_slot_random_place_random_15_greedy_ver3_grasp_ver3,20260311214449,5,209.0,0.0
2x2_slot_random_place_random_15_greedy_ver3_grasp_ver3,20260311214458,7,259.0,0.0
2x2_slot_random_place_random_15_greedy_ver3_grasp_ver3,20260311214505,16,1032.0,0.0
2x2_slot_random_place_random_15_greedy_ver3_grasp_ver3,20260311214525,6,274.0,0.0
2x2_slot_random_place_random_15_greedy_ver3_grasp_ver3,20260311214531,8,524.0,0.0
2x2_slot_random_place_random_15_greedy_ver3_grasp_ver3,20260311214543,19,964.0,0.0
2x2_slot_random_place_random_15_greedy_ver3_grasp_ver3,20260311214600,3,199.0,0.0
2x2_slot_random_place_random_15_greedy_ver3_grasp_ver3,20260311214604,26,1343.0,0.0
2x2_slot_random_place_random_15_greedy_ver3_grasp_ver3,20260311214620,31,1438.0,0.0
2x2_slot_random_place_random_15_greedy_ver3_grasp_ver3,20260311214624,2,197.0,0.0
2x2_slot_random_place_random_15_greedy_ver3_grasp_ver3,20260311214628,6,277.0,0.0
2x2_slot_random_place_random_15_greedy_ver3_grasp_ver3,20260311214633,20,940.0,0.0
2x2_slot_random_place_random_15_greedy_ver3_grasp_ver3,20260311214645,5,247.0,0.0
2x2_slot_random_place_random_15_greedy_ver3_grasp_ver3,20260311214652,8,427.0,0.0
2x2_slot_random_place_random_15_greedy_ver3_grasp_ver3,20260311214659,6,365.0,0.0
2x2_slot_random_place_random_15_greedy_ver3_grasp_ver3,20260311214704,6,228.0,0.015625
2x2_slot_random_place_random_15_greedy_ver3_grasp_ver3,20260311214709,8,625.0,0.0
2x2_slot_random_place_random_15_greedy_ver3_grasp_ver3,20260311214714,12,671.0,0.0
2x2_slot_random_place_random_15_greedy_ver3_grasp_ver3,20260311214721,5,263.0,0.0
2x2_slot_random_place_random_15_greedy_ver3_grasp_ver3,20260311214725,15,711.0,0.0
2x2_slot_random_place_random_15_greedy_ver3_grasp_ver3,20260311214732,16,871.0,0.0
2x2_slot_random_place_random_15_greedy_ver3_grasp_ver3,20260311214739,10,506.0,0.0
2x2_slot_random_place_random_15_greedy_ver3_grasp_ver3,20260311214745,10,552.0,0.0
2x2_slot_random_place_random_15_greedy_ver3_grasp_ver3,20260311214751,39,2092.0,0.0
2x2_slot_random_place_random_15_greedy_ver3_grasp_ver3,20260311214759,9,458.0,0.0
2x2_slot_random_place_random_15_greedy_ver3_grasp_ver3,20260311214805,14,694.0,0.0
2x2_slot_random_place_random_15_greedy_ver3_grasp_ver3,20260311214808,7,307.0,0.015625
2x2_slot_random_place_random_15_greedy_ver3_grasp_ver3,20260311214812,21,964.0,0.0
2x2_slot_random_place_random_15_greedy_ver3_grasp_ver3,20260311214815,28,1159.0,0.0
2x2_slot_random_place_random_15_greedy_ver3_grasp_ver3,20260311214820,48,2164.0,0.0
2x2_slot_random_place_random_15_greedy_ver3_grasp_ver3,20260311214824,5,299.0,0.0
2x2_slot_random_place_random_15_greedy_ver3_grasp_ver3,20260311214828,8,441.0,0.0
2x2_slot_random_place_random_15_greedy_ver3_grasp_ver3,20260311214834,29,1649.0,0.0
2x2_slot_random_place_random_15_greedy_ver3_grasp_ver3,20260311214847,18,986.0,0.0
2x2_slot_random_place_random_15_greedy_ver3_grasp_ver3,20260311214853,10,484.0,0.0
2x2_slot_random_place_random_15_greedy_ver3_grasp_ver3,20260311214858,40,1898.0,0.015625
2x2_slot_random_place_random_15_greedy_ver3_grasp_ver3,20260311214901,4,201.0,0.015625
2x2_slot_random_place_random_15_greedy_ver3_grasp_ver3,20260311214905,6,217.0,0.015625
2x2_slot_random_place_random_15_greedy_ver3_greedy_ver3,20260311213205,24,987.0,0.0
2x2_slot_random_place_random_15_greedy_ver3_greedy_ver3,20260311213238,17,776.0,0.0
2x2_slot_random_place_random_15_greedy_ver3_greedy_ver3,20260311213243,14,718.0,0.0
2x2_slot_random_place_random_15_greedy_ver3_greedy_ver3,20260311213249,8,408.0,0.0
2x2_slot_random_place_random_15_greedy_ver3_greedy_ver3,20260311213301,13,800.0,0.0
2x2_slot_random_place_random_15_greedy_ver3_greedy_ver3,20260311213309,10,606.0,0.0
2x2_slot_random_place_random_15_greedy_ver3_greedy_ver3,20260311213316,29,1346.0,0.0
2x2_slot_random_place_random_15_greedy_ver3_greedy_ver3,20260311213322,26,1428.0,0.0
2x2_slot_random_place_random_15_greedy_ver3_greedy_ver3,20260311213332,26,1452.0,0.0
2x2_slot_random_place_random_15_greedy_ver3_greedy_ver3,20260311213339,11,604.0,0.015625
2x2_slot_random_place_random_15_greedy_ver3_greedy_ver3,20260311213346,41,1875.0,0.015625
2x2_slot_random_place_random_15_greedy_ver3_greedy_ver3,20260311213400,111,5038.0,0.0
2x2_slot_random_place_random_15_greedy_ver3_greedy_ver3,20260311213423,29,1290.0,0.0
2x2_slot_random_place_random_15_greedy_ver3_greedy_ver3,20260311213431,28,1372.0,0.0
2x2_slot_random_place_random_15_greedy_ver3_greedy_ver3,20260311213436,30,1287.0,0.015625
2x2_slot_random_place_random_15_greedy_ver3_greedy_ver3,20260311213441,8,388.0,0.0
2x2_slot_random_place_random_15_greedy_ver3_greedy_ver3,20260311213445,25,1116.0,0.0
2x2_slot_random_place_random_15_greedy_ver3_greedy_ver3,20260311213451,21,1130.0,0.015625
2x2_slot_random_place_random_15_greedy_ver3_greedy_ver3,20260311213456,12,638.0,0.0
2x2_slot_random_place_random_15_greedy_ver3_greedy_ver3,20260311213500,41,1908.0,0.0
2x2_slot_random_place_random_15_greedy_ver3_greedy_ver3,20260311213504,39,2023.0,0.0
2x2_slot_random_place_random_15_greedy_ver3_greedy_ver3,20260311213508,11,568.0,0.0
2x2_slot_random_place_random_15_greedy_ver3_greedy_ver3,20260311213514,51,2363.0,0.0
2x2_slot_random_place_random_15_greedy_ver3_greedy_ver3,20260311213520,30,1558.0,0.0
2x2_slot_random_place_random_15_greedy_ver3_greedy_ver3,20260311213528,42,2021.0,0.0
2x2_slot_random_place_random_15_greedy_ver3_greedy_ver3,20260311213535,35,1963.0,0.0
2x2_slot_random_place_random_15_greedy_ver3_greedy_ver3,20260311213543,9,568.0,0.0
2x2_slot_random_place_random_15_greedy_ver3_greedy_ver3,20260311213547,16,888.0,0.0
2x2_slot_random_place_random_15_greedy_ver3_greedy_ver3,20260311213554,41,1989.0,0.0
2x2_slot_random_place_random_15_greedy_ver3_greedy_ver3,20260311213601,17,806.0,0.0
2x2_slot_random_place_random_15_greedy_ver3_greedy_ver3,20260311213605,87,4005.0,0.015625
2x2_slot_random_place_random_15_greedy_ver3_greedy_ver3,20260311213609,18,1006.0,0.0
2x2_slot_random_place_random_15_greedy_ver3_greedy_ver3,20260311213615,12,694.0,0.0
2x2_slot_random_place_random_15_greedy_ver3_greedy_ver3,20260311213620,17,784.0,0.0
2x2_slot_random_place_random_15_greedy_ver3_greedy_ver3,20260311213624,30,1456.0,0.0
2x2_slot_random_place_random_15_greedy_ver3_greedy_ver3,20260311213629,23,1146.0,0.0
2x2_slot_random_place_random_15_greedy_ver3_greedy_ver3,20260311213634,10,534.0,0.0
2x2_slot_random_place_random_15_greedy_ver3_greedy_ver3,20260311213640,26,1020.0,0.0
2x2_slot_random_place_random_15_greedy_ver3_greedy_ver3,20260311213646,12,523.0,0.0
2x2_slot_random_place_random_15_greedy_ver3_greedy_ver3,20260311213654,42,2000.0,0.0
2x2_slot_random_place_random_15_greedy_ver3_greedy_ver3,20260311213703,28,1356.0,0.0
2x2_slot_random_place_random_15_greedy_ver3_greedy_ver3,20260311213707,21,1106.0,0.0
2x2_slot_random_place_random_15_greedy_ver3_greedy_ver3,20260311213713,11,598.0,0.0
2x2_slot_random_place_random_15_greedy_ver3_greedy_ver3,20260311213718,76,3740.0,0.015625
2x2_slot_random_place_random_15_greedy_ver3_greedy_ver3,20260311213724,18,956.0,0.0
2x2_slot_random_place_random_15_greedy_ver3_greedy_ver3,20260311213730,19,962.0,0.0
2x2_slot_random_place_random_15_greedy_ver3_greedy_ver3,20260311213735,9,499.0,0.0
2x2_slot_random_place_random_15_greedy_ver3_greedy_ver3,20260311213739,35,1556.0,0.0
2x2_slot_random_place_random_15_greedy_ver3_greedy_ver3,20260311213746,47,2363.0,0.015625
2x2_slot_random_place_random_15_greedy_ver3_greedy_ver3,20260311213756,43,2129.0,0.0
2x2_slot_random_place_random_15_greedy_ver3_greedy_ver3,20260311213803,8,479.0,0.015625
2x2_slot_random_place_random_15_greedy_ver3_greedy_ver3,20260311213807,8,388.0,0.0
2x2_slot_random_place_random_15_greedy_ver3_greedy_ver3,20260311213812,8,516.0,0.0
2x2_slot_random_place_random_15_greedy_ver3_greedy_ver3,20260311213816,29,1370.0,0.0
2x2_slot_random_place_random_15_greedy_ver3_greedy_ver3,20260311213820,17,826.0,0.0
2x2_slot_random_place_random_15_greedy_ver3_greedy_ver3,20260311213824,12,606.0,0.0
2x2_slot_random_place_random_15_greedy_ver3_greedy_ver3,20260311213829,19,912.0,0.0
2x2_slot_random_place_random_15_greedy_ver3_greedy_ver3,20260311213833,14,748.0,0.0
2x2_slot_random_place_random_15_greedy_ver3_greedy_ver3,20260311213838,13,708.0,0.0
2x2_slot_random_place_random_15_greedy_ver3_greedy_ver3,20260311213842,15,650.0,0.0
2x2_slot_random_place_random_15_greedy_ver3_greedy_ver3,20260311213846,23,1268.0,0.0
2x2_slot_random_place_random_15_greedy_ver3_greedy_ver3,20260311213850,26,1198.0,0.0
2x2_slot_random_place_random_15_greedy_ver3_greedy_ver3,20260311213857,46,2129.0,0.0
2x2_slot_random_place_random_15_greedy_ver3_greedy_ver3,20260311213908,66,2995.0,0.0
2x2_slot_random_place_random_15_greedy_ver3_greedy_ver3,20260311213920,59,2830.0,0.0
2x2_slot_random_place_random_15_greedy_ver3_greedy_ver3,20260311213927,16,782.0,0.0
2x2_slot_random_place_random_15_greedy_ver3_greedy_ver3,20260311213930,17,854.0,0.0
2x2_slot_random_place_random_15_greedy_ver3_greedy_ver3,20260311213934,17,814.0,0.0
2x2_slot_random_place_random_15_greedy_ver3_greedy_ver3,20260311213938,16,872.0,0.0
2x2_slot_random_place_random_15_greedy_ver3_greedy_ver3,20260311213943,25,1246.0,0.0
2x2_slot_random_place_random_15_greedy_ver3_greedy_ver3,20260311213948,15,770.0,0.0
2x2_slot_random_place_random_15_greedy_ver3_greedy_ver3,20260311213952,12,640.0,0.0
2x2_slot_random_place_random_15_greedy_ver3_greedy_ver3,20260311213956,13,634.0,0.0
2x2_slot_random_place_random_15_greedy_ver3_greedy_ver3,20260311214000,10,471.0,0.0
2x2_slot_random_place_random_15_greedy_ver3_greedy_ver3,20260311214004,18,924.0,0.0
2x2_slot_random_place_random_15_greedy_ver3_greedy_ver3,20260311214009,38,1949.0,0.0
2x2_slot_random_place_random_15_greedy_ver3_greedy_ver3,20260311214021,89,4466.0,0.0
2x2_slot_random_place_random_15_greedy_ver3_greedy_ver3,20260311214030,10,502.0,0.0
2x2_slot_random_place_random_15_greedy_ver3_greedy_ver3,20260311214034,8,512.0,0.0
2x2_slot_random_place_random_15_greedy_ver3_greedy_ver3,20260311214038,27,1264.0,0.0
2x2_slot_random_place_random_15_greedy_ver3_greedy_ver3,20260311214044,43,2125.0,0.0
2x2_slot_random_place_random_15_greedy_ver3_greedy_ver3,20260311214056,74,3374.0,0.0
2x2_slot_random_place_random_15_greedy_ver3_greedy_ver3,20260311214107,9,539.0,0.0
2x2_slot_random_place_random_15_greedy_ver3_greedy_ver3,20260311214112,30,1636.0,0.0
2x2_slot_random_place_random_15_greedy_ver3_greedy_ver3,20260311214117,27,1134.0,0.0
2x2_slot_random_place_random_15_greedy_ver3_greedy_ver3,20260311214121,25,1198.0,0.0
2x2_slot_random_place_random_15_greedy_ver3_greedy_ver3,20260311214126,22,1044.0,0.0
2x2_slot_random_place_random_15_greedy_ver3_greedy_ver3,20260311214131,11,594.0,0.0
2x2_slot_random_place_random_15_greedy_ver3_greedy_ver3,20260311214140,18,810.0,0.0
2x2_slot_random_place_random_15_greedy_ver3_greedy_ver3,20260311214145,25,1118.0,0.0
2x2_slot_random_place_random_15_greedy_ver3_greedy_ver3,20260311214151,11,638.0,0.0
2x2_slot_random_place_random_15_greedy_ver3_greedy_ver3,20260311214156,9,518.0,0.0
2x2_slot_random_place_random_15_greedy_ver3_greedy_ver3,20260311214208,97,4387.0,0.0
2x2_slot_random_place_random_15_greedy_ver3_greedy_ver3,20260311214225,48,2205.0,0.0
2x2_slot_random_place_random_15_greedy_ver3_greedy_ver3,20260311214233,32,1362.0,0.0
2x2_slot_random_place_random_15_greedy_ver3_greedy_ver3,20260311214239,13,588.0,0.0
2x2_slot_random_place_random_15_greedy_ver3_greedy_ver3,20260311214244,21,976.0,0.0
2x2_slot_random_place_random_15_greedy_ver3_greedy_ver3,20260311214254,92,4070.0,0.0
2x2_slot_random_place_random_15_greedy_ver3_greedy_ver3,20260311214306,24,1201.0,0.0
2x2_slot_random_place_random_15_greedy_ver3_greedy_ver3,20260311214312,47,2342.0,0.0
2x2_slot_random_place_random_15_greedy_ver3_greedy_ver3,20260311214319,16,643.0,0.0
2x2_slot_random_place_random_15_greedy_ver3_greedy_ver3,20260311214325,114,5505.0,0.0
2x2_slot_random_place_random_15_greedy_ver3_greedy_ver3,20260311214333,21,1158.0,0.015625
2x2_slot_random_place_random_15_greedy_ver3_greedy_ver3,20260311214339,15,722.0,0.0
2x2_slot_random_place_random_15_greedy_ver3_greedy_ver3,20260311214344,17,890.0,0.0
2x2_slot_random_place_random_15_greedy_ver3_greedy_ver3,20260311214348,19,1042.0,0.0
2x2_slot_random_place_random_15_greedy_ver3_greedy_ver3,20260311214353,31,1403.0,0.0
2x2_slot_random_place_random_15_greedy_ver3_greedy_ver3,20260311214400,42,1924.0,0.0
2x2_slot_random_place_random_15_greedy_ver3_greedy_ver3,20260311214409,39,1742.0,0.0
2x2_slot_random_place_random_15_greedy_ver3_greedy_ver3,20260311214430,56,2538.0,0.015625
2x2_slot_random_place_random_15_greedy_ver3_greedy_ver3,20260311214442,16,804.0,0.0
2x2_slot_random_place_random_15_greedy_ver3_greedy_ver3,20260311214447,8,567.0,0.0
2x2_slot_random_place_random_15_greedy_ver3_greedy_ver3,20260311214454,10,528.0,0.0
2x2_slot_random_place_random_15_greedy_ver3_greedy_ver3,20260311214504,3,279.0,0.0
2x2_slot_random_place_random_15_greedy_ver3_greedy_ver3,20260311214515,76,3685.0,0.0
2x2_slot_random_place_random_15_greedy_ver3_greedy_ver3,20260311214528,14,646.0,0.0
2x2_slot_random_place_random_15_greedy_ver3_greedy_ver3,20260311214535,16,792.0,0.015625
2x2_slot_random_place_random_15_greedy_ver3_greedy_ver3,20260311214552,53,2697.0,0.0
2x2_slot_random_place_random_15_greedy_ver3_greedy_ver3,20260311214601,7,357.0,0.0
2x2_slot_random_place_random_15_greedy_ver3_greedy_ver3,20260311214612,51,2080.0,0.0
2x2_slot_random_place_random_15_greedy_ver3_greedy_ver3,20260311214622,12,724.0,0.0
2x2_slot_random_place_random_15_greedy_ver3_greedy_ver3,20260311214627,6,447.0,0.0
2x2_slot_random_place_random_15_greedy_ver3_greedy_ver3,20260311214630,22,898.0,0.0
2x2_slot_random_place_random_15_greedy_ver3_greedy_ver3,20260311214639,43,2046.0,0.015625
2x2_slot_random_place_random_15_greedy_ver3_greedy_ver3,20260311214647,24,1146.0,0.0
2x2_slot_random_place_random_15_greedy_ver3_greedy_ver3,20260311214656,17,844.0,0.0
2x2_slot_random_place_random_15_greedy_ver3_greedy_ver3,20260311214702,8,462.0,0.0
2x2_slot_random_place_random_15_greedy_ver3_greedy_ver3,20260311214706,66,3095.0,0.0
2x2_slot_random_place_random_15_greedy_ver3_greedy_ver3,20260311214712,14,822.0,0.015625
2x2_slot_random_place_random_15_greedy_ver3_greedy_ver3,20260311214718,20,1062.0,0.0
2x2_slot_random_place_random_15_greedy_ver3_greedy_ver3,20260311214723,6,359.0,0.0
2x2_slot_random_place_random_15_greedy_ver3_greedy_ver3,20260311214728,28,1270.0,0.0
2x2_slot_random_place_random_15_greedy_ver3_greedy_ver3,20260311214735,58,2598.0,0.0
2x2_slot_random_place_random_15_greedy_ver3_greedy_ver3,20260311214742,19,869.0,0.0
2x2_slot_random_place_random_15_greedy_ver3_greedy_ver3,20260311214748,41,1879.0,0.0
2x2_slot_random_place_random_15_greedy_ver3_greedy_ver3,20260311214755,34,1747.0,0.0
2x2_slot_random_place_random_15_greedy_ver3_greedy_ver3,20260311214802,24,1132.0,0.0
2x2_slot_random_place_random_15_greedy_ver3_greedy_ver3,20260311214806,6,447.0,0.0
2x2_slot_random_place_random_15_greedy_ver3_greedy_ver3,20260311214809,20,926.0,0.0
2x2_slot_random_place_random_15_greedy_ver3_greedy_ver3,20260311214813,10,554.0,0.0
2x2_slot_random_place_random_15_greedy_ver3_greedy_ver3,20260311214818,12,602.0,0.0
2x2_slot_random_place_random_15_greedy_ver3_greedy_ver3,20260311214822,17,692.0,0.0
2x2_slot_random_place_random_15_greedy_ver3_greedy_ver3,20260311214826,10,467.0,0.0
2x2_slot_random_place_random_15_greedy_ver3_greedy_ver3,20260311214830,16,846.0,0.0
2x2_slot_random_place_random_15_greedy_ver3_greedy_ver3,20260311214839,87,4191.0,0.0
2x2_slot_random_place_random_15_greedy_ver3_greedy_ver3,20260311214850,24,1264.0,0.0
2x2_slot_random_place_random_15_greedy_ver3_greedy_ver3,20260311214855,16,778.0,0.0
2x2_slot_random_place_random_15_greedy_ver3_greedy_ver3,20260311214859,11,518.0,0.0
2x2_slot_random_place_random_15_greedy_ver3_greedy_ver3,20260311214902,14,664.0,0.0
2x2_slot_random_place_random_15_greedy_ver3_greedy_ver3,20260311214907,19,868.0,0.0
2x2_slot_inorder_place_inorder_1_grasp_ver3_grasp_ver3,20260312171302,7,520.0,0.0
2x2_slot_inorder_place_inorder_1_grasp_ver3_grasp_ver3,20260312171306,2,270.0,0.0
2x2_slot_inorder_place_inorder_1_grasp_ver3_grasp_ver3,20260312171308,9,578.0,0.0
2x2_slot_inorder_place_inorder_1_grasp_ver3_grasp_ver3,20260312171312,15,815.0,0.0
2x2_slot_inorder_place_inorder_1_grasp_ver3_grasp_ver3,20260312171317,5,404.0,0.0
2x2_slot_inorder_place_inorder_1_grasp_ver3_grasp_ver3,20260312171320,9,604.0,0.0
2x2_slot_inorder_place_inorder_1_grasp_ver3_grasp_ver3,20260312171323,7,396.0,0.0
2x2_slot_inorder_place_inorder_1_grasp_ver3_grasp_ver3,20260312171324,16,869.0,0.015625
2x2_slot_inorder_place_inorder_1_grasp_ver3_grasp_ver3,20260312171327,20,1079.0,0.0
2x2_slot_inorder_place_inorder_1_grasp_ver3_grasp_ver3,20260312171333,8,536.0,0.0
2x2_slot_inorder_place_inorder_1_grasp_ver3_grasp_ver3,20260312171336,11,655.0,0.0
2x2_slot_inorder_place_inorder_1_grasp_ver3_grasp_ver3,20260312171339,8,490.0,0.0
2x2_slot_inorder_place_inorder_1_grasp_ver3_grasp_ver3,20260312171343,7,610.0,0.0
2x2_slot_inorder_place_inorder_1_grasp_ver3_grasp_ver3,20260312171346,5,394.0,0.0
2x2_slot_inorder_place_inorder_1_grasp_ver3_grasp_ver3,20260312171348,16,895.0,0.0
2x2_slot_inorder_place_inorder_1_grasp_ver3_grasp_ver3,20260312171353,20,1293.0,0.0
2x2_slot_inorder_place_inorder_1_grasp_ver3_grasp_ver3,20260312171400,11,658.0,0.015625
2x2_slot_inorder_place_inorder_1_grasp_ver3_grasp_ver3,20260312171404,4,310.0,0.0
2x2_slot_inorder_place_inorder_1_grasp_ver3_grasp_ver3,20260312171407,10,542.0,0.0
2x2_slot_inorder_place_inorder_1_grasp_ver3_grasp_ver3,20260312171411,4,316.0,0.0
2x2_slot_inorder_place_inorder_1_grasp_ver3_grasp_ver3,20260312171415,9,582.0,0.0
2x2_slot_inorder_place_inorder_1_grasp_ver3_grasp_ver3,20260312171419,13,811.0,0.0
2x2_slot_inorder_place_inorder_1_grasp_ver3_grasp_ver3,20260312171422,8,530.0,0.0
2x2_slot_inorder_place_inorder_1_grasp_ver3_grasp_ver3,20260312171425,8,1010.0,0.0
2x2_slot_inorder_place_inorder_1_grasp_ver3_grasp_ver3,20260312171427,10,752.0,0.0
2x2_slot_inorder_place_inorder_1_grasp_ver3_grasp_ver3,20260312171431,5,328.0,0.0
2x2_slot_inorder_place_inorder_1_grasp_ver3_grasp_ver3,20260312171434,5,450.0,0.015625
2x2_slot_inorder_place_inorder_1_grasp_ver3_grasp_ver3,20260312171437,7,544.0,0.0
2x2_slot_inorder_place_inorder_1_grasp_ver3_grasp_ver3,20260312171440,12,854.0,0.0
2x2_slot_inorder_place_inorder_1_grasp_ver3_grasp_ver3,20260312171445,2,286.0,0.0
2x2_slot_inorder_place_inorder_1_grasp_ver3_grasp_ver3,20260312171448,4,298.0,0.015625
2x2_slot_inorder_place_inorder_1_grasp_ver3_grasp_ver3,20260312171451,8,500.0,0.0
2x2_slot_inorder_place_inorder_1_grasp_ver3_grasp_ver3,20260312171454,15,809.0,0.0
2x2_slot_inorder_place_inorder_1_grasp_ver3_grasp_ver3,20260312171457,2,264.0,0.0
2x2_slot_inorder_place_inorder_1_grasp_ver3_grasp_ver3,20260312171459,21,1151.0,0.0
2x2_slot_inorder_place_inorder_1_grasp_ver3_grasp_ver3,20260312171506,2,224.0,0.0
2x2_slot_inorder_place_inorder_1_grasp_ver3_grasp_ver3,20260312171508,15,761.0,0.0
2x2_slot_inorder_place_inorder_1_grasp_ver3_grasp_ver3,20260312171513,9,592.0,0.0
2x2_slot_inorder_place_inorder_1_grasp_ver3_grasp_ver3,20260312171517,9,836.0,0.0
2x2_slot_inorder_place_inorder_1_grasp_ver3_grasp_ver3,20260312171521,2,272.0,0.0
2x2_slot_inorder_place_inorder_1_grasp_ver3_grasp_ver3,20260312171523,15,767.0,0.0
2x2_slot_inorder_place_inorder_1_grasp_ver3_grasp_ver3,20260312171528,32,1570.0,0.0
2x2_slot_inorder_place_inorder_1_grasp_ver3_grasp_ver3,20260312171530,13,759.0,0.0
2x2_slot_inorder_place_inorder_1_grasp_ver3_grasp_ver3,20260312171535,14,885.0,0.0
2x2_slot_inorder_place_inorder_1_grasp_ver3_grasp_ver3,20260312171539,4,338.0,0.0
2x2_slot_inorder_place_inorder_1_grasp_ver3_grasp_ver3,20260312171542,4,308.0,0.0
2x2_slot_inorder_place_inorder_1_grasp_ver3_grasp_ver3,20260312171545,7,512.0,0.0
2x2_slot_inorder_place_inorder_1_grasp_ver3_grasp_ver3,20260312171549,12,660.0,0.0
2x2_slot_inorder_place_inorder_1_grasp_ver3_grasp_ver3,20260312171554,2,266.0,0.0
2x2_slot_inorder_place_inorder_1_grasp_ver3_grasp_ver3,20260312171556,8,492.0,0.0
2x2_slot_inorder_place_inorder_1_grasp_ver3_grasp_ver3,20260312171558,19,1083.0,0.015625
2x2_slot_inorder_place_inorder_1_grasp_ver3_grasp_ver3,20260312171602,13,755.0,0.0
2x2_slot_inorder_place_inorder_1_grasp_ver3_grasp_ver3,20260312171606,4,298.0,0.0
2x2_slot_inorder_place_inorder_1_grasp_ver3_grasp_ver3,20260312171609,14,791.0,0.0
2x2_slot_inorder_place_inorder_1_grasp_ver3_grasp_ver3,20260312171613,9,804.0,0.015625
2x2_slot_inorder_place_inorder_1_grasp_ver3_grasp_ver3,20260312171616,14,945.0,0.0
2x2_slot_inorder_place_inorder_1_grasp_ver3_grasp_ver3,20260312171620,4,298.0,0.0
2x2_slot_inorder_place_inorder_1_grasp_ver3_grasp_ver3,20260312171623,16,929.0,0.0
2x2_slot_inorder_place_inorder_1_grasp_ver3_grasp_ver3,20260312171628,13,747.0,0.0
2x2_slot_inorder_place_inorder_1_grasp_ver3_grasp_ver3,20260312171630,9,604.0,0.0
2x2_slot_inorder_place_inorder_1_grasp_ver3_grasp_ver3,20260312171634,11,725.0,0.0
2x2_slot_inorder_place_inorder_1_grasp_ver3_grasp_ver3,20260312171637,12,560.0,0.0
2x2_slot_inorder_place_inorder_1_grasp_ver3_grasp_ver3,20260312171642,4,296.0,0.0
2x2_slot_inorder_place_inorder_1_grasp_ver3_grasp_ver3,20260312171645,13,789.0,0.0
2x2_slot_inorder_place_inorder_1_grasp_ver3_grasp_ver3,20260312171649,12,749.0,0.0
2x2_slot_inorder_place_inorder_1_grasp_ver3_grasp_ver3,20260312171653,13,845.0,0.0
2x2_slot_inorder_place_inorder_1_grasp_ver3_grasp_ver3,20260312171658,10,596.0,0.0
2x2_slot_inorder_place_inorder_1_grasp_ver3_grasp_ver3,20260312171701,11,679.0,0.0
2x2_slot_inorder_place_inorder_1_grasp_ver3_grasp_ver3,20260312171705,4,290.0,0.0
2x2_slot_inorder_place_inorder_1_grasp_ver3_grasp_ver3,20260312171708,7,528.0,0.015625
2x2_slot_inorder_place_inorder_1_grasp_ver3_grasp_ver3,20260312171711,28,1584.0,0.0
2x2_slot_inorder_place_inorder_1_grasp_ver3_grasp_ver3,20260312171716,4,312.0,0.0
2x2_slot_inorder_place_inorder_1_grasp_ver3_grasp_ver3,20260312171719,16,811.0,0.0
2x2_slot_inorder_place_inorder_1_grasp_ver3_grasp_ver3,20260312171723,17,889.0,0.0
2x2_slot_inorder_place_inorder_1_grasp_ver3_grasp_ver3,20260312171727,8,494.0,0.0
2x2_slot_inorder_place_inorder_1_grasp_ver3_grasp_ver3,20260312171730,23,1127.0,0.0
2x2_slot_inorder_place_inorder_1_grasp_ver3_grasp_ver3,20260312171732,4,300.0,0.0
2x2_slot_inorder_place_inorder_1_grasp_ver3_grasp_ver3,20260312171735,14,869.0,0.0
2x2_slot_inorder_place_inorder_1_grasp_ver3_grasp_ver3,20260312171738,2,290.0,0.0
2x2_slot_inorder_place_inorder_1_grasp_ver3_grasp_ver3,20260312171741,7,516.0,0.0
2x2_slot_inorder_place_inorder_1_grasp_ver3_grasp_ver3,20260312171744,11,675.0,0.0
2x2_slot_inorder_place_inorder_1_grasp_ver3_grasp_ver3,20260312171747,10,524.0,0.0
2x2_slot_inorder_place_inorder_1_grasp_ver3_grasp_ver3,20260312171751,13,781.0,0.0
2x2_slot_inorder_place_inorder_1_grasp_ver3_grasp_ver3,20260312171756,14,763.0,0.0
2x2_slot_inorder_place_inorder_1_grasp_ver3_grasp_ver3,20260312171801,23,1289.0,0.0
2x2_slot_inorder_place_inorder_1_grasp_ver3_grasp_ver3,20260312171804,5,410.0,0.0
2x2_slot_inorder_place_inorder_1_grasp_ver3_grasp_ver3,20260312171807,8,510.0,0.0
2x2_slot_inorder_place_inorder_1_grasp_ver3_grasp_ver3,20260312171810,4,290.0,0.0
2x2_slot_inorder_place_inorder_1_grasp_ver3_grasp_ver3,20260312171813,8,580.0,0.0
2x2_slot_inorder_place_inorder_1_grasp_ver3_grasp_ver3,20260312171817,4,296.0,0.0
2x2_slot_inorder_place_inorder_1_grasp_ver3_grasp_ver3,20260312171820,13,785.0,0.0
2x2_slot_inorder_place_inorder_1_grasp_ver3_grasp_ver3,20260312171824,4,288.0,0.0
2x2_slot_inorder_place_inorder_1_grasp_ver3_grasp_ver3,20260312171827,16,861.0,0.0
2x2_slot_inorder_place_inorder_1_grasp_ver3_grasp_ver3,20260312171831,10,732.0,0.0
2x2_slot_inorder_place_inorder_1_grasp_ver3_grasp_ver3,20260312171835,20,1117.0,0.0
2x2_slot_inorder_place_inorder_1_grasp_ver3_grasp_ver3,20260312171842,6,286.0,0.0
2x2_slot_inorder_place_inorder_1_grasp_ver3_grasp_ver3,20260312171846,45,2121.0,0.0
2x2_slot_inorder_place_inorder_1_grasp_ver3_grasp_ver3,20260312171855,3,256.0,0.015625
2x2_slot_inorder_place_inorder_1_grasp_ver3_grasp_ver3,20260312171857,12,779.0,0.0
2x2_slot_inorder_place_inorder_1_grasp_ver3_grasp_ver3,20260312171901,15,831.0,0.0
2x2_slot_inorder_place_inorder_1_grasp_ver3_grasp_ver3,20260312171905,11,655.0,0.015625
2x2_slot_inorder_place_inorder_1_grasp_ver3_grasp_ver3,20260312171908,4,298.0,0.0
2x2_slot_inorder_place_inorder_1_grasp_ver3_grasp_ver3,20260312171911,10,518.0,0.0
2x2_slot_inorder_place_inorder_1_grasp_ver3_grasp_ver3,20260312171916,9,576.0,0.0
2x2_slot_inorder_place_inorder_1_grasp_ver3_grasp_ver3,20260312171920,17,867.0,0.0
2x2_slot_inorder_place_inorder_1_grasp_ver3_grasp_ver3,20260312171926,9,568.0,0.0
2x2_slot_inorder_place_inorder_1_grasp_ver3_grasp_ver3,20260312171930,4,308.0,0.0
2x2_slot_inorder_place_inorder_1_grasp_ver3_grasp_ver3,20260312171933,22,1323.0,0.0
2x2_slot_inorder_place_inorder_1_grasp_ver3_grasp_ver3,20260312171938,6,412.0,0.0
2x2_slot_inorder_place_inorder_1_grasp_ver3_grasp_ver3,20260312171941,15,799.0,0.0
2x2_slot_inorder_place_inorder_1_grasp_ver3_grasp_ver3,20260312171946,2,254.0,0.015625
2x2_slot_inorder_place_inorder_1_grasp_ver3_grasp_ver3,20260312171948,19,1095.0,0.0
2x2_slot_inorder_place_inorder_1_grasp_ver3_grasp_ver3,20260312171955,16,929.0,0.0
2x2_slot_inorder_place_inorder_1_grasp_ver3_grasp_ver3,20260312172001,15,945.0,0.0
2x2_slot_inorder_place_inorder_1_grasp_ver3_grasp_ver3,20260312172005,13,781.0,0.0
2x2_slot_inorder_place_inorder_1_grasp_ver3_grasp_ver3,20260312172009,6,510.0,0.0
2x2_slot_inorder_place_inorder_1_grasp_ver3_grasp_ver3,20260312172013,15,839.0,0.0
2x2_slot_inorder_place_inorder_1_grasp_ver3_grasp_ver3,20260312172018,2,254.0,0.0
2x2_slot_inorder_place_inorder_1_grasp_ver3_grasp_ver3,20260312172020,26,1309.0,0.0
2x2_slot_inorder_place_inorder_1_grasp_ver3_grasp_ver3,20260312172026,8,520.0,0.0
2x2_slot_inorder_place_inorder_1_grasp_ver3_grasp_ver3,20260312172029,6,540.0,0.0
2x2_slot_inorder_place_inorder_1_grasp_ver3_grasp_ver3,20260312172032,14,785.0,0.0
2x2_slot_inorder_place_inorder_1_grasp_ver3_grasp_ver3,20260312172037,11,582.0,0.0
2x2_slot_inorder_place_inorder_1_grasp_ver3_grasp_ver3,20260312172041,9,482.0,0.0
2x2_slot_inorder_place_inorder_1_grasp_ver3_grasp_ver3,20260312172045,9,568.0,0.0
2x2_slot_inorder_place_inorder_1_grasp_ver3_grasp_ver3,20260312172050,8,574.0,0.0
2x2_slot_inorder_place_inorder_1_grasp_ver3_grasp_ver3,20260312172053,10,554.0,0.0
2x2_slot_inorder_place_inorder_1_grasp_ver3_grasp_ver3,20260312172056,15,795.0,0.0
2x2_slot_inorder_place_inorder_1_grasp_ver3_grasp_ver3,20260312172100,8,540.0,0.0
2x2_slot_inorder_place_inorder_1_grasp_ver3_grasp_ver3,20260312172104,12,580.0,0.0
2x2_slot_inorder_place_inorder_1_grasp_ver3_grasp_ver3,20260312172107,7,510.0,0.0
2x2_slot_inorder_place_inorder_1_grasp_ver3_grasp_ver3,20260312172110,9,740.0,0.0
2x2_slot_inorder_place_inorder_1_grasp_ver3_grasp_ver3,20260312172114,15,963.0,0.0
2x2_slot_inorder_place_inorder_1_grasp_ver3_grasp_ver3,20260312172120,10,548.0,0.0
2x2_slot_inorder_place_inorder_1_grasp_ver3_grasp_ver3,20260312172124,13,777.0,0.0
2x2_slot_inorder_place_inorder_1_grasp_ver3_grasp_ver3,20260312172128,17,969.0,0.0
2x2_slot_inorder_place_inorder_1_grasp_ver3_grasp_ver3,20260312172133,2,264.0,0.0
2x2_slot_inorder_place_inorder_1_grasp_ver3_grasp_ver3,20260312172135,13,729.0,0.0
2x2_slot_inorder_place_inorder_1_grasp_ver3_grasp_ver3,20260312172137,14,761.0,0.0
2x2_slot_inorder_place_inorder_1_grasp_ver3_grasp_ver3,20260312172142,13,789.0,0.0
2x2_slot_inorder_place_inorder_1_grasp_ver3_grasp_ver3,20260312172146,8,488.0,0.0
2x2_slot_inorder_place_inorder_1_grasp_ver3_grasp_ver3,20260312172149,17,1031.0,0.0
2x2_slot_inorder_place_inorder_1_grasp_ver3_grasp_ver3,20260312172153,16,857.0,0.0
2x2_slot_inorder_place_inorder_1_grasp_ver3_grasp_ver3,20260312172159,20,1237.0,0.0
2x2_slot_inorder_place_inorder_1_grasp_ver3_grasp_ver3,20260312172206,15,801.0,0.0
2x2_slot_inorder_place_inorder_1_grasp_ver3_grasp_ver3,20260312172210,16,977.0,0.0
2x2_slot_inorder_place_inorder_1_grasp_ver3_grasp_ver3,20260312172215,10,522.0,0.0
2x2_slot_inorder_place_inorder_1_grasp_ver3_grasp_ver3,20260312172219,18,1121.0,0.015625
2x2_slot_inorder_place_inorder_1_grasp_ver3_grasp_ver3,20260312172223,5,340.0,0.0
2x2_slot_inorder_place_inorder_1_grasp_ver3_grasp_ver3,20260312172226,17,839.0,0.0
2x2_slot_inorder_place_inorder_1_grasp_ver3_grasp_ver3,20260312172232,12,635.0,0.0
2x2_slot_inorder_place_inorder_1_grasp_ver3_grasp_ver3,20260312172236,17,917.0,0.0
2x2_slot_inorder_place_inorder_1_grasp_ver3_grasp_ver3,20260312172238,24,1215.0,0.0
2x2_slot_inorder_place_inorder_1_grasp_ver3_grasp_ver3,20260312172245,15,859.0,0.0
2x2_slot_inorder_place_inorder_1_grasp_ver3_grasp_ver3,20260312172250,2,272.0,0.0
2x2_slot_inorder_place_inorder_1_grasp_ver3_grasp_ver3,20260312172252,12,622.0,0.0
2x2_slot_inorder_place_inorder_1_grasp_ver3_grasp_ver3,20260312172258,15,809.0,0.0
2x2_slot_inorder_place_inorder_1_grasp_ver3_grasp_ver3,20260312172303,7,520.0,0.0
2x2_slot_inorder_place_inorder_1_grasp_ver3_grasp_ver3,20260312172306,15,791.0,0.0
2x2_slot_inorder_place_inorder_1_grasp_ver3_grasp_ver3,20260312172309,21,1045.0,0.0
2x2_slot_inorder_place_inorder_1_grasp_ver3_grasp_ver3,20260312172314,4,296.0,0.0
2x2_slot_inorder_place_inorder_1_grasp_ver3_grasp_ver3,20260312172318,15,837.0,0.0
2x2_slot_inorder_place_inorder_1_grasp_ver3_grasp_ver3,20260312172323,8,710.0,0.0
2x2_slot_inorder_place_inorder_1_grasp_ver3_grasp_ver3,20260312172327,2,204.0,0.0
2x2_slot_inorder_place_inorder_1_grasp_ver3_grasp_ver3,20260312172329,4,294.0,0.0
2x2_slot_inorder_place_inorder_1_grasp_ver3_grasp_ver3,20260312172332,7,498.0,0.0
2x2_slot_inorder_place_inorder_1_grasp_ver3_grasp_ver3,20260312172335,13,781.0,0.0
2x2_slot_inorder_place_inorder_1_grasp_ver3_grasp_ver3,20260312172338,9,558.0,0.0
2x2_slot_inorder_place_inorder_1_grasp_ver3_grasp_ver3,20260312172342,22,1151.0,0.0
2x2_slot_inorder_place_inorder_1_grasp_ver3_grasp_ver3,20260312172347,8,492.0,0.0
2x2_slot_inorder_place_inorder_1_grasp_ver3_grasp_ver3,20260312172350,13,803.0,0.0
2x2_slot_inorder_place_inorder_1_grasp_ver3_grasp_ver3,20260312172354,17,843.0,0.0
2x2_slot_inorder_place_inorder_1_grasp_ver3_grasp_ver3,20260312172400,8,518.0,0.0
2x2_slot_inorder_place_inorder_1_grasp_ver3_grasp_ver3,20260312172403,17,905.0,0.0
2x2_slot_inorder_place_inorder_1_grasp_ver3_grasp_ver3,20260312172408,15,761.0,0.0
2x2_slot_inorder_place_inorder_1_grasp_ver3_grasp_ver3,20260312172412,30,1654.0,0.0
2x2_slot_inorder_place_inorder_1_grasp_ver3_grasp_ver3,20260312172418,4,282.0,0.0
2x2_slot_inorder_place_inorder_1_grasp_ver3_grasp_ver3,20260312172421,12,675.0,0.0
2x2_slot_inorder_place_inorder_1_grasp_ver3_grasp_ver3,20260312172425,13,781.0,0.0
2x2_slot_inorder_place_inorder_1_grasp_ver3_grasp_ver3,20260312172429,10,514.0,0.0
2x2_slot_inorder_place_inorder_1_grasp_ver3_grasp_ver3,20260312172433,10,518.0,0.0
2x2_slot_inorder_place_inorder_1_grasp_ver3_grasp_ver3,20260312172437,16,1017.0,0.0
2x2_slot_inorder_place_inorder_1_grasp_ver3_grasp_ver3,20260312172441,20,1035.0,0.015625
2x2_slot_inorder_place_inorder_1_grasp_ver3_grasp_ver3,20260312172446,15,841.0,0.0
2x2_slot_inorder_place_inorder_1_grasp_ver3_grasp_ver3,20260312172451,13,773.0,0.0
2x2_slot_inorder_place_inorder_1_grasp_ver3_grasp_ver3,20260312172455,11,720.0,0.0
2x2_slot_inorder_place_inorder_1_grasp_ver3_grasp_ver3,20260312172459,4,288.0,0.0
2x2_slot_inorder_place_inorder_1_grasp_ver3_grasp_ver3,20260312172503,26,1345.0,0.0
2x2_slot_inorder_place_inorder_1_grasp_ver3_grasp_ver3,20260312172509,14,771.0,0.0
2x2_slot_inorder_place_inorder_1_grasp_ver3_grasp_ver3,20260312172514,10,508.0,0.0
2x2_slot_inorder_place_inorder_1_grasp_ver3_grasp_ver3,20260312172519,4,284.0,0.0
2x2_slot_inorder_place_inorder_1_grasp_ver3_grasp_ver3,20260312172522,17,935.0,0.0
2x2_slot_inorder_place_inorder_1_grasp_ver3_grasp_ver3,20260312172526,17,843.0,0.0
2x2_slot_inorder_place_inorder_1_grasp_ver3_grasp_ver3,20260312172532,4,298.0,0.0
2x2_slot_inorder_place_inorder_1_grasp_ver3_grasp_ver3,20260312172535,11,634.0,0.0
2x2_slot_inorder_place_inorder_1_grasp_ver3_grasp_ver3,20260312172540,15,761.0,0.0
2x2_slot_inorder_place_inorder_1_grasp_ver3_grasp_ver3,20260312172544,17,861.0,0.0
2x2_slot_inorder_place_inorder_1_grasp_ver3_grasp_ver3,20260312172550,17,839.0,0.0
2x2_slot_inorder_place_inorder_1_grasp_ver3_greedy_ver3,20260312171304,10,630.0,0.0
2x2_slot_inorder_place_inorder_1_grasp_ver3_greedy_ver3,20260312171307,2,220.0,0.0
2x2_slot_inorder_place_inorder_1_grasp_ver3_greedy_ver3,20260312171310,8,462.0,0.0
2x2_slot_inorder_place_inorder_1_grasp_ver3_greedy_ver3,20260312171315,14,685.0,0.0
2x2_slot_inorder_place_inorder_1_grasp_ver3_greedy_ver3,20260312171319,4,254.0,0.0
2x2_slot_inorder_place_inorder_1_grasp_ver3_greedy_ver3,20260312171321,16,941.0,0.0
2x2_slot_inorder_place_inorder_1_grasp_ver3_greedy_ver3,20260312171324,16,869.0,0.0
2x2_slot_inorder_place_inorder_1_grasp_ver3_greedy_ver3,20260312171325,9,674.0,0.0
2x2_slot_inorder_place_inorder_1_grasp_ver3_greedy_ver3,20260312171330,23,1095.0,0.0
2x2_slot_inorder_place_inorder_1_grasp_ver3_greedy_ver3,20260312171334,8,496.0,0.0
2x2_slot_inorder_place_inorder_1_grasp_ver3_greedy_ver3,20260312171337,14,685.0,0.0
2x2_slot_inorder_place_inorder_1_grasp_ver3_greedy_ver3,20260312171341,8,530.0,0.0
2x2_slot_inorder_place_inorder_1_grasp_ver3_greedy_ver3,20260312171344,8,452.0,0.0
2x2_slot_inorder_place_inorder_1_grasp_ver3_greedy_ver3,20260312171347,4,244.0,0.0
2x2_slot_inorder_place_inorder_1_grasp_ver3_greedy_ver3,20260312171350,18,907.0,0.0
2x2_slot_inorder_place_inorder_1_grasp_ver3_greedy_ver3,20260312171355,25,1515.0,0.0
2x2_slot_inorder_place_inorder_1_grasp_ver3_greedy_ver3,20260312171402,11,702.0,0.0
2x2_slot_inorder_place_inorder_1_grasp_ver3_greedy_ver3,20260312171406,4,338.0,0.0
2x2_slot_inorder_place_inorder_1_grasp_ver3_greedy_ver3,20260312171409,10,528.0,0.0
2x2_slot_inorder_place_inorder_1_grasp_ver3_greedy_ver3,20260312171413,4,346.0,0.0
2x2_slot_inorder_place_inorder_1_grasp_ver3_greedy_ver3,20260312171417,8,458.0,0.0
2x2_slot_inorder_place_inorder_1_grasp_ver3_greedy_ver3,20260312171420,13,811.0,0.0
2x2_slot_inorder_place_inorder_1_grasp_ver3_greedy_ver3,20260312171423,14,825.0,0.015625
2x2_slot_inorder_place_inorder_1_grasp_ver3_greedy_ver3,20260312171425,8,1010.0,0.0
2x2_slot_inorder_place_inorder_1_grasp_ver3_greedy_ver3,20260312171429,9,522.0,0.0
2x2_slot_inorder_place_inorder_1_grasp_ver3_greedy_ver3,20260312171432,5,324.0,0.0
2x2_slot_inorder_place_inorder_1_grasp_ver3_greedy_ver3,20260312171436,5,450.0,0.0
2x2_slot_inorder_place_inorder_1_grasp_ver3_greedy_ver3,20260312171439,6,404.0,0.0
2x2_slot_inorder_place_inorder_1_grasp_ver3_greedy_ver3,20260312171443,11,702.0,0.0
2x2_slot_inorder_place_inorder_1_grasp_ver3_greedy_ver3,20260312171446,2,316.0,0.0
2x2_slot_inorder_place_inorder_1_grasp_ver3_greedy_ver3,20260312171449,4,278.0,0.0
2x2_slot_inorder_place_inorder_1_grasp_ver3_greedy_ver3,20260312171452,8,460.0,0.0
2x2_slot_inorder_place_inorder_1_grasp_ver3_greedy_ver3,20260312171456,14,703.0,0.0
2x2_slot_inorder_place_inorder_1_grasp_ver3_greedy_ver3,20260312171458,2,214.0,0.0
2x2_slot_inorder_place_inorder_1_grasp_ver3_greedy_ver3,20260312171503,22,1209.0,0.0
2x2_slot_inorder_place_inorder_1_grasp_ver3_greedy_ver3,20260312171507,2,254.0,0.0
2x2_slot_inorder_place_inorder_1_grasp_ver3_greedy_ver3,20260312171511,14,691.0,0.0
2x2_slot_inorder_place_inorder_1_grasp_ver3_greedy_ver3,20260312171515,8,592.0,0.0
2x2_slot_inorder_place_inorder_1_grasp_ver3_greedy_ver3,20260312171519,9,786.0,0.0
2x2_slot_inorder_place_inorder_1_grasp_ver3_greedy_ver3,20260312171522,2,282.0,0.0
2x2_slot_inorder_place_inorder_1_grasp_ver3_greedy_ver3,20260312171525,14,697.0,0.0
2x2_slot_inorder_place_inorder_1_grasp_ver3_greedy_ver3,20260312171528,32,1570.0,0.0
2x2_slot_inorder_place_inorder_1_grasp_ver3_greedy_ver3,20260312171532,16,855.0,0.0
2x2_slot_inorder_place_inorder_1_grasp_ver3_greedy_ver3,20260312171537,21,1205.0,0.0
2x2_slot_inorder_place_inorder_1_grasp_ver3_greedy_ver3,20260312171540,4,248.0,0.015625
2x2_slot_inorder_place_inorder_1_grasp_ver3_greedy_ver3,20260312171543,4,262.0,0.0
2x2_slot_inorder_place_inorder_1_grasp_ver3_greedy_ver3,20260312171547,10,622.0,0.0
2x2_slot_inorder_place_inorder_1_grasp_ver3_greedy_ver3,20260312171551,14,909.0,0.0
2x2_slot_inorder_place_inorder_1_grasp_ver3_greedy_ver3,20260312171555,2,176.0,0.0
2x2_slot_inorder_place_inorder_1_grasp_ver3_greedy_ver3,20260312171558,19,1083.0,0.0
2x2_slot_inorder_place_inorder_1_grasp_ver3_greedy_ver3,20260312171559,14,711.0,0.0
2x2_slot_inorder_place_inorder_1_grasp_ver3_greedy_ver3,20260312171604,12,705.0,0.0
2x2_slot_inorder_place_inorder_1_grasp_ver3_greedy_ver3,20260312171607,4,264.0,0.0
2x2_slot_inorder_place_inorder_1_grasp_ver3_greedy_ver3,20260312171611,14,891.0,0.0
2x2_slot_inorder_place_inorder_1_grasp_ver3_greedy_ver3,20260312171614,9,834.0,0.0
2x2_slot_inorder_place_inorder_1_grasp_ver3_greedy_ver3,20260312171618,12,705.0,0.0
2x2_slot_inorder_place_inorder_1_grasp_ver3_greedy_ver3,20260312171622,4,264.0,0.0
2x2_slot_inorder_place_inorder_1_grasp_ver3_greedy_ver3,20260312171626,13,775.0,0.0
2x2_slot_inorder_place_inorder_1_grasp_ver3_greedy_ver3,20260312171628,13,747.0,0.015625
2x2_slot_inorder_place_inorder_1_grasp_ver3_greedy_ver3,20260312171632,10,544.0,0.0
2x2_slot_inorder_place_inorder_1_grasp_ver3_greedy_ver3,20260312171635,10,510.0,0.0
2x2_slot_inorder_place_inorder_1_grasp_ver3_greedy_ver3,20260312171640,12,530.0,0.0
2x2_slot_inorder_place_inorder_1_grasp_ver3_greedy_ver3,20260312171644,4,246.0,0.0
2x2_slot_inorder_place_inorder_1_grasp_ver3_greedy_ver3,20260312171647,12,739.0,0.0
2x2_slot_inorder_place_inorder_1_grasp_ver3_greedy_ver3,20260312171651,12,659.0,0.0
2x2_slot_inorder_place_inorder_1_grasp_ver3_greedy_ver3,20260312171655,22,1229.0,0.015625
2x2_slot_inorder_place_inorder_1_grasp_ver3_greedy_ver3,20260312171659,14,865.0,0.0
2x2_slot_inorder_place_inorder_1_grasp_ver3_greedy_ver3,20260312171703,14,719.0,0.0
2x2_slot_inorder_place_inorder_1_grasp_ver3_greedy_ver3,20260312171706,4,256.0,0.015625
2x2_slot_inorder_place_inorder_1_grasp_ver3_greedy_ver3,20260312171710,6,388.0,0.0
2x2_slot_inorder_place_inorder_1_grasp_ver3_greedy_ver3,20260312171714,27,1525.0,0.0
2x2_slot_inorder_place_inorder_1_grasp_ver3_greedy_ver3,20260312171718,4,342.0,0.0
2x2_slot_inorder_place_inorder_1_grasp_ver3_greedy_ver3,20260312171721,16,831.0,0.0
2x2_slot_inorder_place_inorder_1_grasp_ver3_greedy_ver3,20260312171725,17,909.0,0.0
2x2_slot_inorder_place_inorder_1_grasp_ver3_greedy_ver3,20260312171729,8,494.0,0.0
2x2_slot_inorder_place_inorder_1_grasp_ver3_greedy_ver3,20260312171730,23,1127.0,0.0
2x2_slot_inorder_place_inorder_1_grasp_ver3_greedy_ver3,20260312171733,4,270.0,0.0
2x2_slot_inorder_place_inorder_1_grasp_ver3_greedy_ver3,20260312171736,14,749.0,0.0
2x2_slot_inorder_place_inorder_1_grasp_ver3_greedy_ver3,20260312171739,4,276.0,0.0
2x2_slot_inorder_place_inorder_1_grasp_ver3_greedy_ver3,20260312171742,6,456.0,0.015625
2x2_slot_inorder_place_inorder_1_grasp_ver3_greedy_ver3,20260312171745,14,715.0,0.0
2x2_slot_inorder_place_inorder_1_grasp_ver3_greedy_ver3,20260312171749,10,494.0,0.0
2x2_slot_inorder_place_inorder_1_grasp_ver3_greedy_ver3,20260312171754,12,731.0,0.0
2x2_slot_inorder_place_inorder_1_grasp_ver3_greedy_ver3,20260312171758,20,1103.0,0.0
2x2_slot_inorder_place_inorder_1_grasp_ver3_greedy_ver3,20260312171801,23,1289.0,0.0
2x2_slot_inorder_place_inorder_1_grasp_ver3_greedy_ver3,20260312171805,8,430.0,0.0
2x2_slot_inorder_place_inorder_1_grasp_ver3_greedy_ver3,20260312171808,10,492.0,0.0
2x2_slot_inorder_place_inorder_1_grasp_ver3_greedy_ver3,20260312171812,4,240.0,0.0
2x2_slot_inorder_place_inorder_1_grasp_ver3_greedy_ver3,20260312171815,8,550.0,0.0
2x2_slot_inorder_place_inorder_1_grasp_ver3_greedy_ver3,20260312171818,4,244.0,0.0
2x2_slot_inorder_place_inorder_1_grasp_ver3_greedy_ver3,20260312171822,12,735.0,0.0
2x2_slot_inorder_place_inorder_1_grasp_ver3_greedy_ver3,20260312171826,4,254.0,0.0
2x2_slot_inorder_place_inorder_1_grasp_ver3_greedy_ver3,20260312171830,16,849.0,0.0
2x2_slot_inorder_place_inorder_1_grasp_ver3_greedy_ver3,20260312171833,9,632.0,0.0
2x2_slot_inorder_place_inorder_1_grasp_ver3_greedy_ver3,20260312171838,24,1361.0,0.0
2x2_slot_inorder_place_inorder_1_grasp_ver3_greedy_ver3,20260312171844,6,292.0,0.015625
2x2_slot_inorder_place_inorder_1_grasp_ver3_greedy_ver3,20260312171850,42,2169.0,0.0
2x2_slot_inorder_place_inorder_1_grasp_ver3_greedy_ver3,20260312171856,6,474.0,0.0
2x2_slot_inorder_place_inorder_1_grasp_ver3_greedy_ver3,20260312171859,12,807.0,0.0
2x2_slot_inorder_place_inorder_1_grasp_ver3_greedy_ver3,20260312171902,14,721.0,0.0
2x2_slot_inorder_place_inorder_1_grasp_ver3_greedy_ver3,20260312171906,14,685.0,0.015625
2x2_slot_inorder_place_inorder_1_grasp_ver3_greedy_ver3,20260312171910,4,248.0,0.0
2x2_slot_inorder_place_inorder_1_grasp_ver3_greedy_ver3,20260312171913,10,516.0,0.0
2x2_slot_inorder_place_inorder_1_grasp_ver3_greedy_ver3,20260312171918,8,456.0,0.0
2x2_slot_inorder_place_inorder_1_grasp_ver3_greedy_ver3,20260312171923,16,737.0,0.0
2x2_slot_inorder_place_inorder_1_grasp_ver3_greedy_ver3,20260312171928,8,442.0,0.0
2x2_slot_inorder_place_inorder_1_grasp_ver3_greedy_ver3,20260312171931,4,266.0,0.0
2x2_slot_inorder_place_inorder_1_grasp_ver3_greedy_ver3,20260312171934,20,999.0,0.0
2x2_slot_inorder_place_inorder_1_grasp_ver3_greedy_ver3,20260312171939,10,626.0,0.0
2x2_slot_inorder_place_inorder_1_grasp_ver3_greedy_ver3,20260312171944,14,763.0,0.0
2x2_slot_inorder_place_inorder_1_grasp_ver3_greedy_ver3,20260312171947,2,204.0,0.0
2x2_slot_inorder_place_inorder_1_grasp_ver3_greedy_ver3,20260312171951,23,1335.0,0.0
2x2_slot_inorder_place_inorder_1_grasp_ver3_greedy_ver3,20260312171958,20,1259.0,0.0
2x2_slot_inorder_place_inorder_1_grasp_ver3_greedy_ver3,20260312172004,20,1097.0,0.0
2x2_slot_inorder_place_inorder_1_grasp_ver3_greedy_ver3,20260312172007,12,731.0,0.0
2x2_slot_inorder_place_inorder_1_grasp_ver3_greedy_ver3,20260312172011,10,780.0,0.0
2x2_slot_inorder_place_inorder_1_grasp_ver3_greedy_ver3,20260312172015,14,733.0,0.0
2x2_slot_inorder_place_inorder_1_grasp_ver3_greedy_ver3,20260312172019,2,204.0,0.0
2x2_slot_inorder_place_inorder_1_grasp_ver3_greedy_ver3,20260312172023,29,1348.0,0.0
2x2_slot_inorder_place_inorder_1_grasp_ver3_greedy_ver3,20260312172027,8,480.0,0.0
2x2_slot_inorder_place_inorder_1_grasp_ver3_greedy_ver3,20260312172030,6,600.0,0.0
2x2_slot_inorder_place_inorder_1_grasp_ver3_greedy_ver3,20260312172033,17,983.0,0.0
2x2_slot_inorder_place_inorder_1_grasp_ver3_greedy_ver3,20260312172039,14,831.0,0.0
2x2_slot_inorder_place_inorder_1_grasp_ver3_greedy_ver3,20260312172043,8,492.0,0.0
2x2_slot_inorder_place_inorder_1_grasp_ver3_greedy_ver3,20260312172047,12,618.0,0.015625
2x2_slot_inorder_place_inorder_1_grasp_ver3_greedy_ver3,20260312172052,8,574.0,0.0
2x2_slot_inorder_place_inorder_1_grasp_ver3_greedy_ver3,20260312172055,10,614.0,0.0
2x2_slot_inorder_place_inorder_1_grasp_ver3_greedy_ver3,20260312172058,15,875.0,0.0
2x2_slot_inorder_place_inorder_1_grasp_ver3_greedy_ver3,20260312172102,14,705.0,0.0
2x2_slot_inorder_place_inorder_1_grasp_ver3_greedy_ver3,20260312172105,12,550.0,0.0
2x2_slot_inorder_place_inorder_1_grasp_ver3_greedy_ver3,20260312172109,6,450.0,0.0
2x2_slot_inorder_place_inorder_1_grasp_ver3_greedy_ver3,20260312172112,9,620.0,0.0
2x2_slot_inorder_place_inorder_1_grasp_ver3_greedy_ver3,20260312172116,24,1515.0,0.0
2x2_slot_inorder_place_inorder_1_grasp_ver3_greedy_ver3,20260312172122,10,518.0,0.015625
2x2_slot_inorder_place_inorder_1_grasp_ver3_greedy_ver3,20260312172126,12,727.0,0.0
2x2_slot_inorder_place_inorder_1_grasp_ver3_greedy_ver3,20260312172130,17,1029.0,0.0
2x2_slot_inorder_place_inorder_1_grasp_ver3_greedy_ver3,20260312172134,2,264.0,0.0
2x2_slot_inorder_place_inorder_1_grasp_ver3_greedy_ver3,20260312172135,13,729.0,0.0
2x2_slot_inorder_place_inorder_1_grasp_ver3_greedy_ver3,20260312172139,14,691.0,0.0
2x2_slot_inorder_place_inorder_1_grasp_ver3_greedy_ver3,20260312172144,16,807.0,0.0
2x2_slot_inorder_place_inorder_1_grasp_ver3_greedy_ver3,20260312172148,8,528.0,0.015625
2x2_slot_inorder_place_inorder_1_grasp_ver3_greedy_ver3,20260312172151,17,1031.0,0.0
2x2_slot_inorder_place_inorder_1_grasp_ver3_greedy_ver3,20260312172156,16,797.0,0.0
2x2_slot_inorder_place_inorder_1_grasp_ver3_greedy_ver3,20260312172202,26,1515.0,0.0
2x2_slot_inorder_place_inorder_1_grasp_ver3_greedy_ver3,20260312172207,14,691.0,0.0
2x2_slot_inorder_place_inorder_1_grasp_ver3_greedy_ver3,20260312172212,14,727.0,0.0
2x2_slot_inorder_place_inorder_1_grasp_ver3_greedy_ver3,20260312172217,10,508.0,0.0
2x2_slot_inorder_place_inorder_1_grasp_ver3_greedy_ver3,20260312172221,18,1207.0,0.0
2x2_slot_inorder_place_inorder_1_grasp_ver3_greedy_ver3,20260312172224,5,340.0,0.0
2x2_slot_inorder_place_inorder_1_grasp_ver3_greedy_ver3,20260312172229,16,701.0,0.0
2x2_slot_inorder_place_inorder_1_grasp_ver3_greedy_ver3,20260312172234,12,695.0,0.0
2x2_slot_inorder_place_inorder_1_grasp_ver3_greedy_ver3,20260312172236,17,917.0,0.0
2x2_slot_inorder_place_inorder_1_grasp_ver3_greedy_ver3,20260312172242,24,1153.0,0.0
2x2_slot_inorder_place_inorder_1_grasp_ver3_greedy_ver3,20260312172248,14,809.0,0.0
2x2_slot_inorder_place_inorder_1_grasp_ver3_greedy_ver3,20260312172251,2,302.0,0.0
2x2_slot_inorder_place_inorder_1_grasp_ver3_greedy_ver3,20260312172255,14,817.0,0.0
2x2_slot_inorder_place_inorder_1_grasp_ver3_greedy_ver3,20260312172300,14,679.0,0.0
2x2_slot_inorder_place_inorder_1_grasp_ver3_greedy_ver3,20260312172305,6,460.0,0.0
2x2_slot_inorder_place_inorder_1_grasp_ver3_greedy_ver3,20260312172307,14,721.0,0.0
2x2_slot_inorder_place_inorder_1_grasp_ver3_greedy_ver3,20260312172312,20,1055.0,0.0
2x2_slot_inorder_place_inorder_1_grasp_ver3_greedy_ver3,20260312172316,4,264.0,0.0
2x2_slot_inorder_place_inorder_1_grasp_ver3_greedy_ver3,20260312172320,14,727.0,0.0
2x2_slot_inorder_place_inorder_1_grasp_ver3_greedy_ver3,20260312172324,14,885.0,0.0
2x2_slot_inorder_place_inorder_1_grasp_ver3_greedy_ver3,20260312172328,2,214.0,0.0
2x2_slot_inorder_place_inorder_1_grasp_ver3_greedy_ver3,20260312172330,4,272.0,0.0
2x2_slot_inorder_place_inorder_1_grasp_ver3_greedy_ver3,20260312172333,6,438.0,0.0
2x2_slot_inorder_place_inorder_1_grasp_ver3_greedy_ver3,20260312172337,12,731.0,0.0
2x2_slot_inorder_place_inorder_1_grasp_ver3_greedy_ver3,20260312172340,8,442.0,0.0
2x2_slot_inorder_place_inorder_1_grasp_ver3_greedy_ver3,20260312172344,26,1436.0,0.0
2x2_slot_inorder_place_inorder_1_grasp_ver3_greedy_ver3,20260312172349,8,532.0,0.0
2x2_slot_inorder_place_inorder_1_grasp_ver3_greedy_ver3,20260312172352,12,673.0,0.0
2x2_slot_inorder_place_inorder_1_grasp_ver3_greedy_ver3,20260312172357,16,707.0,0.0
2x2_slot_inorder_place_inorder_1_grasp_ver3_greedy_ver3,20260312172402,8,478.0,0.0
2x2_slot_inorder_place_inorder_1_grasp_ver3_greedy_ver3,20260312172406,18,985.0,0.0
2x2_slot_inorder_place_inorder_1_grasp_ver3_greedy_ver3,20260312172409,14,729.0,0.0
2x2_slot_inorder_place_inorder_1_grasp_ver3_greedy_ver3,20260312172415,29,1546.0,0.0
2x2_slot_inorder_place_inorder_1_grasp_ver3_greedy_ver3,20260312172419,4,256.0,0.0
2x2_slot_inorder_place_inorder_1_grasp_ver3_greedy_ver3,20260312172423,12,745.0,0.0
2x2_slot_inorder_place_inorder_1_grasp_ver3_greedy_ver3,20260312172427,12,731.0,0.0
2x2_slot_inorder_place_inorder_1_grasp_ver3_greedy_ver3,20260312172431,10,506.0,0.0
2x2_slot_inorder_place_inorder_1_grasp_ver3_greedy_ver3,20260312172435,10,512.0,0.0
2x2_slot_inorder_place_inorder_1_grasp_ver3_greedy_ver3,20260312172438,14,727.0,0.0
2x2_slot_inorder_place_inorder_1_grasp_ver3_greedy_ver3,20260312172443,15,763.0,0.0
2x2_slot_inorder_place_inorder_1_grasp_ver3_greedy_ver3,20260312172448,14,711.0,0.0
2x2_slot_inorder_place_inorder_1_grasp_ver3_greedy_ver3,20260312172453,12,643.0,0.0
2x2_slot_inorder_place_inorder_1_grasp_ver3_greedy_ver3,20260312172457,11,720.0,0.0
2x2_slot_inorder_place_inorder_1_grasp_ver3_greedy_ver3,20260312172501,4,258.0,0.0
2x2_slot_inorder_place_inorder_1_grasp_ver3_greedy_ver3,20260312172507,24,1373.0,0.0
2x2_slot_inorder_place_inorder_1_grasp_ver3_greedy_ver3,20260312172512,14,691.0,0.0
2x2_slot_inorder_place_inorder_1_grasp_ver3_greedy_ver3,20260312172517,10,524.0,0.0
2x2_slot_inorder_place_inorder_1_grasp_ver3_greedy_ver3,20260312172521,4,254.0,0.0
2x2_slot_inorder_place_inorder_1_grasp_ver3_greedy_ver3,20260312172524,17,835.0,0.0
2x2_slot_inorder_place_inorder_1_grasp_ver3_greedy_ver3,20260312172529,16,733.0,0.0
2x2_slot_inorder_place_inorder_1_grasp_ver3_greedy_ver3,20260312172534,4,248.0,0.0
2x2_slot_inorder_place_inorder_1_grasp_ver3_greedy_ver3,20260312172538,10,472.0,0.0
2x2_slot_inorder_place_inorder_1_grasp_ver3_greedy_ver3,20260312172541,14,729.0,0.0
2x2_slot_inorder_place_inorder_1_grasp_ver3_greedy_ver3,20260312172547,16,731.0,0.0
2x2_slot_inorder_place_inorder_1_grasp_ver3_greedy_ver3,20260312172553,16,701.0,0.0
2x2_slot_inorder_place_inorder_1_greedy_ver3_grasp_ver3,20260312170029,7,520.0,0.015625
2x2_slot_inorder_place_inorder_1_greedy_ver3_grasp_ver3,20260312170033,2,270.0,0.0
2x2_slot_inorder_place_inorder_1_greedy_ver3_grasp_ver3,20260312170035,17,937.0,0.015625
2x2_slot_inorder_place_inorder_1_greedy_ver3_grasp_ver3,20260312170037,15,815.0,0.0
2x2_slot_inorder_place_inorder_1_greedy_ver3_grasp_ver3,20260312170042,5,404.0,0.0
2x2_slot_inorder_place_inorder_1_greedy_ver3_grasp_ver3,20260312170044,14,805.0,0.0
2x2_slot_inorder_place_inorder_1_greedy_ver3_grasp_ver3,20260312170047,2,230.0,0.0
2x2_slot_inorder_place_inorder_1_greedy_ver3_grasp_ver3,20260312170049,9,604.0,0.0
2x2_slot_inorder_place_inorder_1_greedy_ver3_grasp_ver3,20260312170052,20,1079.0,0.0
2x2_slot_inorder_place_inorder_1_greedy_ver3_grasp_ver3,20260312170057,8,536.0,0.0
2x2_slot_inorder_place_inorder_1_greedy_ver3_grasp_ver3,20260312170100,11,655.0,0.0
2x2_slot_inorder_place_inorder_1_greedy_ver3_grasp_ver3,20260312170104,7,520.0,0.0
2x2_slot_inorder_place_inorder_1_greedy_ver3_grasp_ver3,20260312170107,15,873.0,0.0
2x2_slot_inorder_place_inorder_1_greedy_ver3_grasp_ver3,20260312170108,5,394.0,0.0
2x2_slot_inorder_place_inorder_1_greedy_ver3_grasp_ver3,20260312170111,24,1343.0,0.0
2x2_slot_inorder_place_inorder_1_greedy_ver3_grasp_ver3,20260312170119,19,1119.0,0.0
2x2_slot_inorder_place_inorder_1_greedy_ver3_grasp_ver3,20260312170124,9,584.0,0.0
2x2_slot_inorder_place_inorder_1_greedy_ver3_grasp_ver3,20260312170127,4,310.0,0.015625
2x2_slot_inorder_place_inorder_1_greedy_ver3_grasp_ver3,20260312170130,10,542.0,0.0
2x2_slot_inorder_place_inorder_1_greedy_ver3_grasp_ver3,20260312170134,4,316.0,0.015625
2x2_slot_inorder_place_inorder_1_greedy_ver3_grasp_ver3,20260312170137,17,945.0,0.0
2x2_slot_inorder_place_inorder_1_greedy_ver3_grasp_ver3,20260312170139,13,811.0,0.0
2x2_slot_inorder_place_inorder_1_greedy_ver3_grasp_ver3,20260312170142,5,314.0,0.0
2x2_slot_inorder_place_inorder_1_greedy_ver3_grasp_ver3,20260312170145,12,779.0,0.0
2x2_slot_inorder_place_inorder_1_greedy_ver3_grasp_ver3,20260312170149,10,532.0,0.0
2x2_slot_inorder_place_inorder_1_greedy_ver3_grasp_ver3,20260312170153,7,552.0,0.0
2x2_slot_inorder_place_inorder_1_greedy_ver3_grasp_ver3,20260312170156,5,450.0,0.0
2x2_slot_inorder_place_inorder_1_greedy_ver3_grasp_ver3,20260312170159,7,544.0,0.0
2x2_slot_inorder_place_inorder_1_greedy_ver3_grasp_ver3,20260312170202,4,326.0,0.0
2x2_slot_inorder_place_inorder_1_greedy_ver3_grasp_ver3,20260312170205,12,800.0,0.0
2x2_slot_inorder_place_inorder_1_greedy_ver3_grasp_ver3,20260312170208,4,298.0,0.0
2x2_slot_inorder_place_inorder_1_greedy_ver3_grasp_ver3,20260312170211,8,500.0,0.0
2x2_slot_inorder_place_inorder_1_greedy_ver3_grasp_ver3,20260312170214,14,769.0,0.015625
2x2_slot_inorder_place_inorder_1_greedy_ver3_grasp_ver3,20260312170219,5,404.0,0.0
2x2_slot_inorder_place_inorder_1_greedy_ver3_grasp_ver3,20260312170221,16,1021.0,0.0
2x2_slot_inorder_place_inorder_1_greedy_ver3_grasp_ver3,20260312170226,13,787.0,0.0
2x2_slot_inorder_place_inorder_1_greedy_ver3_grasp_ver3,20260312170230,15,761.0,0.0
2x2_slot_inorder_place_inorder_1_greedy_ver3_grasp_ver3,20260312170235,9,670.0,0.0
2x2_slot_inorder_place_inorder_1_greedy_ver3_grasp_ver3,20260312170238,12,592.0,0.0
2x2_slot_inorder_place_inorder_1_greedy_ver3_grasp_ver3,20260312170240,7,502.0,0.0
2x2_slot_inorder_place_inorder_1_greedy_ver3_grasp_ver3,20260312170243,14,727.0,0.0
2x2_slot_inorder_place_inorder_1_greedy_ver3_grasp_ver3,20260312170248,16,899.0,0.0
2x2_slot_inorder_place_inorder_1_greedy_ver3_grasp_ver3,20260312170251,13,759.0,0.0
2x2_slot_inorder_place_inorder_1_greedy_ver3_grasp_ver3,20260312170256,14,885.0,0.0
2x2_slot_inorder_place_inorder_1_greedy_ver3_grasp_ver3,20260312170259,4,338.0,0.0
2x2_slot_inorder_place_inorder_1_greedy_ver3_grasp_ver3,20260312170302,7,560.0,0.0
2x2_slot_inorder_place_inorder_1_greedy_ver3_grasp_ver3,20260312170305,7,512.0,0.0
2x2_slot_inorder_place_inorder_1_greedy_ver3_grasp_ver3,20260312170309,20,969.0,0.0
2x2_slot_inorder_place_inorder_1_greedy_ver3_grasp_ver3,20260312170311,6,322.0,0.0
2x2_slot_inorder_place_inorder_1_greedy_ver3_grasp_ver3,20260312170315,8,492.0,0.0
2x2_slot_inorder_place_inorder_1_greedy_ver3_grasp_ver3,20260312170318,11,671.0,0.0
2x2_slot_inorder_place_inorder_1_greedy_ver3_grasp_ver3,20260312170322,10,532.0,0.0
2x2_slot_inorder_place_inorder_1_greedy_ver3_grasp_ver3,20260312170326,7,552.0,0.015625
2x2_slot_inorder_place_inorder_1_greedy_ver3_grasp_ver3,20260312170329,14,791.0,0.0
2x2_slot_inorder_place_inorder_1_greedy_ver3_grasp_ver3,20260312170332,9,804.0,0.0
2x2_slot_inorder_place_inorder_1_greedy_ver3_grasp_ver3,20260312170335,10,532.0,0.0
2x2_slot_inorder_place_inorder_1_greedy_ver3_grasp_ver3,20260312170339,7,552.0,0.0
2x2_slot_inorder_place_inorder_1_greedy_ver3_grasp_ver3,20260312170341,11,640.0,0.0
2x2_slot_inorder_place_inorder_1_greedy_ver3_grasp_ver3,20260312170344,12,745.0,0.0
2x2_slot_inorder_place_inorder_1_greedy_ver3_grasp_ver3,20260312170347,21,1315.0,0.0
2x2_slot_inorder_place_inorder_1_greedy_ver3_grasp_ver3,20260312170353,7,560.0,0.015625
2x2_slot_inorder_place_inorder_1_greedy_ver3_grasp_ver3,20260312170356,10,542.0,0.0
2x2_slot_inorder_place_inorder_1_greedy_ver3_grasp_ver3,20260312170400,8,522.0,0.0
2x2_slot_inorder_place_inorder_1_greedy_ver3_grasp_ver3,20260312170403,13,789.0,0.0
2x2_slot_inorder_place_inorder_1_greedy_ver3_grasp_ver3,20260312170407,13,789.0,0.0
2x2_slot_inorder_place_inorder_1_greedy_ver3_grasp_ver3,20260312170411,27,1515.0,0.0
2x2_slot_inorder_place_inorder_1_greedy_ver3_grasp_ver3,20260312170415,13,825.0,0.0
2x2_slot_inorder_place_inorder_1_greedy_ver3_grasp_ver3,20260312170419,11,679.0,0.0
2x2_slot_inorder_place_inorder_1_greedy_ver3_grasp_ver3,20260312170423,4,290.0,0.0
2x2_slot_inorder_place_inorder_1_greedy_ver3_grasp_ver3,20260312170426,7,528.0,0.0
2x2_slot_inorder_place_inorder_1_greedy_ver3_grasp_ver3,20260312170429,11,731.0,0.0
2x2_slot_inorder_place_inorder_1_greedy_ver3_grasp_ver3,20260312170432,17,1049.0,0.0
2x2_slot_inorder_place_inorder_1_greedy_ver3_grasp_ver3,20260312170436,10,572.0,0.0
2x2_slot_inorder_place_inorder_1_greedy_ver3_grasp_ver3,20260312170439,28,1413.0,0.0
2x2_slot_inorder_place_inorder_1_greedy_ver3_grasp_ver3,20260312170443,3,252.0,0.0
2x2_slot_inorder_place_inorder_1_greedy_ver3_grasp_ver3,20260312170445,8,480.0,0.0
2x2_slot_inorder_place_inorder_1_greedy_ver3_grasp_ver3,20260312170448,7,560.0,0.0
2x2_slot_inorder_place_inorder_1_greedy_ver3_grasp_ver3,20260312170452,14,869.0,0.0
2x2_slot_inorder_place_inorder_1_greedy_ver3_grasp_ver3,20260312170455,2,290.0,0.0
2x2_slot_inorder_place_inorder_1_greedy_ver3_grasp_ver3,20260312170457,9,554.0,0.0
2x2_slot_inorder_place_inorder_1_greedy_ver3_grasp_ver3,20260312170501,11,675.0,0.0
2x2_slot_inorder_place_inorder_1_greedy_ver3_grasp_ver3,20260312170505,8,510.0,0.0
2x2_slot_inorder_place_inorder_1_greedy_ver3_grasp_ver3,20260312170508,13,697.0,0.0
2x2_slot_inorder_place_inorder_1_greedy_ver3_grasp_ver3,20260312170512,20,941.0,0.0
2x2_slot_inorder_place_inorder_1_greedy_ver3_grasp_ver3,20260312170514,12,834.0,0.0
2x2_slot_inorder_place_inorder_1_greedy_ver3_grasp_ver3,20260312170518,5,410.0,0.0
2x2_slot_inorder_place_inorder_1_greedy_ver3_grasp_ver3,20260312170521,8,590.0,0.0
2x2_slot_inorder_place_inorder_1_greedy_ver3_grasp_ver3,20260312170524,4,300.0,0.0
2x2_slot_inorder_place_inorder_1_greedy_ver3_grasp_ver3,20260312170527,8,530.0,0.0
2x2_slot_inorder_place_inorder_1_greedy_ver3_grasp_ver3,20260312170530,4,296.0,0.0
2x2_slot_inorder_place_inorder_1_greedy_ver3_grasp_ver3,20260312170533,10,552.0,0.0
2x2_slot_inorder_place_inorder_1_greedy_ver3_grasp_ver3,20260312170537,7,532.0,0.0
2x2_slot_inorder_place_inorder_1_greedy_ver3_grasp_ver3,20260312170540,6,468.0,0.0
2x2_slot_inorder_place_inorder_1_greedy_ver3_grasp_ver3,20260312170543,20,981.0,0.0
2x2_slot_inorder_place_inorder_1_greedy_ver3_grasp_ver3,20260312170548,15,789.0,0.0
2x2_slot_inorder_place_inorder_1_greedy_ver3_grasp_ver3,20260312170553,12,632.0,0.0
2x2_slot_inorder_place_inorder_1_greedy_ver3_grasp_ver3,20260312170558,20,1121.0,0.0
2x2_slot_inorder_place_inorder_1_greedy_ver3_grasp_ver3,20260312170605,28,1360.0,0.0
2x2_slot_inorder_place_inorder_1_greedy_ver3_grasp_ver3,20260312170610,12,757.0,0.0
2x2_slot_inorder_place_inorder_1_greedy_ver3_grasp_ver3,20260312170614,27,1325.0,0.0
2x2_slot_inorder_place_inorder_1_greedy_ver3_grasp_ver3,20260312170617,4,302.0,0.0
2x2_slot_inorder_place_inorder_1_greedy_ver3_grasp_ver3,20260312170620,10,556.0,0.0
2x2_slot_inorder_place_inorder_1_greedy_ver3_grasp_ver3,20260312170623,7,540.0,0.0
2x2_slot_inorder_place_inorder_1_greedy_ver3_grasp_ver3,20260312170627,9,576.0,0.0
2x2_slot_inorder_place_inorder_1_greedy_ver3_grasp_ver3,20260312170631,17,867.0,0.0
2x2_slot_inorder_place_inorder_1_greedy_ver3_grasp_ver3,20260312170636,9,568.0,0.0
2x2_slot_inorder_place_inorder_1_greedy_ver3_grasp_ver3,20260312170640,4,308.0,0.0
2x2_slot_inorder_place_inorder_1_greedy_ver3_grasp_ver3,20260312170643,18,1141.0,0.0
2x2_slot_inorder_place_inorder_1_greedy_ver3_grasp_ver3,20260312170648,6,412.0,0.0
2x2_slot_inorder_place_inorder_1_greedy_ver3_grasp_ver3,20260312170651,15,839.0,0.0
2x2_slot_inorder_place_inorder_1_greedy_ver3_grasp_ver3,20260312170656,5,394.0,0.015625
2x2_slot_inorder_place_inorder_1_greedy_ver3_grasp_ver3,20260312170658,19,1095.0,0.0
2x2_slot_inorder_place_inorder_1_greedy_ver3_grasp_ver3,20260312170704,20,1087.0,0.015625
2x2_slot_inorder_place_inorder_1_greedy_ver3_grasp_ver3,20260312170711,14,773.0,0.015625
2x2_slot_inorder_place_inorder_1_greedy_ver3_grasp_ver3,20260312170716,23,1169.0,0.0
2x2_slot_inorder_place_inorder_1_greedy_ver3_grasp_ver3,20260312170718,6,510.0,0.0
2x2_slot_inorder_place_inorder_1_greedy_ver3_grasp_ver3,20260312170721,14,799.0,0.0
2x2_slot_inorder_place_inorder_1_greedy_ver3_grasp_ver3,20260312170726,5,394.0,0.0
2x2_slot_inorder_place_inorder_1_greedy_ver3_grasp_ver3,20260312170728,20,1091.0,0.0
2x2_slot_inorder_place_inorder_1_greedy_ver3_grasp_ver3,20260312170733,8,520.0,0.0
2x2_slot_inorder_place_inorder_1_greedy_ver3_grasp_ver3,20260312170736,6,540.0,0.0
2x2_slot_inorder_place_inorder_1_greedy_ver3_grasp_ver3,20260312170739,17,971.0,0.0
2x2_slot_inorder_place_inorder_1_greedy_ver3_grasp_ver3,20260312170746,20,951.0,0.0
2x2_slot_inorder_place_inorder_1_greedy_ver3_grasp_ver3,20260312170748,9,588.0,0.015625
2x2_slot_inorder_place_inorder_1_greedy_ver3_grasp_ver3,20260312170752,9,568.0,0.0
2x2_slot_inorder_place_inorder_1_greedy_ver3_grasp_ver3,20260312170756,8,574.0,0.0
2x2_slot_inorder_place_inorder_1_greedy_ver3_grasp_ver3,20260312170759,10,554.0,0.0
2x2_slot_inorder_place_inorder_1_greedy_ver3_grasp_ver3,20260312170802,15,795.0,0.0
2x2_slot_inorder_place_inorder_1_greedy_ver3_grasp_ver3,20260312170806,8,540.0,0.0
2x2_slot_inorder_place_inorder_1_greedy_ver3_grasp_ver3,20260312170810,10,562.0,0.0
2x2_slot_inorder_place_inorder_1_greedy_ver3_grasp_ver3,20260312170814,13,773.0,0.0
2x2_slot_inorder_place_inorder_1_greedy_ver3_grasp_ver3,20260312170817,16,1089.0,0.0
2x2_slot_inorder_place_inorder_1_greedy_ver3_grasp_ver3,20260312170819,15,983.0,0.0
2x2_slot_inorder_place_inorder_1_greedy_ver3_grasp_ver3,20260312170824,6,334.0,0.0
2x2_slot_inorder_place_inorder_1_greedy_ver3_grasp_ver3,20260312170828,13,777.0,0.0
2x2_slot_inorder_place_inorder_1_greedy_ver3_grasp_ver3,20260312170832,17,979.0,0.0
2x2_slot_inorder_place_inorder_1_greedy_ver3_grasp_ver3,20260312170837,2,274.0,0.015625
2x2_slot_inorder_place_inorder_1_greedy_ver3_grasp_ver3,20260312170839,7,498.0,0.0
2x2_slot_inorder_place_inorder_1_greedy_ver3_grasp_ver3,20260312170843,15,761.0,0.0
2x2_slot_inorder_place_inorder_1_greedy_ver3_grasp_ver3,20260312170847,8,530.0,0.0
2x2_slot_inorder_place_inorder_1_greedy_ver3_grasp_ver3,20260312170850,8,488.0,0.015625
2x2_slot_inorder_place_inorder_1_greedy_ver3_grasp_ver3,20260312170853,17,1031.0,0.0
2x2_slot_inorder_place_inorder_1_greedy_ver3_grasp_ver3,20260312170857,16,857.0,0.015625
2x2_slot_inorder_place_inorder_1_greedy_ver3_grasp_ver3,20260312170903,20,1237.0,0.0
2x2_slot_inorder_place_inorder_1_greedy_ver3_grasp_ver3,20260312170910,15,761.0,0.0
2x2_slot_inorder_place_inorder_1_greedy_ver3_grasp_ver3,20260312170915,15,807.0,0.0
2x2_slot_inorder_place_inorder_1_greedy_ver3_grasp_ver3,20260312170918,10,522.0,0.0
2x2_slot_inorder_place_inorder_1_greedy_ver3_grasp_ver3,20260312170922,18,1121.0,0.0
2x2_slot_inorder_place_inorder_1_greedy_ver3_grasp_ver3,20260312170926,5,340.0,0.0
2x2_slot_inorder_place_inorder_1_greedy_ver3_grasp_ver3,20260312170929,17,839.0,0.0
2x2_slot_inorder_place_inorder_1_greedy_ver3_grasp_ver3,20260312170935,12,635.0,0.0
2x2_slot_inorder_place_inorder_1_greedy_ver3_grasp_ver3,20260312170940,8,554.0,0.015625
2x2_slot_inorder_place_inorder_1_greedy_ver3_grasp_ver3,20260312170944,27,1424.0,0.0
2x2_slot_inorder_place_inorder_1_greedy_ver3_grasp_ver3,20260312170949,15,859.0,0.0
2x2_slot_inorder_place_inorder_1_greedy_ver3_grasp_ver3,20260312170954,2,272.0,0.0
2x2_slot_inorder_place_inorder_1_greedy_ver3_grasp_ver3,20260312170956,12,622.0,0.0
2x2_slot_inorder_place_inorder_1_greedy_ver3_grasp_ver3,20260312171002,12,552.0,0.0
2x2_slot_inorder_place_inorder_1_greedy_ver3_grasp_ver3,20260312171007,7,550.0,0.0
2x2_slot_inorder_place_inorder_1_greedy_ver3_grasp_ver3,20260312171010,15,811.0,0.0
2x2_slot_inorder_place_inorder_1_greedy_ver3_grasp_ver3,20260312171015,18,929.0,0.0
2x2_slot_inorder_place_inorder_1_greedy_ver3_grasp_ver3,20260312171020,7,550.0,0.0
2x2_slot_inorder_place_inorder_1_greedy_ver3_grasp_ver3,20260312171021,15,763.0,0.0
2x2_slot_inorder_place_inorder_1_greedy_ver3_grasp_ver3,20260312171026,8,710.0,0.0
2x2_slot_inorder_place_inorder_1_greedy_ver3_grasp_ver3,20260312171029,2,204.0,0.0
2x2_slot_inorder_place_inorder_1_greedy_ver3_grasp_ver3,20260312171032,4,294.0,0.015625
2x2_slot_inorder_place_inorder_1_greedy_ver3_grasp_ver3,20260312171035,7,498.0,0.0
2x2_slot_inorder_place_inorder_1_greedy_ver3_grasp_ver3,20260312171038,13,781.0,0.0
2x2_slot_inorder_place_inorder_1_greedy_ver3_grasp_ver3,20260312171042,9,558.0,0.0
2x2_slot_inorder_place_inorder_1_greedy_ver3_grasp_ver3,20260312171046,22,1151.0,0.0
2x2_slot_inorder_place_inorder_1_greedy_ver3_grasp_ver3,20260312171051,16,893.0,0.0
2x2_slot_inorder_place_inorder_1_greedy_ver3_grasp_ver3,20260312171053,13,803.0,0.0
2x2_slot_inorder_place_inorder_1_greedy_ver3_grasp_ver3,20260312171057,17,843.0,0.0
2x2_slot_inorder_place_inorder_1_greedy_ver3_grasp_ver3,20260312171103,8,518.0,0.0
2x2_slot_inorder_place_inorder_1_greedy_ver3_grasp_ver3,20260312171106,17,905.0,0.0
2x2_slot_inorder_place_inorder_1_greedy_ver3_grasp_ver3,20260312171111,15,761.0,0.0
2x2_slot_inorder_place_inorder_1_greedy_ver3_grasp_ver3,20260312171116,30,1664.0,0.0
2x2_slot_inorder_place_inorder_1_greedy_ver3_grasp_ver3,20260312171122,8,508.0,0.0
2x2_slot_inorder_place_inorder_1_greedy_ver3_grasp_ver3,20260312171123,12,715.0,0.0
2x2_slot_inorder_place_inorder_1_greedy_ver3_grasp_ver3,20260312171127,13,781.0,0.015625
2x2_slot_inorder_place_inorder_1_greedy_ver3_grasp_ver3,20260312171131,10,524.0,0.0
2x2_slot_inorder_place_inorder_1_greedy_ver3_grasp_ver3,20260312171135,10,528.0,0.0
2x2_slot_inorder_place_inorder_1_greedy_ver3_grasp_ver3,20260312171139,16,987.0,0.0
2x2_slot_inorder_place_inorder_1_greedy_ver3_grasp_ver3,20260312171144,20,1035.0,0.0
2x2_slot_inorder_place_inorder_1_greedy_ver3_grasp_ver3,20260312171149,15,841.0,0.0
2x2_slot_inorder_place_inorder_1_greedy_ver3_grasp_ver3,20260312171153,13,773.0,0.0
2x2_slot_inorder_place_inorder_1_greedy_ver3_grasp_ver3,20260312171157,11,720.0,0.0
2x2_slot_inorder_place_inorder_1_greedy_ver3_grasp_ver3,20260312171201,4,288.0,0.0
2x2_slot_inorder_place_inorder_1_greedy_ver3_grasp_ver3,20260312171204,26,1543.0,0.0
2x2_slot_inorder_place_inorder_1_greedy_ver3_grasp_ver3,20260312171212,15,781.0,0.0
2x2_slot_inorder_place_inorder_1_greedy_ver3_grasp_ver3,20260312171217,10,538.0,0.0
2x2_slot_inorder_place_inorder_1_greedy_ver3_grasp_ver3,20260312171221,4,284.0,0.0
2x2_slot_inorder_place_inorder_1_greedy_ver3_grasp_ver3,20260312171224,32,1558.0,0.0
2x2_slot_inorder_place_inorder_1_greedy_ver3_grasp_ver3,20260312171226,17,843.0,0.0
2x2_slot_inorder_place_inorder_1_greedy_ver3_grasp_ver3,20260312171232,4,298.0,0.015625
2x2_slot_inorder_place_inorder_1_greedy_ver3_grasp_ver3,20260312171235,10,502.0,0.0
2x2_slot_inorder_place_inorder_1_greedy_ver3_grasp_ver3,20260312171240,15,771.0,0.0
2x2_slot_inorder_place_inorder_1_greedy_ver3_grasp_ver3,20260312171245,17,839.0,0.0
2x2_slot_inorder_place_inorder_1_greedy_ver3_grasp_ver3,20260312171251,17,839.0,0.0
2x2_slot_inorder_place_inorder_1_greedy_ver3_greedy_ver3,20260312170031,10,630.0,0.0
2x2_slot_inorder_place_inorder_1_greedy_ver3_greedy_ver3,20260312170034,2,220.0,0.015625
2x2_slot_inorder_place_inorder_1_greedy_ver3_greedy_ver3,20260312170035,17,937.0,0.0
2x2_slot_inorder_place_inorder_1_greedy_ver3_greedy_ver3,20260312170039,14,685.0,0.0
2x2_slot_inorder_place_inorder_1_greedy_ver3_greedy_ver3,20260312170043,4,254.0,0.0
2x2_slot_inorder_place_inorder_1_greedy_ver3_greedy_ver3,20260312170045,14,825.0,0.0
2x2_slot_inorder_place_inorder_1_greedy_ver3_greedy_ver3,20260312170048,2,260.0,0.0
2x2_slot_inorder_place_inorder_1_greedy_ver3_greedy_ver3,20260312170051,9,674.0,0.0
2x2_slot_inorder_place_inorder_1_greedy_ver3_greedy_ver3,20260312170054,23,1095.0,0.0
2x2_slot_inorder_place_inorder_1_greedy_ver3_greedy_ver3,20260312170059,8,496.0,0.0
2x2_slot_inorder_place_inorder_1_greedy_ver3_greedy_ver3,20260312170102,14,685.0,0.0
2x2_slot_inorder_place_inorder_1_greedy_ver3_greedy_ver3,20260312170105,6,460.0,0.0
2x2_slot_inorder_place_inorder_1_greedy_ver3_greedy_ver3,20260312170107,15,873.0,0.0
2x2_slot_inorder_place_inorder_1_greedy_ver3_greedy_ver3,20260312170110,4,244.0,0.0
2x2_slot_inorder_place_inorder_1_greedy_ver3_greedy_ver3,20260312170114,27,1579.0,0.0
2x2_slot_inorder_place_inorder_1_greedy_ver3_greedy_ver3,20260312170121,21,1139.0,0.0
2x2_slot_inorder_place_inorder_1_greedy_ver3_greedy_ver3,20260312170126,9,604.0,0.0
2x2_slot_inorder_place_inorder_1_greedy_ver3_greedy_ver3,20260312170129,4,338.0,0.0
2x2_slot_inorder_place_inorder_1_greedy_ver3_greedy_ver3,20260312170132,10,528.0,0.0
2x2_slot_inorder_place_inorder_1_greedy_ver3_greedy_ver3,20260312170136,4,346.0,0.0
2x2_slot_inorder_place_inorder_1_greedy_ver3_greedy_ver3,20260312170137,17,945.0,0.0
2x2_slot_inorder_place_inorder_1_greedy_ver3_greedy_ver3,20260312170141,13,811.0,0.0
2x2_slot_inorder_place_inorder_1_greedy_ver3_greedy_ver3,20260312170144,5,326.0,0.0
2x2_slot_inorder_place_inorder_1_greedy_ver3_greedy_ver3,20260312170147,12,779.0,0.0
2x2_slot_inorder_place_inorder_1_greedy_ver3_greedy_ver3,20260312170151,10,502.0,0.015625
2x2_slot_inorder_place_inorder_1_greedy_ver3_greedy_ver3,20260312170154,6,412.0,0.0
2x2_slot_inorder_place_inorder_1_greedy_ver3_greedy_ver3,20260312170157,5,450.0,0.0
2x2_slot_inorder_place_inorder_1_greedy_ver3_greedy_ver3,20260312170201,6,404.0,0.0
2x2_slot_inorder_place_inorder_1_greedy_ver3_greedy_ver3,20260312170204,4,356.0,0.015625
2x2_slot_inorder_place_inorder_1_greedy_ver3_greedy_ver3,20260312170207,11,668.0,0.0
2x2_slot_inorder_place_inorder_1_greedy_ver3_greedy_ver3,20260312170210,4,278.0,0.0
2x2_slot_inorder_place_inorder_1_greedy_ver3_greedy_ver3,20260312170213,8,460.0,0.015625
2x2_slot_inorder_place_inorder_1_greedy_ver3_greedy_ver3,20260312170217,14,699.0,0.0
2x2_slot_inorder_place_inorder_1_greedy_ver3_greedy_ver3,20260312170220,4,254.0,0.0
2x2_slot_inorder_place_inorder_1_greedy_ver3_greedy_ver3,20260312170224,14,727.0,0.0
2x2_slot_inorder_place_inorder_1_greedy_ver3_greedy_ver3,20260312170228,13,787.0,0.015625
2x2_slot_inorder_place_inorder_1_greedy_ver3_greedy_ver3,20260312170232,14,691.0,0.0
2x2_slot_inorder_place_inorder_1_greedy_ver3_greedy_ver3,20260312170236,9,670.0,0.0
2x2_slot_inorder_place_inorder_1_greedy_ver3_greedy_ver3,20260312170238,12,592.0,0.0
2x2_slot_inorder_place_inorder_1_greedy_ver3_greedy_ver3,20260312170241,6,482.0,0.015625
2x2_slot_inorder_place_inorder_1_greedy_ver3_greedy_ver3,20260312170245,14,697.0,0.0
2x2_slot_inorder_place_inorder_1_greedy_ver3_greedy_ver3,20260312170249,16,909.0,0.0
2x2_slot_inorder_place_inorder_1_greedy_ver3_greedy_ver3,20260312170253,16,855.0,0.0
2x2_slot_inorder_place_inorder_1_greedy_ver3_greedy_ver3,20260312170257,21,1205.0,0.0
2x2_slot_inorder_place_inorder_1_greedy_ver3_greedy_ver3,20260312170301,4,248.0,0.0
2x2_slot_inorder_place_inorder_1_greedy_ver3_greedy_ver3,20260312170304,6,420.0,0.0
2x2_slot_inorder_place_inorder_1_greedy_ver3_greedy_ver3,20260312170307,10,622.0,0.015625
2x2_slot_inorder_place_inorder_1_greedy_ver3_greedy_ver3,20260312170309,20,969.0,0.0
2x2_slot_inorder_place_inorder_1_greedy_ver3_greedy_ver3,20260312170313,8,422.0,0.0
2x2_slot_inorder_place_inorder_1_greedy_ver3_greedy_ver3,20260312170317,8,532.0,0.0
2x2_slot_inorder_place_inorder_1_greedy_ver3_greedy_ver3,20260312170320,14,711.0,0.0
2x2_slot_inorder_place_inorder_1_greedy_ver3_greedy_ver3,20260312170324,10,516.0,0.0
2x2_slot_inorder_place_inorder_1_greedy_ver3_greedy_ver3,20260312170327,6,412.0,0.0
2x2_slot_inorder_place_inorder_1_greedy_ver3_greedy_ver3,20260312170330,14,955.0,0.0
2x2_slot_inorder_place_inorder_1_greedy_ver3_greedy_ver3,20260312170334,9,834.0,0.0
2x2_slot_inorder_place_inorder_1_greedy_ver3_greedy_ver3,20260312170337,10,516.0,0.0
2x2_slot_inorder_place_inorder_1_greedy_ver3_greedy_ver3,20260312170341,11,640.0,0.0
2x2_slot_inorder_place_inorder_1_greedy_ver3_greedy_ver3,20260312170342,8,540.0,0.0
2x2_slot_inorder_place_inorder_1_greedy_ver3_greedy_ver3,20260312170345,12,655.0,0.0
2x2_slot_inorder_place_inorder_1_greedy_ver3_greedy_ver3,20260312170350,17,949.0,0.0
2x2_slot_inorder_place_inorder_1_greedy_ver3_greedy_ver3,20260312170355,8,440.0,0.0
2x2_slot_inorder_place_inorder_1_greedy_ver3_greedy_ver3,20260312170358,10,520.0,0.0
2x2_slot_inorder_place_inorder_1_greedy_ver3_greedy_ver3,20260312170401,8,482.0,0.0
2x2_slot_inorder_place_inorder_1_greedy_ver3_greedy_ver3,20260312170405,12,739.0,0.0
2x2_slot_inorder_place_inorder_1_greedy_ver3_greedy_ver3,20260312170409,12,659.0,0.0
2x2_slot_inorder_place_inorder_1_greedy_ver3_greedy_ver3,20260312170411,27,1515.0,0.0
2x2_slot_inorder_place_inorder_1_greedy_ver3_greedy_ver3,20260312170416,22,1199.0,0.0
2x2_slot_inorder_place_inorder_1_greedy_ver3_greedy_ver3,20260312170421,14,719.0,0.0
2x2_slot_inorder_place_inorder_1_greedy_ver3_greedy_ver3,20260312170424,4,256.0,0.0
2x2_slot_inorder_place_inorder_1_greedy_ver3_greedy_ver3,20260312170427,6,388.0,0.0
2x2_slot_inorder_place_inorder_1_greedy_ver3_greedy_ver3,20260312170430,11,731.0,0.0
2x2_slot_inorder_place_inorder_1_greedy_ver3_greedy_ver3,20260312170434,17,1079.0,0.0
2x2_slot_inorder_place_inorder_1_greedy_ver3_greedy_ver3,20260312170438,10,622.0,0.0
2x2_slot_inorder_place_inorder_1_greedy_ver3_greedy_ver3,20260312170442,28,1523.0,0.0
2x2_slot_inorder_place_inorder_1_greedy_ver3_greedy_ver3,20260312170444,3,252.0,0.0
2x2_slot_inorder_place_inorder_1_greedy_ver3_greedy_ver3,20260312170447,8,520.0,0.0
2x2_slot_inorder_place_inorder_1_greedy_ver3_greedy_ver3,20260312170450,10,600.0,0.0
2x2_slot_inorder_place_inorder_1_greedy_ver3_greedy_ver3,20260312170453,14,749.0,0.0
2x2_slot_inorder_place_inorder_1_greedy_ver3_greedy_ver3,20260312170456,4,276.0,0.0
2x2_slot_inorder_place_inorder_1_greedy_ver3_greedy_ver3,20260312170459,8,454.0,0.0
2x2_slot_inorder_place_inorder_1_greedy_ver3_greedy_ver3,20260312170503,14,715.0,0.0
2x2_slot_inorder_place_inorder_1_greedy_ver3_greedy_ver3,20260312170506,8,430.0,0.015625
2x2_slot_inorder_place_inorder_1_greedy_ver3_greedy_ver3,20260312170510,12,657.0,0.0
2x2_slot_inorder_place_inorder_1_greedy_ver3_greedy_ver3,20260312170512,20,941.0,0.0
2x2_slot_inorder_place_inorder_1_greedy_ver3_greedy_ver3,20260312170516,14,787.0,0.0
2x2_slot_inorder_place_inorder_1_greedy_ver3_greedy_ver3,20260312170519,8,430.0,0.0
2x2_slot_inorder_place_inorder_1_greedy_ver3_greedy_ver3,20260312170522,10,502.0,0.0
2x2_slot_inorder_place_inorder_1_greedy_ver3_greedy_ver3,20260312170526,4,260.0,0.0
2x2_slot_inorder_place_inorder_1_greedy_ver3_greedy_ver3,20260312170529,8,490.0,0.0
2x2_slot_inorder_place_inorder_1_greedy_ver3_greedy_ver3,20260312170532,4,244.0,0.0
2x2_slot_inorder_place_inorder_1_greedy_ver3_greedy_ver3,20260312170535,10,536.0,0.0
2x2_slot_inorder_place_inorder_1_greedy_ver3_greedy_ver3,20260312170539,6,392.0,0.0
2x2_slot_inorder_place_inorder_1_greedy_ver3_greedy_ver3,20260312170542,6,488.0,0.0
2x2_slot_inorder_place_inorder_1_greedy_ver3_greedy_ver3,20260312170545,19,963.0,0.0
2x2_slot_inorder_place_inorder_1_greedy_ver3_greedy_ver3,20260312170550,14,699.0,0.0
2x2_slot_inorder_place_inorder_1_greedy_ver3_greedy_ver3,20260312170555,18,1115.0,0.0
2x2_slot_inorder_place_inorder_1_greedy_ver3_greedy_ver3,20260312170601,25,1511.0,0.0
2x2_slot_inorder_place_inorder_1_greedy_ver3_greedy_ver3,20260312170607,32,1612.0,0.0
2x2_slot_inorder_place_inorder_1_greedy_ver3_greedy_ver3,20260312170612,12,807.0,0.015625
2x2_slot_inorder_place_inorder_1_greedy_ver3_greedy_ver3,20260312170614,27,1325.0,0.0
2x2_slot_inorder_place_inorder_1_greedy_ver3_greedy_ver3,20260312170618,4,258.0,0.0
2x2_slot_inorder_place_inorder_1_greedy_ver3_greedy_ver3,20260312170621,10,536.0,0.0
2x2_slot_inorder_place_inorder_1_greedy_ver3_greedy_ver3,20260312170625,10,570.0,0.015625
2x2_slot_inorder_place_inorder_1_greedy_ver3_greedy_ver3,20260312170629,8,456.0,0.0
2x2_slot_inorder_place_inorder_1_greedy_ver3_greedy_ver3,20260312170634,16,737.0,0.0
2x2_slot_inorder_place_inorder_1_greedy_ver3_greedy_ver3,20260312170638,8,442.0,0.0
2x2_slot_inorder_place_inorder_1_greedy_ver3_greedy_ver3,20260312170642,4,266.0,0.0
2x2_slot_inorder_place_inorder_1_greedy_ver3_greedy_ver3,20260312170644,20,999.0,0.0
2x2_slot_inorder_place_inorder_1_greedy_ver3_greedy_ver3,20260312170649,10,626.0,0.0
2x2_slot_inorder_place_inorder_1_greedy_ver3_greedy_ver3,20260312170653,14,729.0,0.0
2x2_slot_inorder_place_inorder_1_greedy_ver3_greedy_ver3,20260312170657,4,244.0,0.0
2x2_slot_inorder_place_inorder_1_greedy_ver3_greedy_ver3,20260312170701,23,1335.0,0.0
2x2_slot_inorder_place_inorder_1_greedy_ver3_greedy_ver3,20260312170707,24,1487.0,0.0
2x2_slot_inorder_place_inorder_1_greedy_ver3_greedy_ver3,20260312170713,14,699.0,0.0
2x2_slot_inorder_place_inorder_1_greedy_ver3_greedy_ver3,20260312170716,23,1169.0,0.0
2x2_slot_inorder_place_inorder_1_greedy_ver3_greedy_ver3,20260312170719,10,780.0,0.0
2x2_slot_inorder_place_inorder_1_greedy_ver3_greedy_ver3,20260312170724,14,729.0,0.0
2x2_slot_inorder_place_inorder_1_greedy_ver3_greedy_ver3,20260312170727,4,244.0,0.0
2x2_slot_inorder_place_inorder_1_greedy_ver3_greedy_ver3,20260312170730,29,1348.0,0.0
2x2_slot_inorder_place_inorder_1_greedy_ver3_greedy_ver3,20260312170735,8,480.0,0.0
2x2_slot_inorder_place_inorder_1_greedy_ver3_greedy_ver3,20260312170738,6,600.0,0.0
2x2_slot_inorder_place_inorder_1_greedy_ver3_greedy_ver3,20260312170742,20,1133.0,0.015625
2x2_slot_inorder_place_inorder_1_greedy_ver3_greedy_ver3,20260312170746,20,951.0,0.0
2x2_slot_inorder_place_inorder_1_greedy_ver3_greedy_ver3,20260312170750,8,462.0,0.0
2x2_slot_inorder_place_inorder_1_greedy_ver3_greedy_ver3,20260312170754,12,618.0,0.0
2x2_slot_inorder_place_inorder_1_greedy_ver3_greedy_ver3,20260312170758,8,574.0,0.0
2x2_slot_inorder_place_inorder_1_greedy_ver3_greedy_ver3,20260312170801,10,614.0,0.0
2x2_slot_inorder_place_inorder_1_greedy_ver3_greedy_ver3,20260312170804,15,875.0,0.0
2x2_slot_inorder_place_inorder_1_greedy_ver3_greedy_ver3,20260312170808,14,705.0,0.0
2x2_slot_inorder_place_inorder_1_greedy_ver3_greedy_ver3,20260312170812,10,544.0,0.0
2x2_slot_inorder_place_inorder_1_greedy_ver3_greedy_ver3,20260312170815,12,643.0,0.0
2x2_slot_inorder_place_inorder_1_greedy_ver3_greedy_ver3,20260312170817,16,1089.0,0.0
2x2_slot_inorder_place_inorder_1_greedy_ver3_greedy_ver3,20260312170821,24,1515.0,0.0
2x2_slot_inorder_place_inorder_1_greedy_ver3_greedy_ver3,20260312170826,6,284.0,0.0
2x2_slot_inorder_place_inorder_1_greedy_ver3_greedy_ver3,20260312170830,12,727.0,0.0
2x2_slot_inorder_place_inorder_1_greedy_ver3_greedy_ver3,20260312170835,17,1029.0,0.0
2x2_slot_inorder_place_inorder_1_greedy_ver3_greedy_ver3,20260312170838,2,304.0,0.0
2x2_slot_inorder_place_inorder_1_greedy_ver3_greedy_ver3,20260312170841,6,438.0,0.0
2x2_slot_inorder_place_inorder_1_greedy_ver3_greedy_ver3,20260312170845,14,691.0,0.0
2x2_slot_inorder_place_inorder_1_greedy_ver3_greedy_ver3,20260312170848,12,614.0,0.0
2x2_slot_inorder_place_inorder_1_greedy_ver3_greedy_ver3,20260312170852,8,528.0,0.0
2x2_slot_inorder_place_inorder_1_greedy_ver3_greedy_ver3,20260312170855,17,1031.0,0.0
2x2_slot_inorder_place_inorder_1_greedy_ver3_greedy_ver3,20260312170900,16,797.0,0.0
2x2_slot_inorder_place_inorder_1_greedy_ver3_greedy_ver3,20260312170906,26,1515.0,0.0
2x2_slot_inorder_place_inorder_1_greedy_ver3_greedy_ver3,20260312170913,14,691.0,0.0
2x2_slot_inorder_place_inorder_1_greedy_ver3_greedy_ver3,20260312170917,14,727.0,0.0
2x2_slot_inorder_place_inorder_1_greedy_ver3_greedy_ver3,20260312170920,10,508.0,0.0
2x2_slot_inorder_place_inorder_1_greedy_ver3_greedy_ver3,20260312170924,18,1207.0,0.0
2x2_slot_inorder_place_inorder_1_greedy_ver3_greedy_ver3,20260312170928,5,340.0,0.0
2x2_slot_inorder_place_inorder_1_greedy_ver3_greedy_ver3,20260312170932,16,701.0,0.0
2x2_slot_inorder_place_inorder_1_greedy_ver3_greedy_ver3,20260312170937,12,695.0,0.0
2x2_slot_inorder_place_inorder_1_greedy_ver3_greedy_ver3,20260312170942,8,454.0,0.0
2x2_slot_inorder_place_inorder_1_greedy_ver3_greedy_ver3,20260312170947,28,1296.0,0.0
2x2_slot_inorder_place_inorder_1_greedy_ver3_greedy_ver3,20260312170952,14,779.0,0.0
2x2_slot_inorder_place_inorder_1_greedy_ver3_greedy_ver3,20260312170955,2,302.0,0.0
2x2_slot_inorder_place_inorder_1_greedy_ver3_greedy_ver3,20260312170959,14,817.0,0.0
2x2_slot_inorder_place_inorder_1_greedy_ver3_greedy_ver3,20260312171004,12,582.0,0.0
2x2_slot_inorder_place_inorder_1_greedy_ver3_greedy_ver3,20260312171008,6,410.0,0.0
2x2_slot_inorder_place_inorder_1_greedy_ver3_greedy_ver3,20260312171012,14,721.0,0.0
2x2_slot_inorder_place_inorder_1_greedy_ver3_greedy_ver3,20260312171017,18,907.0,0.0
2x2_slot_inorder_place_inorder_1_greedy_ver3_greedy_ver3,20260312171019,6,410.0,0.0
2x2_slot_inorder_place_inorder_1_greedy_ver3_greedy_ver3,20260312171023,14,757.0,0.0
2x2_slot_inorder_place_inorder_1_greedy_ver3_greedy_ver3,20260312171027,14,885.0,0.0
2x2_slot_inorder_place_inorder_1_greedy_ver3_greedy_ver3,20260312171031,2,214.0,0.0
2x2_slot_inorder_place_inorder_1_greedy_ver3_greedy_ver3,20260312171033,4,272.0,0.0
2x2_slot_inorder_place_inorder_1_greedy_ver3_greedy_ver3,20260312171037,6,438.0,0.0
2x2_slot_inorder_place_inorder_1_greedy_ver3_greedy_ver3,20260312171040,12,731.0,0.0
2x2_slot_inorder_place_inorder_1_greedy_ver3_greedy_ver3,20260312171044,8,442.0,0.0
2x2_slot_inorder_place_inorder_1_greedy_ver3_greedy_ver3,20260312171049,26,1436.0,0.0
2x2_slot_inorder_place_inorder_1_greedy_ver3_greedy_ver3,20260312171051,16,893.0,0.0
2x2_slot_inorder_place_inorder_1_greedy_ver3_greedy_ver3,20260312171055,12,673.0,0.0
2x2_slot_inorder_place_inorder_1_greedy_ver3_greedy_ver3,20260312171100,16,707.0,0.0
2x2_slot_inorder_place_inorder_1_greedy_ver3_greedy_ver3,20260312171104,8,478.0,0.0
2x2_slot_inorder_place_inorder_1_greedy_ver3_greedy_ver3,20260312171109,18,985.0,0.0
2x2_slot_inorder_place_inorder_1_greedy_ver3_greedy_ver3,20260312171113,14,691.0,0.0
2x2_slot_inorder_place_inorder_1_greedy_ver3_greedy_ver3,20260312171119,29,1546.0,0.0
2x2_slot_inorder_place_inorder_1_greedy_ver3_greedy_ver3,20260312171122,8,508.0,0.0
2x2_slot_inorder_place_inorder_1_greedy_ver3_greedy_ver3,20260312171125,12,745.0,0.0
2x2_slot_inorder_place_inorder_1_greedy_ver3_greedy_ver3,20260312171129,12,657.0,0.0
2x2_slot_inorder_place_inorder_1_greedy_ver3_greedy_ver3,20260312171133,10,506.0,0.0
2x2_slot_inorder_place_inorder_1_greedy_ver3_greedy_ver3,20260312171137,10,512.0,0.0
2x2_slot_inorder_place_inorder_1_greedy_ver3_greedy_ver3,20260312171142,14,727.0,0.0
2x2_slot_inorder_place_inorder_1_greedy_ver3_greedy_ver3,20260312171147,15,763.0,0.0
2x2_slot_inorder_place_inorder_1_greedy_ver3_greedy_ver3,20260312171152,14,711.0,0.0
2x2_slot_inorder_place_inorder_1_greedy_ver3_greedy_ver3,20260312171155,12,643.0,0.0
2x2_slot_inorder_place_inorder_1_greedy_ver3_greedy_ver3,20260312171159,11,720.0,0.0
2x2_slot_inorder_place_inorder_1_greedy_ver3_greedy_ver3,20260312171202,4,258.0,0.015625
2x2_slot_inorder_place_inorder_1_greedy_ver3_greedy_ver3,20260312171208,24,1347.0,0.0
2x2_slot_inorder_place_inorder_1_greedy_ver3_greedy_ver3,20260312171214,14,691.0,0.0
2x2_slot_inorder_place_inorder_1_greedy_ver3_greedy_ver3,20260312171219,10,524.0,0.0
2x2_slot_inorder_place_inorder_1_greedy_ver3_greedy_ver3,20260312171222,4,254.0,0.0
2x2_slot_inorder_place_inorder_1_greedy_ver3_greedy_ver3,20260312171224,32,1558.0,0.0
2x2_slot_inorder_place_inorder_1_greedy_ver3_greedy_ver3,20260312171229,16,707.0,0.0
2x2_slot_inorder_place_inorder_1_greedy_ver3_greedy_ver3,20260312171233,4,248.0,0.0
2x2_slot_inorder_place_inorder_1_greedy_ver3_greedy_ver3,20260312171238,10,472.0,0.0
2x2_slot_inorder_place_inorder_1_greedy_ver3_greedy_ver3,20260312171243,14,691.0,0.0
2x2_slot_inorder_place_inorder_1_greedy_ver3_greedy_ver3,20260312171248,16,731.0,0.0
2x2_slot_inorder_place_inorder_1_greedy_ver3_greedy_ver3,20260312171254,16,701.0,0.0
2x2_slot_inorder_place_inorder_5_grasp_ver3_grasp_ver3,20260310122049,5,420.0,0.0
2x2_slot_inorder_place_inorder_5_grasp_ver3_grasp_ver3,20260310122051,2,254.0,0.0
2x2_slot_inorder_place_inorder_5_grasp_ver3_grasp_ver3,20260310122053,2,276.0,0.0
2x2_slot_inorder_place_inorder_5_grasp_ver3_grasp_ver3,20260310122055,15,871.0,0.0
2x2_slot_inorder_place_inorder_5_grasp_ver3_grasp_ver3,20260310122059,9,580.0,0.015625
2x2_slot_inorder_place_inorder_5_grasp_ver3_grasp_ver3,20260310122102,5,424.0,0.0
2x2_slot_inorder_place_inorder_5_grasp_ver3_grasp_ver3,20260310122105,11,604.0,0.015625
2x2_slot_inorder_place_inorder_5_grasp_ver3_grasp_ver3,20260310122109,2,330.0,0.015625
2x2_slot_inorder_place_inorder_5_grasp_ver3_grasp_ver3,20260310122111,11,655.0,0.0
2x2_slot_inorder_place_inorder_5_grasp_ver3_grasp_ver3,20260310122114,14,757.0,0.0
2x2_slot_inorder_place_inorder_5_grasp_ver3_grasp_ver3,20260310122117,8,558.0,0.015625
2x2_slot_inorder_place_inorder_5_grasp_ver3_grasp_ver3,20260310122122,12,723.0,0.0
2x2_slot_inorder_place_inorder_5_grasp_ver3_grasp_ver3,20260310122126,24,1337.0,0.0
2x2_slot_inorder_place_inorder_5_grasp_ver3_grasp_ver3,20260310122133,19,947.0,0.0
2x2_slot_inorder_place_inorder_5_grasp_ver3_grasp_ver3,20260310122139,2,222.0,0.0
2x2_slot_inorder_place_inorder_5_grasp_ver3_grasp_ver3,20260310122141,2,240.0,0.0
2x2_slot_inorder_place_inorder_5_grasp_ver3_grasp_ver3,20260310122143,5,470.0,0.0
2x2_slot_inorder_place_inorder_5_grasp_ver3_grasp_ver3,20260310122146,14,967.0,0.0
2x2_slot_inorder_place_inorder_5_grasp_ver3_grasp_ver3,20260310122150,19,1121.0,0.0
2x2_slot_inorder_place_inorder_5_grasp_ver3_grasp_ver3,20260310122154,13,703.0,0.0
2x2_slot_inorder_place_inorder_5_grasp_ver3_grasp_ver3,20260310122158,3,324.0,0.0
2x2_slot_inorder_place_inorder_5_grasp_ver3_grasp_ver3,20260310122200,11,626.0,0.0
2x2_slot_inorder_place_inorder_5_grasp_ver3_grasp_ver3,20260310122205,4,302.0,0.0
2x2_slot_inorder_place_inorder_5_grasp_ver3_grasp_ver3,20260310122207,4,314.0,0.0
2x2_slot_inorder_place_inorder_5_grasp_ver3_grasp_ver3,20260310122210,10,564.0,0.0
2x2_slot_inorder_place_inorder_5_grasp_ver3_grasp_ver3,20260310122215,11,675.0,0.0
2x2_slot_inorder_place_inorder_5_grasp_ver3_grasp_ver3,20260310122218,6,302.0,0.0
2x2_slot_inorder_place_inorder_5_grasp_ver3_grasp_ver3,20260310122220,7,498.0,0.0
2x2_slot_inorder_place_inorder_5_grasp_ver3_grasp_ver3,20260310122223,9,742.0,0.0
2x2_slot_inorder_place_inorder_5_grasp_ver3_grasp_ver3,20260310122226,15,871.0,0.0
2x2_slot_inorder_place_inorder_5_grasp_ver3_grasp_ver3,20260310122230,20,1151.0,0.0
2x2_slot_inorder_place_inorder_5_grasp_ver3_grasp_ver3,20260310122235,2,174.0,0.0
2x2_slot_inorder_place_inorder_5_grasp_ver3_grasp_ver3,20260310122237,16,891.0,0.0
2x2_slot_inorder_place_inorder_5_grasp_ver3_grasp_ver3,20260310122240,21,1035.0,0.0
2x2_slot_inorder_place_inorder_5_grasp_ver3_grasp_ver3,20260310122246,14,865.0,0.0
2x2_slot_inorder_place_inorder_5_grasp_ver3_grasp_ver3,20260310122249,7,496.0,0.0
2x2_slot_inorder_place_inorder_5_grasp_ver3_grasp_ver3,20260310122253,8,554.0,0.0
2x2_slot_inorder_place_inorder_5_grasp_ver3_grasp_ver3,20260310122255,2,262.0,0.015625
2x2_slot_inorder_place_inorder_5_grasp_ver3_grasp_ver3,20260310122257,2,270.0,0.0
2x2_slot_inorder_place_inorder_5_grasp_ver3_grasp_ver3,20260310122259,5,420.0,0.0
2x2_slot_inorder_place_inorder_5_grasp_ver3_grasp_ver3,20260310122302,8,486.0,0.0
2x2_slot_inorder_place_inorder_5_grasp_ver3_grasp_ver3,20260310122304,6,330.0,0.0
2x2_slot_inorder_place_inorder_5_grasp_ver3_grasp_ver3,20260310122307,9,466.0,0.0
2x2_slot_inorder_place_inorder_5_grasp_ver3_grasp_ver3,20260310122312,10,528.0,0.0
2x2_slot_inorder_place_inorder_5_grasp_ver3_grasp_ver3,20260310122315,6,320.0,0.0
2x2_slot_inorder_place_inorder_5_grasp_ver3_grasp_ver3,20260310122317,5,420.0,0.0
2x2_slot_inorder_place_inorder_5_grasp_ver3_grasp_ver3,20260310122321,4,304.0,0.0
2x2_slot_inorder_place_inorder_5_grasp_ver3_grasp_ver3,20260310122324,4,280.0,0.0
2x2_slot_inorder_place_inorder_5_grasp_ver3_grasp_ver3,20260310122326,26,1547.0,0.0
2x2_slot_inorder_place_inorder_5_grasp_ver3_grasp_ver3,20260310122333,18,948.0,0.0
2x2_slot_inorder_place_inorder_5_grasp_ver3_grasp_ver3,20260310122337,8,494.0,0.0
2x2_slot_inorder_place_inorder_5_grasp_ver3_grasp_ver3,20260310122340,10,552.0,0.015625
2x2_slot_inorder_place_inorder_5_grasp_ver3_grasp_ver3,20260310122344,11,645.0,0.0
2x2_slot_inorder_place_inorder_5_grasp_ver3_grasp_ver3,20260310122346,12,779.0,0.0
2x2_slot_inorder_place_inorder_5_grasp_ver3_grasp_ver3,20260310122350,16,1119.0,0.0
2x2_slot_inorder_place_inorder_5_grasp_ver3_grasp_ver3,20260310122355,8,530.0,0.0
2x2_slot_inorder_place_inorder_5_grasp_ver3_grasp_ver3,20260310122358,12,688.0,0.0
2x2_slot_inorder_place_inorder_5_grasp_ver3_grasp_ver3,20260310122403,9,554.0,0.0
2x2_slot_inorder_place_inorder_5_grasp_ver3_grasp_ver3,20260310122406,4,312.0,0.0
2x2_slot_inorder_place_inorder_5_grasp_ver3_grasp_ver3,20260310122409,28,1584.0,0.0
2x2_slot_inorder_place_inorder_5_grasp_ver3_grasp_ver3,20260310122413,13,805.0,0.0
2x2_slot_inorder_place_inorder_5_grasp_ver3_grasp_ver3,20260310122416,13,755.0,0.0
2x2_slot_inorder_place_inorder_5_grasp_ver3_grasp_ver3,20260310122419,5,342.0,0.0
2x2_slot_inorder_place_inorder_5_grasp_ver3_grasp_ver3,20260310122422,9,590.0,0.0
2x2_slot_inorder_place_inorder_5_grasp_ver3_grasp_ver3,20260310122425,17,1063.0,0.0
2x2_slot_inorder_place_inorder_5_grasp_ver3_grasp_ver3,20260310122430,2,290.0,0.0
2x2_slot_inorder_place_inorder_5_grasp_ver3_grasp_ver3,20260310122432,2,246.0,0.0
2x2_slot_inorder_place_inorder_5_grasp_ver3_grasp_ver3,20260310122434,5,420.0,0.0
2x2_slot_inorder_place_inorder_5_grasp_ver3_grasp_ver3,20260310122437,8,524.0,0.0
2x2_slot_inorder_place_inorder_5_grasp_ver3_grasp_ver3,20260310122439,2,262.0,0.0
2x2_slot_inorder_place_inorder_5_grasp_ver3_grasp_ver3,20260310122441,5,420.0,0.0
2x2_slot_inorder_place_inorder_5_grasp_ver3_grasp_ver3,20260310122444,10,544.0,0.0
2x2_slot_inorder_place_inorder_5_grasp_ver3_grasp_ver3,20260310122447,2,250.0,0.0
2x2_slot_inorder_place_inorder_5_grasp_ver3_grasp_ver3,20260310122449,4,356.0,0.0
2x2_slot_inorder_place_inorder_5_grasp_ver3_grasp_ver3,20260310122452,21,1183.0,0.0
2x2_slot_inorder_place_inorder_5_grasp_ver3_grasp_ver3,20260310122457,7,532.0,0.0
2x2_slot_inorder_place_inorder_5_grasp_ver3_grasp_ver3,20260310122501,4,306.0,0.0
2x2_slot_inorder_place_inorder_5_grasp_ver3_grasp_ver3,20260310122504,8,510.0,0.0
2x2_slot_inorder_place_inorder_5_grasp_ver3_grasp_ver3,20260310122507,8,480.0,0.0
2x2_slot_inorder_place_inorder_5_grasp_ver3_grasp_ver3,20260310122509,5,336.0,0.0
2x2_slot_inorder_place_inorder_5_grasp_ver3_grasp_ver3,20260310122512,13,819.0,0.015625
2x2_slot_inorder_place_inorder_5_grasp_ver3_grasp_ver3,20260310122517,6,302.0,0.015625
2x2_slot_inorder_place_inorder_5_grasp_ver3_grasp_ver3,20260310122520,44,2094.0,0.0
2x2_slot_inorder_place_inorder_5_grasp_ver3_grasp_ver3,20260310122529,10,574.0,0.0
2x2_slot_inorder_place_inorder_5_grasp_ver3_grasp_ver3,20260310122534,15,779.0,0.0
2x2_slot_inorder_place_inorder_5_grasp_ver3_grasp_ver3,20260310122538,4,302.0,0.0
2x2_slot_inorder_place_inorder_5_grasp_ver3_grasp_ver3,20260310122541,11,615.0,0.0
2x2_slot_inorder_place_inorder_5_grasp_ver3_grasp_ver3,20260310122544,10,506.0,0.0
2x2_slot_inorder_place_inorder_5_grasp_ver3_grasp_ver3,20260310122548,7,458.0,0.0
2x2_slot_inorder_place_inorder_5_grasp_ver3_grasp_ver3,20260310122551,13,725.0,0.0
2x2_slot_inorder_place_inorder_5_grasp_ver3_grasp_ver3,20260310122554,2,274.0,0.0
2x2_slot_inorder_place_inorder_5_grasp_ver3_grasp_ver3,20260310122556,18,1057.0,0.0
2x2_slot_inorder_place_inorder_5_grasp_ver3_grasp_ver3,20260310122603,8,374.0,0.0
2x2_slot_inorder_place_inorder_5_grasp_ver3_grasp_ver3,20260310122605,16,857.0,0.0
2x2_slot_inorder_place_inorder_5_grasp_ver3_grasp_ver3,20260310122611,4,296.0,0.0
2x2_slot_inorder_place_inorder_5_grasp_ver3_grasp_ver3,20260310122614,10,570.0,0.0
2x2_slot_inorder_place_inorder_5_grasp_ver3_grasp_ver3,20260310122618,7,514.0,0.015625
2x2_slot_inorder_place_inorder_5_grasp_ver3_grasp_ver3,20260310122621,26,1449.0,0.0
2x2_slot_inorder_place_inorder_5_grasp_ver3_grasp_ver3,20260310122628,3,304.0,0.0
2x2_slot_inorder_place_inorder_5_grasp_ver3_grasp_ver3,20260310122630,18,997.0,0.0
2x2_slot_inorder_place_inorder_5_grasp_ver3_grasp_ver3,20260310122633,8,530.0,0.0
2x2_slot_inorder_place_inorder_5_grasp_ver3_grasp_ver3,20260310122636,14,813.0,0.0
2x2_slot_inorder_place_inorder_5_grasp_ver3_grasp_ver3,20260310122641,6,312.0,0.0
2x2_slot_inorder_place_inorder_5_grasp_ver3_grasp_ver3,20260310122643,14,861.0,0.0
2x2_slot_inorder_place_inorder_5_grasp_ver3_grasp_ver3,20260310122649,18,1069.0,0.015625
2x2_slot_inorder_place_inorder_5_grasp_ver3_grasp_ver3,20260310122654,9,588.0,0.015625
2x2_slot_inorder_place_inorder_5_grasp_ver3_grasp_ver3,20260310122658,9,568.0,0.0
2x2_slot_inorder_place_inorder_5_grasp_ver3_grasp_ver3,20260310122702,17,975.0,0.0
2x2_slot_inorder_place_inorder_5_grasp_ver3_grasp_ver3,20260310122707,9,548.0,0.0
2x2_slot_inorder_place_inorder_5_grasp_ver3_grasp_ver3,20260310122710,8,510.0,0.0
2x2_slot_inorder_place_inorder_5_grasp_ver3_grasp_ver3,20260310122713,9,608.0,0.0
2x2_slot_inorder_place_inorder_5_grasp_ver3_grasp_ver3,20260310122717,6,310.0,0.0
2x2_slot_inorder_place_inorder_5_grasp_ver3_grasp_ver3,20260310122719,9,724.0,0.015625
2x2_slot_inorder_place_inorder_5_grasp_ver3_grasp_ver3,20260310122722,4,304.0,0.0
2x2_slot_inorder_place_inorder_5_grasp_ver3_grasp_ver3,20260310122725,22,1203.0,0.0
2x2_slot_inorder_place_inorder_5_grasp_ver3_grasp_ver3,20260310122731,16,813.0,0.0
2x2_slot_inorder_place_inorder_5_grasp_ver3_grasp_ver3,20260310122735,7,454.0,0.0
2x2_slot_inorder_place_inorder_5_grasp_ver3_grasp_ver3,20260310122738,7,518.0,0.0
2x2_slot_inorder_place_inorder_5_grasp_ver3_grasp_ver3,20260310122740,7,452.0,0.0
2x2_slot_inorder_place_inorder_5_grasp_ver3_grasp_ver3,20260310122743,8,476.0,0.0
2x2_slot_inorder_place_inorder_5_grasp_ver3_grasp_ver3,20260310122746,18,947.0,0.0
2x2_slot_inorder_place_inorder_5_grasp_ver3_grasp_ver3,20260310122751,21,1197.0,0.0
2x2_slot_inorder_place_inorder_5_grasp_ver3_grasp_ver3,20260310122758,16,827.0,0.0
2x2_slot_inorder_place_inorder_5_grasp_ver3_grasp_ver3,20260310122802,15,709.0,0.0
2x2_slot_inorder_place_inorder_5_grasp_ver3_grasp_ver3,20260310122806,15,807.0,0.0
2x2_slot_inorder_place_inorder_5_grasp_ver3_grasp_ver3,20260310122810,26,1375.0,0.0
2x2_slot_inorder_place_inorder_5_grasp_ver3_grasp_ver3,20260310122815,2,234.0,0.0
2x2_slot_inorder_place_inorder_5_grasp_ver3_grasp_ver3,20260310122817,22,1311.0,0.0
2x2_slot_inorder_place_inorder_5_grasp_ver3_grasp_ver3,20260310122825,12,587.0,0.0
2x2_slot_inorder_place_inorder_5_grasp_ver3_grasp_ver3,20260310122829,8,542.0,0.0
2x2_slot_inorder_place_inorder_5_grasp_ver3_grasp_ver3,20260310122832,22,1275.0,0.0
2x2_slot_inorder_place_inorder_5_grasp_ver3_grasp_ver3,20260310122838,14,663.0,0.0
2x2_slot_inorder_place_inorder_5_grasp_ver3_grasp_ver3,20260310122842,2,282.0,0.0
2x2_slot_inorder_place_inorder_5_grasp_ver3_grasp_ver3,20260310122844,12,790.0,0.0
2x2_slot_inorder_place_inorder_5_grasp_ver3_grasp_ver3,20260310122849,15,757.0,0.0
2x2_slot_inorder_place_inorder_5_grasp_ver3_grasp_ver3,20260310122853,7,500.0,0.0
2x2_slot_inorder_place_inorder_5_grasp_ver3_grasp_ver3,20260310122857,15,799.0,0.0
2x2_slot_inorder_place_inorder_5_grasp_ver3_grasp_ver3,20260310122901,21,1157.0,0.0
2x2_slot_inorder_place_inorder_5_grasp_ver3_grasp_ver3,20260310122905,4,286.0,0.0
2x2_slot_inorder_place_inorder_5_grasp_ver3_grasp_ver3,20260310122908,14,663.0,0.0
2x2_slot_inorder_place_inorder_5_grasp_ver3_grasp_ver3,20260310122912,8,528.0,0.0
2x2_slot_inorder_place_inorder_5_grasp_ver3_grasp_ver3,20260310122915,2,194.0,0.0
2x2_slot_inorder_place_inorder_5_grasp_ver3_grasp_ver3,20260310122917,9,540.0,0.0
2x2_slot_inorder_place_inorder_5_grasp_ver3_grasp_ver3,20260310122921,13,781.0,0.015625
2x2_slot_inorder_place_inorder_5_grasp_ver3_grasp_ver3,20260310122924,9,558.0,0.0
2x2_slot_inorder_place_inorder_5_grasp_ver3_grasp_ver3,20260310122929,22,1185.0,0.0
2x2_slot_inorder_place_inorder_5_grasp_ver3_grasp_ver3,20260310122934,13,687.0,0.0
2x2_slot_inorder_place_inorder_5_grasp_ver3_grasp_ver3,20260310122938,2,262.0,0.0
2x2_slot_inorder_place_inorder_5_grasp_ver3_grasp_ver3,20260310122940,17,867.0,0.0
2x2_slot_inorder_place_inorder_5_grasp_ver3_grasp_ver3,20260310122945,21,1001.0,0.0
2x2_slot_inorder_place_inorder_5_grasp_ver3_grasp_ver3,20260310122950,17,933.0,0.0
2x2_slot_inorder_place_inorder_5_grasp_ver3_grasp_ver3,20260310122954,30,1522.0,0.0
2x2_slot_inorder_place_inorder_5_grasp_ver3_grasp_ver3,20260310122959,4,292.0,0.0
2x2_slot_inorder_place_inorder_5_grasp_ver3_grasp_ver3,20260310123003,12,657.0,0.0
2x2_slot_inorder_place_inorder_5_grasp_ver3_grasp_ver3,20260310123006,13,699.0,0.0
2x2_slot_inorder_place_inorder_5_grasp_ver3_grasp_ver3,20260310123010,10,572.0,0.0
2x2_slot_inorder_place_inorder_5_grasp_ver3_grasp_ver3,20260310123013,10,622.0,0.0
2x2_slot_inorder_place_inorder_5_grasp_ver3_grasp_ver3,20260310123017,14,795.0,0.0
2x2_slot_inorder_place_inorder_5_grasp_ver3_grasp_ver3,20260310123021,10,432.0,0.0
2x2_slot_inorder_place_inorder_5_grasp_ver3_grasp_ver3,20260310123023,15,817.0,0.0
2x2_slot_inorder_place_inorder_5_grasp_ver3_grasp_ver3,20260310123028,6,304.0,0.0
2x2_slot_inorder_place_inorder_5_grasp_ver3_grasp_ver3,20260310123030,11,720.0,0.0
2x2_slot_inorder_place_inorder_5_grasp_ver3_grasp_ver3,20260310123033,4,288.0,0.0
2x2_slot_inorder_place_inorder_5_grasp_ver3_grasp_ver3,20260310123037,37,1773.0,0.0
2x2_slot_inorder_place_inorder_5_grasp_ver3_grasp_ver3,20260310123046,4,252.0,0.015625
2x2_slot_inorder_place_inorder_5_grasp_ver3_grasp_ver3,20260310123049,4,284.0,0.0
2x2_slot_inorder_place_inorder_5_grasp_ver3_grasp_ver3,20260310123052,17,905.0,0.0
2x2_slot_inorder_place_inorder_5_grasp_ver3_grasp_ver3,20260310123055,17,983.0,0.0
2x2_slot_inorder_place_inorder_5_grasp_ver3_grasp_ver3,20260310123100,10,550.0,0.0
2x2_slot_inorder_place_inorder_5_grasp_ver3_grasp_ver3,20260310123104,15,749.0,0.0
2x2_slot_inorder_place_inorder_5_grasp_ver3_grasp_ver3,20260310123110,17,867.0,0.015625
2x2_slot_inorder_place_inorder_5_grasp_ver3_grasp_ver3,20260310123115,17,909.0,0.0
2x2_slot_inorder_place_inorder_5_grasp_ver3_greedy_ver3,20260310122050,8,440.0,0.0
2x2_slot_inorder_place_inorder_5_grasp_ver3_greedy_ver3,20260310122052,2,284.0,0.0
2x2_slot_inorder_place_inorder_5_grasp_ver3_greedy_ver3,20260310122054,4,262.0,0.0
2x2_slot_inorder_place_inorder_5_grasp_ver3_greedy_ver3,20260310122057,15,831.0,0.0
2x2_slot_inorder_place_inorder_5_grasp_ver3_greedy_ver3,20260310122100,16,915.0,0.0
2x2_slot_inorder_place_inorder_5_grasp_ver3_greedy_ver3,20260310122103,8,454.0,0.0
2x2_slot_inorder_place_inorder_5_grasp_ver3_greedy_ver3,20260310122107,11,674.0,0.0
2x2_slot_inorder_place_inorder_5_grasp_ver3_greedy_ver3,20260310122110,4,258.0,0.0
2x2_slot_inorder_place_inorder_5_grasp_ver3_greedy_ver3,20260310122113,10,510.0,0.0
2x2_slot_inorder_place_inorder_5_grasp_ver3_greedy_ver3,20260310122116,13,747.0,0.0
2x2_slot_inorder_place_inorder_5_grasp_ver3_greedy_ver3,20260310122120,8,430.0,0.015625
2x2_slot_inorder_place_inorder_5_grasp_ver3_greedy_ver3,20260310122123,14,763.0,0.0
2x2_slot_inorder_place_inorder_5_grasp_ver3_greedy_ver3,20260310122129,27,1557.0,0.0
2x2_slot_inorder_place_inorder_5_grasp_ver3_greedy_ver3,20260310122135,23,1351.0,0.0
2x2_slot_inorder_place_inorder_5_grasp_ver3_greedy_ver3,20260310122140,2,252.0,0.015625
2x2_slot_inorder_place_inorder_5_grasp_ver3_greedy_ver3,20260310122142,2,270.0,0.0
2x2_slot_inorder_place_inorder_5_grasp_ver3_greedy_ver3,20260310122144,5,470.0,0.0
2x2_slot_inorder_place_inorder_5_grasp_ver3_greedy_ver3,20260310122148,17,987.0,0.0
2x2_slot_inorder_place_inorder_5_grasp_ver3_greedy_ver3,20260310122151,25,1381.0,0.0
2x2_slot_inorder_place_inorder_5_grasp_ver3_greedy_ver3,20260310122156,13,657.0,0.0
2x2_slot_inorder_place_inorder_5_grasp_ver3_greedy_ver3,20260310122159,3,324.0,0.0
2x2_slot_inorder_place_inorder_5_grasp_ver3_greedy_ver3,20260310122202,11,624.0,0.0
2x2_slot_inorder_place_inorder_5_grasp_ver3_greedy_ver3,20260310122206,4,332.0,0.0
2x2_slot_inorder_place_inorder_5_grasp_ver3_greedy_ver3,20260310122209,4,314.0,0.0
2x2_slot_inorder_place_inorder_5_grasp_ver3_greedy_ver3,20260310122213,10,542.0,0.0
2x2_slot_inorder_place_inorder_5_grasp_ver3_greedy_ver3,20260310122216,14,715.0,0.0
2x2_slot_inorder_place_inorder_5_grasp_ver3_greedy_ver3,20260310122219,6,322.0,0.0
2x2_slot_inorder_place_inorder_5_grasp_ver3_greedy_ver3,20260310122221,9,514.0,0.0
2x2_slot_inorder_place_inorder_5_grasp_ver3_greedy_ver3,20260310122225,9,772.0,0.0
2x2_slot_inorder_place_inorder_5_grasp_ver3_greedy_ver3,20260310122228,15,1027.0,0.015625
2x2_slot_inorder_place_inorder_5_grasp_ver3_greedy_ver3,20260310122232,18,991.0,0.0
2x2_slot_inorder_place_inorder_5_grasp_ver3_greedy_ver3,20260310122236,2,184.0,0.0
2x2_slot_inorder_place_inorder_5_grasp_ver3_greedy_ver3,20260310122238,18,911.0,0.0
2x2_slot_inorder_place_inorder_5_grasp_ver3_greedy_ver3,20260310122243,20,995.0,0.0
2x2_slot_inorder_place_inorder_5_grasp_ver3_greedy_ver3,20260310122247,21,1175.0,0.0
2x2_slot_inorder_place_inorder_5_grasp_ver3_greedy_ver3,20260310122251,11,648.0,0.0
2x2_slot_inorder_place_inorder_5_grasp_ver3_greedy_ver3,20260310122254,8,474.0,0.0
2x2_slot_inorder_place_inorder_5_grasp_ver3_greedy_ver3,20260310122256,2,292.0,0.0
2x2_slot_inorder_place_inorder_5_grasp_ver3_greedy_ver3,20260310122258,2,220.0,0.0
2x2_slot_inorder_place_inorder_5_grasp_ver3_greedy_ver3,20260310122300,8,450.0,0.0
2x2_slot_inorder_place_inorder_5_grasp_ver3_greedy_ver3,20260310122303,8,526.0,0.015625
2x2_slot_inorder_place_inorder_5_grasp_ver3_greedy_ver3,20260310122305,6,350.0,0.0
2x2_slot_inorder_place_inorder_5_grasp_ver3_greedy_ver3,20260310122308,14,735.0,0.015625
2x2_slot_inorder_place_inorder_5_grasp_ver3_greedy_ver3,20260310122313,10,486.0,0.0
2x2_slot_inorder_place_inorder_5_grasp_ver3_greedy_ver3,20260310122316,6,340.0,0.0
2x2_slot_inorder_place_inorder_5_grasp_ver3_greedy_ver3,20260310122319,8,450.0,0.0
2x2_slot_inorder_place_inorder_5_grasp_ver3_greedy_ver3,20260310122322,4,334.0,0.0
2x2_slot_inorder_place_inorder_5_grasp_ver3_greedy_ver3,20260310122324,4,280.0,0.0
2x2_slot_inorder_place_inorder_5_grasp_ver3_greedy_ver3,20260310122329,26,1503.0,0.0
2x2_slot_inorder_place_inorder_5_grasp_ver3_greedy_ver3,20260310122335,18,937.0,0.0
2x2_slot_inorder_place_inorder_5_grasp_ver3_greedy_ver3,20260310122339,8,534.0,0.015625
2x2_slot_inorder_place_inorder_5_grasp_ver3_greedy_ver3,20260310122342,10,522.0,0.0
2x2_slot_inorder_place_inorder_5_grasp_ver3_greedy_ver3,20260310122345,10,500.0,0.0
2x2_slot_inorder_place_inorder_5_grasp_ver3_greedy_ver3,20260310122348,12,689.0,0.0
2x2_slot_inorder_place_inorder_5_grasp_ver3_greedy_ver3,20260310122353,26,1366.0,0.0
2x2_slot_inorder_place_inorder_5_grasp_ver3_greedy_ver3,20260310122357,8,490.0,0.0
2x2_slot_inorder_place_inorder_5_grasp_ver3_greedy_ver3,20260310122400,14,911.0,0.0
2x2_slot_inorder_place_inorder_5_grasp_ver3_greedy_ver3,20260310122404,10,788.0,0.015625
2x2_slot_inorder_place_inorder_5_grasp_ver3_greedy_ver3,20260310122408,4,272.0,0.0
2x2_slot_inorder_place_inorder_5_grasp_ver3_greedy_ver3,20260310122411,27,1523.0,0.0
2x2_slot_inorder_place_inorder_5_grasp_ver3_greedy_ver3,20260310122415,16,779.0,0.0
2x2_slot_inorder_place_inorder_5_grasp_ver3_greedy_ver3,20260310122418,13,775.0,0.0
2x2_slot_inorder_place_inorder_5_grasp_ver3_greedy_ver3,20260310122420,5,320.0,0.0
2x2_slot_inorder_place_inorder_5_grasp_ver3_greedy_ver3,20260310122423,8,600.0,0.0
2x2_slot_inorder_place_inorder_5_grasp_ver3_greedy_ver3,20260310122428,16,817.0,0.0
2x2_slot_inorder_place_inorder_5_grasp_ver3_greedy_ver3,20260310122431,4,306.0,0.0
2x2_slot_inorder_place_inorder_5_grasp_ver3_greedy_ver3,20260310122433,2,276.0,0.0
2x2_slot_inorder_place_inorder_5_grasp_ver3_greedy_ver3,20260310122435,8,450.0,0.0
2x2_slot_inorder_place_inorder_5_grasp_ver3_greedy_ver3,20260310122438,8,444.0,0.015625
2x2_slot_inorder_place_inorder_5_grasp_ver3_greedy_ver3,20260310122440,2,212.0,0.0
2x2_slot_inorder_place_inorder_5_grasp_ver3_greedy_ver3,20260310122442,8,450.0,0.0
2x2_slot_inorder_place_inorder_5_grasp_ver3_greedy_ver3,20260310122446,10,462.0,0.015625
2x2_slot_inorder_place_inorder_5_grasp_ver3_greedy_ver3,20260310122448,2,280.0,0.0
2x2_slot_inorder_place_inorder_5_grasp_ver3_greedy_ver3,20260310122451,4,226.0,0.0
2x2_slot_inorder_place_inorder_5_grasp_ver3_greedy_ver3,20260310122455,20,1047.0,0.0
2x2_slot_inorder_place_inorder_5_grasp_ver3_greedy_ver3,20260310122459,6,392.0,0.0
2x2_slot_inorder_place_inorder_5_grasp_ver3_greedy_ver3,20260310122503,4,254.0,0.0
2x2_slot_inorder_place_inorder_5_grasp_ver3_greedy_ver3,20260310122505,7,480.0,0.0
2x2_slot_inorder_place_inorder_5_grasp_ver3_greedy_ver3,20260310122508,8,520.0,0.0
2x2_slot_inorder_place_inorder_5_grasp_ver3_greedy_ver3,20260310122511,5,334.0,0.015625
2x2_slot_inorder_place_inorder_5_grasp_ver3_greedy_ver3,20260310122514,19,1169.0,0.0
2x2_slot_inorder_place_inorder_5_grasp_ver3_greedy_ver3,20260310122519,6,332.0,0.0
2x2_slot_inorder_place_inorder_5_grasp_ver3_greedy_ver3,20260310122525,50,2449.0,0.0
2x2_slot_inorder_place_inorder_5_grasp_ver3_greedy_ver3,20260310122530,13,773.0,0.0
2x2_slot_inorder_place_inorder_5_grasp_ver3_greedy_ver3,20260310122536,14,639.0,0.0
2x2_slot_inorder_place_inorder_5_grasp_ver3_greedy_ver3,20260310122540,4,212.0,0.0
2x2_slot_inorder_place_inorder_5_grasp_ver3_greedy_ver3,20260310122542,14,651.0,0.0
2x2_slot_inorder_place_inorder_5_grasp_ver3_greedy_ver3,20260310122546,10,516.0,0.0
2x2_slot_inorder_place_inorder_5_grasp_ver3_greedy_ver3,20260310122549,10,608.0,0.0
2x2_slot_inorder_place_inorder_5_grasp_ver3_greedy_ver3,20260310122552,12,611.0,0.015625
2x2_slot_inorder_place_inorder_5_grasp_ver3_greedy_ver3,20260310122555,2,184.0,0.0
2x2_slot_inorder_place_inorder_5_grasp_ver3_greedy_ver3,20260310122559,19,924.0,0.0
2x2_slot_inorder_place_inorder_5_grasp_ver3_greedy_ver3,20260310122604,8,414.0,0.0
2x2_slot_inorder_place_inorder_5_grasp_ver3_greedy_ver3,20260310122609,20,1199.0,0.0
2x2_slot_inorder_place_inorder_5_grasp_ver3_greedy_ver3,20260310122613,4,272.0,0.0
2x2_slot_inorder_place_inorder_5_grasp_ver3_greedy_ver3,20260310122616,10,500.0,0.0
2x2_slot_inorder_place_inorder_5_grasp_ver3_greedy_ver3,20260310122619,10,556.0,0.015625
2x2_slot_inorder_place_inorder_5_grasp_ver3_greedy_ver3,20260310122624,30,1700.0,0.0
2x2_slot_inorder_place_inorder_5_grasp_ver3_greedy_ver3,20260310122629,3,324.0,0.0
2x2_slot_inorder_place_inorder_5_grasp_ver3_greedy_ver3,20260310122631,21,1039.0,0.0
2x2_slot_inorder_place_inorder_5_grasp_ver3_greedy_ver3,20260310122635,8,490.0,0.0
2x2_slot_inorder_place_inorder_5_grasp_ver3_greedy_ver3,20260310122638,18,1095.0,0.0
2x2_slot_inorder_place_inorder_5_grasp_ver3_greedy_ver3,20260310122642,6,332.0,0.0
2x2_slot_inorder_place_inorder_5_grasp_ver3_greedy_ver3,20260310122646,17,1157.0,0.0
2x2_slot_inorder_place_inorder_5_grasp_ver3_greedy_ver3,20260310122651,20,1069.0,0.0
2x2_slot_inorder_place_inorder_5_grasp_ver3_greedy_ver3,20260310122656,8,446.0,0.0
2x2_slot_inorder_place_inorder_5_grasp_ver3_greedy_ver3,20260310122700,12,564.0,0.0
2x2_slot_inorder_place_inorder_5_grasp_ver3_greedy_ver3,20260310122705,17,991.0,0.0
2x2_slot_inorder_place_inorder_5_grasp_ver3_greedy_ver3,20260310122708,9,544.0,0.0
2x2_slot_inorder_place_inorder_5_grasp_ver3_greedy_ver3,20260310122711,14,795.0,0.0
2x2_slot_inorder_place_inorder_5_grasp_ver3_greedy_ver3,20260310122716,8,376.0,0.0
2x2_slot_inorder_place_inorder_5_grasp_ver3_greedy_ver3,20260310122718,6,330.0,0.0
2x2_slot_inorder_place_inorder_5_grasp_ver3_greedy_ver3,20260310122721,9,664.0,0.015625
2x2_slot_inorder_place_inorder_5_grasp_ver3_greedy_ver3,20260310122723,4,340.0,0.0
2x2_slot_inorder_place_inorder_5_grasp_ver3_greedy_ver3,20260310122727,28,1552.0,0.0
2x2_slot_inorder_place_inorder_5_grasp_ver3_greedy_ver3,20260310122733,16,797.0,0.0
2x2_slot_inorder_place_inorder_5_grasp_ver3_greedy_ver3,20260310122736,6,304.0,0.0
2x2_slot_inorder_place_inorder_5_grasp_ver3_greedy_ver3,20260310122739,6,386.0,0.0
2x2_slot_inorder_place_inorder_5_grasp_ver3_greedy_ver3,20260310122742,10,530.0,0.0
2x2_slot_inorder_place_inorder_5_grasp_ver3_greedy_ver3,20260310122745,8,418.0,0.0
2x2_slot_inorder_place_inorder_5_grasp_ver3_greedy_ver3,20260310122749,17,1011.0,0.0
2x2_slot_inorder_place_inorder_5_grasp_ver3_greedy_ver3,20260310122754,26,1552.0,0.0
2x2_slot_inorder_place_inorder_5_grasp_ver3_greedy_ver3,20260310122800,16,847.0,0.0
2x2_slot_inorder_place_inorder_5_grasp_ver3_greedy_ver3,20260310122804,14,639.0,0.0
2x2_slot_inorder_place_inorder_5_grasp_ver3_greedy_ver3,20260310122808,14,807.0,0.0
2x2_slot_inorder_place_inorder_5_grasp_ver3_greedy_ver3,20260310122813,26,1304.0,0.0
2x2_slot_inorder_place_inorder_5_grasp_ver3_greedy_ver3,20260310122816,2,264.0,0.0
2x2_slot_inorder_place_inorder_5_grasp_ver3_greedy_ver3,20260310122822,21,1089.0,0.0
2x2_slot_inorder_place_inorder_5_grasp_ver3_greedy_ver3,20260310122827,12,779.0,0.015625
2x2_slot_inorder_place_inorder_5_grasp_ver3_greedy_ver3,20260310122830,8,388.0,0.015625
2x2_slot_inorder_place_inorder_5_grasp_ver3_greedy_ver3,20260310122835,24,1147.0,0.0
2x2_slot_inorder_place_inorder_5_grasp_ver3_greedy_ver3,20260310122840,14,779.0,0.0
2x2_slot_inorder_place_inorder_5_grasp_ver3_greedy_ver3,20260310122843,2,312.0,0.0
2x2_slot_inorder_place_inorder_5_grasp_ver3_greedy_ver3,20260310122846,14,849.0,0.0
2x2_slot_inorder_place_inorder_5_grasp_ver3_greedy_ver3,20260310122851,14,617.0,0.0
2x2_slot_inorder_place_inorder_5_grasp_ver3_greedy_ver3,20260310122855,6,440.0,0.0
2x2_slot_inorder_place_inorder_5_grasp_ver3_greedy_ver3,20260310122859,14,679.0,0.0
2x2_slot_inorder_place_inorder_5_grasp_ver3_greedy_ver3,20260310122903,20,989.0,0.0
2x2_slot_inorder_place_inorder_5_grasp_ver3_greedy_ver3,20260310122907,4,254.0,0.0
2x2_slot_inorder_place_inorder_5_grasp_ver3_greedy_ver3,20260310122910,14,697.0,0.0
2x2_slot_inorder_place_inorder_5_grasp_ver3_greedy_ver3,20260310122914,14,915.0,0.0
2x2_slot_inorder_place_inorder_5_grasp_ver3_greedy_ver3,20260310122916,2,204.0,0.0
2x2_slot_inorder_place_inorder_5_grasp_ver3_greedy_ver3,20260310122919,8,450.0,0.0
2x2_slot_inorder_place_inorder_5_grasp_ver3_greedy_ver3,20260310122922,12,627.0,0.0
2x2_slot_inorder_place_inorder_5_grasp_ver3_greedy_ver3,20260310122926,8,492.0,0.0
2x2_slot_inorder_place_inorder_5_grasp_ver3_greedy_ver3,20260310122931,26,1465.0,0.0
2x2_slot_inorder_place_inorder_5_grasp_ver3_greedy_ver3,20260310122936,12,659.0,0.0
2x2_slot_inorder_place_inorder_5_grasp_ver3_greedy_ver3,20260310122939,2,212.0,0.0
2x2_slot_inorder_place_inorder_5_grasp_ver3_greedy_ver3,20260310122942,16,823.0,0.0
2x2_slot_inorder_place_inorder_5_grasp_ver3_greedy_ver3,20260310122947,17,887.0,0.0
2x2_slot_inorder_place_inorder_5_grasp_ver3_greedy_ver3,20260310122952,16,853.0,0.015625
2x2_slot_inorder_place_inorder_5_grasp_ver3_greedy_ver3,20260310122956,29,1574.0,0.0
2x2_slot_inorder_place_inorder_5_grasp_ver3_greedy_ver3,20260310123000,4,266.0,0.0
2x2_slot_inorder_place_inorder_5_grasp_ver3_greedy_ver3,20260310123004,12,765.0,0.015625
2x2_slot_inorder_place_inorder_5_grasp_ver3_greedy_ver3,20260310123008,12,701.0,0.0
2x2_slot_inorder_place_inorder_5_grasp_ver3_greedy_ver3,20260310123012,10,564.0,0.0
2x2_slot_inorder_place_inorder_5_grasp_ver3_greedy_ver3,20260310123015,10,612.0,0.0
2x2_slot_inorder_place_inorder_5_grasp_ver3_greedy_ver3,20260310123019,14,751.0,0.015625
2x2_slot_inorder_place_inorder_5_grasp_ver3_greedy_ver3,20260310123022,10,492.0,0.0
2x2_slot_inorder_place_inorder_5_grasp_ver3_greedy_ver3,20260310123025,14,701.0,0.0
2x2_slot_inorder_place_inorder_5_grasp_ver3_greedy_ver3,20260310123029,6,324.0,0.0
2x2_slot_inorder_place_inorder_5_grasp_ver3_greedy_ver3,20260310123031,11,760.0,0.015625
2x2_slot_inorder_place_inorder_5_grasp_ver3_greedy_ver3,20260310123036,4,258.0,0.0
2x2_slot_inorder_place_inorder_5_grasp_ver3_greedy_ver3,20260310123042,36,1858.0,0.0
2x2_slot_inorder_place_inorder_5_grasp_ver3_greedy_ver3,20260310123048,4,282.0,0.0
2x2_slot_inorder_place_inorder_5_grasp_ver3_greedy_ver3,20260310123050,4,254.0,0.0
2x2_slot_inorder_place_inorder_5_grasp_ver3_greedy_ver3,20260310123053,17,837.0,0.0
2x2_slot_inorder_place_inorder_5_grasp_ver3_greedy_ver3,20260310123057,16,783.0,0.0
2x2_slot_inorder_place_inorder_5_grasp_ver3_greedy_ver3,20260310123102,10,516.0,0.0
2x2_slot_inorder_place_inorder_5_grasp_ver3_greedy_ver3,20260310123106,14,709.0,0.0
2x2_slot_inorder_place_inorder_5_grasp_ver3_greedy_ver3,20260310123113,16,779.0,0.0
2x2_slot_inorder_place_inorder_5_grasp_ver3_greedy_ver3,20260310123118,16,819.0,0.0
2x2_slot_inorder_place_inorder_5_greedy_ver3_grasp_ver3,20260310121009,2,244.0,0.0
2x2_slot_inorder_place_inorder_5_greedy_ver3_grasp_ver3,20260310121011,16,813.0,0.0
2x2_slot_inorder_place_inorder_5_greedy_ver3_grasp_ver3,20260310121014,12,731.0,0.015625
2x2_slot_inorder_place_inorder_5_greedy_ver3_grasp_ver3,20260310121017,7,566.0,0.0
2x2_slot_inorder_place_inorder_5_greedy_ver3_grasp_ver3,20260310121020,10,642.0,0.0
2x2_slot_inorder_place_inorder_5_greedy_ver3_grasp_ver3,20260310121023,5,424.0,0.0
2x2_slot_inorder_place_inorder_5_greedy_ver3_grasp_ver3,20260310121026,7,584.0,0.0
2x2_slot_inorder_place_inorder_5_greedy_ver3_grasp_ver3,20260310121030,8,436.0,0.0
2x2_slot_inorder_place_inorder_5_greedy_ver3_grasp_ver3,20260310121033,15,749.0,0.0
2x2_slot_inorder_place_inorder_5_greedy_ver3_grasp_ver3,20260310121036,11,628.0,0.0
2x2_slot_inorder_place_inorder_5_greedy_ver3_grasp_ver3,20260310121040,13,738.0,0.0
2x2_slot_inorder_place_inorder_5_greedy_ver3_grasp_ver3,20260310121045,22,1303.0,0.0
2x2_slot_inorder_place_inorder_5_greedy_ver3_grasp_ver3,20260310121051,17,1015.0,0.0
2x2_slot_inorder_place_inorder_5_greedy_ver3_grasp_ver3,20260310121056,19,1143.0,0.0
2x2_slot_inorder_place_inorder_5_greedy_ver3_grasp_ver3,20260310121103,6,302.0,0.0
2x2_slot_inorder_place_inorder_5_greedy_ver3_grasp_ver3,20260310121105,2,240.0,0.0
2x2_slot_inorder_place_inorder_5_greedy_ver3_grasp_ver3,20260310121107,5,640.0,0.015625
2x2_slot_inorder_place_inorder_5_greedy_ver3_grasp_ver3,20260310121109,10,730.0,0.0
2x2_slot_inorder_place_inorder_5_greedy_ver3_grasp_ver3,20260310121113,11,684.0,0.0
2x2_slot_inorder_place_inorder_5_greedy_ver3_grasp_ver3,20260310121117,17,915.0,0.0
2x2_slot_inorder_place_inorder_5_greedy_ver3_grasp_ver3,20260310121121,6,398.0,0.0
2x2_slot_inorder_place_inorder_5_greedy_ver3_grasp_ver3,20260310121122,8,478.0,0.0
2x2_slot_inorder_place_inorder_5_greedy_ver3_grasp_ver3,20260310121125,4,316.0,0.0
2x2_slot_inorder_place_inorder_5_greedy_ver3_grasp_ver3,20260310121127,4,318.0,0.0
2x2_slot_inorder_place_inorder_5_greedy_ver3_grasp_ver3,20260310121130,18,1041.0,0.0
2x2_slot_inorder_place_inorder_5_greedy_ver3_grasp_ver3,20260310121136,11,675.0,0.0
2x2_slot_inorder_place_inorder_5_greedy_ver3_grasp_ver3,20260310121139,5,392.0,0.0
2x2_slot_inorder_place_inorder_5_greedy_ver3_grasp_ver3,20260310121141,4,306.0,0.0
2x2_slot_inorder_place_inorder_5_greedy_ver3_grasp_ver3,20260310121144,9,610.0,0.0
2x2_slot_inorder_place_inorder_5_greedy_ver3_grasp_ver3,20260310121147,14,861.0,0.015625
2x2_slot_inorder_place_inorder_5_greedy_ver3_grasp_ver3,20260310121150,15,720.0,0.0
2x2_slot_inorder_place_inorder_5_greedy_ver3_grasp_ver3,20260310121155,10,590.0,0.0
2x2_slot_inorder_place_inorder_5_greedy_ver3_grasp_ver3,20260310121158,16,893.0,0.0
2x2_slot_inorder_place_inorder_5_greedy_ver3_grasp_ver3,20260310121202,15,696.0,0.0
2x2_slot_inorder_place_inorder_5_greedy_ver3_grasp_ver3,20260310121206,14,815.0,0.015625
2x2_slot_inorder_place_inorder_5_greedy_ver3_grasp_ver3,20260310121211,9,606.0,0.0
2x2_slot_inorder_place_inorder_5_greedy_ver3_grasp_ver3,20260310121214,13,699.0,0.0
2x2_slot_inorder_place_inorder_5_greedy_ver3_grasp_ver3,20260310121218,13,755.0,0.0
2x2_slot_inorder_place_inorder_5_greedy_ver3_grasp_ver3,20260310121220,7,510.0,0.0
2x2_slot_inorder_place_inorder_5_greedy_ver3_grasp_ver3,20260310121223,2,262.0,0.0
2x2_slot_inorder_place_inorder_5_greedy_ver3_grasp_ver3,20260310121225,8,386.0,0.0
2x2_slot_inorder_place_inorder_5_greedy_ver3_grasp_ver3,20260310121227,8,530.0,0.0
2x2_slot_inorder_place_inorder_5_greedy_ver3_grasp_ver3,20260310121230,2,270.0,0.0
2x2_slot_inorder_place_inorder_5_greedy_ver3_grasp_ver3,20260310121232,8,482.0,0.0
2x2_slot_inorder_place_inorder_5_greedy_ver3_grasp_ver3,20260310121236,2,240.0,0.0
2x2_slot_inorder_place_inorder_5_greedy_ver3_grasp_ver3,20260310121238,6,330.0,0.0
2x2_slot_inorder_place_inorder_5_greedy_ver3_grasp_ver3,20260310121240,2,270.0,0.0
2x2_slot_inorder_place_inorder_5_greedy_ver3_grasp_ver3,20260310121244,13,767.0,0.0
2x2_slot_inorder_place_inorder_5_greedy_ver3_grasp_ver3,20260310121246,18,1049.0,0.0
2x2_slot_inorder_place_inorder_5_greedy_ver3_grasp_ver3,20260310121251,25,1405.0,0.0
2x2_slot_inorder_place_inorder_5_greedy_ver3_grasp_ver3,20260310121257,8,398.0,0.0
2x2_slot_inorder_place_inorder_5_greedy_ver3_grasp_ver3,20260310121259,10,566.0,0.0
2x2_slot_inorder_place_inorder_5_greedy_ver3_grasp_ver3,20260310121303,7,530.0,0.0
2x2_slot_inorder_place_inorder_5_greedy_ver3_grasp_ver3,20260310121305,13,638.0,0.0
2x2_slot_inorder_place_inorder_5_greedy_ver3_grasp_ver3,20260310121309,11,659.0,0.0
2x2_slot_inorder_place_inorder_5_greedy_ver3_grasp_ver3,20260310121312,12,692.0,0.0
2x2_slot_inorder_place_inorder_5_greedy_ver3_grasp_ver3,20260310121318,11,580.0,0.0
2x2_slot_inorder_place_inorder_5_greedy_ver3_grasp_ver3,20260310121322,6,370.0,0.0
2x2_slot_inorder_place_inorder_5_greedy_ver3_grasp_ver3,20260310121325,4,282.0,0.015625
2x2_slot_inorder_place_inorder_5_greedy_ver3_grasp_ver3,20260310121327,14,717.0,0.0
2x2_slot_inorder_place_inorder_5_greedy_ver3_grasp_ver3,20260310121330,9,470.0,0.0
2x2_slot_inorder_place_inorder_5_greedy_ver3_grasp_ver3,20260310121333,8,596.0,0.0
2x2_slot_inorder_place_inorder_5_greedy_ver3_grasp_ver3,20260310121336,9,608.0,0.0
2x2_slot_inorder_place_inorder_5_greedy_ver3_grasp_ver3,20260310121338,16,977.0,0.0
2x2_slot_inorder_place_inorder_5_greedy_ver3_grasp_ver3,20260310121343,17,965.0,0.0
2x2_slot_inorder_place_inorder_5_greedy_ver3_grasp_ver3,20260310121346,2,290.0,0.015625
2x2_slot_inorder_place_inorder_5_greedy_ver3_grasp_ver3,20260310121350,4,282.0,0.0
2x2_slot_inorder_place_inorder_5_greedy_ver3_grasp_ver3,20260310121352,7,448.0,0.0
2x2_slot_inorder_place_inorder_5_greedy_ver3_grasp_ver3,20260310121356,13,649.0,0.0
2x2_slot_inorder_place_inorder_5_greedy_ver3_grasp_ver3,20260310121359,2,272.0,0.0
2x2_slot_inorder_place_inorder_5_greedy_ver3_grasp_ver3,20260310121401,5,420.0,0.0
2x2_slot_inorder_place_inorder_5_greedy_ver3_grasp_ver3,20260310121403,7,426.0,0.0
2x2_slot_inorder_place_inorder_5_greedy_ver3_grasp_ver3,20260310121406,8,386.0,0.0
2x2_slot_inorder_place_inorder_5_greedy_ver3_grasp_ver3,20260310121408,10,532.0,0.0
2x2_slot_inorder_place_inorder_5_greedy_ver3_grasp_ver3,20260310121412,10,758.0,0.0
2x2_slot_inorder_place_inorder_5_greedy_ver3_grasp_ver3,20260310121415,10,576.0,0.015625
2x2_slot_inorder_place_inorder_5_greedy_ver3_grasp_ver3,20260310121419,4,306.0,0.0
2x2_slot_inorder_place_inorder_5_greedy_ver3_grasp_ver3,20260310121423,8,396.0,0.0
2x2_slot_inorder_place_inorder_5_greedy_ver3_grasp_ver3,20260310121426,8,510.0,0.0
2x2_slot_inorder_place_inorder_5_greedy_ver3_grasp_ver3,20260310121428,7,560.0,0.0
2x2_slot_inorder_place_inorder_5_greedy_ver3_grasp_ver3,20260310121431,11,794.0,0.0
2x2_slot_inorder_place_inorder_5_greedy_ver3_grasp_ver3,20260310121435,15,945.0,0.0
2x2_slot_inorder_place_inorder_5_greedy_ver3_grasp_ver3,20260310121440,18,929.0,0.0
2x2_slot_inorder_place_inorder_5_greedy_ver3_grasp_ver3,20260310121445,43,1889.0,0.0
2x2_slot_inorder_place_inorder_5_greedy_ver3_grasp_ver3,20260310121452,15,771.0,0.0
2x2_slot_inorder_place_inorder_5_greedy_ver3_grasp_ver3,20260310121458,4,302.0,0.0
2x2_slot_inorder_place_inorder_5_greedy_ver3_grasp_ver3,20260310121501,10,526.0,0.015625
2x2_slot_inorder_place_inorder_5_greedy_ver3_grasp_ver3,20260310121504,7,540.0,0.0
2x2_slot_inorder_place_inorder_5_greedy_ver3_grasp_ver3,20260310121507,7,458.0,0.0
2x2_slot_inorder_place_inorder_5_greedy_ver3_grasp_ver3,20260310121510,9,568.0,0.0
2x2_slot_inorder_place_inorder_5_greedy_ver3_grasp_ver3,20260310121514,6,314.0,0.0
2x2_slot_inorder_place_inorder_5_greedy_ver3_grasp_ver3,20260310121516,11,690.0,0.0
2x2_slot_inorder_place_inorder_5_greedy_ver3_grasp_ver3,20260310121520,14,721.0,0.0
2x2_slot_inorder_place_inorder_5_greedy_ver3_grasp_ver3,20260310121524,14,703.0,0.0
2x2_slot_inorder_place_inorder_5_greedy_ver3_grasp_ver3,20260310121528,11,670.0,0.0
2x2_slot_inorder_place_inorder_5_greedy_ver3_grasp_ver3,20260310121533,30,1668.0,0.0
2x2_slot_inorder_place_inorder_5_greedy_ver3_grasp_ver3,20260310121540,13,759.0,0.0
2x2_slot_inorder_place_inorder_5_greedy_ver3_grasp_ver3,20260310121544,12,750.0,0.0
2x2_slot_inorder_place_inorder_5_greedy_ver3_grasp_ver3,20260310121548,5,328.0,0.0
2x2_slot_inorder_place_inorder_5_greedy_ver3_grasp_ver3,20260310121551,11,661.0,0.0
2x2_slot_inorder_place_inorder_5_greedy_ver3_grasp_ver3,20260310121554,10,518.0,0.0
2x2_slot_inorder_place_inorder_5_greedy_ver3_grasp_ver3,20260310121557,21,1097.0,0.0
2x2_slot_inorder_place_inorder_5_greedy_ver3_grasp_ver3,20260310121601,4,348.0,0.0
2x2_slot_inorder_place_inorder_5_greedy_ver3_grasp_ver3,20260310121605,17,1041.0,0.0
2x2_slot_inorder_place_inorder_5_greedy_ver3_grasp_ver3,20260310121611,17,1099.0,0.0
2x2_slot_inorder_place_inorder_5_greedy_ver3_grasp_ver3,20260310121616,9,482.0,0.0
2x2_slot_inorder_place_inorder_5_greedy_ver3_grasp_ver3,20260310121619,9,466.0,0.0
2x2_slot_inorder_place_inorder_5_greedy_ver3_grasp_ver3,20260310121623,17,965.0,0.0
2x2_slot_inorder_place_inorder_5_greedy_ver3_grasp_ver3,20260310121627,9,548.0,0.015625
2x2_slot_inorder_place_inorder_5_greedy_ver3_grasp_ver3,20260310121630,15,847.0,0.0
2x2_slot_inorder_place_inorder_5_greedy_ver3_grasp_ver3,20260310121633,4,312.0,0.0
2x2_slot_inorder_place_inorder_5_greedy_ver3_grasp_ver3,20260310121638,7,524.0,0.0
2x2_slot_inorder_place_inorder_5_greedy_ver3_grasp_ver3,20260310121641,9,760.0,0.0
2x2_slot_inorder_place_inorder_5_greedy_ver3_grasp_ver3,20260310121643,4,310.0,0.0
2x2_slot_inorder_place_inorder_5_greedy_ver3_grasp_ver3,20260310121646,17,879.0,0.0
2x2_slot_inorder_place_inorder_5_greedy_ver3_grasp_ver3,20260310121650,18,837.0,0.0
2x2_slot_inorder_place_inorder_5_greedy_ver3_grasp_ver3,20260310121656,10,612.0,0.0
2x2_slot_inorder_place_inorder_5_greedy_ver3_grasp_ver3,20260310121659,7,432.0,0.015625
2x2_slot_inorder_place_inorder_5_greedy_ver3_grasp_ver3,20260310121701,7,564.0,0.0
2x2_slot_inorder_place_inorder_5_greedy_ver3_grasp_ver3,20260310121704,8,476.0,0.0
2x2_slot_inorder_place_inorder_5_greedy_ver3_grasp_ver3,20260310121707,18,947.0,0.0
2x2_slot_inorder_place_inorder_5_greedy_ver3_grasp_ver3,20260310121712,22,1303.0,0.0
2x2_slot_inorder_place_inorder_5_greedy_ver3_grasp_ver3,20260310121718,15,713.0,0.0
2x2_slot_inorder_place_inorder_5_greedy_ver3_grasp_ver3,20260310121723,15,699.0,0.0
2x2_slot_inorder_place_inorder_5_greedy_ver3_grasp_ver3,20260310121727,16,967.0,0.0
2x2_slot_inorder_place_inorder_5_greedy_ver3_grasp_ver3,20260310121731,22,1181.0,0.015625
2x2_slot_inorder_place_inorder_5_greedy_ver3_grasp_ver3,20260310121736,6,314.0,0.0
2x2_slot_inorder_place_inorder_5_greedy_ver3_grasp_ver3,20260310121738,22,1119.0,0.0
2x2_slot_inorder_place_inorder_5_greedy_ver3_grasp_ver3,20260310121746,12,493.0,0.0
2x2_slot_inorder_place_inorder_5_greedy_ver3_grasp_ver3,20260310121749,9,572.0,0.0
2x2_slot_inorder_place_inorder_5_greedy_ver3_grasp_ver3,20260310121753,29,1671.0,0.0
2x2_slot_inorder_place_inorder_5_greedy_ver3_grasp_ver3,20260310121759,15,855.0,0.0
2x2_slot_inorder_place_inorder_5_greedy_ver3_grasp_ver3,20260310121803,2,282.0,0.0
2x2_slot_inorder_place_inorder_5_greedy_ver3_grasp_ver3,20260310121805,12,644.0,0.0
2x2_slot_inorder_place_inorder_5_greedy_ver3_grasp_ver3,20260310121809,12,572.0,0.0
2x2_slot_inorder_place_inorder_5_greedy_ver3_grasp_ver3,20260310121814,7,434.0,0.0
2x2_slot_inorder_place_inorder_5_greedy_ver3_grasp_ver3,20260310121818,15,761.0,0.015625
2x2_slot_inorder_place_inorder_5_greedy_ver3_grasp_ver3,20260310121822,18,999.0,0.0
2x2_slot_inorder_place_inorder_5_greedy_ver3_grasp_ver3,20260310121826,7,530.0,0.0
2x2_slot_inorder_place_inorder_5_greedy_ver3_grasp_ver3,20260310121829,15,767.0,0.0
2x2_slot_inorder_place_inorder_5_greedy_ver3_grasp_ver3,20260310121833,8,730.0,0.0
2x2_slot_inorder_place_inorder_5_greedy_ver3_grasp_ver3,20260310121836,2,194.0,0.015625
2x2_slot_inorder_place_inorder_5_greedy_ver3_grasp_ver3,20260310121838,9,558.0,0.0
2x2_slot_inorder_place_inorder_5_greedy_ver3_grasp_ver3,20260310121842,13,781.0,0.0
2x2_slot_inorder_place_inorder_5_greedy_ver3_grasp_ver3,20260310121845,9,558.0,0.0
2x2_slot_inorder_place_inorder_5_greedy_ver3_grasp_ver3,20260310121849,22,1151.0,0.0
2x2_slot_inorder_place_inorder_5_greedy_ver3_grasp_ver3,20260310121854,13,773.0,0.0
2x2_slot_inorder_place_inorder_5_greedy_ver3_grasp_ver3,20260310121858,2,262.0,0.015625
2x2_slot_inorder_place_inorder_5_greedy_ver3_grasp_ver3,20260310121900,17,867.0,0.0
2x2_slot_inorder_place_inorder_5_greedy_ver3_grasp_ver3,20260310121905,23,1109.0,0.0
2x2_slot_inorder_place_inorder_5_greedy_ver3_grasp_ver3,20260310121910,9,596.0,0.0
2x2_slot_inorder_place_inorder_5_greedy_ver3_grasp_ver3,20260310121913,30,1624.0,0.0
2x2_slot_inorder_place_inorder_5_greedy_ver3_grasp_ver3,20260310121918,4,292.0,0.0
2x2_slot_inorder_place_inorder_5_greedy_ver3_grasp_ver3,20260310121921,12,715.0,0.0
2x2_slot_inorder_place_inorder_5_greedy_ver3_grasp_ver3,20260310121926,13,751.0,0.0
2x2_slot_inorder_place_inorder_5_greedy_ver3_grasp_ver3,20260310121929,10,544.0,0.0
2x2_slot_inorder_place_inorder_5_greedy_ver3_grasp_ver3,20260310121933,10,538.0,0.0
2x2_slot_inorder_place_inorder_5_greedy_ver3_grasp_ver3,20260310121936,15,785.0,0.0
2x2_slot_inorder_place_inorder_5_greedy_ver3_grasp_ver3,20260310121940,10,534.0,0.0
2x2_slot_inorder_place_inorder_5_greedy_ver3_grasp_ver3,20260310121943,15,849.0,0.0
2x2_slot_inorder_place_inorder_5_greedy_ver3_grasp_ver3,20260310121947,2,262.0,0.0
2x2_slot_inorder_place_inorder_5_greedy_ver3_grasp_ver3,20260310121949,11,760.0,0.0
2x2_slot_inorder_place_inorder_5_greedy_ver3_grasp_ver3,20260310121953,4,258.0,0.0
2x2_slot_inorder_place_inorder_5_greedy_ver3_grasp_ver3,20260310121955,35,1945.0,0.0
2x2_slot_inorder_place_inorder_5_greedy_ver3_grasp_ver3,20260310122005,7,422.0,0.0
2x2_slot_inorder_place_inorder_5_greedy_ver3_grasp_ver3,20260310122008,4,284.0,0.0
2x2_slot_inorder_place_inorder_5_greedy_ver3_grasp_ver3,20260310122010,17,905.0,0.0
2x2_slot_inorder_place_inorder_5_greedy_ver3_grasp_ver3,20260310122014,17,817.0,0.0
2x2_slot_inorder_place_inorder_5_greedy_ver3_grasp_ver3,20260310122019,10,580.0,0.0
2x2_slot_inorder_place_inorder_5_greedy_ver3_grasp_ver3,20260310122023,15,791.0,0.0
2x2_slot_inorder_place_inorder_5_greedy_ver3_grasp_ver3,20260310122027,18,1049.0,0.0
2x2_slot_inorder_place_inorder_5_greedy_ver3_grasp_ver3,20260310122034,17,861.0,0.0
2x2_slot_inorder_place_inorder_5_greedy_ver3_greedy_ver3,20260310121010,2,274.0,0.0
2x2_slot_inorder_place_inorder_5_greedy_ver3_greedy_ver3,20260310121013,16,833.0,0.0
2x2_slot_inorder_place_inorder_5_greedy_ver3_greedy_ver3,20260310121016,15,791.0,0.0
2x2_slot_inorder_place_inorder_5_greedy_ver3_greedy_ver3,20260310121019,6,426.0,0.015625
2x2_slot_inorder_place_inorder_5_greedy_ver3_greedy_ver3,20260310121022,10,512.0,0.0
2x2_slot_inorder_place_inorder_5_greedy_ver3_greedy_ver3,20260310121024,8,454.0,0.0
2x2_slot_inorder_place_inorder_5_greedy_ver3_greedy_ver3,20260310121028,10,512.0,0.0
2x2_slot_inorder_place_inorder_5_greedy_ver3_greedy_ver3,20260310121031,8,374.0,0.0
2x2_slot_inorder_place_inorder_5_greedy_ver3_greedy_ver3,20260310121035,15,699.0,0.0
2x2_slot_inorder_place_inorder_5_greedy_ver3_greedy_ver3,20260310121038,11,698.0,0.0
2x2_slot_inorder_place_inorder_5_greedy_ver3_greedy_ver3,20260310121042,16,971.0,0.0
2x2_slot_inorder_place_inorder_5_greedy_ver3_greedy_ver3,20260310121048,26,1503.0,0.0
2x2_slot_inorder_place_inorder_5_greedy_ver3_greedy_ver3,20260310121053,19,1113.0,0.015625
2x2_slot_inorder_place_inorder_5_greedy_ver3_greedy_ver3,20260310121058,20,1043.0,0.0
2x2_slot_inorder_place_inorder_5_greedy_ver3_greedy_ver3,20260310121104,6,322.0,0.0
2x2_slot_inorder_place_inorder_5_greedy_ver3_greedy_ver3,20260310121106,2,270.0,0.0
2x2_slot_inorder_place_inorder_5_greedy_ver3_greedy_ver3,20260310121108,5,610.0,0.0
2x2_slot_inorder_place_inorder_5_greedy_ver3_greedy_ver3,20260310121111,13,665.0,0.0
2x2_slot_inorder_place_inorder_5_greedy_ver3_greedy_ver3,20260310121115,11,734.0,0.0
2x2_slot_inorder_place_inorder_5_greedy_ver3_greedy_ver3,20260310121119,17,811.0,0.015625
2x2_slot_inorder_place_inorder_5_greedy_ver3_greedy_ver3,20260310121122,8,478.0,0.0
2x2_slot_inorder_place_inorder_5_greedy_ver3_greedy_ver3,20260310121123,4,304.0,0.0
2x2_slot_inorder_place_inorder_5_greedy_ver3_greedy_ver3,20260310121126,4,316.0,0.0
2x2_slot_inorder_place_inorder_5_greedy_ver3_greedy_ver3,20260310121129,4,318.0,0.0
2x2_slot_inorder_place_inorder_5_greedy_ver3_greedy_ver3,20260310121133,16,872.0,0.0
2x2_slot_inorder_place_inorder_5_greedy_ver3_greedy_ver3,20260310121138,14,647.0,0.0
2x2_slot_inorder_place_inorder_5_greedy_ver3_greedy_ver3,20260310121140,4,242.0,0.0
2x2_slot_inorder_place_inorder_5_greedy_ver3_greedy_ver3,20260310121143,6,322.0,0.0
2x2_slot_inorder_place_inorder_5_greedy_ver3_greedy_ver3,20260310121146,9,800.0,0.015625
2x2_slot_inorder_place_inorder_5_greedy_ver3_greedy_ver3,20260310121149,14,871.0,0.0
2x2_slot_inorder_place_inorder_5_greedy_ver3_greedy_ver3,20260310121152,15,584.0,0.0
2x2_slot_inorder_place_inorder_5_greedy_ver3_greedy_ver3,20260310121156,12,747.0,0.0
2x2_slot_inorder_place_inorder_5_greedy_ver3_greedy_ver3,20260310121200,18,983.0,0.0
2x2_slot_inorder_place_inorder_5_greedy_ver3_greedy_ver3,20260310121204,14,651.0,0.0
2x2_slot_inorder_place_inorder_5_greedy_ver3_greedy_ver3,20260310121209,21,1175.0,0.0
2x2_slot_inorder_place_inorder_5_greedy_ver3_greedy_ver3,20260310121212,7,426.0,0.0
2x2_slot_inorder_place_inorder_5_greedy_ver3_greedy_ver3,20260310121216,12,637.0,0.0
2x2_slot_inorder_place_inorder_5_greedy_ver3_greedy_ver3,20260310121218,13,755.0,0.0
2x2_slot_inorder_place_inorder_5_greedy_ver3_greedy_ver3,20260310121221,10,552.0,0.0
2x2_slot_inorder_place_inorder_5_greedy_ver3_greedy_ver3,20260310121224,2,292.0,0.0
2x2_slot_inorder_place_inorder_5_greedy_ver3_greedy_ver3,20260310121226,8,526.0,0.0
2x2_slot_inorder_place_inorder_5_greedy_ver3_greedy_ver3,20260310121229,8,378.0,0.0
2x2_slot_inorder_place_inorder_5_greedy_ver3_greedy_ver3,20260310121231,2,220.0,0.0
2x2_slot_inorder_place_inorder_5_greedy_ver3_greedy_ver3,20260310121234,10,570.0,0.0
2x2_slot_inorder_place_inorder_5_greedy_ver3_greedy_ver3,20260310121237,2,270.0,0.015625
2x2_slot_inorder_place_inorder_5_greedy_ver3_greedy_ver3,20260310121239,6,350.0,0.0
2x2_slot_inorder_place_inorder_5_greedy_ver3_greedy_ver3,20260310121242,2,220.0,0.0
2x2_slot_inorder_place_inorder_5_greedy_ver3_greedy_ver3,20260310121244,13,767.0,0.0
2x2_slot_inorder_place_inorder_5_greedy_ver3_greedy_ver3,20260310121248,17,831.0,0.0
2x2_slot_inorder_place_inorder_5_greedy_ver3_greedy_ver3,20260310121254,25,1616.0,0.0
2x2_slot_inorder_place_inorder_5_greedy_ver3_greedy_ver3,20260310121258,8,534.0,0.0
2x2_slot_inorder_place_inorder_5_greedy_ver3_greedy_ver3,20260310121301,10,496.0,0.0
2x2_slot_inorder_place_inorder_5_greedy_ver3_greedy_ver3,20260310121304,6,390.0,0.015625
2x2_slot_inorder_place_inorder_5_greedy_ver3_greedy_ver3,20260310121307,12,613.0,0.0
2x2_slot_inorder_place_inorder_5_greedy_ver3_greedy_ver3,20260310121310,14,631.0,0.0
2x2_slot_inorder_place_inorder_5_greedy_ver3_greedy_ver3,20260310121314,16,975.0,0.0
2x2_slot_inorder_place_inorder_5_greedy_ver3_greedy_ver3,20260310121320,20,1053.0,0.0
2x2_slot_inorder_place_inorder_5_greedy_ver3_greedy_ver3,20260310121323,6,396.0,0.0
2x2_slot_inorder_place_inorder_5_greedy_ver3_greedy_ver3,20260310121326,4,302.0,0.0
2x2_slot_inorder_place_inorder_5_greedy_ver3_greedy_ver3,20260310121329,14,737.0,0.0
2x2_slot_inorder_place_inorder_5_greedy_ver3_greedy_ver3,20260310121331,9,490.0,0.015625
2x2_slot_inorder_place_inorder_5_greedy_ver3_greedy_ver3,20260310121334,11,638.0,0.0
2x2_slot_inorder_place_inorder_5_greedy_ver3_greedy_ver3,20260310121337,9,658.0,0.0
2x2_slot_inorder_place_inorder_5_greedy_ver3_greedy_ver3,20260310121340,15,907.0,0.0
2x2_slot_inorder_place_inorder_5_greedy_ver3_greedy_ver3,20260310121344,17,965.0,0.0
2x2_slot_inorder_place_inorder_5_greedy_ver3_greedy_ver3,20260310121347,4,306.0,0.0
2x2_slot_inorder_place_inorder_5_greedy_ver3_greedy_ver3,20260310121351,4,304.0,0.0
2x2_slot_inorder_place_inorder_5_greedy_ver3_greedy_ver3,20260310121354,10,550.0,0.0
2x2_slot_inorder_place_inorder_5_greedy_ver3_greedy_ver3,20260310121357,12,629.0,0.0
2x2_slot_inorder_place_inorder_5_greedy_ver3_greedy_ver3,20260310121400,2,182.0,0.0
2x2_slot_inorder_place_inorder_5_greedy_ver3_greedy_ver3,20260310121402,8,450.0,0.015625
2x2_slot_inorder_place_inorder_5_greedy_ver3_greedy_ver3,20260310121404,6,384.0,0.0
2x2_slot_inorder_place_inorder_5_greedy_ver3_greedy_ver3,20260310121407,8,546.0,0.0
2x2_slot_inorder_place_inorder_5_greedy_ver3_greedy_ver3,20260310121410,10,462.0,0.0
2x2_slot_inorder_place_inorder_5_greedy_ver3_greedy_ver3,20260310121414,10,558.0,0.0
2x2_slot_inorder_place_inorder_5_greedy_ver3_greedy_ver3,20260310121417,10,646.0,0.0
2x2_slot_inorder_place_inorder_5_greedy_ver3_greedy_ver3,20260310121420,4,254.0,0.0
2x2_slot_inorder_place_inorder_5_greedy_ver3_greedy_ver3,20260310121424,8,540.0,0.0
2x2_slot_inorder_place_inorder_5_greedy_ver3_greedy_ver3,20260310121427,8,368.0,0.0
2x2_slot_inorder_place_inorder_5_greedy_ver3_greedy_ver3,20260310121430,10,522.0,0.0
2x2_slot_inorder_place_inorder_5_greedy_ver3_greedy_ver3,20260310121433,10,668.0,0.0
2x2_slot_inorder_place_inorder_5_greedy_ver3_greedy_ver3,20260310121437,19,1191.0,0.0
2x2_slot_inorder_place_inorder_5_greedy_ver3_greedy_ver3,20260310121443,17,983.0,0.0
2x2_slot_inorder_place_inorder_5_greedy_ver3_greedy_ver3,20260310121449,43,2225.0,0.0
2x2_slot_inorder_place_inorder_5_greedy_ver3_greedy_ver3,20260310121455,14,741.0,0.0
2x2_slot_inorder_place_inorder_5_greedy_ver3_greedy_ver3,20260310121459,4,258.0,0.0
2x2_slot_inorder_place_inorder_5_greedy_ver3_greedy_ver3,20260310121503,10,556.0,0.0
2x2_slot_inorder_place_inorder_5_greedy_ver3_greedy_ver3,20260310121506,10,506.0,0.0
2x2_slot_inorder_place_inorder_5_greedy_ver3_greedy_ver3,20260310121509,10,516.0,0.0
2x2_slot_inorder_place_inorder_5_greedy_ver3_greedy_ver3,20260310121512,8,476.0,0.0
2x2_slot_inorder_place_inorder_5_greedy_ver3_greedy_ver3,20260310121515,6,334.0,0.0
2x2_slot_inorder_place_inorder_5_greedy_ver3_greedy_ver3,20260310121518,14,727.0,0.0
2x2_slot_inorder_place_inorder_5_greedy_ver3_greedy_ver3,20260310121522,13,687.0,0.015625
2x2_slot_inorder_place_inorder_5_greedy_ver3_greedy_ver3,20260310121526,14,687.0,0.0
2x2_slot_inorder_place_inorder_5_greedy_ver3_greedy_ver3,20260310121531,14,825.0,0.015625
2x2_slot_inorder_place_inorder_5_greedy_ver3_greedy_ver3,20260310121536,34,1888.0,0.0
2x2_slot_inorder_place_inorder_5_greedy_ver3_greedy_ver3,20260310121542,12,615.0,0.0
2x2_slot_inorder_place_inorder_5_greedy_ver3_greedy_ver3,20260310121546,11,740.0,0.0
2x2_slot_inorder_place_inorder_5_greedy_ver3_greedy_ver3,20260310121549,5,322.0,0.0
2x2_slot_inorder_place_inorder_5_greedy_ver3_greedy_ver3,20260310121552,14,691.0,0.0
2x2_slot_inorder_place_inorder_5_greedy_ver3_greedy_ver3,20260310121555,10,568.0,0.0
2x2_slot_inorder_place_inorder_5_greedy_ver3_greedy_ver3,20260310121559,21,1116.0,0.0
2x2_slot_inorder_place_inorder_5_greedy_ver3_greedy_ver3,20260310121604,4,338.0,0.0
2x2_slot_inorder_place_inorder_5_greedy_ver3_greedy_ver3,20260310121607,20,1151.0,0.0
2x2_slot_inorder_place_inorder_5_greedy_ver3_greedy_ver3,20260310121613,16,931.0,0.0
2x2_slot_inorder_place_inorder_5_greedy_ver3_greedy_ver3,20260310121617,8,446.0,0.0
2x2_slot_inorder_place_inorder_5_greedy_ver3_greedy_ver3,20260310121621,12,604.0,0.0
2x2_slot_inorder_place_inorder_5_greedy_ver3_greedy_ver3,20260310121625,17,1179.0,0.0
2x2_slot_inorder_place_inorder_5_greedy_ver3_greedy_ver3,20260310121629,9,544.0,0.0
2x2_slot_inorder_place_inorder_5_greedy_ver3_greedy_ver3,20260310121632,14,635.0,0.0
2x2_slot_inorder_place_inorder_5_greedy_ver3_greedy_ver3,20260310121635,4,280.0,0.0
2x2_slot_inorder_place_inorder_5_greedy_ver3_greedy_ver3,20260310121639,6,384.0,0.0
2x2_slot_inorder_place_inorder_5_greedy_ver3_greedy_ver3,20260310121642,9,640.0,0.015625
2x2_slot_inorder_place_inorder_5_greedy_ver3_greedy_ver3,20260310121644,4,340.0,0.015625
2x2_slot_inorder_place_inorder_5_greedy_ver3_greedy_ver3,20260310121648,17,903.0,0.0
2x2_slot_inorder_place_inorder_5_greedy_ver3_greedy_ver3,20260310121653,22,1217.0,0.0
2x2_slot_inorder_place_inorder_5_greedy_ver3_greedy_ver3,20260310121657,14,757.0,0.0
2x2_slot_inorder_place_inorder_5_greedy_ver3_greedy_ver3,20260310121700,6,458.0,0.0
2x2_slot_inorder_place_inorder_5_greedy_ver3_greedy_ver3,20260310121703,10,526.0,0.0
2x2_slot_inorder_place_inorder_5_greedy_ver3_greedy_ver3,20260310121706,8,516.0,0.0
2x2_slot_inorder_place_inorder_5_greedy_ver3_greedy_ver3,20260310121709,18,947.0,0.0
2x2_slot_inorder_place_inorder_5_greedy_ver3_greedy_ver3,20260310121715,28,1724.0,0.0
2x2_slot_inorder_place_inorder_5_greedy_ver3_greedy_ver3,20260310121720,14,727.0,0.0
2x2_slot_inorder_place_inorder_5_greedy_ver3_greedy_ver3,20260310121725,14,771.0,0.0
2x2_slot_inorder_place_inorder_5_greedy_ver3_greedy_ver3,20260310121729,14,673.0,0.0
2x2_slot_inorder_place_inorder_5_greedy_ver3_greedy_ver3,20260310121734,22,1285.0,0.0
2x2_slot_inorder_place_inorder_5_greedy_ver3_greedy_ver3,20260310121737,6,334.0,0.0
2x2_slot_inorder_place_inorder_5_greedy_ver3_greedy_ver3,20260310121741,21,1101.0,0.0
2x2_slot_inorder_place_inorder_5_greedy_ver3_greedy_ver3,20260310121748,12,779.0,0.0
2x2_slot_inorder_place_inorder_5_greedy_ver3_greedy_ver3,20260310121751,8,388.0,0.0
2x2_slot_inorder_place_inorder_5_greedy_ver3_greedy_ver3,20260310121756,28,1350.0,0.015625
2x2_slot_inorder_place_inorder_5_greedy_ver3_greedy_ver3,20260310121801,14,799.0,0.0
2x2_slot_inorder_place_inorder_5_greedy_ver3_greedy_ver3,20260310121804,2,312.0,0.0
2x2_slot_inorder_place_inorder_5_greedy_ver3_greedy_ver3,20260310121807,14,849.0,0.0
2x2_slot_inorder_place_inorder_5_greedy_ver3_greedy_ver3,20260310121812,12,548.0,0.0
2x2_slot_inorder_place_inorder_5_greedy_ver3_greedy_ver3,20260310121815,6,390.0,0.0
2x2_slot_inorder_place_inorder_5_greedy_ver3_greedy_ver3,20260310121820,14,691.0,0.0
2x2_slot_inorder_place_inorder_5_greedy_ver3_greedy_ver3,20260310121824,18,877.0,0.015625
2x2_slot_inorder_place_inorder_5_greedy_ver3_greedy_ver3,20260310121827,6,390.0,0.0
2x2_slot_inorder_place_inorder_5_greedy_ver3_greedy_ver3,20260310121831,14,697.0,0.0
2x2_slot_inorder_place_inorder_5_greedy_ver3_greedy_ver3,20260310121834,14,915.0,0.0
2x2_slot_inorder_place_inorder_5_greedy_ver3_greedy_ver3,20260310121837,2,204.0,0.0
2x2_slot_inorder_place_inorder_5_greedy_ver3_greedy_ver3,20260310121840,8,450.0,0.0
2x2_slot_inorder_place_inorder_5_greedy_ver3_greedy_ver3,20260310121843,12,731.0,0.0
2x2_slot_inorder_place_inorder_5_greedy_ver3_greedy_ver3,20260310121847,8,442.0,0.0
2x2_slot_inorder_place_inorder_5_greedy_ver3_greedy_ver3,20260310121852,26,1436.0,0.0
2x2_slot_inorder_place_inorder_5_greedy_ver3_greedy_ver3,20260310121856,12,723.0,0.0
2x2_slot_inorder_place_inorder_5_greedy_ver3_greedy_ver3,20260310121859,2,212.0,0.0
2x2_slot_inorder_place_inorder_5_greedy_ver3_greedy_ver3,20260310121902,16,737.0,0.0
2x2_slot_inorder_place_inorder_5_greedy_ver3_greedy_ver3,20260310121907,19,949.0,0.0
2x2_slot_inorder_place_inorder_5_greedy_ver3_greedy_ver3,20260310121912,8,536.0,0.0
2x2_slot_inorder_place_inorder_5_greedy_ver3_greedy_ver3,20260310121916,29,1506.0,0.0
2x2_slot_inorder_place_inorder_5_greedy_ver3_greedy_ver3,20260310121920,4,266.0,0.0
2x2_slot_inorder_place_inorder_5_greedy_ver3_greedy_ver3,20260310121923,12,765.0,0.0
2x2_slot_inorder_place_inorder_5_greedy_ver3_greedy_ver3,20260310121928,12,701.0,0.0
2x2_slot_inorder_place_inorder_5_greedy_ver3_greedy_ver3,20260310121931,10,526.0,0.0
2x2_slot_inorder_place_inorder_5_greedy_ver3_greedy_ver3,20260310121934,10,532.0,0.015625
2x2_slot_inorder_place_inorder_5_greedy_ver3_greedy_ver3,20260310121938,14,699.0,0.015625
2x2_slot_inorder_place_inorder_5_greedy_ver3_greedy_ver3,20260310121942,10,594.0,0.0
2x2_slot_inorder_place_inorder_5_greedy_ver3_greedy_ver3,20260310121945,14,651.0,0.0
2x2_slot_inorder_place_inorder_5_greedy_ver3_greedy_ver3,20260310121948,2,172.0,0.0
2x2_slot_inorder_place_inorder_5_greedy_ver3_greedy_ver3,20260310121951,11,760.0,0.0
2x2_slot_inorder_place_inorder_5_greedy_ver3_greedy_ver3,20260310121954,4,258.0,0.0
2x2_slot_inorder_place_inorder_5_greedy_ver3_greedy_ver3,20260310122001,32,1688.0,0.0
2x2_slot_inorder_place_inorder_5_greedy_ver3_greedy_ver3,20260310122006,6,444.0,0.0
2x2_slot_inorder_place_inorder_5_greedy_ver3_greedy_ver3,20260310122009,4,254.0,0.0
2x2_slot_inorder_place_inorder_5_greedy_ver3_greedy_ver3,20260310122012,17,827.0,0.0
2x2_slot_inorder_place_inorder_5_greedy_ver3_greedy_ver3,20260310122016,16,707.0,0.0
2x2_slot_inorder_place_inorder_5_greedy_ver3_greedy_ver3,20260310122021,10,480.0,0.0
2x2_slot_inorder_place_inorder_5_greedy_ver3_greedy_ver3,20260310122025,14,721.0,0.015625
2x2_slot_inorder_place_inorder_5_greedy_ver3_greedy_ver3,20260310122030,16,701.0,0.0
2x2_slot_inorder_place_inorder_5_greedy_ver3_greedy_ver3,20260310122036,16,731.0,0.0
2x2_slot_inorder_place_inorder_10_grasp_ver3_grasp_ver3,20260311221739,8,540.0,0.0
2x2_slot_inorder_place_inorder_10_grasp_ver3_grasp_ver3,20260311221743,14,973.0,0.0
2x2_slot_inorder_place_inorder_10_grasp_ver3_grasp_ver3,20260311221746,4,292.0,0.0
2x2_slot_inorder_place_inorder_10_grasp_ver3_grasp_ver3,20260311221749,2,252.0,0.0
2x2_slot_inorder_place_inorder_10_grasp_ver3_grasp_ver3,20260311221751,18,991.0,0.0
2x2_slot_inorder_place_inorder_10_grasp_ver3_grasp_ver3,20260311221756,13,767.0,0.0
2x2_slot_inorder_place_inorder_10_grasp_ver3_grasp_ver3,20260311221759,17,819.0,0.015625
2x2_slot_inorder_place_inorder_10_grasp_ver3_grasp_ver3,20260311221801,15,833.0,0.0
2x2_slot_inorder_place_inorder_10_grasp_ver3_grasp_ver3,20260311221804,27,1314.0,0.0
2x2_slot_inorder_place_inorder_10_grasp_ver3_grasp_ver3,20260311221809,21,1043.0,0.0
2x2_slot_inorder_place_inorder_10_grasp_ver3_grasp_ver3,20260311221813,8,438.0,0.0
2x2_slot_inorder_place_inorder_10_grasp_ver3_grasp_ver3,20260311221816,6,368.0,0.0
2x2_slot_inorder_place_inorder_10_grasp_ver3_grasp_ver3,20260311221821,2,250.0,0.0
2x2_slot_inorder_place_inorder_10_grasp_ver3_grasp_ver3,20260311221823,4,314.0,0.0
2x2_slot_inorder_place_inorder_10_grasp_ver3_grasp_ver3,20260311221827,9,888.0,0.0
2x2_slot_inorder_place_inorder_10_grasp_ver3_grasp_ver3,20260311221830,31,1658.0,0.015625
2x2_slot_inorder_place_inorder_10_grasp_ver3_grasp_ver3,20260311221836,12,627.0,0.0
2x2_slot_inorder_place_inorder_10_grasp_ver3_grasp_ver3,20260311221841,32,1866.0,0.0
2x2_slot_inorder_place_inorder_10_grasp_ver3_grasp_ver3,20260311221847,26,1619.0,0.0
2x2_slot_inorder_place_inorder_10_grasp_ver3_grasp_ver3,20260311221855,2,226.0,0.0
2x2_slot_inorder_place_inorder_10_grasp_ver3_grasp_ver3,20260311221858,17,959.0,0.0
2x2_slot_inorder_place_inorder_10_grasp_ver3_grasp_ver3,20260311221903,17,1117.0,0.015625
2x2_slot_inorder_place_inorder_10_grasp_ver3_grasp_ver3,20260311221906,9,614.0,0.0
2x2_slot_inorder_place_inorder_10_grasp_ver3_grasp_ver3,20260311221909,19,1077.0,0.0
2x2_slot_inorder_place_inorder_10_grasp_ver3_grasp_ver3,20260311221912,15,817.0,0.0
2x2_slot_inorder_place_inorder_10_grasp_ver3_grasp_ver3,20260311221915,9,530.0,0.0
2x2_slot_inorder_place_inorder_10_grasp_ver3_grasp_ver3,20260311221920,4,316.0,0.0
2x2_slot_inorder_place_inorder_10_grasp_ver3_grasp_ver3,20260311221923,18,1101.0,0.0
2x2_slot_inorder_place_inorder_10_grasp_ver3_grasp_ver3,20260311221927,21,1321.0,0.0
2x2_slot_inorder_place_inorder_10_grasp_ver3_grasp_ver3,20260311221932,4,292.0,0.0
2x2_slot_inorder_place_inorder_10_grasp_ver3_grasp_ver3,20260311221936,47,2462.0,0.015625
2x2_slot_inorder_place_inorder_10_grasp_ver3_grasp_ver3,20260311221940,16,865.0,0.0
2x2_slot_inorder_place_inorder_10_grasp_ver3_grasp_ver3,20260311221944,2,210.0,0.0
2x2_slot_inorder_place_inorder_10_grasp_ver3_grasp_ver3,20260311221946,26,1324.0,0.0
2x2_slot_inorder_place_inorder_10_grasp_ver3_grasp_ver3,20260311221952,8,522.0,0.0
2x2_slot_inorder_place_inorder_10_grasp_ver3_grasp_ver3,20260311221955,12,921.0,0.0
2x2_slot_inorder_place_inorder_10_grasp_ver3_grasp_ver3,20260311221959,19,1059.0,0.0
2x2_slot_inorder_place_inorder_10_grasp_ver3_grasp_ver3,20260311222001,26,1427.0,0.0
2x2_slot_inorder_place_inorder_10_grasp_ver3_grasp_ver3,20260311222006,5,420.0,0.0
2x2_slot_inorder_place_inorder_10_grasp_ver3_grasp_ver3,20260311222009,7,450.0,0.0
2x2_slot_inorder_place_inorder_10_grasp_ver3_grasp_ver3,20260311222011,10,562.0,0.0
2x2_slot_inorder_place_inorder_10_grasp_ver3_grasp_ver3,20260311222015,4,280.0,0.0
2x2_slot_inorder_place_inorder_10_grasp_ver3_grasp_ver3,20260311222017,8,500.0,0.0
2x2_slot_inorder_place_inorder_10_grasp_ver3_grasp_ver3,20260311222020,14,623.0,0.0
2x2_slot_inorder_place_inorder_10_grasp_ver3_grasp_ver3,20260311222023,5,442.0,0.0
2x2_slot_inorder_place_inorder_10_grasp_ver3_grasp_ver3,20260311222026,11,677.0,0.0
2x2_slot_inorder_place_inorder_10_grasp_ver3_grasp_ver3,20260311222029,22,1137.0,0.0
2x2_slot_inorder_place_inorder_10_grasp_ver3_grasp_ver3,20260311222037,18,983.0,0.0
2x2_slot_inorder_place_inorder_10_grasp_ver3_grasp_ver3,20260311222042,6,330.0,0.015625
2x2_slot_inorder_place_inorder_10_grasp_ver3_grasp_ver3,20260311222044,25,1345.0,0.0
2x2_slot_inorder_place_inorder_10_grasp_ver3_grasp_ver3,20260311222047,26,1396.0,0.0
2x2_slot_inorder_place_inorder_10_grasp_ver3_grasp_ver3,20260311222052,5,398.0,0.0
2x2_slot_inorder_place_inorder_10_grasp_ver3_grasp_ver3,20260311222054,2,278.0,0.0
2x2_slot_inorder_place_inorder_10_grasp_ver3_grasp_ver3,20260311222057,15,1079.0,0.0
2x2_slot_inorder_place_inorder_10_grasp_ver3_grasp_ver3,20260311222101,15,823.0,0.0
2x2_slot_inorder_place_inorder_10_grasp_ver3_grasp_ver3,20260311222104,24,1279.0,0.0
2x2_slot_inorder_place_inorder_10_grasp_ver3_grasp_ver3,20260311222107,6,320.0,0.0
2x2_slot_inorder_place_inorder_10_grasp_ver3_grasp_ver3,20260311222110,25,1571.0,0.0
2x2_slot_inorder_place_inorder_10_grasp_ver3_grasp_ver3,20260311222116,40,1918.0,0.0
2x2_slot_inorder_place_inorder_10_grasp_ver3_grasp_ver3,20260311222119,9,596.0,0.015625
2x2_slot_inorder_place_inorder_10_grasp_ver3_grasp_ver3,20260311222123,11,638.0,0.0
2x2_slot_inorder_place_inorder_10_grasp_ver3_grasp_ver3,20260311222127,17,1055.0,0.0
2x2_slot_inorder_place_inorder_10_grasp_ver3_grasp_ver3,20260311222133,21,1067.0,0.0
2x2_slot_inorder_place_inorder_10_grasp_ver3_grasp_ver3,20260311222136,6,338.0,0.0
2x2_slot_inorder_place_inorder_10_grasp_ver3_grasp_ver3,20260311222139,18,1007.0,0.0
2x2_slot_inorder_place_inorder_10_grasp_ver3_grasp_ver3,20260311222142,9,630.0,0.0
2x2_slot_inorder_place_inorder_10_grasp_ver3_grasp_ver3,20260311222144,10,684.0,0.0
2x2_slot_inorder_place_inorder_10_grasp_ver3_grasp_ver3,20260311222147,5,420.0,0.0
2x2_slot_inorder_place_inorder_10_grasp_ver3_grasp_ver3,20260311222150,8,394.0,0.0
2x2_slot_inorder_place_inorder_10_grasp_ver3_grasp_ver3,20260311222152,4,298.0,0.0
2x2_slot_inorder_place_inorder_10_grasp_ver3_grasp_ver3,20260311222155,9,612.0,0.0
2x2_slot_inorder_place_inorder_10_grasp_ver3_grasp_ver3,20260311222200,20,1122.0,0.0
2x2_slot_inorder_place_inorder_10_grasp_ver3_grasp_ver3,20260311222204,17,933.0,0.0
2x2_slot_inorder_place_inorder_10_grasp_ver3_grasp_ver3,20260311222210,11,615.0,0.0
2x2_slot_inorder_place_inorder_10_grasp_ver3_grasp_ver3,20260311222214,4,284.0,0.0
2x2_slot_inorder_place_inorder_10_grasp_ver3_grasp_ver3,20260311222217,9,580.0,0.0
2x2_slot_inorder_place_inorder_10_grasp_ver3_grasp_ver3,20260311222221,5,320.0,0.0
2x2_slot_inorder_place_inorder_10_grasp_ver3_grasp_ver3,20260311222224,17,979.0,0.0
2x2_slot_inorder_place_inorder_10_grasp_ver3_grasp_ver3,20260311222232,3,302.0,0.0
2x2_slot_inorder_place_inorder_10_grasp_ver3_grasp_ver3,20260311222234,45,2255.0,0.0
2x2_slot_inorder_place_inorder_10_grasp_ver3_grasp_ver3,20260311222244,27,1441.0,0.0
2x2_slot_inorder_place_inorder_10_grasp_ver3_grasp_ver3,20260311222250,13,669.0,0.0
2x2_slot_inorder_place_inorder_10_grasp_ver3_grasp_ver3,20260311222254,2,276.0,0.0
2x2_slot_inorder_place_inorder_10_grasp_ver3_grasp_ver3,20260311222257,17,931.0,0.0
2x2_slot_inorder_place_inorder_10_grasp_ver3_grasp_ver3,20260311222300,8,374.0,0.0
2x2_slot_inorder_place_inorder_10_grasp_ver3_grasp_ver3,20260311222303,8,764.0,0.0
2x2_slot_inorder_place_inorder_10_grasp_ver3_grasp_ver3,20260311222307,21,1231.0,0.0
2x2_slot_inorder_place_inorder_10_grasp_ver3_grasp_ver3,20260311222309,5,404.0,0.0
2x2_slot_inorder_place_inorder_10_grasp_ver3_grasp_ver3,20260311222312,19,1087.0,0.0
2x2_slot_inorder_place_inorder_10_grasp_ver3_grasp_ver3,20260311222320,14,861.0,0.0
2x2_slot_inorder_place_inorder_10_grasp_ver3_grasp_ver3,20260311222323,8,372.0,0.015625
2x2_slot_inorder_place_inorder_10_grasp_ver3_grasp_ver3,20260311222327,7,436.0,0.0
2x2_slot_inorder_place_inorder_10_grasp_ver3_grasp_ver3,20260311222330,4,308.0,0.0
2x2_slot_inorder_place_inorder_10_grasp_ver3_grasp_ver3,20260311222335,31,1584.0,0.015625
2x2_slot_inorder_place_inorder_10_grasp_ver3_grasp_ver3,20260311222345,20,1053.0,0.0
2x2_slot_inorder_place_inorder_10_grasp_ver3_grasp_ver3,20260311222350,4,314.0,0.0
2x2_slot_inorder_place_inorder_10_grasp_ver3_grasp_ver3,20260311222354,8,480.0,0.0
2x2_slot_inorder_place_inorder_10_grasp_ver3_grasp_ver3,20260311222358,31,1644.0,0.0
2x2_slot_inorder_place_inorder_10_grasp_ver3_grasp_ver3,20260311222403,51,2415.0,0.0
2x2_slot_inorder_place_inorder_10_grasp_ver3_grasp_ver3,20260311222410,17,1101.0,0.0
2x2_slot_inorder_place_inorder_10_grasp_ver3_grasp_ver3,20260311222418,7,442.0,0.0
2x2_slot_inorder_place_inorder_10_grasp_ver3_grasp_ver3,20260311222422,4,296.0,0.0
2x2_slot_inorder_place_inorder_10_grasp_ver3_grasp_ver3,20260311222426,9,590.0,0.0
2x2_slot_inorder_place_inorder_10_grasp_ver3_grasp_ver3,20260311222429,12,660.0,0.0
2x2_slot_inorder_place_inorder_10_grasp_ver3_grasp_ver3,20260311222434,27,1450.0,0.0
2x2_slot_inorder_place_inorder_10_grasp_ver3_grasp_ver3,20260311222438,28,1402.0,0.0
2x2_slot_inorder_place_inorder_10_grasp_ver3_grasp_ver3,20260311222442,4,310.0,0.0
2x2_slot_inorder_place_inorder_10_grasp_ver3_grasp_ver3,20260311222445,25,1387.0,0.0
2x2_slot_inorder_place_inorder_10_grasp_ver3_grasp_ver3,20260311222454,16,813.0,0.0
2x2_slot_inorder_place_inorder_10_grasp_ver3_grasp_ver3,20260311222500,33,1872.0,0.015625
2x2_slot_inorder_place_inorder_10_grasp_ver3_grasp_ver3,20260311222508,7,536.0,0.0
2x2_slot_inorder_place_inorder_10_grasp_ver3_grasp_ver3,20260311222512,13,695.0,0.0
2x2_slot_inorder_place_inorder_10_grasp_ver3_grasp_ver3,20260311222517,31,1566.0,0.0
2x2_slot_inorder_place_inorder_10_grasp_ver3_grasp_ver3,20260311222522,26,1512.0,0.0
2x2_slot_inorder_place_inorder_10_grasp_ver3_grasp_ver3,20260311222530,12,592.0,0.0
2x2_slot_inorder_place_inorder_10_grasp_ver3_grasp_ver3,20260311222536,15,826.0,0.0
2x2_slot_inorder_place_inorder_10_grasp_ver3_grasp_ver3,20260311222538,20,955.0,0.015625
2x2_slot_inorder_place_inorder_10_grasp_ver3_grasp_ver3,20260311222544,27,1517.0,0.0
2x2_slot_inorder_place_inorder_10_grasp_ver3_grasp_ver3,20260311222550,8,640.0,0.0
2x2_slot_inorder_place_inorder_10_grasp_ver3_grasp_ver3,20260311222553,23,1275.0,0.0
2x2_slot_inorder_place_inorder_10_grasp_ver3_grasp_ver3,20260311222601,13,724.0,0.015625
2x2_slot_inorder_place_inorder_10_grasp_ver3_grasp_ver3,20260311222608,13,631.0,0.015625
2x2_slot_inorder_place_inorder_10_grasp_ver3_grasp_ver3,20260311222611,24,1230.0,0.0
2x2_slot_inorder_place_inorder_10_grasp_ver3_grasp_ver3,20260311222618,26,1215.0,0.0
2x2_slot_inorder_place_inorder_10_grasp_ver3_grasp_ver3,20260311222624,2,282.0,0.0
2x2_slot_inorder_place_inorder_10_grasp_ver3_grasp_ver3,20260311222626,17,1028.0,0.0
2x2_slot_inorder_place_inorder_10_grasp_ver3_grasp_ver3,20260311222632,34,1636.0,0.0
2x2_slot_inorder_place_inorder_10_grasp_ver3_grasp_ver3,20260311222639,16,889.0,0.0
2x2_slot_inorder_place_inorder_10_grasp_ver3_grasp_ver3,20260311222644,21,1059.0,0.0
2x2_slot_inorder_place_inorder_10_grasp_ver3_grasp_ver3,20260311222649,4,256.0,0.0
2x2_slot_inorder_place_inorder_10_grasp_ver3_grasp_ver3,20260311222653,16,708.0,0.0
2x2_slot_inorder_place_inorder_10_grasp_ver3_grasp_ver3,20260311222657,15,977.0,0.0
2x2_slot_inorder_place_inorder_10_grasp_ver3_grasp_ver3,20260311222702,36,1928.0,0.0
2x2_slot_inorder_place_inorder_10_grasp_ver3_grasp_ver3,20260311222707,2,264.0,0.0
2x2_slot_inorder_place_inorder_10_grasp_ver3_grasp_ver3,20260311222709,36,1924.0,0.0
2x2_slot_inorder_place_inorder_10_grasp_ver3_grasp_ver3,20260311222715,10,548.0,0.0
2x2_slot_inorder_place_inorder_10_grasp_ver3_grasp_ver3,20260311222719,17,971.0,0.0
2x2_slot_inorder_place_inorder_10_grasp_ver3_grasp_ver3,20260311222723,2,252.0,0.0
2x2_slot_inorder_place_inorder_10_grasp_ver3_grasp_ver3,20260311222725,14,641.0,0.0
2x2_slot_inorder_place_inorder_10_grasp_ver3_grasp_ver3,20260311222730,13,602.0,0.0
2x2_slot_inorder_place_inorder_10_grasp_ver3_grasp_ver3,20260311222735,8,444.0,0.0
2x2_slot_inorder_place_inorder_10_grasp_ver3_grasp_ver3,20260311222738,33,1846.0,0.0
2x2_slot_inorder_place_inorder_10_grasp_ver3_grasp_ver3,20260311222746,32,1618.0,0.0
2x2_slot_inorder_place_inorder_10_grasp_ver3_grasp_ver3,20260311222754,10,552.0,0.0
2x2_slot_inorder_place_inorder_10_grasp_ver3_grasp_ver3,20260311222758,10,518.0,0.0
2x2_slot_inorder_place_inorder_10_grasp_ver3_grasp_ver3,20260311222802,17,955.0,0.0
2x2_slot_inorder_place_inorder_10_grasp_ver3_grasp_ver3,20260311222807,10,422.0,0.0
2x2_slot_inorder_place_inorder_10_grasp_ver3_grasp_ver3,20260311222811,15,883.0,0.0
2x2_slot_inorder_place_inorder_10_grasp_ver3_grasp_ver3,20260311222817,6,386.0,0.0
2x2_slot_inorder_place_inorder_10_grasp_ver3_grasp_ver3,20260311222820,44,2368.0,0.0
2x2_slot_inorder_place_inorder_10_grasp_ver3_grasp_ver3,20260311222826,25,1302.0,0.0
2x2_slot_inorder_place_inorder_10_grasp_ver3_grasp_ver3,20260311222836,4,284.0,0.0
2x2_slot_inorder_place_inorder_10_grasp_ver3_grasp_ver3,20260311222841,17,905.0,0.015625
2x2_slot_inorder_place_inorder_10_grasp_ver3_grasp_ver3,20260311222847,4,310.0,0.0
2x2_slot_inorder_place_inorder_10_grasp_ver3_grasp_ver3,20260311222851,13,743.0,0.0
2x2_slot_inorder_place_inorder_10_grasp_ver3_grasp_ver3,20260311222859,15,729.0,0.0
2x2_slot_inorder_place_inorder_10_grasp_ver3_grasp_ver3,20260311222908,18,1079.0,0.0
2x2_slot_inorder_place_inorder_10_grasp_ver3_grasp_ver3,20260311222920,17,901.0,0.0
2x2_slot_inorder_place_inorder_10_grasp_ver3_greedy_ver3,20260311221741,13,651.0,0.0
2x2_slot_inorder_place_inorder_10_grasp_ver3_greedy_ver3,20260311221744,28,1624.0,0.0
2x2_slot_inorder_place_inorder_10_grasp_ver3_greedy_ver3,20260311221747,34,1842.0,0.0
2x2_slot_inorder_place_inorder_10_grasp_ver3_greedy_ver3,20260311221750,2,282.0,0.0
2x2_slot_inorder_place_inorder_10_grasp_ver3_greedy_ver3,20260311221753,21,1038.0,0.0
2x2_slot_inorder_place_inorder_10_grasp_ver3_greedy_ver3,20260311221757,4,304.0,0.0
2x2_slot_inorder_place_inorder_10_grasp_ver3_greedy_ver3,20260311221800,6,340.0,0.0
2x2_slot_inorder_place_inorder_10_grasp_ver3_greedy_ver3,20260311221803,14,851.0,0.015625
2x2_slot_inorder_place_inorder_10_grasp_ver3_greedy_ver3,20260311221807,24,1282.0,0.0
2x2_slot_inorder_place_inorder_10_grasp_ver3_greedy_ver3,20260311221811,17,971.0,0.0
2x2_slot_inorder_place_inorder_10_grasp_ver3_greedy_ver3,20260311221814,26,1381.0,0.0
2x2_slot_inorder_place_inorder_10_grasp_ver3_greedy_ver3,20260311221819,7,386.0,0.0
2x2_slot_inorder_place_inorder_10_grasp_ver3_greedy_ver3,20260311221822,9,586.0,0.0
2x2_slot_inorder_place_inorder_10_grasp_ver3_greedy_ver3,20260311221825,14,747.0,0.0
2x2_slot_inorder_place_inorder_10_grasp_ver3_greedy_ver3,20260311221828,13,852.0,0.0
2x2_slot_inorder_place_inorder_10_grasp_ver3_greedy_ver3,20260311221833,33,1836.0,0.0
2x2_slot_inorder_place_inorder_10_grasp_ver3_greedy_ver3,20260311221838,17,835.0,0.0
2x2_slot_inorder_place_inorder_10_grasp_ver3_greedy_ver3,20260311221843,24,1431.0,0.0
2x2_slot_inorder_place_inorder_10_grasp_ver3_greedy_ver3,20260311221851,25,1556.0,0.0
2x2_slot_inorder_place_inorder_10_grasp_ver3_greedy_ver3,20260311221856,10,574.0,0.0
2x2_slot_inorder_place_inorder_10_grasp_ver3_greedy_ver3,20260311221901,28,1571.0,0.0
2x2_slot_inorder_place_inorder_10_grasp_ver3_greedy_ver3,20260311221905,2,288.0,0.0
2x2_slot_inorder_place_inorder_10_grasp_ver3_greedy_ver3,20260311221907,12,590.0,0.0
2x2_slot_inorder_place_inorder_10_grasp_ver3_greedy_ver3,20260311221910,4,310.0,0.0
2x2_slot_inorder_place_inorder_10_grasp_ver3_greedy_ver3,20260311221914,14,747.0,0.0
2x2_slot_inorder_place_inorder_10_grasp_ver3_greedy_ver3,20260311221917,13,606.0,0.0
2x2_slot_inorder_place_inorder_10_grasp_ver3_greedy_ver3,20260311221921,6,346.0,0.0
2x2_slot_inorder_place_inorder_10_grasp_ver3_greedy_ver3,20260311221924,15,949.0,0.0
2x2_slot_inorder_place_inorder_10_grasp_ver3_greedy_ver3,20260311221929,21,1184.0,0.015625
2x2_slot_inorder_place_inorder_10_grasp_ver3_greedy_ver3,20260311221934,4,314.0,0.015625
2x2_slot_inorder_place_inorder_10_grasp_ver3_greedy_ver3,20260311221938,9,370.0,0.0
2x2_slot_inorder_place_inorder_10_grasp_ver3_greedy_ver3,20260311221942,19,1029.0,0.0
2x2_slot_inorder_place_inorder_10_grasp_ver3_greedy_ver3,20260311221945,19,1065.0,0.0
2x2_slot_inorder_place_inorder_10_grasp_ver3_greedy_ver3,20260311221949,37,1876.0,0.0
2x2_slot_inorder_place_inorder_10_grasp_ver3_greedy_ver3,20260311221953,26,1402.0,0.0
2x2_slot_inorder_place_inorder_10_grasp_ver3_greedy_ver3,20260311221957,29,1400.0,0.0
2x2_slot_inorder_place_inorder_10_grasp_ver3_greedy_ver3,20260311222000,6,350.0,0.0
2x2_slot_inorder_place_inorder_10_grasp_ver3_greedy_ver3,20260311222004,11,622.0,0.0
2x2_slot_inorder_place_inorder_10_grasp_ver3_greedy_ver3,20260311222007,15,757.0,0.0
2x2_slot_inorder_place_inorder_10_grasp_ver3_greedy_ver3,20260311222010,2,278.0,0.0
2x2_slot_inorder_place_inorder_10_grasp_ver3_greedy_ver3,20260311222014,4,270.0,0.0
2x2_slot_inorder_place_inorder_10_grasp_ver3_greedy_ver3,20260311222016,2,274.0,0.0
2x2_slot_inorder_place_inorder_10_grasp_ver3_greedy_ver3,20260311222018,14,785.0,0.0
2x2_slot_inorder_place_inorder_10_grasp_ver3_greedy_ver3,20260311222021,4,334.0,0.0
2x2_slot_inorder_place_inorder_10_grasp_ver3_greedy_ver3,20260311222025,4,222.0,0.0
2x2_slot_inorder_place_inorder_10_grasp_ver3_greedy_ver3,20260311222027,14,645.0,0.0
2x2_slot_inorder_place_inorder_10_grasp_ver3_greedy_ver3,20260311222033,24,1497.0,0.0
2x2_slot_inorder_place_inorder_10_grasp_ver3_greedy_ver3,20260311222039,18,901.0,0.0
2x2_slot_inorder_place_inorder_10_grasp_ver3_greedy_ver3,20260311222043,6,350.0,0.0
2x2_slot_inorder_place_inorder_10_grasp_ver3_greedy_ver3,20260311222046,4,308.0,0.0
2x2_slot_inorder_place_inorder_10_grasp_ver3_greedy_ver3,20260311222050,8,402.0,0.0
2x2_slot_inorder_place_inorder_10_grasp_ver3_greedy_ver3,20260311222053,4,248.0,0.0
2x2_slot_inorder_place_inorder_10_grasp_ver3_greedy_ver3,20260311222055,13,724.0,0.0
2x2_slot_inorder_place_inorder_10_grasp_ver3_greedy_ver3,20260311222059,21,1175.0,0.0
2x2_slot_inorder_place_inorder_10_grasp_ver3_greedy_ver3,20260311222103,8,436.0,0.0
2x2_slot_inorder_place_inorder_10_grasp_ver3_greedy_ver3,20260311222106,20,1041.0,0.0
2x2_slot_inorder_place_inorder_10_grasp_ver3_greedy_ver3,20260311222109,12,654.0,0.0
2x2_slot_inorder_place_inorder_10_grasp_ver3_greedy_ver3,20260311222113,25,1584.0,0.0
2x2_slot_inorder_place_inorder_10_grasp_ver3_greedy_ver3,20260311222118,4,310.0,0.0
2x2_slot_inorder_place_inorder_10_grasp_ver3_greedy_ver3,20260311222121,24,1318.0,0.0
2x2_slot_inorder_place_inorder_10_grasp_ver3_greedy_ver3,20260311222125,32,1800.0,0.0
2x2_slot_inorder_place_inorder_10_grasp_ver3_greedy_ver3,20260311222130,26,1446.0,0.0
2x2_slot_inorder_place_inorder_10_grasp_ver3_greedy_ver3,20260311222135,25,1338.0,0.0
2x2_slot_inorder_place_inorder_10_grasp_ver3_greedy_ver3,20260311222137,12,613.0,0.0
2x2_slot_inorder_place_inorder_10_grasp_ver3_greedy_ver3,20260311222140,8,430.0,0.0
2x2_slot_inorder_place_inorder_10_grasp_ver3_greedy_ver3,20260311222143,2,282.0,0.0
2x2_slot_inorder_place_inorder_10_grasp_ver3_greedy_ver3,20260311222145,4,264.0,0.0
2x2_slot_inorder_place_inorder_10_grasp_ver3_greedy_ver3,20260311222148,16,769.0,0.0
2x2_slot_inorder_place_inorder_10_grasp_ver3_greedy_ver3,20260311222151,8,434.0,0.0
2x2_slot_inorder_place_inorder_10_grasp_ver3_greedy_ver3,20260311222154,6,334.0,0.0
2x2_slot_inorder_place_inorder_10_grasp_ver3_greedy_ver3,20260311222157,9,636.0,0.0
2x2_slot_inorder_place_inorder_10_grasp_ver3_greedy_ver3,20260311222202,31,1430.0,0.0
2x2_slot_inorder_place_inorder_10_grasp_ver3_greedy_ver3,20260311222207,18,1017.0,0.0
2x2_slot_inorder_place_inorder_10_grasp_ver3_greedy_ver3,20260311222212,14,647.0,0.0
2x2_slot_inorder_place_inorder_10_grasp_ver3_greedy_ver3,20260311222216,4,266.0,0.015625
2x2_slot_inorder_place_inorder_10_grasp_ver3_greedy_ver3,20260311222219,9,568.0,0.0
2x2_slot_inorder_place_inorder_10_grasp_ver3_greedy_ver3,20260311222222,28,1384.0,0.0
2x2_slot_inorder_place_inorder_10_grasp_ver3_greedy_ver3,20260311222227,21,1239.0,0.0
2x2_slot_inorder_place_inorder_10_grasp_ver3_greedy_ver3,20260311222233,7,572.0,0.0
2x2_slot_inorder_place_inorder_10_grasp_ver3_greedy_ver3,20260311222239,56,2619.0,0.0
2x2_slot_inorder_place_inorder_10_grasp_ver3_greedy_ver3,20260311222247,33,1890.0,0.0
2x2_slot_inorder_place_inorder_10_grasp_ver3_greedy_ver3,20260311222252,12,599.0,0.0
2x2_slot_inorder_place_inorder_10_grasp_ver3_greedy_ver3,20260311222255,17,846.0,0.0
2x2_slot_inorder_place_inorder_10_grasp_ver3_greedy_ver3,20260311222258,8,452.0,0.0
2x2_slot_inorder_place_inorder_10_grasp_ver3_greedy_ver3,20260311222302,8,520.0,0.0
2x2_slot_inorder_place_inorder_10_grasp_ver3_greedy_ver3,20260311222305,8,674.0,0.0
2x2_slot_inorder_place_inorder_10_grasp_ver3_greedy_ver3,20260311222308,2,270.0,0.0
2x2_slot_inorder_place_inorder_10_grasp_ver3_greedy_ver3,20260311222310,4,254.0,0.0
2x2_slot_inorder_place_inorder_10_grasp_ver3_greedy_ver3,20260311222316,19,981.0,0.0
2x2_slot_inorder_place_inorder_10_grasp_ver3_greedy_ver3,20260311222322,13,811.0,0.0
2x2_slot_inorder_place_inorder_10_grasp_ver3_greedy_ver3,20260311222325,8,412.0,0.0
2x2_slot_inorder_place_inorder_10_grasp_ver3_greedy_ver3,20260311222328,17,853.0,0.0
2x2_slot_inorder_place_inorder_10_grasp_ver3_greedy_ver3,20260311222333,4,338.0,0.0
2x2_slot_inorder_place_inorder_10_grasp_ver3_greedy_ver3,20260311222340,36,1974.0,0.0
2x2_slot_inorder_place_inorder_10_grasp_ver3_greedy_ver3,20260311222347,11,654.0,0.0
2x2_slot_inorder_place_inorder_10_grasp_ver3_greedy_ver3,20260311222352,30,1646.0,0.015625
2x2_slot_inorder_place_inorder_10_grasp_ver3_greedy_ver3,20260311222356,8,412.0,0.015625
2x2_slot_inorder_place_inorder_10_grasp_ver3_greedy_ver3,20260311222400,10,548.0,0.0
2x2_slot_inorder_place_inorder_10_grasp_ver3_greedy_ver3,20260311222406,30,1684.0,0.0
2x2_slot_inorder_place_inorder_10_grasp_ver3_greedy_ver3,20260311222414,33,1778.0,0.0
2x2_slot_inorder_place_inorder_10_grasp_ver3_greedy_ver3,20260311222420,10,510.0,0.0
2x2_slot_inorder_place_inorder_10_grasp_ver3_greedy_ver3,20260311222424,29,1689.0,0.0
2x2_slot_inorder_place_inorder_10_grasp_ver3_greedy_ver3,20260311222428,11,656.0,0.0
2x2_slot_inorder_place_inorder_10_grasp_ver3_greedy_ver3,20260311222431,21,1069.0,0.0
2x2_slot_inorder_place_inorder_10_grasp_ver3_greedy_ver3,20260311222436,15,845.0,0.015625
2x2_slot_inorder_place_inorder_10_grasp_ver3_greedy_ver3,20260311222440,14,739.0,0.0
2x2_slot_inorder_place_inorder_10_grasp_ver3_greedy_ver3,20260311222444,12,702.0,0.0
2x2_slot_inorder_place_inorder_10_grasp_ver3_greedy_ver3,20260311222450,31,1646.0,0.015625
2x2_slot_inorder_place_inorder_10_grasp_ver3_greedy_ver3,20260311222457,31,1610.0,0.0
2x2_slot_inorder_place_inorder_10_grasp_ver3_greedy_ver3,20260311222505,19,991.0,0.0
2x2_slot_inorder_place_inorder_10_grasp_ver3_greedy_ver3,20260311222510,10,656.0,0.015625
2x2_slot_inorder_place_inorder_10_grasp_ver3_greedy_ver3,20260311222515,12,575.0,0.0
2x2_slot_inorder_place_inorder_10_grasp_ver3_greedy_ver3,20260311222519,18,886.0,0.0
2x2_slot_inorder_place_inorder_10_grasp_ver3_greedy_ver3,20260311222525,41,1914.0,0.0
2x2_slot_inorder_place_inorder_10_grasp_ver3_greedy_ver3,20260311222533,12,612.0,0.0
2x2_slot_inorder_place_inorder_10_grasp_ver3_greedy_ver3,20260311222537,6,344.0,0.0
2x2_slot_inorder_place_inorder_10_grasp_ver3_greedy_ver3,20260311222541,30,1504.0,0.0
2x2_slot_inorder_place_inorder_10_grasp_ver3_greedy_ver3,20260311222547,26,1446.0,0.0
2x2_slot_inorder_place_inorder_10_grasp_ver3_greedy_ver3,20260311222551,2,254.0,0.0
2x2_slot_inorder_place_inorder_10_grasp_ver3_greedy_ver3,20260311222557,21,1069.0,0.015625
2x2_slot_inorder_place_inorder_10_grasp_ver3_greedy_ver3,20260311222604,12,778.0,0.0
2x2_slot_inorder_place_inorder_10_grasp_ver3_greedy_ver3,20260311222609,30,1468.0,0.015625
2x2_slot_inorder_place_inorder_10_grasp_ver3_greedy_ver3,20260311222615,40,1898.0,0.0
2x2_slot_inorder_place_inorder_10_grasp_ver3_greedy_ver3,20260311222621,14,753.0,0.0
2x2_slot_inorder_place_inorder_10_grasp_ver3_greedy_ver3,20260311222625,26,1414.0,0.0
2x2_slot_inorder_place_inorder_10_grasp_ver3_greedy_ver3,20260311222629,40,1916.0,0.0
2x2_slot_inorder_place_inorder_10_grasp_ver3_greedy_ver3,20260311222635,18,911.0,0.0
2x2_slot_inorder_place_inorder_10_grasp_ver3_greedy_ver3,20260311222641,14,721.0,0.0
2x2_slot_inorder_place_inorder_10_grasp_ver3_greedy_ver3,20260311222646,20,1009.0,0.0
2x2_slot_inorder_place_inorder_10_grasp_ver3_greedy_ver3,20260311222651,13,668.0,0.0
2x2_slot_inorder_place_inorder_10_grasp_ver3_greedy_ver3,20260311222655,20,825.0,0.0
2x2_slot_inorder_place_inorder_10_grasp_ver3_greedy_ver3,20260311222659,20,1187.0,0.0
2x2_slot_inorder_place_inorder_10_grasp_ver3_greedy_ver3,20260311222705,12,657.0,0.0
2x2_slot_inorder_place_inorder_10_grasp_ver3_greedy_ver3,20260311222708,2,214.0,0.0
2x2_slot_inorder_place_inorder_10_grasp_ver3_greedy_ver3,20260311222712,24,1343.0,0.0
2x2_slot_inorder_place_inorder_10_grasp_ver3_greedy_ver3,20260311222717,10,434.0,0.0
2x2_slot_inorder_place_inorder_10_grasp_ver3_greedy_ver3,20260311222721,12,659.0,0.015625
2x2_slot_inorder_place_inorder_10_grasp_ver3_greedy_ver3,20260311222724,14,725.0,0.0
2x2_slot_inorder_place_inorder_10_grasp_ver3_greedy_ver3,20260311222728,14,711.0,0.0
2x2_slot_inorder_place_inorder_10_grasp_ver3_greedy_ver3,20260311222732,13,759.0,0.0
2x2_slot_inorder_place_inorder_10_grasp_ver3_greedy_ver3,20260311222736,8,458.0,0.0
2x2_slot_inorder_place_inorder_10_grasp_ver3_greedy_ver3,20260311222742,33,1778.0,0.0
2x2_slot_inorder_place_inorder_10_grasp_ver3_greedy_ver3,20260311222750,21,1165.0,0.0
2x2_slot_inorder_place_inorder_10_grasp_ver3_greedy_ver3,20260311222756,19,1061.0,0.0
2x2_slot_inorder_place_inorder_10_grasp_ver3_greedy_ver3,20260311222800,10,454.0,0.0
2x2_slot_inorder_place_inorder_10_grasp_ver3_greedy_ver3,20260311222805,18,863.0,0.0
2x2_slot_inorder_place_inorder_10_grasp_ver3_greedy_ver3,20260311222809,10,482.0,0.0
2x2_slot_inorder_place_inorder_10_grasp_ver3_greedy_ver3,20260311222814,22,1051.0,0.0
2x2_slot_inorder_place_inorder_10_grasp_ver3_greedy_ver3,20260311222819,6,508.0,0.0
2x2_slot_inorder_place_inorder_10_grasp_ver3_greedy_ver3,20260311222823,14,777.0,0.0
2x2_slot_inorder_place_inorder_10_grasp_ver3_greedy_ver3,20260311222830,25,1439.0,0.0
2x2_slot_inorder_place_inorder_10_grasp_ver3_greedy_ver3,20260311222839,4,254.0,0.0
2x2_slot_inorder_place_inorder_10_grasp_ver3_greedy_ver3,20260311222844,24,1118.0,0.0
2x2_slot_inorder_place_inorder_10_grasp_ver3_greedy_ver3,20260311222849,4,262.0,0.015625
2x2_slot_inorder_place_inorder_10_grasp_ver3_greedy_ver3,20260311222856,12,609.0,0.0
2x2_slot_inorder_place_inorder_10_grasp_ver3_greedy_ver3,20260311222903,21,1043.0,0.0
2x2_slot_inorder_place_inorder_10_grasp_ver3_greedy_ver3,20260311222913,25,1114.0,0.0
2x2_slot_inorder_place_inorder_10_grasp_ver3_greedy_ver3,20260311222927,16,701.0,0.0
2x2_slot_inorder_place_inorder_10_greedy_ver3_grasp_ver3,20260311220545,5,418.0,0.0
2x2_slot_inorder_place_inorder_10_greedy_ver3_grasp_ver3,20260311220547,5,424.0,0.0
2x2_slot_inorder_place_inorder_10_greedy_ver3_grasp_ver3,20260311220550,25,1363.0,0.0
2x2_slot_inorder_place_inorder_10_greedy_ver3_grasp_ver3,20260311220554,2,288.0,0.0
2x2_slot_inorder_place_inorder_10_greedy_ver3_grasp_ver3,20260311220557,4,288.0,0.0
2x2_slot_inorder_place_inorder_10_greedy_ver3_grasp_ver3,20260311220559,9,474.0,0.0
2x2_slot_inorder_place_inorder_10_greedy_ver3_grasp_ver3,20260311220602,14,775.0,0.0
2x2_slot_inorder_place_inorder_10_greedy_ver3_grasp_ver3,20260311220606,4,320.0,0.0
2x2_slot_inorder_place_inorder_10_greedy_ver3_grasp_ver3,20260311220609,10,516.0,0.0
2x2_slot_inorder_place_inorder_10_greedy_ver3_grasp_ver3,20260311220613,8,434.0,0.0
2x2_slot_inorder_place_inorder_10_greedy_ver3_grasp_ver3,20260311220616,2,250.0,0.0
2x2_slot_inorder_place_inorder_10_greedy_ver3_grasp_ver3,20260311220619,4,274.0,0.0
2x2_slot_inorder_place_inorder_10_greedy_ver3_grasp_ver3,20260311220622,5,640.0,0.0
2x2_slot_inorder_place_inorder_10_greedy_ver3_grasp_ver3,20260311220626,12,730.0,0.0
2x2_slot_inorder_place_inorder_10_greedy_ver3_grasp_ver3,20260311220631,11,615.0,0.0
2x2_slot_inorder_place_inorder_10_greedy_ver3_grasp_ver3,20260311220635,21,1241.0,0.0
2x2_slot_inorder_place_inorder_10_greedy_ver3_grasp_ver3,20260311220639,32,1797.0,0.0
2x2_slot_inorder_place_inorder_10_greedy_ver3_grasp_ver3,20260311220647,18,1053.0,0.015625
2x2_slot_inorder_place_inorder_10_greedy_ver3_grasp_ver3,20260311220654,18,1065.0,0.0
2x2_slot_inorder_place_inorder_10_greedy_ver3_grasp_ver3,20260311220659,17,977.0,0.0
2x2_slot_inorder_place_inorder_10_greedy_ver3_grasp_ver3,20260311220702,2,276.0,0.0
2x2_slot_inorder_place_inorder_10_greedy_ver3_grasp_ver3,20260311220706,6,352.0,0.0
2x2_slot_inorder_place_inorder_10_greedy_ver3_grasp_ver3,20260311220710,4,282.0,0.0
2x2_slot_inorder_place_inorder_10_greedy_ver3_grasp_ver3,20260311220713,10,512.0,0.0
2x2_slot_inorder_place_inorder_10_greedy_ver3_grasp_ver3,20260311220716,18,875.0,0.0
2x2_slot_inorder_place_inorder_10_greedy_ver3_grasp_ver3,20260311220723,21,1219.0,0.0
2x2_slot_inorder_place_inorder_10_greedy_ver3_grasp_ver3,20260311220727,16,947.0,0.0
2x2_slot_inorder_place_inorder_10_greedy_ver3_grasp_ver3,20260311220731,19,1171.0,0.0
2x2_slot_inorder_place_inorder_10_greedy_ver3_grasp_ver3,20260311220737,13,702.0,0.0
2x2_slot_inorder_place_inorder_10_greedy_ver3_grasp_ver3,20260311220742,16,907.0,0.0
2x2_slot_inorder_place_inorder_10_greedy_ver3_grasp_ver3,20260311220751,10,610.0,0.0
2x2_slot_inorder_place_inorder_10_greedy_ver3_grasp_ver3,20260311220756,17,921.0,0.015625
2x2_slot_inorder_place_inorder_10_greedy_ver3_grasp_ver3,20260311220759,7,446.0,0.0
2x2_slot_inorder_place_inorder_10_greedy_ver3_grasp_ver3,20260311220804,20,1193.0,0.0
2x2_slot_inorder_place_inorder_10_greedy_ver3_grasp_ver3,20260311220808,8,592.0,0.0
2x2_slot_inorder_place_inorder_10_greedy_ver3_grasp_ver3,20260311220812,5,410.0,0.0
2x2_slot_inorder_place_inorder_10_greedy_ver3_grasp_ver3,20260311220815,15,881.0,0.0
2x2_slot_inorder_place_inorder_10_greedy_ver3_grasp_ver3,20260311220818,11,630.0,0.0
2x2_slot_inorder_place_inorder_10_greedy_ver3_grasp_ver3,20260311220822,9,590.0,0.0
2x2_slot_inorder_place_inorder_10_greedy_ver3_grasp_ver3,20260311220825,2,248.0,0.0
2x2_slot_inorder_place_inorder_10_greedy_ver3_grasp_ver3,20260311220828,13,699.0,0.0
2x2_slot_inorder_place_inorder_10_greedy_ver3_grasp_ver3,20260311220831,17,781.0,0.0
2x2_slot_inorder_place_inorder_10_greedy_ver3_grasp_ver3,20260311220834,9,490.0,0.0
2x2_slot_inorder_place_inorder_10_greedy_ver3_grasp_ver3,20260311220837,10,528.0,0.0
2x2_slot_inorder_place_inorder_10_greedy_ver3_grasp_ver3,20260311220839,2,280.0,0.0
2x2_slot_inorder_place_inorder_10_greedy_ver3_grasp_ver3,20260311220842,11,700.0,0.0
2x2_slot_inorder_place_inorder_10_greedy_ver3_grasp_ver3,20260311220848,32,1962.0,0.0
2x2_slot_inorder_place_inorder_10_greedy_ver3_grasp_ver3,20260311220857,25,1307.0,0.0
2x2_slot_inorder_place_inorder_10_greedy_ver3_grasp_ver3,20260311220903,6,330.0,0.0
2x2_slot_inorder_place_inorder_10_greedy_ver3_grasp_ver3,20260311220905,4,288.0,0.0
2x2_slot_inorder_place_inorder_10_greedy_ver3_grasp_ver3,20260311220909,7,564.0,0.0
2x2_slot_inorder_place_inorder_10_greedy_ver3_grasp_ver3,20260311220913,2,268.0,0.0
2x2_slot_inorder_place_inorder_10_greedy_ver3_grasp_ver3,20260311220915,2,278.0,0.0
2x2_slot_inorder_place_inorder_10_greedy_ver3_grasp_ver3,20260311220918,13,759.0,0.0
2x2_slot_inorder_place_inorder_10_greedy_ver3_grasp_ver3,20260311220921,17,860.0,0.0
2x2_slot_inorder_place_inorder_10_greedy_ver3_grasp_ver3,20260311220925,5,426.0,0.0
2x2_slot_inorder_place_inorder_10_greedy_ver3_grasp_ver3,20260311220928,10,540.0,0.0
2x2_slot_inorder_place_inorder_10_greedy_ver3_grasp_ver3,20260311220931,13,677.0,0.0
2x2_slot_inorder_place_inorder_10_greedy_ver3_grasp_ver3,20260311220934,18,1043.0,0.0
2x2_slot_inorder_place_inorder_10_greedy_ver3_grasp_ver3,20260311220938,16,1011.0,0.0
2x2_slot_inorder_place_inorder_10_greedy_ver3_grasp_ver3,20260311220944,11,746.0,0.0
2x2_slot_inorder_place_inorder_10_greedy_ver3_grasp_ver3,20260311220950,40,2146.0,0.0
2x2_slot_inorder_place_inorder_10_greedy_ver3_grasp_ver3,20260311220956,9,612.0,0.0
2x2_slot_inorder_place_inorder_10_greedy_ver3_grasp_ver3,20260311220959,5,420.0,0.015625
2x2_slot_inorder_place_inorder_10_greedy_ver3_grasp_ver3,20260311221002,5,410.0,0.0
2x2_slot_inorder_place_inorder_10_greedy_ver3_grasp_ver3,20260311221004,7,532.0,0.0
2x2_slot_inorder_place_inorder_10_greedy_ver3_grasp_ver3,20260311221007,14,639.0,0.0
2x2_slot_inorder_place_inorder_10_greedy_ver3_grasp_ver3,20260311221010,4,308.0,0.015625
2x2_slot_inorder_place_inorder_10_greedy_ver3_grasp_ver3,20260311221013,8,424.0,0.015625
2x2_slot_inorder_place_inorder_10_greedy_ver3_grasp_ver3,20260311221016,6,338.0,0.0
2x2_slot_inorder_place_inorder_10_greedy_ver3_grasp_ver3,20260311221020,8,422.0,0.0
2x2_slot_inorder_place_inorder_10_greedy_ver3_grasp_ver3,20260311221023,4,360.0,0.0
2x2_slot_inorder_place_inorder_10_greedy_ver3_grasp_ver3,20260311221026,23,1491.0,0.0
2x2_slot_inorder_place_inorder_10_greedy_ver3_grasp_ver3,20260311221031,8,396.0,0.0
2x2_slot_inorder_place_inorder_10_greedy_ver3_grasp_ver3,20260311221034,8,408.0,0.0
2x2_slot_inorder_place_inorder_10_greedy_ver3_grasp_ver3,20260311221037,17,887.0,0.0
2x2_slot_inorder_place_inorder_10_greedy_ver3_grasp_ver3,20260311221040,11,730.0,0.0
2x2_slot_inorder_place_inorder_10_greedy_ver3_grasp_ver3,20260311221045,24,1198.0,0.0
2x2_slot_inorder_place_inorder_10_greedy_ver3_grasp_ver3,20260311221051,12,748.0,0.0
2x2_slot_inorder_place_inorder_10_greedy_ver3_grasp_ver3,20260311221053,20,1159.0,0.0
2x2_slot_inorder_place_inorder_10_greedy_ver3_grasp_ver3,20260311221059,49,2353.0,0.0
2x2_slot_inorder_place_inorder_10_greedy_ver3_grasp_ver3,20260311221109,36,1936.0,0.0
2x2_slot_inorder_place_inorder_10_greedy_ver3_grasp_ver3,20260311221113,20,1197.0,0.0
2x2_slot_inorder_place_inorder_10_greedy_ver3_grasp_ver3,20260311221116,29,1668.0,0.0
2x2_slot_inorder_place_inorder_10_greedy_ver3_grasp_ver3,20260311221121,13,694.0,0.0
2x2_slot_inorder_place_inorder_10_greedy_ver3_grasp_ver3,20260311221125,10,534.0,0.0
2x2_slot_inorder_place_inorder_10_greedy_ver3_grasp_ver3,20260311221130,8,520.0,0.0
2x2_slot_inorder_place_inorder_10_greedy_ver3_grasp_ver3,20260311221135,6,314.0,0.0
2x2_slot_inorder_place_inorder_10_greedy_ver3_grasp_ver3,20260311221139,11,782.0,0.015625
2x2_slot_inorder_place_inorder_10_greedy_ver3_grasp_ver3,20260311221149,29,1638.0,0.0
2x2_slot_inorder_place_inorder_10_greedy_ver3_grasp_ver3,20260311221154,8,372.0,0.0
2x2_slot_inorder_place_inorder_10_greedy_ver3_grasp_ver3,20260311221158,7,534.0,0.0
2x2_slot_inorder_place_inorder_10_greedy_ver3_grasp_ver3,20260311221202,23,1303.0,0.0
2x2_slot_inorder_place_inorder_10_greedy_ver3_grasp_ver3,20260311221210,12,662.0,0.0
2x2_slot_inorder_place_inorder_10_greedy_ver3_grasp_ver3,20260311221216,15,797.0,0.0
2x2_slot_inorder_place_inorder_10_greedy_ver3_grasp_ver3,20260311221221,8,536.0,0.0
2x2_slot_inorder_place_inorder_10_greedy_ver3_grasp_ver3,20260311221224,23,1067.0,0.0
2x2_slot_inorder_place_inorder_10_greedy_ver3_grasp_ver3,20260311221228,7,444.0,0.0
2x2_slot_inorder_place_inorder_10_greedy_ver3_grasp_ver3,20260311221232,30,1498.0,0.0
2x2_slot_inorder_place_inorder_10_greedy_ver3_grasp_ver3,20260311221239,25,1418.0,0.0
2x2_slot_inorder_place_inorder_10_greedy_ver3_grasp_ver3,20260311221248,7,448.0,0.0
2x2_slot_inorder_place_inorder_10_greedy_ver3_grasp_ver3,20260311221252,7,528.0,0.0
2x2_slot_inorder_place_inorder_10_greedy_ver3_grasp_ver3,20260311221255,23,1210.0,0.0
2x2_slot_inorder_place_inorder_10_greedy_ver3_grasp_ver3,20260311221258,18,917.0,0.0
2x2_slot_inorder_place_inorder_10_greedy_ver3_grasp_ver3,20260311221302,14,907.0,0.0
2x2_slot_inorder_place_inorder_10_greedy_ver3_grasp_ver3,20260311221306,36,2168.0,0.0
2x2_slot_inorder_place_inorder_10_greedy_ver3_grasp_ver3,20260311221311,12,712.0,0.0
2x2_slot_inorder_place_inorder_10_greedy_ver3_grasp_ver3,20260311221314,25,1175.0,0.0
2x2_slot_inorder_place_inorder_10_greedy_ver3_grasp_ver3,20260311221320,28,1845.0,0.0
2x2_slot_inorder_place_inorder_10_greedy_ver3_grasp_ver3,20260311221325,30,1522.0,0.0
2x2_slot_inorder_place_inorder_10_greedy_ver3_grasp_ver3,20260311221332,7,444.0,0.0
2x2_slot_inorder_place_inorder_10_greedy_ver3_grasp_ver3,20260311221336,21,1105.0,0.0
2x2_slot_inorder_place_inorder_10_greedy_ver3_grasp_ver3,20260311221340,17,1039.0,0.0
2x2_slot_inorder_place_inorder_10_greedy_ver3_grasp_ver3,20260311221345,14,793.0,0.0
2x2_slot_inorder_place_inorder_10_greedy_ver3_grasp_ver3,20260311221350,39,2040.0,0.0
2x2_slot_inorder_place_inorder_10_greedy_ver3_grasp_ver3,20260311221358,2,194.0,0.015625
2x2_slot_inorder_place_inorder_10_greedy_ver3_grasp_ver3,20260311221400,23,1121.0,0.0
2x2_slot_inorder_place_inorder_10_greedy_ver3_grasp_ver3,20260311221406,37,2014.0,0.0
2x2_slot_inorder_place_inorder_10_greedy_ver3_grasp_ver3,20260311221412,22,1131.0,0.0
2x2_slot_inorder_place_inorder_10_greedy_ver3_grasp_ver3,20260311221414,23,1369.0,0.0
2x2_slot_inorder_place_inorder_10_greedy_ver3_grasp_ver3,20260311221422,25,1232.0,0.0
2x2_slot_inorder_place_inorder_10_greedy_ver3_grasp_ver3,20260311221427,10,576.0,0.0
2x2_slot_inorder_place_inorder_10_greedy_ver3_grasp_ver3,20260311221430,57,2790.0,0.0
2x2_slot_inorder_place_inorder_10_greedy_ver3_grasp_ver3,20260311221438,15,799.0,0.0
2x2_slot_inorder_place_inorder_10_greedy_ver3_grasp_ver3,20260311221444,2,282.0,0.0
2x2_slot_inorder_place_inorder_10_greedy_ver3_grasp_ver3,20260311221446,12,562.0,0.0
2x2_slot_inorder_place_inorder_10_greedy_ver3_grasp_ver3,20260311221451,19,944.0,0.0
2x2_slot_inorder_place_inorder_10_greedy_ver3_grasp_ver3,20260311221459,15,789.0,0.0
2x2_slot_inorder_place_inorder_10_greedy_ver3_grasp_ver3,20260311221504,28,1358.0,0.0
2x2_slot_inorder_place_inorder_10_greedy_ver3_grasp_ver3,20260311221509,7,530.0,0.0
2x2_slot_inorder_place_inorder_10_greedy_ver3_grasp_ver3,20260311221512,16,787.0,0.0
2x2_slot_inorder_place_inorder_10_greedy_ver3_grasp_ver3,20260311221516,17,959.0,0.0
2x2_slot_inorder_place_inorder_10_greedy_ver3_grasp_ver3,20260311221522,13,771.0,0.0
2x2_slot_inorder_place_inorder_10_greedy_ver3_grasp_ver3,20260311221526,39,1966.0,0.0
2x2_slot_inorder_place_inorder_10_greedy_ver3_grasp_ver3,20260311221528,24,1259.0,0.0
2x2_slot_inorder_place_inorder_10_greedy_ver3_grasp_ver3,20260311221535,7,434.0,0.0
2x2_slot_inorder_place_inorder_10_greedy_ver3_grasp_ver3,20260311221538,12,703.0,0.0
2x2_slot_inorder_place_inorder_10_greedy_ver3_grasp_ver3,20260311221543,5,368.0,0.0
2x2_slot_inorder_place_inorder_10_greedy_ver3_grasp_ver3,20260311221545,10,454.0,0.0
2x2_slot_inorder_place_inorder_10_greedy_ver3_grasp_ver3,20260311221549,17,859.0,0.0
2x2_slot_inorder_place_inorder_10_greedy_ver3_grasp_ver3,20260311221555,25,1401.0,0.0
2x2_slot_inorder_place_inorder_10_greedy_ver3_grasp_ver3,20260311221558,50,2288.0,0.0
2x2_slot_inorder_place_inorder_10_greedy_ver3_grasp_ver3,20260311221606,26,1402.0,0.0
2x2_slot_inorder_place_inorder_10_greedy_ver3_grasp_ver3,20260311221613,13,800.0,0.0
2x2_slot_inorder_place_inorder_10_greedy_ver3_grasp_ver3,20260311221618,14,654.0,0.0
2x2_slot_inorder_place_inorder_10_greedy_ver3_grasp_ver3,20260311221622,24,1195.0,0.0
2x2_slot_inorder_place_inorder_10_greedy_ver3_grasp_ver3,20260311221627,16,648.0,0.015625
2x2_slot_inorder_place_inorder_10_greedy_ver3_grasp_ver3,20260311221630,19,957.0,0.0
2x2_slot_inorder_place_inorder_10_greedy_ver3_grasp_ver3,20260311221636,21,1107.0,0.0
2x2_slot_inorder_place_inorder_10_greedy_ver3_grasp_ver3,20260311221642,16,965.0,0.0
2x2_slot_inorder_place_inorder_10_greedy_ver3_grasp_ver3,20260311221646,43,2100.0,0.0
2x2_slot_inorder_place_inorder_10_greedy_ver3_grasp_ver3,20260311221658,4,254.0,0.0
2x2_slot_inorder_place_inorder_10_greedy_ver3_grasp_ver3,20260311221703,17,889.0,0.0
2x2_slot_inorder_place_inorder_10_greedy_ver3_grasp_ver3,20260311221708,21,1205.0,0.0
2x2_slot_inorder_place_inorder_10_greedy_ver3_grasp_ver3,20260311221712,13,743.0,0.0
2x2_slot_inorder_place_inorder_10_greedy_ver3_grasp_ver3,20260311221716,18,1011.0,0.0
2x2_slot_inorder_place_inorder_10_greedy_ver3_grasp_ver3,20260311221722,22,1419.0,0.0
2x2_slot_inorder_place_inorder_10_greedy_ver3_grasp_ver3,20260311221728,17,867.0,0.0
2x2_slot_inorder_place_inorder_10_greedy_ver3_greedy_ver3,20260311220546,8,438.0,0.0
2x2_slot_inorder_place_inorder_10_greedy_ver3_greedy_ver3,20260311220548,24,1221.0,0.0
2x2_slot_inorder_place_inorder_10_greedy_ver3_greedy_ver3,20260311220552,10,512.0,0.0
2x2_slot_inorder_place_inorder_10_greedy_ver3_greedy_ver3,20260311220555,15,937.0,0.0
2x2_slot_inorder_place_inorder_10_greedy_ver3_greedy_ver3,20260311220558,6,332.0,0.0
2x2_slot_inorder_place_inorder_10_greedy_ver3_greedy_ver3,20260311220601,13,729.0,0.0
2x2_slot_inorder_place_inorder_10_greedy_ver3_greedy_ver3,20260311220604,18,1021.0,0.0
2x2_slot_inorder_place_inorder_10_greedy_ver3_greedy_ver3,20260311220607,6,338.0,0.0
2x2_slot_inorder_place_inorder_10_greedy_ver3_greedy_ver3,20260311220611,15,735.0,0.0
2x2_slot_inorder_place_inorder_10_greedy_ver3_greedy_ver3,20260311220614,8,474.0,0.0
2x2_slot_inorder_place_inorder_10_greedy_ver3_greedy_ver3,20260311220618,2,280.0,0.0
2x2_slot_inorder_place_inorder_10_greedy_ver3_greedy_ver3,20260311220621,10,564.0,0.015625
2x2_slot_inorder_place_inorder_10_greedy_ver3_greedy_ver3,20260311220624,5,640.0,0.0
2x2_slot_inorder_place_inorder_10_greedy_ver3_greedy_ver3,20260311220628,12,620.0,0.0
2x2_slot_inorder_place_inorder_10_greedy_ver3_greedy_ver3,20260311220633,14,665.0,0.0
2x2_slot_inorder_place_inorder_10_greedy_ver3_greedy_ver3,20260311220637,20,1071.0,0.0
2x2_slot_inorder_place_inorder_10_greedy_ver3_greedy_ver3,20260311220643,31,1824.0,0.0
2x2_slot_inorder_place_inorder_10_greedy_ver3_greedy_ver3,20260311220650,20,1149.0,0.0
2x2_slot_inorder_place_inorder_10_greedy_ver3_greedy_ver3,20260311220656,13,661.0,0.0
2x2_slot_inorder_place_inorder_10_greedy_ver3_greedy_ver3,20260311220701,16,981.0,0.0
2x2_slot_inorder_place_inorder_10_greedy_ver3_greedy_ver3,20260311220704,4,262.0,0.0
2x2_slot_inorder_place_inorder_10_greedy_ver3_greedy_ver3,20260311220708,12,590.0,0.0
2x2_slot_inorder_place_inorder_10_greedy_ver3_greedy_ver3,20260311220711,10,454.0,0.0
2x2_slot_inorder_place_inorder_10_greedy_ver3_greedy_ver3,20260311220715,4,346.0,0.0
2x2_slot_inorder_place_inorder_10_greedy_ver3_greedy_ver3,20260311220721,20,1131.0,0.0
2x2_slot_inorder_place_inorder_10_greedy_ver3_greedy_ver3,20260311220725,10,530.0,0.0
2x2_slot_inorder_place_inorder_10_greedy_ver3_greedy_ver3,20260311220729,15,919.0,0.0
2x2_slot_inorder_place_inorder_10_greedy_ver3_greedy_ver3,20260311220734,18,1209.0,0.0
2x2_slot_inorder_place_inorder_10_greedy_ver3_greedy_ver3,20260311220739,12,530.0,0.0
2x2_slot_inorder_place_inorder_10_greedy_ver3_greedy_ver3,20260311220746,14,794.0,0.0
2x2_slot_inorder_place_inorder_10_greedy_ver3_greedy_ver3,20260311220753,22,1193.0,0.0
2x2_slot_inorder_place_inorder_10_greedy_ver3_greedy_ver3,20260311220757,7,340.0,0.0
2x2_slot_inorder_place_inorder_10_greedy_ver3_greedy_ver3,20260311220801,17,897.0,0.0
2x2_slot_inorder_place_inorder_10_greedy_ver3_greedy_ver3,20260311220806,43,2278.0,0.0
2x2_slot_inorder_place_inorder_10_greedy_ver3_greedy_ver3,20260311220810,8,388.0,0.015625
2x2_slot_inorder_place_inorder_10_greedy_ver3_greedy_ver3,20260311220813,18,845.0,0.0
2x2_slot_inorder_place_inorder_10_greedy_ver3_greedy_ver3,20260311220817,10,666.0,0.0
2x2_slot_inorder_place_inorder_10_greedy_ver3_greedy_ver3,20260311220820,12,762.0,0.0
2x2_slot_inorder_place_inorder_10_greedy_ver3_greedy_ver3,20260311220824,12,614.0,0.0
2x2_slot_inorder_place_inorder_10_greedy_ver3_greedy_ver3,20260311220827,7,458.0,0.0
2x2_slot_inorder_place_inorder_10_greedy_ver3_greedy_ver3,20260311220830,8,542.0,0.0
2x2_slot_inorder_place_inorder_10_greedy_ver3_greedy_ver3,20260311220832,6,340.0,0.0
2x2_slot_inorder_place_inorder_10_greedy_ver3_greedy_ver3,20260311220835,9,510.0,0.0
2x2_slot_inorder_place_inorder_10_greedy_ver3_greedy_ver3,20260311220838,10,604.0,0.0
2x2_slot_inorder_place_inorder_10_greedy_ver3_greedy_ver3,20260311220840,4,282.0,0.0
2x2_slot_inorder_place_inorder_10_greedy_ver3_greedy_ver3,20260311220845,10,522.0,0.0
2x2_slot_inorder_place_inorder_10_greedy_ver3_greedy_ver3,20260311220853,37,2276.0,0.0
2x2_slot_inorder_place_inorder_10_greedy_ver3_greedy_ver3,20260311220900,16,975.0,0.0
2x2_slot_inorder_place_inorder_10_greedy_ver3_greedy_ver3,20260311220904,29,1581.0,0.0
2x2_slot_inorder_place_inorder_10_greedy_ver3_greedy_ver3,20260311220907,35,1756.0,0.0
2x2_slot_inorder_place_inorder_10_greedy_ver3_greedy_ver3,20260311220911,34,1838.0,0.0
2x2_slot_inorder_place_inorder_10_greedy_ver3_greedy_ver3,20260311220914,25,1292.0,0.0
2x2_slot_inorder_place_inorder_10_greedy_ver3_greedy_ver3,20260311220916,4,264.0,0.0
2x2_slot_inorder_place_inorder_10_greedy_ver3_greedy_ver3,20260311220920,13,735.0,0.0
2x2_slot_inorder_place_inorder_10_greedy_ver3_greedy_ver3,20260311220923,15,867.0,0.0
2x2_slot_inorder_place_inorder_10_greedy_ver3_greedy_ver3,20260311220926,15,853.0,0.0
2x2_slot_inorder_place_inorder_10_greedy_ver3_greedy_ver3,20260311220929,18,1015.0,0.0
2x2_slot_inorder_place_inorder_10_greedy_ver3_greedy_ver3,20260311220933,11,638.0,0.0
2x2_slot_inorder_place_inorder_10_greedy_ver3_greedy_ver3,20260311220936,12,819.0,0.0
2x2_slot_inorder_place_inorder_10_greedy_ver3_greedy_ver3,20260311220941,21,1459.0,0.0
2x2_slot_inorder_place_inorder_10_greedy_ver3_greedy_ver3,20260311220946,26,1493.0,0.0
2x2_slot_inorder_place_inorder_10_greedy_ver3_greedy_ver3,20260311220953,29,1622.0,0.015625
2x2_slot_inorder_place_inorder_10_greedy_ver3_greedy_ver3,20260311220957,9,486.0,0.0
2x2_slot_inorder_place_inorder_10_greedy_ver3_greedy_ver3,20260311221000,16,839.0,0.0
2x2_slot_inorder_place_inorder_10_greedy_ver3_greedy_ver3,20260311221003,16,835.0,0.0
2x2_slot_inorder_place_inorder_10_greedy_ver3_greedy_ver3,20260311221006,6,396.0,0.0
2x2_slot_inorder_place_inorder_10_greedy_ver3_greedy_ver3,20260311221009,14,777.0,0.0
2x2_slot_inorder_place_inorder_10_greedy_ver3_greedy_ver3,20260311221011,4,298.0,0.0
2x2_slot_inorder_place_inorder_10_greedy_ver3_greedy_ver3,20260311221015,8,384.0,0.0
2x2_slot_inorder_place_inorder_10_greedy_ver3_greedy_ver3,20260311221018,12,613.0,0.015625
2x2_slot_inorder_place_inorder_10_greedy_ver3_greedy_ver3,20260311221021,8,442.0,0.0
2x2_slot_inorder_place_inorder_10_greedy_ver3_greedy_ver3,20260311221024,15,901.0,0.0
2x2_slot_inorder_place_inorder_10_greedy_ver3_greedy_ver3,20260311221028,19,971.0,0.0
2x2_slot_inorder_place_inorder_10_greedy_ver3_greedy_ver3,20260311221032,15,807.0,0.0
2x2_slot_inorder_place_inorder_10_greedy_ver3_greedy_ver3,20260311221035,15,883.0,0.0
2x2_slot_inorder_place_inorder_10_greedy_ver3_greedy_ver3,20260311221038,10,522.0,0.0
2x2_slot_inorder_place_inorder_10_greedy_ver3_greedy_ver3,20260311221043,13,815.0,0.0
2x2_slot_inorder_place_inorder_10_greedy_ver3_greedy_ver3,20260311221048,19,1231.0,0.0
2x2_slot_inorder_place_inorder_10_greedy_ver3_greedy_ver3,20260311221052,2,172.0,0.015625
2x2_slot_inorder_place_inorder_10_greedy_ver3_greedy_ver3,20260311221056,18,1018.0,0.0
2x2_slot_inorder_place_inorder_10_greedy_ver3_greedy_ver3,20260311221104,44,2293.0,0.0
2x2_slot_inorder_place_inorder_10_greedy_ver3_greedy_ver3,20260311221111,12,579.0,0.0
2x2_slot_inorder_place_inorder_10_greedy_ver3_greedy_ver3,20260311221114,4,292.0,0.0
2x2_slot_inorder_place_inorder_10_greedy_ver3_greedy_ver3,20260311221119,10,522.0,0.0
2x2_slot_inorder_place_inorder_10_greedy_ver3_greedy_ver3,20260311221123,6,450.0,0.0
2x2_slot_inorder_place_inorder_10_greedy_ver3_greedy_ver3,20260311221127,24,1403.0,0.015625
2x2_slot_inorder_place_inorder_10_greedy_ver3_greedy_ver3,20260311221132,34,1798.0,0.0
2x2_slot_inorder_place_inorder_10_greedy_ver3_greedy_ver3,20260311221136,6,334.0,0.015625
2x2_slot_inorder_place_inorder_10_greedy_ver3_greedy_ver3,20260311221145,14,713.0,0.0
2x2_slot_inorder_place_inorder_10_greedy_ver3_greedy_ver3,20260311221152,26,1446.0,0.0
2x2_slot_inorder_place_inorder_10_greedy_ver3_greedy_ver3,20260311221156,8,520.0,0.0
2x2_slot_inorder_place_inorder_10_greedy_ver3_greedy_ver3,20260311221200,18,1035.0,0.0
2x2_slot_inorder_place_inorder_10_greedy_ver3_greedy_ver3,20260311221205,48,2518.0,0.0
2x2_slot_inorder_place_inorder_10_greedy_ver3_greedy_ver3,20260311221213,19,1155.0,0.0
2x2_slot_inorder_place_inorder_10_greedy_ver3_greedy_ver3,20260311221218,20,1155.0,0.0
2x2_slot_inorder_place_inorder_10_greedy_ver3_greedy_ver3,20260311221223,8,496.0,0.0
2x2_slot_inorder_place_inorder_10_greedy_ver3_greedy_ver3,20260311221226,8,414.0,0.0
2x2_slot_inorder_place_inorder_10_greedy_ver3_greedy_ver3,20260311221230,10,656.0,0.0
2x2_slot_inorder_place_inorder_10_greedy_ver3_greedy_ver3,20260311221235,22,1267.0,0.0
2x2_slot_inorder_place_inorder_10_greedy_ver3_greedy_ver3,20260311221244,29,1776.0,0.0
2x2_slot_inorder_place_inorder_10_greedy_ver3_greedy_ver3,20260311221250,10,580.0,0.0
2x2_slot_inorder_place_inorder_10_greedy_ver3_greedy_ver3,20260311221253,14,761.0,0.015625
2x2_slot_inorder_place_inorder_10_greedy_ver3_greedy_ver3,20260311221257,12,609.0,0.0
2x2_slot_inorder_place_inorder_10_greedy_ver3_greedy_ver3,20260311221300,9,478.0,0.0
2x2_slot_inorder_place_inorder_10_greedy_ver3_greedy_ver3,20260311221304,13,829.0,0.0
2x2_slot_inorder_place_inorder_10_greedy_ver3_greedy_ver3,20260311221309,17,892.0,0.0
2x2_slot_inorder_place_inorder_10_greedy_ver3_greedy_ver3,20260311221313,4,340.0,0.0
2x2_slot_inorder_place_inorder_10_greedy_ver3_greedy_ver3,20260311221317,17,881.0,0.0
2x2_slot_inorder_place_inorder_10_greedy_ver3_greedy_ver3,20260311221323,21,1017.0,0.015625
2x2_slot_inorder_place_inorder_10_greedy_ver3_greedy_ver3,20260311221328,28,1560.0,0.0
2x2_slot_inorder_place_inorder_10_greedy_ver3_greedy_ver3,20260311221334,10,580.0,0.0
2x2_slot_inorder_place_inorder_10_greedy_ver3_greedy_ver3,20260311221338,12,600.0,0.0
2x2_slot_inorder_place_inorder_10_greedy_ver3_greedy_ver3,20260311221343,30,1414.0,0.0
2x2_slot_inorder_place_inorder_10_greedy_ver3_greedy_ver3,20260311221347,14,733.0,0.0
2x2_slot_inorder_place_inorder_10_greedy_ver3_greedy_ver3,20260311221354,40,1920.0,0.0
2x2_slot_inorder_place_inorder_10_greedy_ver3_greedy_ver3,20260311221359,10,514.0,0.0
2x2_slot_inorder_place_inorder_10_greedy_ver3_greedy_ver3,20260311221403,14,653.0,0.0
2x2_slot_inorder_place_inorder_10_greedy_ver3_greedy_ver3,20260311221409,22,1257.0,0.0
2x2_slot_inorder_place_inorder_10_greedy_ver3_greedy_ver3,20260311221413,6,324.0,0.0
2x2_slot_inorder_place_inorder_10_greedy_ver3_greedy_ver3,20260311221418,31,1490.0,0.0
2x2_slot_inorder_place_inorder_10_greedy_ver3_greedy_ver3,20260311221424,24,1241.0,0.0
2x2_slot_inorder_place_inorder_10_greedy_ver3_greedy_ver3,20260311221429,10,636.0,0.0
2x2_slot_inorder_place_inorder_10_greedy_ver3_greedy_ver3,20260311221434,28,1344.0,0.0
2x2_slot_inorder_place_inorder_10_greedy_ver3_greedy_ver3,20260311221441,14,715.0,0.0
2x2_slot_inorder_place_inorder_10_greedy_ver3_greedy_ver3,20260311221445,28,1538.0,0.0
2x2_slot_inorder_place_inorder_10_greedy_ver3_greedy_ver3,20260311221449,12,602.0,0.015625
2x2_slot_inorder_place_inorder_10_greedy_ver3_greedy_ver3,20260311221455,20,1101.0,0.0
2x2_slot_inorder_place_inorder_10_greedy_ver3_greedy_ver3,20260311221501,16,911.0,0.0
2x2_slot_inorder_place_inorder_10_greedy_ver3_greedy_ver3,20260311221507,18,929.0,0.0
2x2_slot_inorder_place_inorder_10_greedy_ver3_greedy_ver3,20260311221511,6,390.0,0.0
2x2_slot_inorder_place_inorder_10_greedy_ver3_greedy_ver3,20260311221514,8,464.0,0.0
2x2_slot_inorder_place_inorder_10_greedy_ver3_greedy_ver3,20260311221519,16,877.0,0.0
2x2_slot_inorder_place_inorder_10_greedy_ver3_greedy_ver3,20260311221524,12,653.0,0.0
2x2_slot_inorder_place_inorder_10_greedy_ver3_greedy_ver3,20260311221527,2,214.0,0.0
2x2_slot_inorder_place_inorder_10_greedy_ver3_greedy_ver3,20260311221531,58,2961.0,0.0
2x2_slot_inorder_place_inorder_10_greedy_ver3_greedy_ver3,20260311221537,27,1418.0,0.0
2x2_slot_inorder_place_inorder_10_greedy_ver3_greedy_ver3,20260311221540,27,1256.0,0.0
2x2_slot_inorder_place_inorder_10_greedy_ver3_greedy_ver3,20260311221544,5,318.0,0.0
2x2_slot_inorder_place_inorder_10_greedy_ver3_greedy_ver3,20260311221547,10,462.0,0.0
2x2_slot_inorder_place_inorder_10_greedy_ver3_greedy_ver3,20260311221552,17,727.0,0.0
2x2_slot_inorder_place_inorder_10_greedy_ver3_greedy_ver3,20260311221556,8,588.0,0.015625
2x2_slot_inorder_place_inorder_10_greedy_ver3_greedy_ver3,20260311221602,33,1590.0,0.0
2x2_slot_inorder_place_inorder_10_greedy_ver3_greedy_ver3,20260311221610,22,1052.0,0.0
2x2_slot_inorder_place_inorder_10_greedy_ver3_greedy_ver3,20260311221616,10,452.0,0.015625
2x2_slot_inorder_place_inorder_10_greedy_ver3_greedy_ver3,20260311221620,12,616.0,0.0
2x2_slot_inorder_place_inorder_10_greedy_ver3_greedy_ver3,20260311221625,14,703.0,0.0
2x2_slot_inorder_place_inorder_10_greedy_ver3_greedy_ver3,20260311221629,12,543.0,0.0
2x2_slot_inorder_place_inorder_10_greedy_ver3_greedy_ver3,20260311221633,14,659.0,0.0
2x2_slot_inorder_place_inorder_10_greedy_ver3_greedy_ver3,20260311221639,19,1065.0,0.0
2x2_slot_inorder_place_inorder_10_greedy_ver3_greedy_ver3,20260311221644,26,1356.0,0.0
2x2_slot_inorder_place_inorder_10_greedy_ver3_greedy_ver3,20260311221651,35,1580.0,0.0
2x2_slot_inorder_place_inorder_10_greedy_ver3_greedy_ver3,20260311221701,25,1382.0,0.0
2x2_slot_inorder_place_inorder_10_greedy_ver3_greedy_ver3,20260311221706,24,1052.0,0.0
2x2_slot_inorder_place_inorder_10_greedy_ver3_greedy_ver3,20260311221710,17,1071.0,0.0
2x2_slot_inorder_place_inorder_10_greedy_ver3_greedy_ver3,20260311221714,12,637.0,0.0
2x2_slot_inorder_place_inorder_10_greedy_ver3_greedy_ver3,20260311221719,15,853.0,0.0
2x2_slot_inorder_place_inorder_10_greedy_ver3_greedy_ver3,20260311221725,16,759.0,0.015625
2x2_slot_inorder_place_inorder_10_greedy_ver3_greedy_ver3,20260311221731,16,729.0,0.0
2x2_slot_inorder_place_inorder_15_grasp_ver3_grasp_ver3,20260311221609,9,540.0,0.0
2x2_slot_inorder_place_inorder_15_grasp_ver3_grasp_ver3,20260311221613,13,800.0,0.0
2x2_slot_inorder_place_inorder_15_grasp_ver3_grasp_ver3,20260311221617,7,486.0,0.0
2x2_slot_inorder_place_inorder_15_grasp_ver3_grasp_ver3,20260311221620,12,616.0,0.0
2x2_slot_inorder_place_inorder_15_grasp_ver3_grasp_ver3,20260311221622,24,1195.0,0.0
2x2_slot_inorder_place_inorder_15_grasp_ver3_grasp_ver3,20260311221626,5,428.0,0.0
2x2_slot_inorder_place_inorder_15_grasp_ver3_grasp_ver3,20260311221629,12,543.0,0.0
2x2_slot_inorder_place_inorder_15_grasp_ver3_grasp_ver3,20260311221631,5,424.0,0.0
2x2_slot_inorder_place_inorder_15_grasp_ver3_grasp_ver3,20260311221634,8,388.0,0.0
2x2_slot_inorder_place_inorder_15_grasp_ver3_grasp_ver3,20260311221637,6,330.0,0.0
2x2_slot_inorder_place_inorder_15_grasp_ver3_grasp_ver3,20260311221640,6,316.0,0.0
2x2_slot_inorder_place_inorder_15_grasp_ver3_grasp_ver3,20260311221644,26,1356.0,0.0
2x2_slot_inorder_place_inorder_15_grasp_ver3_grasp_ver3,20260311221649,26,1541.0,0.0
2x2_slot_inorder_place_inorder_15_grasp_ver3_grasp_ver3,20260311221701,25,1382.0,0.0
2x2_slot_inorder_place_inorder_15_grasp_ver3_grasp_ver3,20260311221706,24,1052.0,0.0
2x2_slot_inorder_place_inorder_15_grasp_ver3_grasp_ver3,20260311221710,17,1071.0,0.0
2x2_slot_inorder_place_inorder_15_grasp_ver3_grasp_ver3,20260311221715,2,254.0,0.0
2x2_slot_inorder_place_inorder_15_grasp_ver3_grasp_ver3,20260311221718,2,250.0,0.0
2x2_slot_inorder_place_inorder_15_grasp_ver3_grasp_ver3,20260311221720,5,410.0,0.0
2x2_slot_inorder_place_inorder_15_grasp_ver3_grasp_ver3,20260311221723,6,360.0,0.0
2x2_slot_inorder_place_inorder_15_grasp_ver3_grasp_ver3,20260311221726,2,290.0,0.0
2x2_slot_inorder_place_inorder_15_grasp_ver3_grasp_ver3,20260311221729,2,278.0,0.0
2x2_slot_inorder_place_inorder_15_grasp_ver3_grasp_ver3,20260311221732,5,420.0,0.0
2x2_slot_inorder_place_inorder_15_grasp_ver3_grasp_ver3,20260311221734,4,286.0,0.0
2x2_slot_inorder_place_inorder_15_grasp_ver3_grasp_ver3,20260311221738,4,302.0,0.0
2x2_slot_inorder_place_inorder_15_grasp_ver3_grasp_ver3,20260311221741,13,651.0,0.015625
2x2_slot_inorder_place_inorder_15_grasp_ver3_grasp_ver3,20260311221744,28,1624.0,0.0
2x2_slot_inorder_place_inorder_15_grasp_ver3_grasp_ver3,20260311221751,18,991.0,0.0
2x2_slot_inorder_place_inorder_15_grasp_ver3_grasp_ver3,20260311221756,13,767.0,0.0
2x2_slot_inorder_place_inorder_15_grasp_ver3_grasp_ver3,20260311221801,15,833.0,0.0
2x2_slot_inorder_place_inorder_15_grasp_ver3_grasp_ver3,20260311221803,14,851.0,0.015625
2x2_slot_inorder_place_inorder_15_grasp_ver3_grasp_ver3,20260311221806,2,248.0,0.0
2x2_slot_inorder_place_inorder_15_grasp_ver3_grasp_ver3,20260311221808,4,324.0,0.0
2x2_slot_inorder_place_inorder_15_grasp_ver3_grasp_ver3,20260311221811,17,971.0,0.015625
2x2_slot_inorder_place_inorder_15_grasp_ver3_grasp_ver3,20260311221814,26,1381.0,0.0
2x2_slot_inorder_place_inorder_15_grasp_ver3_grasp_ver3,20260311221817,2,270.0,0.0
2x2_slot_inorder_place_inorder_15_grasp_ver3_grasp_ver3,20260311221820,7,492.0,0.0
2x2_slot_inorder_place_inorder_15_grasp_ver3_grasp_ver3,20260311221824,11,657.0,0.0
2x2_slot_inorder_place_inorder_15_grasp_ver3_grasp_ver3,20260311221827,9,888.0,0.0
2x2_slot_inorder_place_inorder_15_grasp_ver3_grasp_ver3,20260311221830,31,1658.0,0.0
2x2_slot_inorder_place_inorder_15_grasp_ver3_grasp_ver3,20260311221837,5,402.0,0.0
2x2_slot_inorder_place_inorder_15_grasp_ver3_grasp_ver3,20260311221839,6,330.0,0.0
2x2_slot_inorder_place_inorder_15_grasp_ver3_grasp_ver3,20260311221841,32,1866.0,0.0
2x2_slot_inorder_place_inorder_15_grasp_ver3_grasp_ver3,20260311221847,26,1619.0,0.0
2x2_slot_inorder_place_inorder_15_grasp_ver3_grasp_ver3,20260311221849,2,274.0,0.0
2x2_slot_inorder_place_inorder_15_grasp_ver3_grasp_ver3,20260311221851,25,1556.0,0.0
2x2_slot_inorder_place_inorder_15_grasp_ver3_grasp_ver3,20260311221854,6,326.0,0.0
2x2_slot_inorder_place_inorder_15_grasp_ver3_grasp_ver3,20260311221858,17,959.0,0.0
2x2_slot_inorder_place_inorder_15_grasp_ver3_grasp_ver3,20260311221901,28,1571.0,0.0
2x2_slot_inorder_place_inorder_15_grasp_ver3_grasp_ver3,20260311221906,9,614.0,0.0
2x2_slot_inorder_place_inorder_15_grasp_ver3_grasp_ver3,20260311221909,19,1077.0,0.0
2x2_slot_inorder_place_inorder_15_grasp_ver3_grasp_ver3,20260311221912,15,817.0,0.0
2x2_slot_inorder_place_inorder_15_grasp_ver3_grasp_ver3,20260311221916,5,428.0,0.015625
2x2_slot_inorder_place_inorder_15_grasp_ver3_grasp_ver3,20260311221918,2,242.0,0.0
2x2_slot_inorder_place_inorder_15_grasp_ver3_grasp_ver3,20260311221921,6,346.0,0.0
2x2_slot_inorder_place_inorder_15_grasp_ver3_grasp_ver3,20260311221923,18,1101.0,0.0
2x2_slot_inorder_place_inorder_15_grasp_ver3_grasp_ver3,20260311221926,2,290.0,0.0
2x2_slot_inorder_place_inorder_15_grasp_ver3_grasp_ver3,20260311221929,21,1184.0,0.015625
2x2_slot_inorder_place_inorder_15_grasp_ver3_grasp_ver3,20260311221933,30,1643.0,0.0
2x2_slot_inorder_place_inorder_15_grasp_ver3_grasp_ver3,20260311221940,16,865.0,0.0
2x2_slot_inorder_place_inorder_15_grasp_ver3_grasp_ver3,20260311221943,13,817.0,0.0
2x2_slot_inorder_place_inorder_15_grasp_ver3_grasp_ver3,20260311221947,17,961.0,0.015625
2x2_slot_inorder_place_inorder_15_grasp_ver3_grasp_ver3,20260311221951,16,749.0,0.0
2x2_slot_inorder_place_inorder_15_grasp_ver3_grasp_ver3,20260311221956,14,823.0,0.0
2x2_slot_inorder_place_inorder_15_grasp_ver3_grasp_ver3,20260311221959,19,1059.0,0.0
2x2_slot_inorder_place_inorder_15_grasp_ver3_grasp_ver3,20260311222005,7,540.0,0.0
2x2_slot_inorder_place_inorder_15_grasp_ver3_grasp_ver3,20260311222009,7,450.0,0.0
2x2_slot_inorder_place_inorder_15_grasp_ver3_grasp_ver3,20260311222013,2,240.0,0.0
2x2_slot_inorder_place_inorder_15_grasp_ver3_grasp_ver3,20260311222015,4,280.0,0.0
2x2_slot_inorder_place_inorder_15_grasp_ver3_grasp_ver3,20260311222018,14,785.0,0.0
2x2_slot_inorder_place_inorder_15_grasp_ver3_grasp_ver3,20260311222023,5,442.0,0.0
2x2_slot_inorder_place_inorder_15_grasp_ver3_grasp_ver3,20260311222026,11,677.0,0.0
2x2_slot_inorder_place_inorder_15_grasp_ver3_grasp_ver3,20260311222028,5,420.0,0.0
2x2_slot_inorder_place_inorder_15_grasp_ver3_grasp_ver3,20260311222032,5,304.0,0.0
2x2_slot_inorder_place_inorder_15_grasp_ver3_grasp_ver3,20260311222036,8,558.0,0.0
2x2_slot_inorder_place_inorder_15_grasp_ver3_grasp_ver3,20260311222041,17,1109.0,0.0
2x2_slot_inorder_place_inorder_15_grasp_ver3_grasp_ver3,20260311222047,26,1396.0,0.0
2x2_slot_inorder_place_inorder_15_grasp_ver3_grasp_ver3,20260311222055,13,724.0,0.0
2x2_slot_inorder_place_inorder_15_grasp_ver3_grasp_ver3,20260311222101,15,823.0,0.0
2x2_slot_inorder_place_inorder_15_grasp_ver3_grasp_ver3,20260311222106,20,1041.0,0.0
2x2_slot_inorder_place_inorder_15_grasp_ver3_grasp_ver3,20260311222111,36,1676.0,0.0
2x2_slot_inorder_place_inorder_15_grasp_ver3_grasp_ver3,20260311222121,24,1318.0,0.0
2x2_slot_inorder_place_inorder_15_grasp_ver3_grasp_ver3,20260311222128,5,326.0,0.0
2x2_slot_inorder_place_inorder_15_grasp_ver3_grasp_ver3,20260311222131,7,570.0,0.0
2x2_slot_inorder_place_inorder_15_grasp_ver3_grasp_ver3,20260311222135,25,1338.0,0.0
2x2_slot_inorder_place_inorder_15_grasp_ver3_grasp_ver3,20260311222142,9,630.0,0.0
2x2_slot_inorder_place_inorder_15_grasp_ver3_grasp_ver3,20260311222146,8,512.0,0.0
2x2_slot_inorder_place_inorder_15_grasp_ver3_grasp_ver3,20260311222150,8,394.0,0.0
2x2_slot_inorder_place_inorder_15_grasp_ver3_grasp_ver3,20260311222153,2,244.0,0.0
2x2_slot_inorder_place_inorder_15_grasp_ver3_grasp_ver3,20260311222155,9,612.0,0.0
2x2_slot_inorder_place_inorder_15_grasp_ver3_grasp_ver3,20260311222159,5,416.0,0.0
2x2_slot_inorder_place_inorder_15_grasp_ver3_grasp_ver3,20260311222202,31,1430.0,0.0
2x2_slot_inorder_place_inorder_15_grasp_ver3_grasp_ver3,20260311222209,23,1266.0,0.0
2x2_slot_inorder_place_inorder_15_grasp_ver3_grasp_ver3,20260311222218,19,1241.0,0.0
2x2_slot_inorder_place_inorder_15_grasp_ver3_grasp_ver3,20260311222226,11,652.0,0.0
2x2_slot_inorder_place_inorder_15_grasp_ver3_grasp_ver3,20260311222233,7,572.0,0.0
2x2_slot_inorder_place_inorder_15_grasp_ver3_grasp_ver3,20260311222238,7,432.0,0.0
2x2_slot_inorder_place_inorder_15_grasp_ver3_grasp_ver3,20260311222241,11,702.0,0.0
2x2_slot_inorder_place_inorder_15_grasp_ver3_grasp_ver3,20260311222247,33,1890.0,0.0
2x2_slot_inorder_place_inorder_15_grasp_ver3_grasp_ver3,20260311222255,17,846.0,0.0
2x2_slot_inorder_place_inorder_15_grasp_ver3_grasp_ver3,20260311222259,9,482.0,0.0
2x2_slot_inorder_place_inorder_15_grasp_ver3_grasp_ver3,20260311222303,8,764.0,0.0
2x2_slot_inorder_place_inorder_15_grasp_ver3_grasp_ver3,20260311222307,21,1231.0,0.0
2x2_slot_inorder_place_inorder_15_grasp_ver3_grasp_ver3,20260311222315,4,316.0,0.0
2x2_slot_inorder_place_inorder_15_grasp_ver3_grasp_ver3,20260311222320,14,861.0,0.0
2x2_slot_inorder_place_inorder_15_grasp_ver3_grasp_ver3,20260311222324,11,677.0,0.0
2x2_slot_inorder_place_inorder_15_grasp_ver3_grasp_ver3,20260311222328,17,853.0,0.0
2x2_slot_inorder_place_inorder_15_grasp_ver3_grasp_ver3,20260311222336,23,1258.0,0.0
2x2_slot_inorder_place_inorder_15_grasp_ver3_grasp_ver3,20260311222344,12,613.0,0.0
2x2_slot_inorder_place_inorder_15_grasp_ver3_grasp_ver3,20260311222348,21,1133.0,0.0
2x2_slot_inorder_place_inorder_15_grasp_ver3_grasp_ver3,20260311222358,31,1644.0,0.0
2x2_slot_inorder_place_inorder_15_grasp_ver3_grasp_ver3,20260311222408,8,602.0,0.0
2x2_slot_inorder_place_inorder_15_grasp_ver3_grasp_ver3,20260311222411,15,879.0,0.0
2x2_slot_inorder_place_inorder_15_grasp_ver3_grasp_ver3,20260311222417,2,264.0,0.0
2x2_slot_inorder_place_inorder_15_grasp_ver3_grasp_ver3,20260311222421,27,1439.0,0.0
2x2_slot_inorder_place_inorder_15_grasp_ver3_grasp_ver3,20260311222428,11,656.0,0.0
2x2_slot_inorder_place_inorder_15_grasp_ver3_grasp_ver3,20260311222431,21,1069.0,0.0
2x2_slot_inorder_place_inorder_15_grasp_ver3_grasp_ver3,20260311222438,28,1402.0,0.0
2x2_slot_inorder_place_inorder_15_grasp_ver3_grasp_ver3,20260311222444,12,702.0,0.0
2x2_slot_inorder_place_inorder_15_grasp_ver3_grasp_ver3,20260311222448,24,1460.0,0.015625
2x2_slot_inorder_place_inorder_15_grasp_ver3_grasp_ver3,20260311222457,31,1610.0,0.0
2x2_slot_inorder_place_inorder_15_grasp_ver3_grasp_ver3,20260311222506,2,272.0,0.0
2x2_slot_inorder_place_inorder_15_grasp_ver3_grasp_ver3,20260311222509,16,989.0,0.0
2x2_slot_inorder_place_inorder_15_grasp_ver3_grasp_ver3,20260311222517,31,1566.0,0.015625
2x2_slot_inorder_place_inorder_15_grasp_ver3_grasp_ver3,20260311222525,41,1914.0,0.0
2x2_slot_inorder_place_inorder_15_grasp_ver3_grasp_ver3,20260311222532,8,412.0,0.015625
2x2_slot_inorder_place_inorder_15_grasp_ver3_grasp_ver3,20260311222536,15,826.0,0.015625
2x2_slot_inorder_place_inorder_15_grasp_ver3_grasp_ver3,20260311222541,30,1504.0,0.0
2x2_slot_inorder_place_inorder_15_grasp_ver3_grasp_ver3,20260311222546,7,426.0,0.0
2x2_slot_inorder_place_inorder_15_grasp_ver3_grasp_ver3,20260311222550,8,640.0,0.0
2x2_slot_inorder_place_inorder_15_grasp_ver3_grasp_ver3,20260311222555,12,667.0,0.0
2x2_slot_inorder_place_inorder_15_grasp_ver3_grasp_ver3,20260311222600,14,691.0,0.0
2x2_slot_inorder_place_inorder_15_grasp_ver3_grasp_ver3,20260311222605,25,1230.0,0.0
2x2_slot_inorder_place_inorder_15_grasp_ver3_grasp_ver3,20260311222613,16,991.0,0.0
2x2_slot_inorder_place_inorder_15_grasp_ver3_grasp_ver3,20260311222618,26,1215.0,0.0
2x2_slot_inorder_place_inorder_15_grasp_ver3_grasp_ver3,20260311222622,20,1051.0,0.0
2x2_slot_inorder_place_inorder_15_grasp_ver3_grasp_ver3,20260311222629,40,1916.0,0.0
2x2_slot_inorder_place_inorder_15_grasp_ver3_grasp_ver3,20260311222636,2,252.0,0.0
2x2_slot_inorder_place_inorder_15_grasp_ver3_grasp_ver3,20260311222638,10,496.0,0.0
2x2_slot_inorder_place_inorder_15_grasp_ver3_grasp_ver3,20260311222642,10,518.0,0.0
2x2_slot_inorder_place_inorder_15_grasp_ver3_grasp_ver3,20260311222647,11,661.0,0.0
2x2_slot_inorder_place_inorder_15_grasp_ver3_grasp_ver3,20260311222651,13,668.0,0.0
2x2_slot_inorder_place_inorder_15_grasp_ver3_grasp_ver3,20260311222655,20,825.0,0.015625
2x2_slot_inorder_place_inorder_15_grasp_ver3_grasp_ver3,20260311222658,25,1515.0,0.0
2x2_slot_inorder_place_inorder_15_grasp_ver3_grasp_ver3,20260311222706,18,907.0,0.0
2x2_slot_inorder_place_inorder_15_grasp_ver3_grasp_ver3,20260311222713,21,1149.0,0.0
2x2_slot_inorder_place_inorder_15_grasp_ver3_grasp_ver3,20260311222719,17,971.0,0.015625
2x2_slot_inorder_place_inorder_15_grasp_ver3_grasp_ver3,20260311222722,14,885.0,0.0
2x2_slot_inorder_place_inorder_15_grasp_ver3_grasp_ver3,20260311222726,15,789.0,0.0
2x2_slot_inorder_place_inorder_15_grasp_ver3_grasp_ver3,20260311222731,17,837.0,0.0
2x2_slot_inorder_place_inorder_15_grasp_ver3_greedy_ver3,20260311221611,16,983.0,0.0
2x2_slot_inorder_place_inorder_15_grasp_ver3_greedy_ver3,20260311221615,6,288.0,0.0
2x2_slot_inorder_place_inorder_15_grasp_ver3_greedy_ver3,20260311221618,14,654.0,0.0
2x2_slot_inorder_place_inorder_15_grasp_ver3_greedy_ver3,20260311221621,2,282.0,0.0
2x2_slot_inorder_place_inorder_15_grasp_ver3_greedy_ver3,20260311221624,16,865.0,0.0
2x2_slot_inorder_place_inorder_15_grasp_ver3_greedy_ver3,20260311221627,16,648.0,0.0
2x2_slot_inorder_place_inorder_15_grasp_ver3_greedy_ver3,20260311221630,19,957.0,0.0
2x2_slot_inorder_place_inorder_15_grasp_ver3_greedy_ver3,20260311221632,8,454.0,0.0
2x2_slot_inorder_place_inorder_15_grasp_ver3_greedy_ver3,20260311221636,21,1107.0,0.0
2x2_slot_inorder_place_inorder_15_grasp_ver3_greedy_ver3,20260311221639,19,1065.0,0.0
2x2_slot_inorder_place_inorder_15_grasp_ver3_greedy_ver3,20260311221642,16,965.0,0.0
2x2_slot_inorder_place_inorder_15_grasp_ver3_greedy_ver3,20260311221646,43,2100.0,0.015625
2x2_slot_inorder_place_inorder_15_grasp_ver3_greedy_ver3,20260311221653,29,1643.0,0.0
2x2_slot_inorder_place_inorder_15_grasp_ver3_greedy_ver3,20260311221704,21,1137.0,0.0
2x2_slot_inorder_place_inorder_15_grasp_ver3_greedy_ver3,20260311221708,21,1205.0,0.0
2x2_slot_inorder_place_inorder_15_grasp_ver3_greedy_ver3,20260311221713,12,824.0,0.0
2x2_slot_inorder_place_inorder_15_grasp_ver3_greedy_ver3,20260311221716,18,1011.0,0.0
2x2_slot_inorder_place_inorder_15_grasp_ver3_greedy_ver3,20260311221719,15,853.0,0.015625
2x2_slot_inorder_place_inorder_15_grasp_ver3_greedy_ver3,20260311221722,22,1419.0,0.0
2x2_slot_inorder_place_inorder_15_grasp_ver3_greedy_ver3,20260311221724,12,635.0,0.0
2x2_slot_inorder_place_inorder_15_grasp_ver3_greedy_ver3,20260311221727,4,306.0,0.0
2x2_slot_inorder_place_inorder_15_grasp_ver3_greedy_ver3,20260311221730,4,294.0,0.0
2x2_slot_inorder_place_inorder_15_grasp_ver3_greedy_ver3,20260311221733,8,450.0,0.0
2x2_slot_inorder_place_inorder_15_grasp_ver3_greedy_ver3,20260311221736,4,346.0,0.0
2x2_slot_inorder_place_inorder_15_grasp_ver3_greedy_ver3,20260311221739,8,540.0,0.0
2x2_slot_inorder_place_inorder_15_grasp_ver3_greedy_ver3,20260311221743,14,973.0,0.0
2x2_slot_inorder_place_inorder_15_grasp_ver3_greedy_ver3,20260311221747,34,1842.0,0.0
2x2_slot_inorder_place_inorder_15_grasp_ver3_greedy_ver3,20260311221753,21,1038.0,0.0
2x2_slot_inorder_place_inorder_15_grasp_ver3_greedy_ver3,20260311221759,17,819.0,0.0
2x2_slot_inorder_place_inorder_15_grasp_ver3_greedy_ver3,20260311221802,6,340.0,0.0
2x2_slot_inorder_place_inorder_15_grasp_ver3_greedy_ver3,20260311221804,27,1314.0,0.0
2x2_slot_inorder_place_inorder_15_grasp_ver3_greedy_ver3,20260311221807,24,1282.0,0.0
2x2_slot_inorder_place_inorder_15_grasp_ver3_greedy_ver3,20260311221809,21,1043.0,0.0
2x2_slot_inorder_place_inorder_15_grasp_ver3_greedy_ver3,20260311221813,8,438.0,0.0
2x2_slot_inorder_place_inorder_15_grasp_ver3_greedy_ver3,20260311221815,13,775.0,0.0
2x2_slot_inorder_place_inorder_15_grasp_ver3_greedy_ver3,20260311221819,7,386.0,0.0
2x2_slot_inorder_place_inorder_15_grasp_ver3_greedy_ver3,20260311221822,9,586.0,0.0
2x2_slot_inorder_place_inorder_15_grasp_ver3_greedy_ver3,20260311221825,14,747.0,0.0
2x2_slot_inorder_place_inorder_15_grasp_ver3_greedy_ver3,20260311221828,13,852.0,0.0
2x2_slot_inorder_place_inorder_15_grasp_ver3_greedy_ver3,20260311221833,33,1836.0,0.0
2x2_slot_inorder_place_inorder_15_grasp_ver3_greedy_ver3,20260311221838,17,835.0,0.0
2x2_slot_inorder_place_inorder_15_grasp_ver3_greedy_ver3,20260311221840,6,350.0,0.0
2x2_slot_inorder_place_inorder_15_grasp_ver3_greedy_ver3,20260311221844,15,772.0,0.0
2x2_slot_inorder_place_inorder_15_grasp_ver3_greedy_ver3,20260311221848,2,290.0,0.0
2x2_slot_inorder_place_inorder_15_grasp_ver3_greedy_ver3,20260311221850,2,224.0,0.0
2x2_slot_inorder_place_inorder_15_grasp_ver3_greedy_ver3,20260311221852,8,450.0,0.0
2x2_slot_inorder_place_inorder_15_grasp_ver3_greedy_ver3,20260311221856,10,574.0,0.0
2x2_slot_inorder_place_inorder_15_grasp_ver3_greedy_ver3,20260311221900,6,350.0,0.0
2x2_slot_inorder_place_inorder_15_grasp_ver3_greedy_ver3,20260311221903,17,1117.0,0.0
2x2_slot_inorder_place_inorder_15_grasp_ver3_greedy_ver3,20260311221907,12,590.0,0.0
2x2_slot_inorder_place_inorder_15_grasp_ver3_greedy_ver3,20260311221911,15,959.0,0.0
2x2_slot_inorder_place_inorder_15_grasp_ver3_greedy_ver3,20260311221914,14,747.0,0.0
2x2_slot_inorder_place_inorder_15_grasp_ver3_greedy_ver3,20260311221917,13,606.0,0.0
2x2_slot_inorder_place_inorder_15_grasp_ver3_greedy_ver3,20260311221919,2,272.0,0.0
2x2_slot_inorder_place_inorder_15_grasp_ver3_greedy_ver3,20260311221922,4,272.0,0.0
2x2_slot_inorder_place_inorder_15_grasp_ver3_greedy_ver3,20260311221925,6,342.0,0.0
2x2_slot_inorder_place_inorder_15_grasp_ver3_greedy_ver3,20260311221927,21,1321.0,0.0
2x2_slot_inorder_place_inorder_15_grasp_ver3_greedy_ver3,20260311221931,4,338.0,0.0
2x2_slot_inorder_place_inorder_15_grasp_ver3_greedy_ver3,20260311221936,47,2462.0,0.0
2x2_slot_inorder_place_inorder_15_grasp_ver3_greedy_ver3,20260311221942,19,1029.0,0.0
2x2_slot_inorder_place_inorder_15_grasp_ver3_greedy_ver3,20260311221945,19,1065.0,0.015625
2x2_slot_inorder_place_inorder_15_grasp_ver3_greedy_ver3,20260311221949,37,1876.0,0.0
2x2_slot_inorder_place_inorder_15_grasp_ver3_greedy_ver3,20260311221953,26,1402.0,0.0
2x2_slot_inorder_place_inorder_15_grasp_ver3_greedy_ver3,20260311221957,29,1400.0,0.0
2x2_slot_inorder_place_inorder_15_grasp_ver3_greedy_ver3,20260311222001,26,1427.0,0.0
2x2_slot_inorder_place_inorder_15_grasp_ver3_greedy_ver3,20260311222007,15,757.0,0.0
2x2_slot_inorder_place_inorder_15_grasp_ver3_greedy_ver3,20260311222011,10,562.0,0.0
2x2_slot_inorder_place_inorder_15_grasp_ver3_greedy_ver3,20260311222014,4,270.0,0.0
2x2_slot_inorder_place_inorder_15_grasp_ver3_greedy_ver3,20260311222017,8,500.0,0.0
2x2_slot_inorder_place_inorder_15_grasp_ver3_greedy_ver3,20260311222020,14,623.0,0.0
2x2_slot_inorder_place_inorder_15_grasp_ver3_greedy_ver3,20260311222024,2,204.0,0.0
2x2_slot_inorder_place_inorder_15_grasp_ver3_greedy_ver3,20260311222027,14,645.0,0.0
2x2_slot_inorder_place_inorder_15_grasp_ver3_greedy_ver3,20260311222030,8,450.0,0.0
2x2_slot_inorder_place_inorder_15_grasp_ver3_greedy_ver3,20260311222034,5,326.0,0.015625
2x2_slot_inorder_place_inorder_15_grasp_ver3_greedy_ver3,20260311222038,8,596.0,0.0
2x2_slot_inorder_place_inorder_15_grasp_ver3_greedy_ver3,20260311222044,25,1345.0,0.0
2x2_slot_inorder_place_inorder_15_grasp_ver3_greedy_ver3,20260311222051,24,1347.0,0.0
2x2_slot_inorder_place_inorder_15_grasp_ver3_greedy_ver3,20260311222058,12,516.0,0.0
2x2_slot_inorder_place_inorder_15_grasp_ver3_greedy_ver3,20260311222104,24,1279.0,0.0
2x2_slot_inorder_place_inorder_15_grasp_ver3_greedy_ver3,20260311222109,12,654.0,0.0
2x2_slot_inorder_place_inorder_15_grasp_ver3_greedy_ver3,20260311222116,40,1918.0,0.0
2x2_slot_inorder_place_inorder_15_grasp_ver3_greedy_ver3,20260311222125,32,1800.0,0.0
2x2_slot_inorder_place_inorder_15_grasp_ver3_greedy_ver3,20260311222130,26,1446.0,0.0
2x2_slot_inorder_place_inorder_15_grasp_ver3_greedy_ver3,20260311222133,21,1067.0,0.0
2x2_slot_inorder_place_inorder_15_grasp_ver3_greedy_ver3,20260311222139,18,1007.0,0.0
2x2_slot_inorder_place_inorder_15_grasp_ver3_greedy_ver3,20260311222144,10,684.0,0.0
2x2_slot_inorder_place_inorder_15_grasp_ver3_greedy_ver3,20260311222148,16,769.0,0.0
2x2_slot_inorder_place_inorder_15_grasp_ver3_greedy_ver3,20260311222151,8,434.0,0.0
2x2_slot_inorder_place_inorder_15_grasp_ver3_greedy_ver3,20260311222154,6,334.0,0.0
2x2_slot_inorder_place_inorder_15_grasp_ver3_greedy_ver3,20260311222157,9,636.0,0.015625
2x2_slot_inorder_place_inorder_15_grasp_ver3_greedy_ver3,20260311222200,20,1122.0,0.0
2x2_slot_inorder_place_inorder_15_grasp_ver3_greedy_ver3,20260311222206,17,927.0,0.0
2x2_slot_inorder_place_inorder_15_grasp_ver3_greedy_ver3,20260311222213,32,1886.0,0.0
2x2_slot_inorder_place_inorder_15_grasp_ver3_greedy_ver3,20260311222222,28,1384.0,0.0
2x2_slot_inorder_place_inorder_15_grasp_ver3_greedy_ver3,20260311222229,15,875.0,0.0
2x2_slot_inorder_place_inorder_15_grasp_ver3_greedy_ver3,20260311222235,6,332.0,0.0
2x2_slot_inorder_place_inorder_15_grasp_ver3_greedy_ver3,20260311222239,56,2619.0,0.0
2x2_slot_inorder_place_inorder_15_grasp_ver3_greedy_ver3,20260311222244,27,1441.0,0.015625
2x2_slot_inorder_place_inorder_15_grasp_ver3_greedy_ver3,20260311222251,21,1247.0,0.0
2x2_slot_inorder_place_inorder_15_grasp_ver3_greedy_ver3,20260311222257,17,931.0,0.0
2x2_slot_inorder_place_inorder_15_grasp_ver3_greedy_ver3,20260311222301,9,660.0,0.0
2x2_slot_inorder_place_inorder_15_grasp_ver3_greedy_ver3,20260311222305,8,674.0,0.0
2x2_slot_inorder_place_inorder_15_grasp_ver3_greedy_ver3,20260311222311,19,1119.0,0.0
2x2_slot_inorder_place_inorder_15_grasp_ver3_greedy_ver3,20260311222317,6,346.0,0.0
2x2_slot_inorder_place_inorder_15_grasp_ver3_greedy_ver3,20260311222322,13,811.0,0.0
2x2_slot_inorder_place_inorder_15_grasp_ver3_greedy_ver3,20260311222326,14,649.0,0.0
2x2_slot_inorder_place_inorder_15_grasp_ver3_greedy_ver3,20260311222332,16,817.0,0.0
2x2_slot_inorder_place_inorder_15_grasp_ver3_greedy_ver3,20260311222339,27,1503.0,0.0
2x2_slot_inorder_place_inorder_15_grasp_ver3_greedy_ver3,20260311222345,20,1053.0,0.0
2x2_slot_inorder_place_inorder_15_grasp_ver3_greedy_ver3,20260311222352,30,1646.0,0.0
2x2_slot_inorder_place_inorder_15_grasp_ver3_greedy_ver3,20260311222403,51,2415.0,0.0
2x2_slot_inorder_place_inorder_15_grasp_ver3_greedy_ver3,20260311222409,8,602.0,0.0
2x2_slot_inorder_place_inorder_15_grasp_ver3_greedy_ver3,20260311222414,33,1778.0,0.0
2x2_slot_inorder_place_inorder_15_grasp_ver3_greedy_ver3,20260311222419,2,214.0,0.0
2x2_slot_inorder_place_inorder_15_grasp_ver3_greedy_ver3,20260311222424,29,1689.0,0.015625
2x2_slot_inorder_place_inorder_15_grasp_ver3_greedy_ver3,20260311222429,12,660.0,0.0
2x2_slot_inorder_place_inorder_15_grasp_ver3_greedy_ver3,20260311222434,27,1450.0,0.0
2x2_slot_inorder_place_inorder_15_grasp_ver3_greedy_ver3,20260311222441,16,841.0,0.0
2x2_slot_inorder_place_inorder_15_grasp_ver3_greedy_ver3,20260311222446,8,412.0,0.0
2x2_slot_inorder_place_inorder_15_grasp_ver3_greedy_ver3,20260311222453,24,1042.0,0.0
2x2_slot_inorder_place_inorder_15_grasp_ver3_greedy_ver3,20260311222500,33,1872.0,0.0
2x2_slot_inorder_place_inorder_15_grasp_ver3_greedy_ver3,20260311222507,2,302.0,0.0
2x2_slot_inorder_place_inorder_15_grasp_ver3_greedy_ver3,20260311222513,16,859.0,0.0
2x2_slot_inorder_place_inorder_15_grasp_ver3_greedy_ver3,20260311222521,16,809.0,0.015625
2x2_slot_inorder_place_inorder_15_grasp_ver3_greedy_ver3,20260311222529,14,741.0,0.0
2x2_slot_inorder_place_inorder_15_grasp_ver3_greedy_ver3,20260311222534,8,378.0,0.0
2x2_slot_inorder_place_inorder_15_grasp_ver3_greedy_ver3,20260311222538,20,955.0,0.0
2x2_slot_inorder_place_inorder_15_grasp_ver3_greedy_ver3,20260311222543,16,1071.0,0.0
2x2_slot_inorder_place_inorder_15_grasp_ver3_greedy_ver3,20260311222548,6,324.0,0.0
2x2_slot_inorder_place_inorder_15_grasp_ver3_greedy_ver3,20260311222552,6,470.0,0.0
2x2_slot_inorder_place_inorder_15_grasp_ver3_greedy_ver3,20260311222558,12,587.0,0.0
2x2_slot_inorder_place_inorder_15_grasp_ver3_greedy_ver3,20260311222603,14,849.0,0.0
2x2_slot_inorder_place_inorder_15_grasp_ver3_greedy_ver3,20260311222609,30,1468.0,0.0
2x2_slot_inorder_place_inorder_15_grasp_ver3_greedy_ver3,20260311222615,40,1898.0,0.0
2x2_slot_inorder_place_inorder_15_grasp_ver3_greedy_ver3,20260311222620,16,675.0,0.0
2x2_slot_inorder_place_inorder_15_grasp_ver3_greedy_ver3,20260311222625,26,1414.0,0.0
2x2_slot_inorder_place_inorder_15_grasp_ver3_greedy_ver3,20260311222632,34,1636.0,0.015625
2x2_slot_inorder_place_inorder_15_grasp_ver3_greedy_ver3,20260311222637,2,202.0,0.015625
2x2_slot_inorder_place_inorder_15_grasp_ver3_greedy_ver3,20260311222640,10,544.0,0.015625
2x2_slot_inorder_place_inorder_15_grasp_ver3_greedy_ver3,20260311222645,10,612.0,0.0
2x2_slot_inorder_place_inorder_15_grasp_ver3_greedy_ver3,20260311222648,14,635.0,0.0
2x2_slot_inorder_place_inorder_15_grasp_ver3_greedy_ver3,20260311222653,16,708.0,0.0
2x2_slot_inorder_place_inorder_15_grasp_ver3_greedy_ver3,20260311222656,10,576.0,0.0
2x2_slot_inorder_place_inorder_15_grasp_ver3_greedy_ver3,20260311222702,36,1928.0,0.0
2x2_slot_inorder_place_inorder_15_grasp_ver3_greedy_ver3,20260311222709,36,1924.0,0.0
2x2_slot_inorder_place_inorder_15_grasp_ver3_greedy_ver3,20260311222716,21,995.0,0.0
2x2_slot_inorder_place_inorder_15_grasp_ver3_greedy_ver3,20260311222720,4,252.0,0.0
2x2_slot_inorder_place_inorder_15_grasp_ver3_greedy_ver3,20260311222724,14,725.0,0.0
2x2_slot_inorder_place_inorder_15_grasp_ver3_greedy_ver3,20260311222729,14,679.0,0.015625
2x2_slot_inorder_place_inorder_15_grasp_ver3_greedy_ver3,20260311222734,16,823.0,0.0
2x2_slot_inorder_place_inorder_15_greedy_ver3_grasp_ver3,20260311220500,5,418.0,0.0
2x2_slot_inorder_place_inorder_15_greedy_ver3_grasp_ver3,20260311220503,5,424.0,0.015625
2x2_slot_inorder_place_inorder_15_greedy_ver3_grasp_ver3,20260311220506,13,726.0,0.0
2x2_slot_inorder_place_inorder_15_greedy_ver3_grasp_ver3,20260311220510,6,348.0,0.0
2x2_slot_inorder_place_inorder_15_greedy_ver3_grasp_ver3,20260311220513,10,674.0,0.015625
2x2_slot_inorder_place_inorder_15_greedy_ver3_grasp_ver3,20260311220516,2,252.0,0.0
2x2_slot_inorder_place_inorder_15_greedy_ver3_grasp_ver3,20260311220518,4,334.0,0.0
2x2_slot_inorder_place_inorder_15_greedy_ver3_grasp_ver3,20260311220522,19,1169.0,0.0
2x2_slot_inorder_place_inorder_15_greedy_ver3_grasp_ver3,20260311220525,13,677.0,0.0
2x2_slot_inorder_place_inorder_15_greedy_ver3_grasp_ver3,20260311220529,6,330.0,0.0
2x2_slot_inorder_place_inorder_15_greedy_ver3_grasp_ver3,20260311220533,18,778.0,0.0
2x2_slot_inorder_place_inorder_15_greedy_ver3_grasp_ver3,20260311220537,26,1409.0,0.0
2x2_slot_inorder_place_inorder_15_greedy_ver3_grasp_ver3,20260311220548,24,1221.0,0.015625
2x2_slot_inorder_place_inorder_15_greedy_ver3_grasp_ver3,20260311220553,11,682.0,0.015625
2x2_slot_inorder_place_inorder_15_greedy_ver3_grasp_ver3,20260311220557,4,288.0,0.0
2x2_slot_inorder_place_inorder_15_greedy_ver3_grasp_ver3,20260311220600,2,278.0,0.0
2x2_slot_inorder_place_inorder_15_greedy_ver3_grasp_ver3,20260311220603,4,282.0,0.0
2x2_slot_inorder_place_inorder_15_greedy_ver3_grasp_ver3,20260311220606,4,320.0,0.0
2x2_slot_inorder_place_inorder_15_greedy_ver3_grasp_ver3,20260311220608,2,256.0,0.0
2x2_slot_inorder_place_inorder_15_greedy_ver3_grasp_ver3,20260311220611,15,735.0,0.0
2x2_slot_inorder_place_inorder_15_greedy_ver3_grasp_ver3,20260311220615,11,615.0,0.0
2x2_slot_inorder_place_inorder_15_greedy_ver3_grasp_ver3,20260311220620,6,320.0,0.0
2x2_slot_inorder_place_inorder_15_greedy_ver3_grasp_ver3,20260311220623,10,606.0,0.0
2x2_slot_inorder_place_inorder_15_greedy_ver3_grasp_ver3,20260311220627,5,630.0,0.0
2x2_slot_inorder_place_inorder_15_greedy_ver3_grasp_ver3,20260311220630,13,895.0,0.0
2x2_slot_inorder_place_inorder_15_greedy_ver3_grasp_ver3,20260311220635,21,1241.0,0.0
2x2_slot_inorder_place_inorder_15_greedy_ver3_grasp_ver3,20260311220639,32,1797.0,0.0
2x2_slot_inorder_place_inorder_15_greedy_ver3_grasp_ver3,20260311220643,31,1824.0,0.0
2x2_slot_inorder_place_inorder_15_greedy_ver3_grasp_ver3,20260311220649,21,1291.0,0.0
2x2_slot_inorder_place_inorder_15_greedy_ver3_grasp_ver3,20260311220654,18,1065.0,0.015625
2x2_slot_inorder_place_inorder_15_greedy_ver3_grasp_ver3,20260311220657,5,422.0,0.0
2x2_slot_inorder_place_inorder_15_greedy_ver3_grasp_ver3,20260311220701,16,981.0,0.0
2x2_slot_inorder_place_inorder_15_greedy_ver3_grasp_ver3,20260311220705,2,260.0,0.0
2x2_slot_inorder_place_inorder_15_greedy_ver3_grasp_ver3,20260311220708,12,590.0,0.0
2x2_slot_inorder_place_inorder_15_greedy_ver3_grasp_ver3,20260311220711,10,454.0,0.015625
2x2_slot_inorder_place_inorder_15_greedy_ver3_grasp_ver3,20260311220714,8,412.0,0.0
2x2_slot_inorder_place_inorder_15_greedy_ver3_grasp_ver3,20260311220718,10,650.0,0.0
2x2_slot_inorder_place_inorder_15_greedy_ver3_grasp_ver3,20260311220723,21,1219.0,0.0
2x2_slot_inorder_place_inorder_15_greedy_ver3_grasp_ver3,20260311220727,16,947.0,0.0
2x2_slot_inorder_place_inorder_15_greedy_ver3_grasp_ver3,20260311220730,16,935.0,0.0
2x2_slot_inorder_place_inorder_15_greedy_ver3_grasp_ver3,20260311220736,2,236.0,0.0
2x2_slot_inorder_place_inorder_15_greedy_ver3_grasp_ver3,20260311220739,12,530.0,0.0
2x2_slot_inorder_place_inorder_15_greedy_ver3_grasp_ver3,20260311220741,6,320.0,0.0
2x2_slot_inorder_place_inorder_15_greedy_ver3_grasp_ver3,20260311220743,2,260.0,0.015625
2x2_slot_inorder_place_inorder_15_greedy_ver3_grasp_ver3,20260311220746,14,794.0,0.0
2x2_slot_inorder_place_inorder_15_greedy_ver3_grasp_ver3,20260311220752,2,286.0,0.0
2x2_slot_inorder_place_inorder_15_greedy_ver3_grasp_ver3,20260311220755,7,540.0,0.015625
2x2_slot_inorder_place_inorder_15_greedy_ver3_grasp_ver3,20260311220758,5,420.0,0.0
2x2_slot_inorder_place_inorder_15_greedy_ver3_grasp_ver3,20260311220801,17,897.0,0.0
2x2_slot_inorder_place_inorder_15_greedy_ver3_grasp_ver3,20260311220806,43,2278.0,0.0
2x2_slot_inorder_place_inorder_15_greedy_ver3_grasp_ver3,20260311220813,18,845.0,0.0
2x2_slot_inorder_place_inorder_15_greedy_ver3_grasp_ver3,20260311220817,10,666.0,0.0
2x2_slot_inorder_place_inorder_15_greedy_ver3_grasp_ver3,20260311220820,12,762.0,0.0
2x2_slot_inorder_place_inorder_15_greedy_ver3_grasp_ver3,20260311220822,9,590.0,0.0
2x2_slot_inorder_place_inorder_15_greedy_ver3_grasp_ver3,20260311220827,7,458.0,0.0
2x2_slot_inorder_place_inorder_15_greedy_ver3_grasp_ver3,20260311220829,11,595.0,0.0
2x2_slot_inorder_place_inorder_15_greedy_ver3_grasp_ver3,20260311220834,9,490.0,0.015625
2x2_slot_inorder_place_inorder_15_greedy_ver3_grasp_ver3,20260311220837,10,528.0,0.0
2x2_slot_inorder_place_inorder_15_greedy_ver3_grasp_ver3,20260311220840,4,282.0,0.0
2x2_slot_inorder_place_inorder_15_greedy_ver3_grasp_ver3,20260311220844,10,526.0,0.0
2x2_slot_inorder_place_inorder_15_greedy_ver3_grasp_ver3,20260311220848,32,1962.0,0.0
2x2_slot_inorder_place_inorder_15_greedy_ver3_grasp_ver3,20260311220853,37,2276.0,0.0
2x2_slot_inorder_place_inorder_15_greedy_ver3_grasp_ver3,20260311220857,25,1307.0,0.0
2x2_slot_inorder_place_inorder_15_greedy_ver3_grasp_ver3,20260311220904,29,1581.0,0.0
2x2_slot_inorder_place_inorder_15_greedy_ver3_grasp_ver3,20260311220911,34,1838.0,0.0
2x2_slot_inorder_place_inorder_15_greedy_ver3_grasp_ver3,20260311220917,5,276.0,0.0
2x2_slot_inorder_place_inorder_15_greedy_ver3_grasp_ver3,20260311220920,13,735.0,0.0
2x2_slot_inorder_place_inorder_15_greedy_ver3_grasp_ver3,20260311220923,15,867.0,0.0
2x2_slot_inorder_place_inorder_15_greedy_ver3_grasp_ver3,20260311220926,15,853.0,0.0
2x2_slot_inorder_place_inorder_15_greedy_ver3_grasp_ver3,20260311220929,18,1015.0,0.0
2x2_slot_inorder_place_inorder_15_greedy_ver3_grasp_ver3,20260311220933,11,638.0,0.0
2x2_slot_inorder_place_inorder_15_greedy_ver3_grasp_ver3,20260311220935,8,510.0,0.0
2x2_slot_inorder_place_inorder_15_greedy_ver3_grasp_ver3,20260311220938,16,1011.0,0.0
2x2_slot_inorder_place_inorder_15_greedy_ver3_grasp_ver3,20260311220941,21,1459.0,0.0
2x2_slot_inorder_place_inorder_15_greedy_ver3_grasp_ver3,20260311220945,6,520.0,0.0
2x2_slot_inorder_place_inorder_15_greedy_ver3_grasp_ver3,20260311220948,8,680.0,0.0
2x2_slot_inorder_place_inorder_15_greedy_ver3_grasp_ver3,20260311220952,18,1127.0,0.015625
2x2_slot_inorder_place_inorder_15_greedy_ver3_grasp_ver3,20260311220958,8,384.0,0.0
2x2_slot_inorder_place_inorder_15_greedy_ver3_grasp_ver3,20260311221001,8,422.0,0.0
2x2_slot_inorder_place_inorder_15_greedy_ver3_grasp_ver3,20260311221005,9,578.0,0.0
2x2_slot_inorder_place_inorder_15_greedy_ver3_grasp_ver3,20260311221009,14,777.0,0.0
2x2_slot_inorder_place_inorder_15_greedy_ver3_grasp_ver3,20260311221014,40,1724.0,0.0
2x2_slot_inorder_place_inorder_15_greedy_ver3_grasp_ver3,20260311221024,15,901.0,0.0
2x2_slot_inorder_place_inorder_15_greedy_ver3_grasp_ver3,20260311221028,19,971.0,0.0
2x2_slot_inorder_place_inorder_15_greedy_ver3_grasp_ver3,20260311221032,15,807.0,0.0
2x2_slot_inorder_place_inorder_15_greedy_ver3_grasp_ver3,20260311221035,15,883.0,0.0
2x2_slot_inorder_place_inorder_15_greedy_ver3_grasp_ver3,20260311221039,14,835.0,0.0
2x2_slot_inorder_place_inorder_15_greedy_ver3_grasp_ver3,20260311221043,13,815.0,0.0
2x2_slot_inorder_place_inorder_15_greedy_ver3_grasp_ver3,20260311221045,24,1198.0,0.0
2x2_slot_inorder_place_inorder_15_greedy_ver3_grasp_ver3,20260311221049,7,452.0,0.0
2x2_slot_inorder_place_inorder_15_greedy_ver3_grasp_ver3,20260311221053,20,1159.0,0.0
2x2_slot_inorder_place_inorder_15_greedy_ver3_grasp_ver3,20260311221055,4,306.0,0.0
2x2_slot_inorder_place_inorder_15_greedy_ver3_grasp_ver3,20260311221058,25,1391.0,0.0
2x2_slot_inorder_place_inorder_15_greedy_ver3_grasp_ver3,20260311221107,21,1243.0,0.0
2x2_slot_inorder_place_inorder_15_greedy_ver3_grasp_ver3,20260311221113,20,1197.0,0.0
2x2_slot_inorder_place_inorder_15_greedy_ver3_grasp_ver3,20260311221120,4,300.0,0.0
2x2_slot_inorder_place_inorder_15_greedy_ver3_grasp_ver3,20260311221124,7,436.0,0.0
2x2_slot_inorder_place_inorder_15_greedy_ver3_grasp_ver3,20260311221127,24,1403.0,0.0
2x2_slot_inorder_place_inorder_15_greedy_ver3_grasp_ver3,20260311221137,15,891.0,0.0
2x2_slot_inorder_place_inorder_15_greedy_ver3_grasp_ver3,20260311221152,26,1446.0,0.0
2x2_slot_inorder_place_inorder_15_greedy_ver3_grasp_ver3,20260311221157,4,276.0,0.0
2x2_slot_inorder_place_inorder_15_greedy_ver3_grasp_ver3,20260311221200,18,1035.0,0.0
2x2_slot_inorder_place_inorder_15_greedy_ver3_grasp_ver3,20260311221205,48,2518.0,0.0
2x2_slot_inorder_place_inorder_15_greedy_ver3_grasp_ver3,20260311221211,4,292.0,0.0
2x2_slot_inorder_place_inorder_15_greedy_ver3_grasp_ver3,20260311221215,7,424.0,0.0
2x2_slot_inorder_place_inorder_15_greedy_ver3_grasp_ver3,20260311221218,20,1155.0,0.0
2x2_slot_inorder_place_inorder_15_greedy_ver3_grasp_ver3,20260311221222,15,719.0,0.0
2x2_slot_inorder_place_inorder_15_greedy_ver3_grasp_ver3,20260311221227,17,957.0,0.0
2x2_slot_inorder_place_inorder_15_greedy_ver3_grasp_ver3,20260311221232,30,1498.0,0.0
2x2_slot_inorder_place_inorder_15_greedy_ver3_grasp_ver3,20260311221237,22,1289.0,0.0
2x2_slot_inorder_place_inorder_15_greedy_ver3_grasp_ver3,20260311221246,24,1194.0,0.0
2x2_slot_inorder_place_inorder_15_greedy_ver3_grasp_ver3,20260311221253,14,761.0,0.0
2x2_slot_inorder_place_inorder_15_greedy_ver3_grasp_ver3,20260311221255,23,1210.0,0.0
2x2_slot_inorder_place_inorder_15_greedy_ver3_grasp_ver3,20260311221300,9,478.0,0.0
2x2_slot_inorder_place_inorder_15_greedy_ver3_grasp_ver3,20260311221303,22,1207.0,0.0
2x2_slot_inorder_place_inorder_15_greedy_ver3_grasp_ver3,20260311221309,17,892.0,0.0
2x2_slot_inorder_place_inorder_15_greedy_ver3_grasp_ver3,20260311221311,12,712.0,0.0
2x2_slot_inorder_place_inorder_15_greedy_ver3_grasp_ver3,20260311221316,22,1305.0,0.0
2x2_slot_inorder_place_inorder_15_greedy_ver3_grasp_ver3,20260311221323,21,1017.0,0.0
2x2_slot_inorder_place_inorder_15_greedy_ver3_grasp_ver3,20260311221326,28,1428.0,0.0
2x2_slot_inorder_place_inorder_15_greedy_ver3_grasp_ver3,20260311221333,15,815.0,0.0
2x2_slot_inorder_place_inorder_15_greedy_ver3_grasp_ver3,20260311221338,12,600.0,0.0
2x2_slot_inorder_place_inorder_15_greedy_ver3_grasp_ver3,20260311221341,12,558.0,0.0
2x2_slot_inorder_place_inorder_15_greedy_ver3_grasp_ver3,20260311221346,18,931.0,0.0
2x2_slot_inorder_place_inorder_15_greedy_ver3_grasp_ver3,20260311221354,40,1920.0,0.0
2x2_slot_inorder_place_inorder_15_greedy_ver3_grasp_ver3,20260311221359,10,514.0,0.0
2x2_slot_inorder_place_inorder_15_greedy_ver3_grasp_ver3,20260311221402,9,370.0,0.0
2x2_slot_inorder_place_inorder_15_greedy_ver3_grasp_ver3,20260311221406,37,2014.0,0.0
2x2_slot_inorder_place_inorder_15_greedy_ver3_grasp_ver3,20260311221410,16,1009.0,0.0
2x2_slot_inorder_place_inorder_15_greedy_ver3_grasp_ver3,20260311221415,7,432.0,0.0
2x2_slot_inorder_place_inorder_15_greedy_ver3_grasp_ver3,20260311221418,31,1490.0,0.015625
2x2_slot_inorder_place_inorder_15_greedy_ver3_grasp_ver3,20260311221422,25,1232.0,0.0
2x2_slot_inorder_place_inorder_15_greedy_ver3_grasp_ver3,20260311221426,29,1406.0,0.0
2x2_slot_inorder_place_inorder_15_greedy_ver3_grasp_ver3,20260311221435,16,655.0,0.0
2x2_slot_inorder_place_inorder_15_greedy_ver3_grasp_ver3,20260311221439,17,868.0,0.0
2x2_slot_inorder_place_inorder_15_greedy_ver3_grasp_ver3,20260311221445,28,1538.0,0.015625
2x2_slot_inorder_place_inorder_15_greedy_ver3_grasp_ver3,20260311221452,25,1207.0,0.0
2x2_slot_inorder_place_inorder_15_greedy_ver3_grasp_ver3,20260311221500,2,272.0,0.0
2x2_slot_inorder_place_inorder_15_greedy_ver3_grasp_ver3,20260311221502,10,496.0,0.0
2x2_slot_inorder_place_inorder_15_greedy_ver3_grasp_ver3,20260311221506,10,538.0,0.0
2x2_slot_inorder_place_inorder_15_greedy_ver3_grasp_ver3,20260311221510,8,516.0,0.0
2x2_slot_inorder_place_inorder_15_greedy_ver3_grasp_ver3,20260311221513,9,598.0,0.0
2x2_slot_inorder_place_inorder_15_greedy_ver3_grasp_ver3,20260311221518,10,516.0,0.0
2x2_slot_inorder_place_inorder_15_greedy_ver3_grasp_ver3,20260311221521,10,618.0,0.0
2x2_slot_inorder_place_inorder_15_greedy_ver3_grasp_ver3,20260311221526,39,1966.0,0.0
2x2_slot_inorder_place_inorder_15_greedy_ver3_grasp_ver3,20260311221537,27,1418.0,0.0
2x2_slot_inorder_place_inorder_15_greedy_ver3_grasp_ver3,20260311221543,5,368.0,0.0
2x2_slot_inorder_place_inorder_15_greedy_ver3_grasp_ver3,20260311221546,13,773.0,0.0
2x2_slot_inorder_place_inorder_15_greedy_ver3_grasp_ver3,20260311221550,15,831.0,0.0
2x2_slot_inorder_place_inorder_15_greedy_ver3_grasp_ver3,20260311221555,25,1401.0,0.0
2x2_slot_inorder_place_inorder_15_greedy_ver3_greedy_ver3,20260311220501,8,438.0,0.0
2x2_slot_inorder_place_inorder_15_greedy_ver3_greedy_ver3,20260311220504,8,454.0,0.0
2x2_slot_inorder_place_inorder_15_greedy_ver3_greedy_ver3,20260311220507,10,582.0,0.0
2x2_slot_inorder_place_inorder_15_greedy_ver3_greedy_ver3,20260311220511,18,881.0,0.0
2x2_slot_inorder_place_inorder_15_greedy_ver3_greedy_ver3,20260311220514,4,298.0,0.0
2x2_slot_inorder_place_inorder_15_greedy_ver3_greedy_ver3,20260311220517,12,730.0,0.0
2x2_slot_inorder_place_inorder_15_greedy_ver3_greedy_ver3,20260311220520,4,248.0,0.015625
2x2_slot_inorder_place_inorder_15_greedy_ver3_greedy_ver3,20260311220523,16,843.0,0.0
2x2_slot_inorder_place_inorder_15_greedy_ver3_greedy_ver3,20260311220527,20,1027.0,0.0
2x2_slot_inorder_place_inorder_15_greedy_ver3_greedy_ver3,20260311220530,24,1206.0,0.0
2x2_slot_inorder_place_inorder_15_greedy_ver3_greedy_ver3,20260311220535,34,1470.0,0.0
2x2_slot_inorder_place_inorder_15_greedy_ver3_greedy_ver3,20260311220542,33,1771.0,0.0
2x2_slot_inorder_place_inorder_15_greedy_ver3_greedy_ver3,20260311220550,25,1363.0,0.0
2x2_slot_inorder_place_inorder_15_greedy_ver3_greedy_ver3,20260311220555,15,937.0,0.0
2x2_slot_inorder_place_inorder_15_greedy_ver3_greedy_ver3,20260311220558,6,332.0,0.0
2x2_slot_inorder_place_inorder_15_greedy_ver3_greedy_ver3,20260311220601,13,729.0,0.0
2x2_slot_inorder_place_inorder_15_greedy_ver3_greedy_ver3,20260311220604,18,1021.0,0.0
2x2_slot_inorder_place_inorder_15_greedy_ver3_greedy_ver3,20260311220607,6,338.0,0.0
2x2_slot_inorder_place_inorder_15_greedy_ver3_greedy_ver3,20260311220609,10,516.0,0.0
2x2_slot_inorder_place_inorder_15_greedy_ver3_greedy_ver3,20260311220612,10,552.0,0.0
2x2_slot_inorder_place_inorder_15_greedy_ver3_greedy_ver3,20260311220617,14,715.0,0.0
2x2_slot_inorder_place_inorder_15_greedy_ver3_greedy_ver3,20260311220621,10,564.0,0.0
2x2_slot_inorder_place_inorder_15_greedy_ver3_greedy_ver3,20260311220625,10,758.0,0.0
2x2_slot_inorder_place_inorder_15_greedy_ver3_greedy_ver3,20260311220629,5,630.0,0.0
2x2_slot_inorder_place_inorder_15_greedy_ver3_greedy_ver3,20260311220632,13,1037.0,0.0
2x2_slot_inorder_place_inorder_15_greedy_ver3_greedy_ver3,20260311220637,20,1071.0,0.0
2x2_slot_inorder_place_inorder_15_greedy_ver3_greedy_ver3,20260311220641,10,746.0,0.015625
2x2_slot_inorder_place_inorder_15_greedy_ver3_greedy_ver3,20260311220646,13,697.0,0.0
2x2_slot_inorder_place_inorder_15_greedy_ver3_greedy_ver3,20260311220651,21,1351.0,0.0
2x2_slot_inorder_place_inorder_15_greedy_ver3_greedy_ver3,20260311220655,8,432.0,0.0
2x2_slot_inorder_place_inorder_15_greedy_ver3_greedy_ver3,20260311220659,17,977.0,0.0
2x2_slot_inorder_place_inorder_15_greedy_ver3_greedy_ver3,20260311220703,6,388.0,0.0
2x2_slot_inorder_place_inorder_15_greedy_ver3_greedy_ver3,20260311220706,6,352.0,0.0
2x2_slot_inorder_place_inorder_15_greedy_ver3_greedy_ver3,20260311220709,8,524.0,0.0
2x2_slot_inorder_place_inorder_15_greedy_ver3_greedy_ver3,20260311220713,10,512.0,0.0
2x2_slot_inorder_place_inorder_15_greedy_ver3_greedy_ver3,20260311220716,18,875.0,0.0
2x2_slot_inorder_place_inorder_15_greedy_ver3_greedy_ver3,20260311220721,20,1131.0,0.0
2x2_slot_inorder_place_inorder_15_greedy_ver3_greedy_ver3,20260311220724,18,1035.0,0.015625
2x2_slot_inorder_place_inorder_15_greedy_ver3_greedy_ver3,20260311220728,4,232.0,0.0
2x2_slot_inorder_place_inorder_15_greedy_ver3_greedy_ver3,20260311220733,17,899.0,0.0
2x2_slot_inorder_place_inorder_15_greedy_ver3_greedy_ver3,20260311220737,13,702.0,0.0
2x2_slot_inorder_place_inorder_15_greedy_ver3_greedy_ver3,20260311220740,6,350.0,0.0
2x2_slot_inorder_place_inorder_15_greedy_ver3_greedy_ver3,20260311220742,16,907.0,0.0
2x2_slot_inorder_place_inorder_15_greedy_ver3_greedy_ver3,20260311220744,2,290.0,0.0
2x2_slot_inorder_place_inorder_15_greedy_ver3_greedy_ver3,20260311220748,4,298.0,0.0
2x2_slot_inorder_place_inorder_15_greedy_ver3_greedy_ver3,20260311220753,22,1193.0,0.0
2x2_slot_inorder_place_inorder_15_greedy_ver3_greedy_ver3,20260311220756,17,921.0,0.0
2x2_slot_inorder_place_inorder_15_greedy_ver3_greedy_ver3,20260311220800,8,450.0,0.0
2x2_slot_inorder_place_inorder_15_greedy_ver3_greedy_ver3,20260311220804,20,1193.0,0.0
2x2_slot_inorder_place_inorder_15_greedy_ver3_greedy_ver3,20260311220809,30,1742.0,0.0
2x2_slot_inorder_place_inorder_15_greedy_ver3_greedy_ver3,20260311220815,15,881.0,0.0
2x2_slot_inorder_place_inorder_15_greedy_ver3_greedy_ver3,20260311220818,11,630.0,0.0
2x2_slot_inorder_place_inorder_15_greedy_ver3_greedy_ver3,20260311220821,4,306.0,0.0
2x2_slot_inorder_place_inorder_15_greedy_ver3_greedy_ver3,20260311220824,12,614.0,0.0
2x2_slot_inorder_place_inorder_15_greedy_ver3_greedy_ver3,20260311220828,13,699.0,0.0
2x2_slot_inorder_place_inorder_15_greedy_ver3_greedy_ver3,20260311220831,17,781.0,0.0
2x2_slot_inorder_place_inorder_15_greedy_ver3_greedy_ver3,20260311220835,9,510.0,0.0
2x2_slot_inorder_place_inorder_15_greedy_ver3_greedy_ver3,20260311220838,10,604.0,0.0
2x2_slot_inorder_place_inorder_15_greedy_ver3_greedy_ver3,20260311220843,2,282.0,0.0
2x2_slot_inorder_place_inorder_15_greedy_ver3_greedy_ver3,20260311220846,10,660.0,0.0
2x2_slot_inorder_place_inorder_15_greedy_ver3_greedy_ver3,20260311220850,11,605.0,0.0
2x2_slot_inorder_place_inorder_15_greedy_ver3_greedy_ver3,20260311220855,12,823.0,0.015625
2x2_slot_inorder_place_inorder_15_greedy_ver3_greedy_ver3,20260311220901,16,979.0,0.0
2x2_slot_inorder_place_inorder_15_greedy_ver3_greedy_ver3,20260311220907,35,1756.0,0.0
2x2_slot_inorder_place_inorder_15_greedy_ver3_greedy_ver3,20260311220914,25,1292.0,0.0
2x2_slot_inorder_place_inorder_15_greedy_ver3_greedy_ver3,20260311220918,13,759.0,0.0
2x2_slot_inorder_place_inorder_15_greedy_ver3_greedy_ver3,20260311220921,17,860.0,0.0
2x2_slot_inorder_place_inorder_15_greedy_ver3_greedy_ver3,20260311220924,8,430.0,0.0
2x2_slot_inorder_place_inorder_15_greedy_ver3_greedy_ver3,20260311220927,6,470.0,0.0
2x2_slot_inorder_place_inorder_15_greedy_ver3_greedy_ver3,20260311220931,13,677.0,0.0
2x2_slot_inorder_place_inorder_15_greedy_ver3_greedy_ver3,20260311220934,18,1043.0,0.0
2x2_slot_inorder_place_inorder_15_greedy_ver3_greedy_ver3,20260311220937,8,470.0,0.0
2x2_slot_inorder_place_inorder_15_greedy_ver3_greedy_ver3,20260311220940,4,226.0,0.0
2x2_slot_inorder_place_inorder_15_greedy_ver3_greedy_ver3,20260311220943,5,310.0,0.0
2x2_slot_inorder_place_inorder_15_greedy_ver3_greedy_ver3,20260311220946,26,1493.0,0.015625
2x2_slot_inorder_place_inorder_15_greedy_ver3_greedy_ver3,20260311220950,40,2146.0,0.0
2x2_slot_inorder_place_inorder_15_greedy_ver3_greedy_ver3,20260311220955,18,1193.0,0.0
2x2_slot_inorder_place_inorder_15_greedy_ver3_greedy_ver3,20260311221000,16,839.0,0.015625
2x2_slot_inorder_place_inorder_15_greedy_ver3_greedy_ver3,20260311221003,16,835.0,0.0
2x2_slot_inorder_place_inorder_15_greedy_ver3_greedy_ver3,20260311221007,14,639.0,0.0
2x2_slot_inorder_place_inorder_15_greedy_ver3_greedy_ver3,20260311221012,10,600.0,0.0
2x2_slot_inorder_place_inorder_15_greedy_ver3_greedy_ver3,20260311221019,48,2375.0,0.0
2x2_slot_inorder_place_inorder_15_greedy_ver3_greedy_ver3,20260311221026,23,1491.0,0.0
2x2_slot_inorder_place_inorder_15_greedy_ver3_greedy_ver3,20260311221030,6,322.0,0.0
2x2_slot_inorder_place_inorder_15_greedy_ver3_greedy_ver3,20260311221033,6,386.0,0.0
2x2_slot_inorder_place_inorder_15_greedy_ver3_greedy_ver3,20260311221037,17,887.0,0.0
2x2_slot_inorder_place_inorder_15_greedy_ver3_greedy_ver3,20260311221041,13,785.0,0.0
2x2_slot_inorder_place_inorder_15_greedy_ver3_greedy_ver3,20260311221044,6,350.0,0.0
2x2_slot_inorder_place_inorder_15_greedy_ver3_greedy_ver3,20260311221047,14,629.0,0.0
2x2_slot_inorder_place_inorder_15_greedy_ver3_greedy_ver3,20260311221051,12,748.0,0.0
2x2_slot_inorder_place_inorder_15_greedy_ver3_greedy_ver3,20260311221054,2,274.0,0.0
2x2_slot_inorder_place_inorder_15_greedy_ver3_greedy_ver3,20260311221057,4,294.0,0.0
2x2_slot_inorder_place_inorder_15_greedy_ver3_greedy_ver3,20260311221102,30,1650.0,0.0
2x2_slot_inorder_place_inorder_15_greedy_ver3_greedy_ver3,20260311221109,36,1936.0,0.0
2x2_slot_inorder_place_inorder_15_greedy_ver3_greedy_ver3,20260311221116,29,1668.0,0.0
2x2_slot_inorder_place_inorder_15_greedy_ver3_greedy_ver3,20260311221121,13,694.0,0.0
2x2_slot_inorder_place_inorder_15_greedy_ver3_greedy_ver3,20260311221125,10,534.0,0.0
2x2_slot_inorder_place_inorder_15_greedy_ver3_greedy_ver3,20260311221132,34,1798.0,0.0
2x2_slot_inorder_place_inorder_15_greedy_ver3_greedy_ver3,20260311221149,29,1638.0,0.0
2x2_slot_inorder_place_inorder_15_greedy_ver3_greedy_ver3,20260311221155,12,619.0,0.0
2x2_slot_inorder_place_inorder_15_greedy_ver3_greedy_ver3,20260311221159,4,258.0,0.0
2x2_slot_inorder_place_inorder_15_greedy_ver3_greedy_ver3,20260311221203,12,829.0,0.0
2x2_slot_inorder_place_inorder_15_greedy_ver3_greedy_ver3,20260311221208,19,1119.0,0.0
2x2_slot_inorder_place_inorder_15_greedy_ver3_greedy_ver3,20260311221213,19,1155.0,0.0
2x2_slot_inorder_place_inorder_15_greedy_ver3_greedy_ver3,20260311221216,15,797.0,0.0
2x2_slot_inorder_place_inorder_15_greedy_ver3_greedy_ver3,20260311221220,14,669.0,0.0
2x2_slot_inorder_place_inorder_15_greedy_ver3_greedy_ver3,20260311221224,23,1067.0,0.0
2x2_slot_inorder_place_inorder_15_greedy_ver3_greedy_ver3,20260311221229,17,887.0,0.015625
2x2_slot_inorder_place_inorder_15_greedy_ver3_greedy_ver3,20260311221234,22,1271.0,0.0
2x2_slot_inorder_place_inorder_15_greedy_ver3_greedy_ver3,20260311221241,28,1444.0,0.0
2x2_slot_inorder_place_inorder_15_greedy_ver3_greedy_ver3,20260311221249,24,1151.0,0.0
2x2_slot_inorder_place_inorder_15_greedy_ver3_greedy_ver3,20260311221254,8,602.0,0.0
2x2_slot_inorder_place_inorder_15_greedy_ver3_greedy_ver3,20260311221258,18,917.0,0.0
2x2_slot_inorder_place_inorder_15_greedy_ver3_greedy_ver3,20260311221302,14,907.0,0.0
2x2_slot_inorder_place_inorder_15_greedy_ver3_greedy_ver3,20260311221306,36,2168.0,0.015625
2x2_slot_inorder_place_inorder_15_greedy_ver3_greedy_ver3,20260311221310,6,324.0,0.0
2x2_slot_inorder_place_inorder_15_greedy_ver3_greedy_ver3,20260311221314,25,1175.0,0.0
2x2_slot_inorder_place_inorder_15_greedy_ver3_greedy_ver3,20260311221320,28,1845.0,0.0
2x2_slot_inorder_place_inorder_15_greedy_ver3_greedy_ver3,20260311221325,30,1522.0,0.0
2x2_slot_inorder_place_inorder_15_greedy_ver3_greedy_ver3,20260311221330,28,1296.0,0.015625
2x2_slot_inorder_place_inorder_15_greedy_ver3_greedy_ver3,20260311221336,21,1105.0,0.0
2x2_slot_inorder_place_inorder_15_greedy_ver3_greedy_ver3,20260311221339,2,302.0,0.0
2x2_slot_inorder_place_inorder_15_greedy_ver3_greedy_ver3,20260311221343,30,1414.0,0.0
2x2_slot_inorder_place_inorder_15_greedy_ver3_greedy_ver3,20260311221350,39,2040.0,0.0
2x2_slot_inorder_place_inorder_15_greedy_ver3_greedy_ver3,20260311221356,14,709.0,0.0
2x2_slot_inorder_place_inorder_15_greedy_ver3_greedy_ver3,20260311221400,23,1121.0,0.0
2x2_slot_inorder_place_inorder_15_greedy_ver3_greedy_ver3,20260311221404,8,498.0,0.0
2x2_slot_inorder_place_inorder_15_greedy_ver3_greedy_ver3,20260311221408,14,711.0,0.0
2x2_slot_inorder_place_inorder_15_greedy_ver3_greedy_ver3,20260311221412,22,1131.0,0.0
2x2_slot_inorder_place_inorder_15_greedy_ver3_greedy_ver3,20260311221416,6,402.0,0.0
2x2_slot_inorder_place_inorder_15_greedy_ver3_greedy_ver3,20260311221420,12,607.0,0.0
2x2_slot_inorder_place_inorder_15_greedy_ver3_greedy_ver3,20260311221424,24,1241.0,0.0
2x2_slot_inorder_place_inorder_15_greedy_ver3_greedy_ver3,20260311221430,57,2790.0,0.015625
2x2_slot_inorder_place_inorder_15_greedy_ver3_greedy_ver3,20260311221437,12,530.0,0.0
2x2_slot_inorder_place_inorder_15_greedy_ver3_greedy_ver3,20260311221442,17,863.0,0.0
2x2_slot_inorder_place_inorder_15_greedy_ver3_greedy_ver3,20260311221448,31,1730.0,0.0
2x2_slot_inorder_place_inorder_15_greedy_ver3_greedy_ver3,20260311221456,22,1003.0,0.0
2x2_slot_inorder_place_inorder_15_greedy_ver3_greedy_ver3,20260311221501,16,911.0,0.0
2x2_slot_inorder_place_inorder_15_greedy_ver3_greedy_ver3,20260311221504,28,1358.0,0.0
2x2_slot_inorder_place_inorder_15_greedy_ver3_greedy_ver3,20260311221508,10,532.0,0.0
2x2_slot_inorder_place_inorder_15_greedy_ver3_greedy_ver3,20260311221512,16,787.0,0.0
2x2_slot_inorder_place_inorder_15_greedy_ver3_greedy_ver3,20260311221515,12,598.0,0.0
2x2_slot_inorder_place_inorder_15_greedy_ver3_greedy_ver3,20260311221520,10,484.0,0.0
2x2_slot_inorder_place_inorder_15_greedy_ver3_greedy_ver3,20260311221523,10,514.0,0.0
2x2_slot_inorder_place_inorder_15_greedy_ver3_greedy_ver3,20260311221531,58,2961.0,0.0
2x2_slot_inorder_place_inorder_15_greedy_ver3_greedy_ver3,20260311221540,27,1256.0,0.0
2x2_slot_inorder_place_inorder_15_greedy_ver3_greedy_ver3,20260311221544,5,318.0,0.0
2x2_slot_inorder_place_inorder_15_greedy_ver3_greedy_ver3,20260311221548,12,637.0,0.0
2x2_slot_inorder_place_inorder_15_greedy_ver3_greedy_ver3,20260311221553,14,669.0,0.0
2x2_slot_inorder_place_inorder_15_greedy_ver3_greedy_ver3,20260311221558,50,2288.0,0.0
2x2_slot_inorder_place_cluster_1_grasp_ver3_grasp_ver3,20260312173913,6,400.0,0.0
2x2_slot_inorder_place_cluster_1_grasp_ver3_grasp_ver3,20260312173916,3,290.0,0.0
2x2_slot_inorder_place_cluster_1_grasp_ver3_grasp_ver3,20260312173919,9,558.0,0.0
2x2_slot_inorder_place_cluster_1_grasp_ver3_grasp_ver3,20260312173923,16,915.0,0.0
2x2_slot_inorder_place_cluster_1_grasp_ver3_grasp_ver3,20260312173926,6,474.0,0.0
2x2_slot_inorder_place_cluster_1_grasp_ver3_grasp_ver3,20260312173928,9,635.0,0.0
2x2_slot_inorder_place_cluster_1_grasp_ver3_grasp_ver3,20260312173932,6,446.0,0.0
2x2_slot_inorder_place_cluster_1_grasp_ver3_grasp_ver3,20260312173934,9,615.0,0.0
2x2_slot_inorder_place_cluster_1_grasp_ver3_grasp_ver3,20260312173937,18,1033.0,0.0
2x2_slot_inorder_place_cluster_1_grasp_ver3_grasp_ver3,20260312173943,6,396.0,0.0
2x2_slot_inorder_place_cluster_1_grasp_ver3_grasp_ver3,20260312173946,9,649.0,0.0
2x2_slot_inorder_place_cluster_1_grasp_ver3_grasp_ver3,20260312173949,5,312.0,0.0
2x2_slot_inorder_place_cluster_1_grasp_ver3_grasp_ver3,20260312173952,6,384.0,0.0
2x2_slot_inorder_place_cluster_1_grasp_ver3_grasp_ver3,20260312173956,18,1187.0,0.0
2x2_slot_inorder_place_cluster_1_grasp_ver3_grasp_ver3,20260312174001,22,1215.0,0.0
2x2_slot_inorder_place_cluster_1_grasp_ver3_grasp_ver3,20260312174010,18,993.0,0.0
2x2_slot_inorder_place_cluster_1_grasp_ver3_grasp_ver3,20260312174014,8,608.0,0.0
2x2_slot_inorder_place_cluster_1_grasp_ver3_grasp_ver3,20260312174017,13,829.0,0.0
2x2_slot_inorder_place_cluster_1_grasp_ver3_grasp_ver3,20260312174021,7,446.0,0.0
2x2_slot_inorder_place_cluster_1_grasp_ver3_grasp_ver3,20260312174024,9,562.0,0.0
2x2_slot_inorder_place_cluster_1_grasp_ver3_grasp_ver3,20260312174027,13,773.0,0.0
2x2_slot_inorder_place_cluster_1_grasp_ver3_grasp_ver3,20260312174030,9,671.0,0.0
2x2_slot_inorder_place_cluster_1_grasp_ver3_grasp_ver3,20260312174034,9,715.0,0.0
2x2_slot_inorder_place_cluster_1_grasp_ver3_grasp_ver3,20260312174037,12,693.0,0.0
2x2_slot_inorder_place_cluster_1_grasp_ver3_grasp_ver3,20260312174041,6,538.0,0.0
2x2_slot_inorder_place_cluster_1_grasp_ver3_grasp_ver3,20260312174044,6,626.0,0.0
2x2_slot_inorder_place_cluster_1_grasp_ver3_grasp_ver3,20260312174047,6,386.0,0.0
2x2_slot_inorder_place_cluster_1_grasp_ver3_grasp_ver3,20260312174051,12,791.0,0.0
2x2_slot_inorder_place_cluster_1_grasp_ver3_grasp_ver3,20260312174056,3,286.0,0.0
2x2_slot_inorder_place_cluster_1_grasp_ver3_grasp_ver3,20260312174058,15,929.0,0.0
2x2_slot_inorder_place_cluster_1_grasp_ver3_grasp_ver3,20260312174059,10,641.0,0.0
2x2_slot_inorder_place_cluster_1_grasp_ver3_grasp_ver3,20260312174103,15,907.0,0.0
2x2_slot_inorder_place_cluster_1_grasp_ver3_grasp_ver3,20260312174108,3,284.0,0.0
2x2_slot_inorder_place_cluster_1_grasp_ver3_grasp_ver3,20260312174110,25,1457.0,0.0
2x2_slot_inorder_place_cluster_1_grasp_ver3_grasp_ver3,20260312174117,3,274.0,0.0
2x2_slot_inorder_place_cluster_1_grasp_ver3_grasp_ver3,20260312174119,14,867.0,0.0
2x2_slot_inorder_place_cluster_1_grasp_ver3_grasp_ver3,20260312174125,16,1061.0,0.0
2x2_slot_inorder_place_cluster_1_grasp_ver3_grasp_ver3,20260312174128,14,835.0,0.0
2x2_slot_inorder_place_cluster_1_grasp_ver3_grasp_ver3,20260312174132,8,604.0,0.0
2x2_slot_inorder_place_cluster_1_grasp_ver3_grasp_ver3,20260312174135,15,893.0,0.0
2x2_slot_inorder_place_cluster_1_grasp_ver3_grasp_ver3,20260312174140,15,969.0,0.0
2x2_slot_inorder_place_cluster_1_grasp_ver3_grasp_ver3,20260312174145,11,717.0,0.0
2x2_slot_inorder_place_cluster_1_grasp_ver3_grasp_ver3,20260312174149,13,625.0,0.0
2x2_slot_inorder_place_cluster_1_grasp_ver3_grasp_ver3,20260312174153,6,368.0,0.0
2x2_slot_inorder_place_cluster_1_grasp_ver3_grasp_ver3,20260312174156,7,462.0,0.0
2x2_slot_inorder_place_cluster_1_grasp_ver3_grasp_ver3,20260312174159,13,669.0,0.0
2x2_slot_inorder_place_cluster_1_grasp_ver3_grasp_ver3,20260312174201,17,1145.0,0.0
2x2_slot_inorder_place_cluster_1_grasp_ver3_grasp_ver3,20260312174207,4,266.0,0.0
2x2_slot_inorder_place_cluster_1_grasp_ver3_grasp_ver3,20260312174209,9,643.0,0.0
2x2_slot_inorder_place_cluster_1_grasp_ver3_grasp_ver3,20260312174212,8,586.0,0.0
2x2_slot_inorder_place_cluster_1_grasp_ver3_grasp_ver3,20260312174216,12,753.0,0.0
2x2_slot_inorder_place_cluster_1_grasp_ver3_grasp_ver3,20260312174220,7,468.0,0.0
2x2_slot_inorder_place_cluster_1_grasp_ver3_grasp_ver3,20260312174223,18,961.0,0.0
2x2_slot_inorder_place_cluster_1_grasp_ver3_grasp_ver3,20260312174227,9,735.0,0.0
2x2_slot_inorder_place_cluster_1_grasp_ver3_grasp_ver3,20260312174230,24,1349.0,0.0
2x2_slot_inorder_place_cluster_1_grasp_ver3_grasp_ver3,20260312174232,5,318.0,0.0
2x2_slot_inorder_place_cluster_1_grasp_ver3_grasp_ver3,20260312174236,11,749.0,0.0
2x2_slot_inorder_place_cluster_1_grasp_ver3_grasp_ver3,20260312174241,10,647.0,0.0
2x2_slot_inorder_place_cluster_1_grasp_ver3_grasp_ver3,20260312174244,10,765.0,0.0
2x2_slot_inorder_place_cluster_1_grasp_ver3_grasp_ver3,20260312174248,8,480.0,0.0
2x2_slot_inorder_place_cluster_1_grasp_ver3_grasp_ver3,20260312174251,17,935.0,0.0
2x2_slot_inorder_place_cluster_1_grasp_ver3_grasp_ver3,20260312174256,8,502.0,0.0
2x2_slot_inorder_place_cluster_1_grasp_ver3_grasp_ver3,20260312174259,11,763.0,0.0
2x2_slot_inorder_place_cluster_1_grasp_ver3_grasp_ver3,20260312174301,24,1349.0,0.0
2x2_slot_inorder_place_cluster_1_grasp_ver3_grasp_ver3,20260312174305,15,901.0,0.0
2x2_slot_inorder_place_cluster_1_grasp_ver3_grasp_ver3,20260312174310,20,1333.0,0.015625
2x2_slot_inorder_place_cluster_1_grasp_ver3_grasp_ver3,20260312174316,8,594.0,0.0
2x2_slot_inorder_place_cluster_1_grasp_ver3_grasp_ver3,20260312174319,7,446.0,0.0
2x2_slot_inorder_place_cluster_1_grasp_ver3_grasp_ver3,20260312174322,6,386.0,0.0
2x2_slot_inorder_place_cluster_1_grasp_ver3_grasp_ver3,20260312174326,25,1397.0,0.0
2x2_slot_inorder_place_cluster_1_grasp_ver3_grasp_ver3,20260312174331,7,516.0,0.0
2x2_slot_inorder_place_cluster_1_grasp_ver3_grasp_ver3,20260312174332,19,1081.0,0.0
2x2_slot_inorder_place_cluster_1_grasp_ver3_grasp_ver3,20260312174335,14,905.0,0.0
2x2_slot_inorder_place_cluster_1_grasp_ver3_grasp_ver3,20260312174339,5,484.0,0.0
2x2_slot_inorder_place_cluster_1_grasp_ver3_grasp_ver3,20260312174342,8,570.0,0.0
2x2_slot_inorder_place_cluster_1_grasp_ver3_grasp_ver3,20260312174345,7,470.0,0.0
2x2_slot_inorder_place_cluster_1_grasp_ver3_grasp_ver3,20260312174348,12,861.0,0.0
2x2_slot_inorder_place_cluster_1_grasp_ver3_grasp_ver3,20260312174351,4,310.0,0.0
2x2_slot_inorder_place_cluster_1_grasp_ver3_grasp_ver3,20260312174354,5,322.0,0.0
2x2_slot_inorder_place_cluster_1_grasp_ver3_grasp_ver3,20260312174357,8,590.0,0.0
2x2_slot_inorder_place_cluster_1_grasp_ver3_grasp_ver3,20260312174401,28,1408.0,0.0
2x2_slot_inorder_place_cluster_1_grasp_ver3_grasp_ver3,20260312174403,11,737.0,0.0
2x2_slot_inorder_place_cluster_1_grasp_ver3_grasp_ver3,20260312174407,15,957.0,0.0
2x2_slot_inorder_place_cluster_1_grasp_ver3_grasp_ver3,20260312174412,6,386.0,0.015625
2x2_slot_inorder_place_cluster_1_grasp_ver3_grasp_ver3,20260312174415,2,250.0,0.015625
2x2_slot_inorder_place_cluster_1_grasp_ver3_grasp_ver3,20260312174418,11,865.0,0.0
2x2_slot_inorder_place_cluster_1_grasp_ver3_grasp_ver3,20260312174422,8,490.0,0.0
2x2_slot_inorder_place_cluster_1_grasp_ver3_grasp_ver3,20260312174425,10,765.0,0.0
2x2_slot_inorder_place_cluster_1_grasp_ver3_grasp_ver3,20260312174428,9,545.0,0.0
2x2_slot_inorder_place_cluster_1_grasp_ver3_grasp_ver3,20260312174431,12,769.0,0.0
2x2_slot_inorder_place_cluster_1_grasp_ver3_grasp_ver3,20260312174433,21,1151.0,0.0
2x2_slot_inorder_place_cluster_1_grasp_ver3_grasp_ver3,20260312174436,20,1069.0,0.0
2x2_slot_inorder_place_cluster_1_grasp_ver3_grasp_ver3,20260312174442,9,607.0,0.0
2x2_slot_inorder_place_cluster_1_grasp_ver3_grasp_ver3,20260312174445,17,953.0,0.0
2x2_slot_inorder_place_cluster_1_grasp_ver3_grasp_ver3,20260312174452,12,755.0,0.0
2x2_slot_inorder_place_cluster_1_grasp_ver3_grasp_ver3,20260312174456,34,1756.0,0.0
2x2_slot_inorder_place_cluster_1_grasp_ver3_grasp_ver3,20260312174503,3,306.0,0.0
2x2_slot_inorder_place_cluster_1_grasp_ver3_grasp_ver3,20260312174506,12,903.0,0.0
2x2_slot_inorder_place_cluster_1_grasp_ver3_grasp_ver3,20260312174510,15,919.0,0.0
2x2_slot_inorder_place_cluster_1_grasp_ver3_grasp_ver3,20260312174515,8,490.0,0.0
2x2_slot_inorder_place_cluster_1_grasp_ver3_grasp_ver3,20260312174518,5,322.0,0.0
2x2_slot_inorder_place_cluster_1_grasp_ver3_grasp_ver3,20260312174521,12,757.0,0.0
2x2_slot_inorder_place_cluster_1_grasp_ver3_grasp_ver3,20260312174525,9,556.0,0.0
2x2_slot_inorder_place_cluster_1_grasp_ver3_grasp_ver3,20260312174529,19,1103.0,0.0
2x2_slot_inorder_place_cluster_1_grasp_ver3_grasp_ver3,20260312174533,9,548.0,0.0
2x2_slot_inorder_place_cluster_1_grasp_ver3_grasp_ver3,20260312174537,7,466.0,0.0
2x2_slot_inorder_place_cluster_1_grasp_ver3_grasp_ver3,20260312174541,22,1141.0,0.0
2x2_slot_inorder_place_cluster_1_grasp_ver3_grasp_ver3,20260312174547,7,498.0,0.0
2x2_slot_inorder_place_cluster_1_grasp_ver3_grasp_ver3,20260312174551,15,937.0,0.0
2x2_slot_inorder_place_cluster_1_grasp_ver3_grasp_ver3,20260312174556,3,274.0,0.0
2x2_slot_inorder_place_cluster_1_grasp_ver3_grasp_ver3,20260312174558,19,1159.0,0.0
2x2_slot_inorder_place_cluster_1_grasp_ver3_grasp_ver3,20260312174604,14,867.0,0.0
2x2_slot_inorder_place_cluster_1_grasp_ver3_grasp_ver3,20260312174609,14,879.0,0.0
2x2_slot_inorder_place_cluster_1_grasp_ver3_grasp_ver3,20260312174614,11,737.0,0.0
2x2_slot_inorder_place_cluster_1_grasp_ver3_grasp_ver3,20260312174618,7,540.0,0.0
2x2_slot_inorder_place_cluster_1_grasp_ver3_grasp_ver3,20260312174622,15,937.0,0.0
2x2_slot_inorder_place_cluster_1_grasp_ver3_grasp_ver3,20260312174627,3,274.0,0.0
2x2_slot_inorder_place_cluster_1_grasp_ver3_grasp_ver3,20260312174629,19,1031.0,0.0
2x2_slot_inorder_place_cluster_1_grasp_ver3_grasp_ver3,20260312174635,20,1183.0,0.015625
2x2_slot_inorder_place_cluster_1_grasp_ver3_grasp_ver3,20260312174636,12,773.0,0.0
2x2_slot_inorder_place_cluster_1_grasp_ver3_grasp_ver3,20260312174639,17,971.0,0.0
2x2_slot_inorder_place_cluster_1_grasp_ver3_grasp_ver3,20260312174646,11,737.0,0.0
2x2_slot_inorder_place_cluster_1_grasp_ver3_grasp_ver3,20260312174650,9,568.0,0.015625
2x2_slot_inorder_place_cluster_1_grasp_ver3_grasp_ver3,20260312174655,9,578.0,0.0
2x2_slot_inorder_place_cluster_1_grasp_ver3_grasp_ver3,20260312174659,6,504.0,0.0
2x2_slot_inorder_place_cluster_1_grasp_ver3_grasp_ver3,20260312174702,12,743.0,0.0
2x2_slot_inorder_place_cluster_1_grasp_ver3_grasp_ver3,20260312174705,15,963.0,0.0
2x2_slot_inorder_place_cluster_1_grasp_ver3_grasp_ver3,20260312174708,10,657.0,0.0
2x2_slot_inorder_place_cluster_1_grasp_ver3_grasp_ver3,20260312174711,17,965.0,0.0
2x2_slot_inorder_place_cluster_1_grasp_ver3_grasp_ver3,20260312174716,5,318.0,0.0
2x2_slot_inorder_place_cluster_1_grasp_ver3_grasp_ver3,20260312174719,11,815.0,0.0
2x2_slot_inorder_place_cluster_1_grasp_ver3_grasp_ver3,20260312174723,15,965.0,0.0
2x2_slot_inorder_place_cluster_1_grasp_ver3_grasp_ver3,20260312174729,14,813.0,0.0
2x2_slot_inorder_place_cluster_1_grasp_ver3_grasp_ver3,20260312174733,11,733.0,0.0
2x2_slot_inorder_place_cluster_1_grasp_ver3_grasp_ver3,20260312174737,39,1968.0,0.0
2x2_slot_inorder_place_cluster_1_grasp_ver3_grasp_ver3,20260312174740,6,504.0,0.0
2x2_slot_inorder_place_cluster_1_grasp_ver3_grasp_ver3,20260312174742,5,306.0,0.0
2x2_slot_inorder_place_cluster_1_grasp_ver3_grasp_ver3,20260312174745,15,929.0,0.0
2x2_slot_inorder_place_cluster_1_grasp_ver3_grasp_ver3,20260312174750,12,759.0,0.0
2x2_slot_inorder_place_cluster_1_grasp_ver3_grasp_ver3,20260312174755,9,657.0,0.0
2x2_slot_inorder_place_cluster_1_grasp_ver3_grasp_ver3,20260312174758,17,973.0,0.0
2x2_slot_inorder_place_cluster_1_grasp_ver3_grasp_ver3,20260312174802,17,929.0,0.015625
2x2_slot_inorder_place_cluster_1_grasp_ver3_grasp_ver3,20260312174807,20,1185.0,0.0
2x2_slot_inorder_place_cluster_1_grasp_ver3_grasp_ver3,20260312174814,15,889.0,0.0
2x2_slot_inorder_place_cluster_1_grasp_ver3_grasp_ver3,20260312174819,15,923.0,0.0
2x2_slot_inorder_place_cluster_1_grasp_ver3_grasp_ver3,20260312174824,13,809.0,0.0
2x2_slot_inorder_place_cluster_1_grasp_ver3_grasp_ver3,20260312174828,14,873.0,0.0
2x2_slot_inorder_place_cluster_1_grasp_ver3_grasp_ver3,20260312174832,9,599.0,0.0
2x2_slot_inorder_place_cluster_1_grasp_ver3_grasp_ver3,20260312174835,19,1029.0,0.015625
2x2_slot_inorder_place_cluster_1_grasp_ver3_grasp_ver3,20260312174839,12,777.0,0.0
2x2_slot_inorder_place_cluster_1_grasp_ver3_grasp_ver3,20260312174843,10,589.0,0.0
2x2_slot_inorder_place_cluster_1_grasp_ver3_grasp_ver3,20260312174847,29,1522.0,0.0
2x2_slot_inorder_place_cluster_1_grasp_ver3_grasp_ver3,20260312174854,14,933.0,0.0
2x2_slot_inorder_place_cluster_1_grasp_ver3_grasp_ver3,20260312174859,3,272.0,0.0
2x2_slot_inorder_place_cluster_1_grasp_ver3_grasp_ver3,20260312174901,14,845.0,0.0
2x2_slot_inorder_place_cluster_1_grasp_ver3_grasp_ver3,20260312174907,32,1548.0,0.0
2x2_slot_inorder_place_cluster_1_grasp_ver3_grasp_ver3,20260312174910,9,661.0,0.0
2x2_slot_inorder_place_cluster_1_grasp_ver3_grasp_ver3,20260312174913,15,959.0,0.0
2x2_slot_inorder_place_cluster_1_grasp_ver3_grasp_ver3,20260312174919,17,1037.0,0.0
2x2_slot_inorder_place_cluster_1_grasp_ver3_grasp_ver3,20260312174924,7,466.0,0.0
2x2_slot_inorder_place_cluster_1_grasp_ver3_grasp_ver3,20260312174927,15,993.0,0.0
2x2_slot_inorder_place_cluster_1_grasp_ver3_grasp_ver3,20260312174932,10,775.0,0.0
2x2_slot_inorder_place_cluster_1_grasp_ver3_grasp_ver3,20260312174936,5,444.0,0.0
2x2_slot_inorder_place_cluster_1_grasp_ver3_grasp_ver3,20260312174938,15,913.0,0.0
2x2_slot_inorder_place_cluster_1_grasp_ver3_grasp_ver3,20260312174940,5,304.0,0.0
2x2_slot_inorder_place_cluster_1_grasp_ver3_grasp_ver3,20260312174943,11,737.0,0.0
2x2_slot_inorder_place_cluster_1_grasp_ver3_grasp_ver3,20260312174947,9,538.0,0.0
2x2_slot_inorder_place_cluster_1_grasp_ver3_grasp_ver3,20260312174951,24,1413.0,0.0
2x2_slot_inorder_place_cluster_1_grasp_ver3_grasp_ver3,20260312174956,9,651.0,0.0
2x2_slot_inorder_place_cluster_1_grasp_ver3_grasp_ver3,20260312175000,12,767.0,0.0
2x2_slot_inorder_place_cluster_1_grasp_ver3_grasp_ver3,20260312175004,19,1013.0,0.0
2x2_slot_inorder_place_cluster_1_grasp_ver3_grasp_ver3,20260312175010,10,657.0,0.015625
2x2_slot_inorder_place_cluster_1_grasp_ver3_grasp_ver3,20260312175011,18,915.0,0.0
2x2_slot_inorder_place_cluster_1_grasp_ver3_grasp_ver3,20260312175016,15,929.0,0.0
2x2_slot_inorder_place_cluster_1_grasp_ver3_grasp_ver3,20260312175021,29,1632.0,0.0
2x2_slot_inorder_place_cluster_1_grasp_ver3_grasp_ver3,20260312175027,7,446.0,0.0
2x2_slot_inorder_place_cluster_1_grasp_ver3_grasp_ver3,20260312175030,15,973.0,0.0
2x2_slot_inorder_place_cluster_1_grasp_ver3_grasp_ver3,20260312175034,11,737.0,0.0
2x2_slot_inorder_place_cluster_1_grasp_ver3_grasp_ver3,20260312175038,13,797.0,0.0
2x2_slot_inorder_place_cluster_1_grasp_ver3_grasp_ver3,20260312175040,27,1446.0,0.0
2x2_slot_inorder_place_cluster_1_grasp_ver3_grasp_ver3,20260312175045,15,923.0,0.0
2x2_slot_inorder_place_cluster_1_grasp_ver3_grasp_ver3,20260312175050,18,1029.0,0.0
2x2_slot_inorder_place_cluster_1_grasp_ver3_grasp_ver3,20260312175055,16,941.0,0.0
2x2_slot_inorder_place_cluster_1_grasp_ver3_grasp_ver3,20260312175100,12,747.0,0.0
2x2_slot_inorder_place_cluster_1_grasp_ver3_grasp_ver3,20260312175104,14,1017.0,0.0
2x2_slot_inorder_place_cluster_1_grasp_ver3_grasp_ver3,20260312175108,7,448.0,0.0
2x2_slot_inorder_place_cluster_1_grasp_ver3_grasp_ver3,20260312175110,36,1902.0,0.0
2x2_slot_inorder_place_cluster_1_grasp_ver3_grasp_ver3,20260312175117,15,889.0,0.0
2x2_slot_inorder_place_cluster_1_grasp_ver3_grasp_ver3,20260312175122,13,837.0,0.0
2x2_slot_inorder_place_cluster_1_grasp_ver3_grasp_ver3,20260312175126,7,444.0,0.015625
2x2_slot_inorder_place_cluster_1_grasp_ver3_grasp_ver3,20260312175130,18,1065.0,0.0
2x2_slot_inorder_place_cluster_1_grasp_ver3_grasp_ver3,20260312175134,19,1033.0,0.0
2x2_slot_inorder_place_cluster_1_grasp_ver3_grasp_ver3,20260312175140,8,500.0,0.0
2x2_slot_inorder_place_cluster_1_grasp_ver3_grasp_ver3,20260312175141,21,1065.0,0.015625
2x2_slot_inorder_place_cluster_1_grasp_ver3_grasp_ver3,20260312175146,15,929.0,0.0
2x2_slot_inorder_place_cluster_1_grasp_ver3_grasp_ver3,20260312175151,19,1113.0,0.0
2x2_slot_inorder_place_cluster_1_grasp_ver3_grasp_ver3,20260312175157,19,1029.0,0.0
2x2_slot_inorder_place_cluster_1_grasp_ver3_greedy_ver3,20260312173914,8,392.0,0.0
2x2_slot_inorder_place_cluster_1_grasp_ver3_greedy_ver3,20260312173918,4,290.0,0.0
2x2_slot_inorder_place_cluster_1_grasp_ver3_greedy_ver3,20260312173921,10,503.0,0.0
2x2_slot_inorder_place_cluster_1_grasp_ver3_greedy_ver3,20260312173925,16,845.0,0.0
2x2_slot_inorder_place_cluster_1_grasp_ver3_greedy_ver3,20260312173927,6,454.0,0.0
2x2_slot_inorder_place_cluster_1_grasp_ver3_greedy_ver3,20260312173930,16,929.0,0.0
2x2_slot_inorder_place_cluster_1_grasp_ver3_greedy_ver3,20260312173933,6,406.0,0.0
2x2_slot_inorder_place_cluster_1_grasp_ver3_greedy_ver3,20260312173936,9,559.0,0.0
2x2_slot_inorder_place_cluster_1_grasp_ver3_greedy_ver3,20260312173940,20,1049.0,0.0
2x2_slot_inorder_place_cluster_1_grasp_ver3_greedy_ver3,20260312173944,6,336.0,0.0
2x2_slot_inorder_place_cluster_1_grasp_ver3_greedy_ver3,20260312173947,10,629.0,0.0
2x2_slot_inorder_place_cluster_1_grasp_ver3_greedy_ver3,20260312173951,6,358.0,0.0
2x2_slot_inorder_place_cluster_1_grasp_ver3_greedy_ver3,20260312173954,10,527.0,0.0
2x2_slot_inorder_place_cluster_1_grasp_ver3_greedy_ver3,20260312173957,2,194.0,0.0
2x2_slot_inorder_place_cluster_1_grasp_ver3_greedy_ver3,20260312173958,22,1153.0,0.0
2x2_slot_inorder_place_cluster_1_grasp_ver3_greedy_ver3,20260312174005,25,1331.0,0.0
2x2_slot_inorder_place_cluster_1_grasp_ver3_greedy_ver3,20260312174012,18,973.0,0.0
2x2_slot_inorder_place_cluster_1_grasp_ver3_greedy_ver3,20260312174015,8,568.0,0.0
2x2_slot_inorder_place_cluster_1_grasp_ver3_greedy_ver3,20260312174019,14,777.0,0.0
2x2_slot_inorder_place_cluster_1_grasp_ver3_greedy_ver3,20260312174023,7,466.0,0.0
2x2_slot_inorder_place_cluster_1_grasp_ver3_greedy_ver3,20260312174026,10,507.0,0.0
2x2_slot_inorder_place_cluster_1_grasp_ver3_greedy_ver3,20260312174028,13,773.0,0.0
2x2_slot_inorder_place_cluster_1_grasp_ver3_greedy_ver3,20260312174032,16,961.0,0.0
2x2_slot_inorder_place_cluster_1_grasp_ver3_greedy_ver3,20260312174035,10,715.0,0.0
2x2_slot_inorder_place_cluster_1_grasp_ver3_greedy_ver3,20260312174039,12,673.0,0.0
2x2_slot_inorder_place_cluster_1_grasp_ver3_greedy_ver3,20260312174043,6,498.0,0.0
2x2_slot_inorder_place_cluster_1_grasp_ver3_greedy_ver3,20260312174046,6,616.0,0.0
2x2_slot_inorder_place_cluster_1_grasp_ver3_greedy_ver3,20260312174049,6,326.0,0.0
2x2_slot_inorder_place_cluster_1_grasp_ver3_greedy_ver3,20260312174053,12,741.0,0.0
2x2_slot_inorder_place_cluster_1_grasp_ver3_greedy_ver3,20260312174057,3,256.0,0.0
2x2_slot_inorder_place_cluster_1_grasp_ver3_greedy_ver3,20260312174058,15,929.0,0.0
2x2_slot_inorder_place_cluster_1_grasp_ver3_greedy_ver3,20260312174101,10,601.0,0.0
2x2_slot_inorder_place_cluster_1_grasp_ver3_greedy_ver3,20260312174105,16,879.0,0.0
2x2_slot_inorder_place_cluster_1_grasp_ver3_greedy_ver3,20260312174109,4,284.0,0.015625
2x2_slot_inorder_place_cluster_1_grasp_ver3_greedy_ver3,20260312174113,25,1387.0,0.015625
2x2_slot_inorder_place_cluster_1_grasp_ver3_greedy_ver3,20260312174118,4,274.0,0.0
2x2_slot_inorder_place_cluster_1_grasp_ver3_greedy_ver3,20260312174122,16,871.0,0.0
2x2_slot_inorder_place_cluster_1_grasp_ver3_greedy_ver3,20260312174127,17,1045.0,0.0
2x2_slot_inorder_place_cluster_1_grasp_ver3_greedy_ver3,20260312174130,16,935.0,0.0
2x2_slot_inorder_place_cluster_1_grasp_ver3_greedy_ver3,20260312174134,8,594.0,0.0
2x2_slot_inorder_place_cluster_1_grasp_ver3_greedy_ver3,20260312174138,16,877.0,0.0
2x2_slot_inorder_place_cluster_1_grasp_ver3_greedy_ver3,20260312174142,13,829.0,0.0
2x2_slot_inorder_place_cluster_1_grasp_ver3_greedy_ver3,20260312174147,14,781.0,0.0
2x2_slot_inorder_place_cluster_1_grasp_ver3_greedy_ver3,20260312174151,17,1195.0,0.0
2x2_slot_inorder_place_cluster_1_grasp_ver3_greedy_ver3,20260312174154,6,328.0,0.0
2x2_slot_inorder_place_cluster_1_grasp_ver3_greedy_ver3,20260312174158,8,500.0,0.0
2x2_slot_inorder_place_cluster_1_grasp_ver3_greedy_ver3,20260312174159,13,669.0,0.0
2x2_slot_inorder_place_cluster_1_grasp_ver3_greedy_ver3,20260312174204,25,1265.0,0.0
2x2_slot_inorder_place_cluster_1_grasp_ver3_greedy_ver3,20260312174208,4,236.0,0.0
2x2_slot_inorder_place_cluster_1_grasp_ver3_greedy_ver3,20260312174210,10,623.0,0.0
2x2_slot_inorder_place_cluster_1_grasp_ver3_greedy_ver3,20260312174214,10,637.0,0.0
2x2_slot_inorder_place_cluster_1_grasp_ver3_greedy_ver3,20260312174218,12,677.0,0.0
2x2_slot_inorder_place_cluster_1_grasp_ver3_greedy_ver3,20260312174221,8,492.0,0.0
2x2_slot_inorder_place_cluster_1_grasp_ver3_greedy_ver3,20260312174225,17,1049.0,0.0
2x2_slot_inorder_place_cluster_1_grasp_ver3_greedy_ver3,20260312174229,9,705.0,0.0
2x2_slot_inorder_place_cluster_1_grasp_ver3_greedy_ver3,20260312174230,24,1349.0,0.0
2x2_slot_inorder_place_cluster_1_grasp_ver3_greedy_ver3,20260312174234,6,354.0,0.015625
2x2_slot_inorder_place_cluster_1_grasp_ver3_greedy_ver3,20260312174238,13,690.0,0.0
2x2_slot_inorder_place_cluster_1_grasp_ver3_greedy_ver3,20260312174243,10,607.0,0.0
2x2_slot_inorder_place_cluster_1_grasp_ver3_greedy_ver3,20260312174246,11,645.0,0.0
2x2_slot_inorder_place_cluster_1_grasp_ver3_greedy_ver3,20260312174249,8,430.0,0.0
2x2_slot_inorder_place_cluster_1_grasp_ver3_greedy_ver3,20260312174253,18,945.0,0.0
2x2_slot_inorder_place_cluster_1_grasp_ver3_greedy_ver3,20260312174257,8,452.0,0.0
2x2_slot_inorder_place_cluster_1_grasp_ver3_greedy_ver3,20260312174301,24,1349.0,0.0
2x2_slot_inorder_place_cluster_1_grasp_ver3_greedy_ver3,20260312174303,12,683.0,0.0
2x2_slot_inorder_place_cluster_1_grasp_ver3_greedy_ver3,20260312174307,25,1455.0,0.015625
2x2_slot_inorder_place_cluster_1_grasp_ver3_greedy_ver3,20260312174312,29,1781.0,0.0
2x2_slot_inorder_place_cluster_1_grasp_ver3_greedy_ver3,20260312174317,10,643.0,0.0
2x2_slot_inorder_place_cluster_1_grasp_ver3_greedy_ver3,20260312174321,8,476.0,0.0
2x2_slot_inorder_place_cluster_1_grasp_ver3_greedy_ver3,20260312174324,6,326.0,0.0
2x2_slot_inorder_place_cluster_1_grasp_ver3_greedy_ver3,20260312174328,24,1587.0,0.0
2x2_slot_inorder_place_cluster_1_grasp_ver3_greedy_ver3,20260312174332,19,1081.0,0.0
2x2_slot_inorder_place_cluster_1_grasp_ver3_greedy_ver3,20260312174334,12,887.0,0.0
2x2_slot_inorder_place_cluster_1_grasp_ver3_greedy_ver3,20260312174337,14,905.0,0.0
2x2_slot_inorder_place_cluster_1_grasp_ver3_greedy_ver3,20260312174340,5,484.0,0.0
2x2_slot_inorder_place_cluster_1_grasp_ver3_greedy_ver3,20260312174343,10,623.0,0.0
2x2_slot_inorder_place_cluster_1_grasp_ver3_greedy_ver3,20260312174347,8,500.0,0.0
2x2_slot_inorder_place_cluster_1_grasp_ver3_greedy_ver3,20260312174350,12,741.0,0.0
2x2_slot_inorder_place_cluster_1_grasp_ver3_greedy_ver3,20260312174353,8,500.0,0.0
2x2_slot_inorder_place_cluster_1_grasp_ver3_greedy_ver3,20260312174356,6,344.0,0.0
2x2_slot_inorder_place_cluster_1_grasp_ver3_greedy_ver3,20260312174359,10,641.0,0.0
2x2_slot_inorder_place_cluster_1_grasp_ver3_greedy_ver3,20260312174401,28,1408.0,0.0
2x2_slot_inorder_place_cluster_1_grasp_ver3_greedy_ver3,20260312174405,12,717.0,0.0
2x2_slot_inorder_place_cluster_1_grasp_ver3_greedy_ver3,20260312174410,16,927.0,0.0
2x2_slot_inorder_place_cluster_1_grasp_ver3_greedy_ver3,20260312174414,6,316.0,0.0
2x2_slot_inorder_place_cluster_1_grasp_ver3_greedy_ver3,20260312174416,4,228.0,0.0
2x2_slot_inorder_place_cluster_1_grasp_ver3_greedy_ver3,20260312174420,16,1135.0,0.0
2x2_slot_inorder_place_cluster_1_grasp_ver3_greedy_ver3,20260312174423,8,440.0,0.0
2x2_slot_inorder_place_cluster_1_grasp_ver3_greedy_ver3,20260312174426,11,645.0,0.0
2x2_slot_inorder_place_cluster_1_grasp_ver3_greedy_ver3,20260312174429,9,485.0,0.015625
2x2_slot_inorder_place_cluster_1_grasp_ver3_greedy_ver3,20260312174433,21,1151.0,0.0
2x2_slot_inorder_place_cluster_1_grasp_ver3_greedy_ver3,20260312174435,10,619.0,0.0
2x2_slot_inorder_place_cluster_1_grasp_ver3_greedy_ver3,20260312174439,20,999.0,0.0
2x2_slot_inorder_place_cluster_1_grasp_ver3_greedy_ver3,20260312174444,7,442.0,0.0
2x2_slot_inorder_place_cluster_1_grasp_ver3_greedy_ver3,20260312174448,20,1089.0,0.0
2x2_slot_inorder_place_cluster_1_grasp_ver3_greedy_ver3,20260312174454,13,661.0,0.0
2x2_slot_inorder_place_cluster_1_grasp_ver3_greedy_ver3,20260312174500,34,1940.0,0.0
2x2_slot_inorder_place_cluster_1_grasp_ver3_greedy_ver3,20260312174504,4,264.0,0.0
2x2_slot_inorder_place_cluster_1_grasp_ver3_greedy_ver3,20260312174508,11,727.0,0.0
2x2_slot_inorder_place_cluster_1_grasp_ver3_greedy_ver3,20260312174512,16,901.0,0.0
2x2_slot_inorder_place_cluster_1_grasp_ver3_greedy_ver3,20260312174516,8,440.0,0.0
2x2_slot_inorder_place_cluster_1_grasp_ver3_greedy_ver3,20260312174520,6,358.0,0.0
2x2_slot_inorder_place_cluster_1_grasp_ver3_greedy_ver3,20260312174523,12,681.0,0.0
2x2_slot_inorder_place_cluster_1_grasp_ver3_greedy_ver3,20260312174527,10,501.0,0.0
2x2_slot_inorder_place_cluster_1_grasp_ver3_greedy_ver3,20260312174532,20,1047.0,0.0
2x2_slot_inorder_place_cluster_1_grasp_ver3_greedy_ver3,20260312174535,10,493.0,0.0
2x2_slot_inorder_place_cluster_1_grasp_ver3_greedy_ver3,20260312174539,8,504.0,0.0
2x2_slot_inorder_place_cluster_1_grasp_ver3_greedy_ver3,20260312174544,24,1219.0,0.0
2x2_slot_inorder_place_cluster_1_grasp_ver3_greedy_ver3,20260312174549,11,669.0,0.0
2x2_slot_inorder_place_cluster_1_grasp_ver3_greedy_ver3,20260312174553,16,909.0,0.0
2x2_slot_inorder_place_cluster_1_grasp_ver3_greedy_ver3,20260312174557,4,274.0,0.0
2x2_slot_inorder_place_cluster_1_grasp_ver3_greedy_ver3,20260312174601,24,1235.0,0.0
2x2_slot_inorder_place_cluster_1_grasp_ver3_greedy_ver3,20260312174605,17,1001.0,0.0
2x2_slot_inorder_place_cluster_1_grasp_ver3_greedy_ver3,20260312174611,18,995.0,0.0
2x2_slot_inorder_place_cluster_1_grasp_ver3_greedy_ver3,20260312174616,12,717.0,0.0
2x2_slot_inorder_place_cluster_1_grasp_ver3_greedy_ver3,20260312174620,10,733.0,0.0
2x2_slot_inorder_place_cluster_1_grasp_ver3_greedy_ver3,20260312174624,16,909.0,0.0
2x2_slot_inorder_place_cluster_1_grasp_ver3_greedy_ver3,20260312174628,4,274.0,0.0
2x2_slot_inorder_place_cluster_1_grasp_ver3_greedy_ver3,20260312174632,18,1007.0,0.0
2x2_slot_inorder_place_cluster_1_grasp_ver3_greedy_ver3,20260312174635,20,1183.0,0.0
2x2_slot_inorder_place_cluster_1_grasp_ver3_greedy_ver3,20260312174638,12,665.0,0.0
2x2_slot_inorder_place_cluster_1_grasp_ver3_greedy_ver3,20260312174642,17,955.0,0.0
2x2_slot_inorder_place_cluster_1_grasp_ver3_greedy_ver3,20260312174648,14,851.0,0.0
2x2_slot_inorder_place_cluster_1_grasp_ver3_greedy_ver3,20260312174652,10,513.0,0.0
2x2_slot_inorder_place_cluster_1_grasp_ver3_greedy_ver3,20260312174657,12,525.0,0.0
2x2_slot_inorder_place_cluster_1_grasp_ver3_greedy_ver3,20260312174701,6,504.0,0.0
2x2_slot_inorder_place_cluster_1_grasp_ver3_greedy_ver3,20260312174704,12,683.0,0.015625
2x2_slot_inorder_place_cluster_1_grasp_ver3_greedy_ver3,20260312174706,16,923.0,0.0
2x2_slot_inorder_place_cluster_1_grasp_ver3_greedy_ver3,20260312174709,16,933.0,0.0
2x2_slot_inorder_place_cluster_1_grasp_ver3_greedy_ver3,20260312174714,18,975.0,0.0
2x2_slot_inorder_place_cluster_1_grasp_ver3_greedy_ver3,20260312174718,6,342.0,0.0
2x2_slot_inorder_place_cluster_1_grasp_ver3_greedy_ver3,20260312174721,11,695.0,0.0
2x2_slot_inorder_place_cluster_1_grasp_ver3_greedy_ver3,20260312174725,25,1335.0,0.0
2x2_slot_inorder_place_cluster_1_grasp_ver3_greedy_ver3,20260312174731,14,769.0,0.0
2x2_slot_inorder_place_cluster_1_grasp_ver3_greedy_ver3,20260312174735,12,713.0,0.0
2x2_slot_inorder_place_cluster_1_grasp_ver3_greedy_ver3,20260312174737,39,1968.0,0.0
2x2_slot_inorder_place_cluster_1_grasp_ver3_greedy_ver3,20260312174741,6,504.0,0.0
2x2_slot_inorder_place_cluster_1_grasp_ver3_greedy_ver3,20260312174744,6,342.0,0.0
2x2_slot_inorder_place_cluster_1_grasp_ver3_greedy_ver3,20260312174748,16,871.0,0.0
2x2_slot_inorder_place_cluster_1_grasp_ver3_greedy_ver3,20260312174752,14,759.0,0.0
2x2_slot_inorder_place_cluster_1_grasp_ver3_greedy_ver3,20260312174756,10,637.0,0.0
2x2_slot_inorder_place_cluster_1_grasp_ver3_greedy_ver3,20260312174800,17,973.0,0.0
2x2_slot_inorder_place_cluster_1_grasp_ver3_greedy_ver3,20260312174805,18,877.0,0.0
2x2_slot_inorder_place_cluster_1_grasp_ver3_greedy_ver3,20260312174810,28,1486.0,0.0
2x2_slot_inorder_place_cluster_1_grasp_ver3_greedy_ver3,20260312174816,16,871.0,0.0
2x2_slot_inorder_place_cluster_1_grasp_ver3_greedy_ver3,20260312174821,16,907.0,0.0
2x2_slot_inorder_place_cluster_1_grasp_ver3_greedy_ver3,20260312174826,14,757.0,0.0
2x2_slot_inorder_place_cluster_1_grasp_ver3_greedy_ver3,20260312174830,13,931.0,0.0
2x2_slot_inorder_place_cluster_1_grasp_ver3_greedy_ver3,20260312174833,10,789.0,0.0
2x2_slot_inorder_place_cluster_1_grasp_ver3_greedy_ver3,20260312174838,20,1011.0,0.0
2x2_slot_inorder_place_cluster_1_grasp_ver3_greedy_ver3,20260312174841,12,687.0,0.0
2x2_slot_inorder_place_cluster_1_grasp_ver3_greedy_ver3,20260312174845,10,519.0,0.015625
2x2_slot_inorder_place_cluster_1_grasp_ver3_greedy_ver3,20260312174851,30,1429.0,0.0
2x2_slot_inorder_place_cluster_1_grasp_ver3_greedy_ver3,20260312174857,15,899.0,0.0
2x2_slot_inorder_place_cluster_1_grasp_ver3_greedy_ver3,20260312174900,3,242.0,0.0
2x2_slot_inorder_place_cluster_1_grasp_ver3_greedy_ver3,20260312174904,21,1095.0,0.0
2x2_slot_inorder_place_cluster_1_grasp_ver3_greedy_ver3,20260312174907,32,1548.0,0.0
2x2_slot_inorder_place_cluster_1_grasp_ver3_greedy_ver3,20260312174912,10,639.0,0.0
2x2_slot_inorder_place_cluster_1_grasp_ver3_greedy_ver3,20260312174916,16,901.0,0.0
2x2_slot_inorder_place_cluster_1_grasp_ver3_greedy_ver3,20260312174922,17,999.0,0.0
2x2_slot_inorder_place_cluster_1_grasp_ver3_greedy_ver3,20260312174926,8,490.0,0.015625
2x2_slot_inorder_place_cluster_1_grasp_ver3_greedy_ver3,20260312174930,16,907.0,0.0
2x2_slot_inorder_place_cluster_1_grasp_ver3_greedy_ver3,20260312174934,16,1045.0,0.0
2x2_slot_inorder_place_cluster_1_grasp_ver3_greedy_ver3,20260312174937,5,424.0,0.0
2x2_slot_inorder_place_cluster_1_grasp_ver3_greedy_ver3,20260312174938,15,913.0,0.0
2x2_slot_inorder_place_cluster_1_grasp_ver3_greedy_ver3,20260312174941,6,344.0,0.0
2x2_slot_inorder_place_cluster_1_grasp_ver3_greedy_ver3,20260312174945,12,717.0,0.0
2x2_slot_inorder_place_cluster_1_grasp_ver3_greedy_ver3,20260312174949,10,483.0,0.015625
2x2_slot_inorder_place_cluster_1_grasp_ver3_greedy_ver3,20260312174954,27,1553.0,0.0
2x2_slot_inorder_place_cluster_1_grasp_ver3_greedy_ver3,20260312174958,10,631.0,0.0
2x2_slot_inorder_place_cluster_1_grasp_ver3_greedy_ver3,20260312175002,12,689.0,0.0
2x2_slot_inorder_place_cluster_1_grasp_ver3_greedy_ver3,20260312175007,20,957.0,0.015625
2x2_slot_inorder_place_cluster_1_grasp_ver3_greedy_ver3,20260312175009,10,663.0,0.0
2x2_slot_inorder_place_cluster_1_grasp_ver3_greedy_ver3,20260312175013,18,865.0,0.0
2x2_slot_inorder_place_cluster_1_grasp_ver3_greedy_ver3,20260312175018,16,871.0,0.0
2x2_slot_inorder_place_cluster_1_grasp_ver3_greedy_ver3,20260312175024,29,1742.0,0.0
2x2_slot_inorder_place_cluster_1_grasp_ver3_greedy_ver3,20260312175028,8,468.0,0.0
2x2_slot_inorder_place_cluster_1_grasp_ver3_greedy_ver3,20260312175032,15,863.0,0.0
2x2_slot_inorder_place_cluster_1_grasp_ver3_greedy_ver3,20260312175036,12,717.0,0.0
2x2_slot_inorder_place_cluster_1_grasp_ver3_greedy_ver3,20260312175040,27,1446.0,0.0
2x2_slot_inorder_place_cluster_1_grasp_ver3_greedy_ver3,20260312175042,14,753.0,0.015625
2x2_slot_inorder_place_cluster_1_grasp_ver3_greedy_ver3,20260312175047,16,907.0,0.0
2x2_slot_inorder_place_cluster_1_grasp_ver3_greedy_ver3,20260312175052,15,731.0,0.0
2x2_slot_inorder_place_cluster_1_grasp_ver3_greedy_ver3,20260312175057,16,871.0,0.0
2x2_slot_inorder_place_cluster_1_grasp_ver3_greedy_ver3,20260312175102,12,669.0,0.0
2x2_slot_inorder_place_cluster_1_grasp_ver3_greedy_ver3,20260312175106,14,1007.0,0.0
2x2_slot_inorder_place_cluster_1_grasp_ver3_greedy_ver3,20260312175110,36,1902.0,0.015625
2x2_slot_inorder_place_cluster_1_grasp_ver3_greedy_ver3,20260312175113,29,1447.0,0.0
2x2_slot_inorder_place_cluster_1_grasp_ver3_greedy_ver3,20260312175120,16,871.0,0.0
2x2_slot_inorder_place_cluster_1_grasp_ver3_greedy_ver3,20260312175124,14,773.0,0.0
2x2_slot_inorder_place_cluster_1_grasp_ver3_greedy_ver3,20260312175128,8,468.0,0.0
2x2_slot_inorder_place_cluster_1_grasp_ver3_greedy_ver3,20260312175132,18,925.0,0.0
2x2_slot_inorder_place_cluster_1_grasp_ver3_greedy_ver3,20260312175137,20,1017.0,0.0
2x2_slot_inorder_place_cluster_1_grasp_ver3_greedy_ver3,20260312175141,21,1065.0,0.0
2x2_slot_inorder_place_cluster_1_grasp_ver3_greedy_ver3,20260312175144,14,669.0,0.0
2x2_slot_inorder_place_cluster_1_grasp_ver3_greedy_ver3,20260312175149,16,871.0,0.0
2x2_slot_inorder_place_cluster_1_grasp_ver3_greedy_ver3,20260312175154,20,989.0,0.0
2x2_slot_inorder_place_cluster_1_grasp_ver3_greedy_ver3,20260312175200,20,1011.0,0.0
2x2_slot_inorder_place_cluster_1_greedy_ver3_grasp_ver3,20260312172602,5,310.0,0.0
2x2_slot_inorder_place_cluster_1_greedy_ver3_grasp_ver3,20260312172606,4,290.0,0.0
2x2_slot_inorder_place_cluster_1_greedy_ver3_grasp_ver3,20260312172609,9,558.0,0.0
2x2_slot_inorder_place_cluster_1_greedy_ver3_grasp_ver3,20260312172611,26,1416.0,0.015625
2x2_slot_inorder_place_cluster_1_greedy_ver3_grasp_ver3,20260312172616,2,244.0,0.0
2x2_slot_inorder_place_cluster_1_greedy_ver3_grasp_ver3,20260312172618,12,785.0,0.0
2x2_slot_inorder_place_cluster_1_greedy_ver3_grasp_ver3,20260312172621,3,280.0,0.0
2x2_slot_inorder_place_cluster_1_greedy_ver3_grasp_ver3,20260312172624,9,615.0,0.015625
2x2_slot_inorder_place_cluster_1_greedy_ver3_grasp_ver3,20260312172627,18,1033.0,0.0
2x2_slot_inorder_place_cluster_1_greedy_ver3_grasp_ver3,20260312172632,10,661.0,0.0
2x2_slot_inorder_place_cluster_1_greedy_ver3_grasp_ver3,20260312172636,8,570.0,0.0
2x2_slot_inorder_place_cluster_1_greedy_ver3_grasp_ver3,20260312172639,5,318.0,0.0
2x2_slot_inorder_place_cluster_1_greedy_ver3_grasp_ver3,20260312172641,12,653.0,0.0
2x2_slot_inorder_place_cluster_1_greedy_ver3_grasp_ver3,20260312172645,2,234.0,0.0
2x2_slot_inorder_place_cluster_1_greedy_ver3_grasp_ver3,20260312172647,21,1287.0,0.0
2x2_slot_inorder_place_cluster_1_greedy_ver3_grasp_ver3,20260312172656,22,1329.0,0.0
2x2_slot_inorder_place_cluster_1_greedy_ver3_grasp_ver3,20260312172701,13,655.0,0.0
2x2_slot_inorder_place_cluster_1_greedy_ver3_grasp_ver3,20260312172704,8,608.0,0.0
2x2_slot_inorder_place_cluster_1_greedy_ver3_grasp_ver3,20260312172708,13,879.0,0.0
2x2_slot_inorder_place_cluster_1_greedy_ver3_grasp_ver3,20260312172712,7,526.0,0.0
2x2_slot_inorder_place_cluster_1_greedy_ver3_grasp_ver3,20260312172713,9,558.0,0.0
2x2_slot_inorder_place_cluster_1_greedy_ver3_grasp_ver3,20260312172717,13,773.0,0.0
2x2_slot_inorder_place_cluster_1_greedy_ver3_grasp_ver3,20260312172720,9,615.0,0.0
2x2_slot_inorder_place_cluster_1_greedy_ver3_grasp_ver3,20260312172723,16,1127.0,0.0
2x2_slot_inorder_place_cluster_1_greedy_ver3_grasp_ver3,20260312172727,14,797.0,0.0
2x2_slot_inorder_place_cluster_1_greedy_ver3_grasp_ver3,20260312172732,6,398.0,0.0
2x2_slot_inorder_place_cluster_1_greedy_ver3_grasp_ver3,20260312172735,6,626.0,0.0
2x2_slot_inorder_place_cluster_1_greedy_ver3_grasp_ver3,20260312172738,6,386.0,0.0
2x2_slot_inorder_place_cluster_1_greedy_ver3_grasp_ver3,20260312172741,6,484.0,0.0
2x2_slot_inorder_place_cluster_1_greedy_ver3_grasp_ver3,20260312172742,12,743.0,0.0
2x2_slot_inorder_place_cluster_1_greedy_ver3_grasp_ver3,20260312172747,7,478.0,0.0
2x2_slot_inorder_place_cluster_1_greedy_ver3_grasp_ver3,20260312172751,10,685.0,0.0
2x2_slot_inorder_place_cluster_1_greedy_ver3_grasp_ver3,20260312172754,15,907.0,0.0
2x2_slot_inorder_place_cluster_1_greedy_ver3_grasp_ver3,20260312172759,2,244.0,0.0
2x2_slot_inorder_place_cluster_1_greedy_ver3_grasp_ver3,20260312172801,15,967.0,0.0
2x2_slot_inorder_place_cluster_1_greedy_ver3_grasp_ver3,20260312172806,12,709.0,0.0
2x2_slot_inorder_place_cluster_1_greedy_ver3_grasp_ver3,20260312172810,15,929.0,0.0
2x2_slot_inorder_place_cluster_1_greedy_ver3_grasp_ver3,20260312172813,27,1347.0,0.015625
2x2_slot_inorder_place_cluster_1_greedy_ver3_grasp_ver3,20260312172817,12,695.0,0.0
2x2_slot_inorder_place_cluster_1_greedy_ver3_grasp_ver3,20260312172821,9,757.0,0.0
2x2_slot_inorder_place_cluster_1_greedy_ver3_grasp_ver3,20260312172824,15,933.0,0.0
2x2_slot_inorder_place_cluster_1_greedy_ver3_grasp_ver3,20260312172829,15,969.0,0.0
2x2_slot_inorder_place_cluster_1_greedy_ver3_grasp_ver3,20260312172833,11,717.0,0.0
2x2_slot_inorder_place_cluster_1_greedy_ver3_grasp_ver3,20260312172837,13,625.0,0.0
2x2_slot_inorder_place_cluster_1_greedy_ver3_grasp_ver3,20260312172841,6,368.0,0.0
2x2_slot_inorder_place_cluster_1_greedy_ver3_grasp_ver3,20260312172844,12,645.0,0.0
2x2_slot_inorder_place_cluster_1_greedy_ver3_grasp_ver3,20260312172846,5,308.0,0.015625
2x2_slot_inorder_place_cluster_1_greedy_ver3_grasp_ver3,20260312172849,13,823.0,0.0
2x2_slot_inorder_place_cluster_1_greedy_ver3_grasp_ver3,20260312172853,12,681.0,0.0
2x2_slot_inorder_place_cluster_1_greedy_ver3_grasp_ver3,20260312172858,9,643.0,0.0
2x2_slot_inorder_place_cluster_1_greedy_ver3_grasp_ver3,20260312172901,8,586.0,0.0
2x2_slot_inorder_place_cluster_1_greedy_ver3_grasp_ver3,20260312172905,13,803.0,0.0
2x2_slot_inorder_place_cluster_1_greedy_ver3_grasp_ver3,20260312172909,6,398.0,0.0
2x2_slot_inorder_place_cluster_1_greedy_ver3_grasp_ver3,20260312172912,18,961.0,0.0
2x2_slot_inorder_place_cluster_1_greedy_ver3_grasp_ver3,20260312172914,26,1610.0,0.0
2x2_slot_inorder_place_cluster_1_greedy_ver3_grasp_ver3,20260312172918,13,803.0,0.0
2x2_slot_inorder_place_cluster_1_greedy_ver3_grasp_ver3,20260312172922,6,398.0,0.0
2x2_slot_inorder_place_cluster_1_greedy_ver3_grasp_ver3,20260312172925,9,663.0,0.0
2x2_slot_inorder_place_cluster_1_greedy_ver3_grasp_ver3,20260312172928,12,759.0,0.0
2x2_slot_inorder_place_cluster_1_greedy_ver3_grasp_ver3,20260312172932,18,1199.0,0.0
2x2_slot_inorder_place_cluster_1_greedy_ver3_grasp_ver3,20260312172938,11,725.0,0.0
2x2_slot_inorder_place_cluster_1_greedy_ver3_grasp_ver3,20260312172941,13,789.0,0.0
2x2_slot_inorder_place_cluster_1_greedy_ver3_grasp_ver3,20260312172945,20,1183.0,0.0
2x2_slot_inorder_place_cluster_1_greedy_ver3_grasp_ver3,20260312172947,11,743.0,0.0
2x2_slot_inorder_place_cluster_1_greedy_ver3_grasp_ver3,20260312172951,12,761.0,0.0
2x2_slot_inorder_place_cluster_1_greedy_ver3_grasp_ver3,20260312172955,14,845.0,0.0
2x2_slot_inorder_place_cluster_1_greedy_ver3_grasp_ver3,20260312173001,16,1115.0,0.0
2x2_slot_inorder_place_cluster_1_greedy_ver3_grasp_ver3,20260312173006,8,594.0,0.0
2x2_slot_inorder_place_cluster_1_greedy_ver3_grasp_ver3,20260312173009,7,446.0,0.0
2x2_slot_inorder_place_cluster_1_greedy_ver3_grasp_ver3,20260312173013,6,386.0,0.0
2x2_slot_inorder_place_cluster_1_greedy_ver3_grasp_ver3,20260312173016,11,1049.0,0.015625
2x2_slot_inorder_place_cluster_1_greedy_ver3_grasp_ver3,20260312173017,14,1025.0,0.0
2x2_slot_inorder_place_cluster_1_greedy_ver3_grasp_ver3,20260312173021,13,899.0,0.0
2x2_slot_inorder_place_cluster_1_greedy_ver3_grasp_ver3,20260312173026,31,1564.0,0.0
2x2_slot_inorder_place_cluster_1_greedy_ver3_grasp_ver3,20260312173032,5,362.0,0.0
2x2_slot_inorder_place_cluster_1_greedy_ver3_grasp_ver3,20260312173034,9,645.0,0.0
2x2_slot_inorder_place_cluster_1_greedy_ver3_grasp_ver3,20260312173037,6,400.0,0.0
2x2_slot_inorder_place_cluster_1_greedy_ver3_grasp_ver3,20260312173041,12,861.0,0.0
2x2_slot_inorder_place_cluster_1_greedy_ver3_grasp_ver3,20260312173044,4,310.0,0.0
2x2_slot_inorder_place_cluster_1_greedy_ver3_grasp_ver3,20260312173047,19,909.0,0.0
2x2_slot_inorder_place_cluster_1_greedy_ver3_grasp_ver3,20260312173049,8,590.0,0.0
2x2_slot_inorder_place_cluster_1_greedy_ver3_grasp_ver3,20260312173053,10,629.0,0.0
2x2_slot_inorder_place_cluster_1_greedy_ver3_grasp_ver3,20260312173056,11,727.0,0.0
2x2_slot_inorder_place_cluster_1_greedy_ver3_grasp_ver3,20260312173100,13,797.0,0.015625
2x2_slot_inorder_place_cluster_1_greedy_ver3_grasp_ver3,20260312173104,12,630.0,0.0
2x2_slot_inorder_place_cluster_1_greedy_ver3_grasp_ver3,20260312173110,2,250.0,0.0
2x2_slot_inorder_place_cluster_1_greedy_ver3_grasp_ver3,20260312173112,12,925.0,0.0
2x2_slot_inorder_place_cluster_1_greedy_ver3_grasp_ver3,20260312173116,7,440.0,0.0
2x2_slot_inorder_place_cluster_1_greedy_ver3_grasp_ver3,20260312173117,10,665.0,0.0
2x2_slot_inorder_place_cluster_1_greedy_ver3_grasp_ver3,20260312173121,9,545.0,0.0
2x2_slot_inorder_place_cluster_1_greedy_ver3_grasp_ver3,20260312173124,13,833.0,0.0
2x2_slot_inorder_place_cluster_1_greedy_ver3_grasp_ver3,20260312173128,6,388.0,0.0
2x2_slot_inorder_place_cluster_1_greedy_ver3_grasp_ver3,20260312173131,10,673.0,0.0
2x2_slot_inorder_place_cluster_1_greedy_ver3_grasp_ver3,20260312173134,24,1333.0,0.0
2x2_slot_inorder_place_cluster_1_greedy_ver3_grasp_ver3,20260312173141,15,907.0,0.0
2x2_slot_inorder_place_cluster_1_greedy_ver3_grasp_ver3,20260312173147,25,1296.0,0.0
2x2_slot_inorder_place_cluster_1_greedy_ver3_grasp_ver3,20260312173151,20,1183.0,0.0
2x2_slot_inorder_place_cluster_1_greedy_ver3_grasp_ver3,20260312173158,19,1055.0,0.0
2x2_slot_inorder_place_cluster_1_greedy_ver3_grasp_ver3,20260312173203,12,903.0,0.0
2x2_slot_inorder_place_cluster_1_greedy_ver3_grasp_ver3,20260312173208,15,959.0,0.0
2x2_slot_inorder_place_cluster_1_greedy_ver3_grasp_ver3,20260312173213,7,438.0,0.0
2x2_slot_inorder_place_cluster_1_greedy_ver3_grasp_ver3,20260312173216,13,837.0,0.0
2x2_slot_inorder_place_cluster_1_greedy_ver3_grasp_ver3,20260312173220,6,392.0,0.0
2x2_slot_inorder_place_cluster_1_greedy_ver3_grasp_ver3,20260312173223,9,556.0,0.0
2x2_slot_inorder_place_cluster_1_greedy_ver3_grasp_ver3,20260312173227,19,1063.0,0.0
2x2_slot_inorder_place_cluster_1_greedy_ver3_grasp_ver3,20260312173233,9,548.0,0.015625
2x2_slot_inorder_place_cluster_1_greedy_ver3_grasp_ver3,20260312173238,7,466.0,0.0
2x2_slot_inorder_place_cluster_1_greedy_ver3_grasp_ver3,20260312173241,22,1193.0,0.0
2x2_slot_inorder_place_cluster_1_greedy_ver3_grasp_ver3,20260312173247,7,498.0,0.0
2x2_slot_inorder_place_cluster_1_greedy_ver3_grasp_ver3,20260312173249,26,1444.0,0.0
2x2_slot_inorder_place_cluster_1_greedy_ver3_grasp_ver3,20260312173255,2,234.0,0.015625
2x2_slot_inorder_place_cluster_1_greedy_ver3_grasp_ver3,20260312173257,19,1159.0,0.0
2x2_slot_inorder_place_cluster_1_greedy_ver3_grasp_ver3,20260312173304,15,897.0,0.015625
2x2_slot_inorder_place_cluster_1_greedy_ver3_grasp_ver3,20260312173311,15,907.0,0.0
2x2_slot_inorder_place_cluster_1_greedy_ver3_grasp_ver3,20260312173316,11,737.0,0.0
2x2_slot_inorder_place_cluster_1_greedy_ver3_grasp_ver3,20260312173320,17,1173.0,0.015625
2x2_slot_inorder_place_cluster_1_greedy_ver3_grasp_ver3,20260312173322,15,907.0,0.0
2x2_slot_inorder_place_cluster_1_greedy_ver3_grasp_ver3,20260312173327,2,234.0,0.0
2x2_slot_inorder_place_cluster_1_greedy_ver3_grasp_ver3,20260312173329,19,1031.0,0.0
2x2_slot_inorder_place_cluster_1_greedy_ver3_grasp_ver3,20260312173335,10,659.0,0.0
2x2_slot_inorder_place_cluster_1_greedy_ver3_grasp_ver3,20260312173338,12,773.0,0.0
2x2_slot_inorder_place_cluster_1_greedy_ver3_grasp_ver3,20260312173341,19,1109.0,0.0
2x2_slot_inorder_place_cluster_1_greedy_ver3_grasp_ver3,20260312173349,13,831.0,0.0
2x2_slot_inorder_place_cluster_1_greedy_ver3_grasp_ver3,20260312173351,23,1186.0,0.0
2x2_slot_inorder_place_cluster_1_greedy_ver3_grasp_ver3,20260312173355,9,578.0,0.0
2x2_slot_inorder_place_cluster_1_greedy_ver3_grasp_ver3,20260312173400,6,504.0,0.0
2x2_slot_inorder_place_cluster_1_greedy_ver3_grasp_ver3,20260312173403,12,743.0,0.0
2x2_slot_inorder_place_cluster_1_greedy_ver3_grasp_ver3,20260312173406,15,963.0,0.0
2x2_slot_inorder_place_cluster_1_greedy_ver3_grasp_ver3,20260312173411,10,657.0,0.0
2x2_slot_inorder_place_cluster_1_greedy_ver3_grasp_ver3,20260312173414,13,819.0,0.015625
2x2_slot_inorder_place_cluster_1_greedy_ver3_grasp_ver3,20260312173418,12,749.0,0.015625
2x2_slot_inorder_place_cluster_1_greedy_ver3_grasp_ver3,20260312173421,11,815.0,0.0
2x2_slot_inorder_place_cluster_1_greedy_ver3_grasp_ver3,20260312173424,15,885.0,0.0
2x2_slot_inorder_place_cluster_1_greedy_ver3_grasp_ver3,20260312173430,11,603.0,0.0
2x2_slot_inorder_place_cluster_1_greedy_ver3_grasp_ver3,20260312173434,11,733.0,0.0
2x2_slot_inorder_place_cluster_1_greedy_ver3_grasp_ver3,20260312173438,22,1289.0,0.0
2x2_slot_inorder_place_cluster_1_greedy_ver3_grasp_ver3,20260312173443,3,274.0,0.0
2x2_slot_inorder_place_cluster_1_greedy_ver3_grasp_ver3,20260312173446,5,306.0,0.0
2x2_slot_inorder_place_cluster_1_greedy_ver3_grasp_ver3,20260312173449,15,889.0,0.0
2x2_slot_inorder_place_cluster_1_greedy_ver3_grasp_ver3,20260312173452,9,560.0,0.0
2x2_slot_inorder_place_cluster_1_greedy_ver3_grasp_ver3,20260312173457,9,661.0,0.0
2x2_slot_inorder_place_cluster_1_greedy_ver3_grasp_ver3,20260312173500,17,1063.0,0.0
2x2_slot_inorder_place_cluster_1_greedy_ver3_grasp_ver3,20260312173504,17,929.0,0.0
2x2_slot_inorder_place_cluster_1_greedy_ver3_grasp_ver3,20260312173510,20,1185.0,0.0
2x2_slot_inorder_place_cluster_1_greedy_ver3_grasp_ver3,20260312173517,15,937.0,0.0
2x2_slot_inorder_place_cluster_1_greedy_ver3_grasp_ver3,20260312173522,15,953.0,0.0
2x2_slot_inorder_place_cluster_1_greedy_ver3_grasp_ver3,20260312173526,13,809.0,0.0
2x2_slot_inorder_place_cluster_1_greedy_ver3_grasp_ver3,20260312173530,14,873.0,0.0
2x2_slot_inorder_place_cluster_1_greedy_ver3_grasp_ver3,20260312173534,9,599.0,0.0
2x2_slot_inorder_place_cluster_1_greedy_ver3_grasp_ver3,20260312173537,19,1029.0,0.0
2x2_slot_inorder_place_cluster_1_greedy_ver3_grasp_ver3,20260312173543,12,777.0,0.0
2x2_slot_inorder_place_cluster_1_greedy_ver3_grasp_ver3,20260312173548,10,589.0,0.0
2x2_slot_inorder_place_cluster_1_greedy_ver3_grasp_ver3,20260312173552,33,1892.0,0.0
2x2_slot_inorder_place_cluster_1_greedy_ver3_grasp_ver3,20260312173557,15,979.0,0.0
2x2_slot_inorder_place_cluster_1_greedy_ver3_grasp_ver3,20260312173602,3,272.0,0.0
2x2_slot_inorder_place_cluster_1_greedy_ver3_grasp_ver3,20260312173604,14,885.0,0.0
2x2_slot_inorder_place_cluster_1_greedy_ver3_grasp_ver3,20260312173610,18,1053.0,0.0
2x2_slot_inorder_place_cluster_1_greedy_ver3_grasp_ver3,20260312173615,6,396.0,0.0
2x2_slot_inorder_place_cluster_1_greedy_ver3_grasp_ver3,20260312173618,15,949.0,0.0
2x2_slot_inorder_place_cluster_1_greedy_ver3_grasp_ver3,20260312173623,18,1087.0,0.0
2x2_slot_inorder_place_cluster_1_greedy_ver3_grasp_ver3,20260312173626,6,396.0,0.0
2x2_slot_inorder_place_cluster_1_greedy_ver3_grasp_ver3,20260312173630,15,953.0,0.0
2x2_slot_inorder_place_cluster_1_greedy_ver3_grasp_ver3,20260312173635,10,775.0,0.0
2x2_slot_inorder_place_cluster_1_greedy_ver3_grasp_ver3,20260312173638,5,444.0,0.0
2x2_slot_inorder_place_cluster_1_greedy_ver3_grasp_ver3,20260312173640,7,472.0,0.0
2x2_slot_inorder_place_cluster_1_greedy_ver3_grasp_ver3,20260312173644,5,304.0,0.0
2x2_slot_inorder_place_cluster_1_greedy_ver3_grasp_ver3,20260312173647,11,737.0,0.0
2x2_slot_inorder_place_cluster_1_greedy_ver3_grasp_ver3,20260312173651,9,542.0,0.0
2x2_slot_inorder_place_cluster_1_greedy_ver3_grasp_ver3,20260312173653,34,1798.0,0.015625
2x2_slot_inorder_place_cluster_1_greedy_ver3_grasp_ver3,20260312173659,9,651.0,0.0
2x2_slot_inorder_place_cluster_1_greedy_ver3_grasp_ver3,20260312173702,12,767.0,0.0
2x2_slot_inorder_place_cluster_1_greedy_ver3_grasp_ver3,20260312173706,19,1033.0,0.0
2x2_slot_inorder_place_cluster_1_greedy_ver3_grasp_ver3,20260312173712,10,657.0,0.0
2x2_slot_inorder_place_cluster_1_greedy_ver3_grasp_ver3,20260312173715,18,915.0,0.0
2x2_slot_inorder_place_cluster_1_greedy_ver3_grasp_ver3,20260312173720,15,929.0,0.0
2x2_slot_inorder_place_cluster_1_greedy_ver3_grasp_ver3,20260312173723,45,2346.0,0.0
2x2_slot_inorder_place_cluster_1_greedy_ver3_grasp_ver3,20260312173729,7,446.0,0.0
2x2_slot_inorder_place_cluster_1_greedy_ver3_grasp_ver3,20260312173733,15,973.0,0.0
2x2_slot_inorder_place_cluster_1_greedy_ver3_grasp_ver3,20260312173737,11,733.0,0.0
2x2_slot_inorder_place_cluster_1_greedy_ver3_grasp_ver3,20260312173741,13,779.0,0.0
2x2_slot_inorder_place_cluster_1_greedy_ver3_grasp_ver3,20260312173745,13,799.0,0.0
2x2_slot_inorder_place_cluster_1_greedy_ver3_grasp_ver3,20260312173749,15,973.0,0.0
2x2_slot_inorder_place_cluster_1_greedy_ver3_grasp_ver3,20260312173754,18,1029.0,0.0
2x2_slot_inorder_place_cluster_1_greedy_ver3_grasp_ver3,20260312173757,16,941.0,0.0
2x2_slot_inorder_place_cluster_1_greedy_ver3_grasp_ver3,20260312173803,12,747.0,0.015625
2x2_slot_inorder_place_cluster_1_greedy_ver3_grasp_ver3,20260312173807,14,1017.0,0.0
2x2_slot_inorder_place_cluster_1_greedy_ver3_grasp_ver3,20260312173811,7,448.0,0.0
2x2_slot_inorder_place_cluster_1_greedy_ver3_grasp_ver3,20260312173814,29,1692.0,0.0
2x2_slot_inorder_place_cluster_1_greedy_ver3_grasp_ver3,20260312173822,15,919.0,0.0
2x2_slot_inorder_place_cluster_1_greedy_ver3_grasp_ver3,20260312173825,13,855.0,0.0
2x2_slot_inorder_place_cluster_1_greedy_ver3_grasp_ver3,20260312173829,7,444.0,0.0
2x2_slot_inorder_place_cluster_1_greedy_ver3_grasp_ver3,20260312173832,18,1065.0,0.0
2x2_slot_inorder_place_cluster_1_greedy_ver3_grasp_ver3,20260312173836,19,1033.0,0.0
2x2_slot_inorder_place_cluster_1_greedy_ver3_grasp_ver3,20260312173842,8,500.0,0.0
2x2_slot_inorder_place_cluster_1_greedy_ver3_grasp_ver3,20260312173845,13,717.0,0.0
2x2_slot_inorder_place_cluster_1_greedy_ver3_grasp_ver3,20260312173850,15,929.0,0.0
2x2_slot_inorder_place_cluster_1_greedy_ver3_grasp_ver3,20260312173855,19,1059.0,0.0
2x2_slot_inorder_place_cluster_1_greedy_ver3_grasp_ver3,20260312173900,19,1029.0,0.0
2x2_slot_inorder_place_cluster_1_greedy_ver3_greedy_ver3,20260312172604,8,412.0,0.0
2x2_slot_inorder_place_cluster_1_greedy_ver3_greedy_ver3,20260312172607,4,270.0,0.015625
2x2_slot_inorder_place_cluster_1_greedy_ver3_greedy_ver3,20260312172611,26,1416.0,0.0
2x2_slot_inorder_place_cluster_1_greedy_ver3_greedy_ver3,20260312172613,16,849.0,0.015625
2x2_slot_inorder_place_cluster_1_greedy_ver3_greedy_ver3,20260312172617,2,204.0,0.0
2x2_slot_inorder_place_cluster_1_greedy_ver3_greedy_ver3,20260312172620,12,775.0,0.0
2x2_slot_inorder_place_cluster_1_greedy_ver3_greedy_ver3,20260312172623,4,280.0,0.0
2x2_slot_inorder_place_cluster_1_greedy_ver3_greedy_ver3,20260312172625,9,559.0,0.015625
2x2_slot_inorder_place_cluster_1_greedy_ver3_greedy_ver3,20260312172629,20,1013.0,0.0
2x2_slot_inorder_place_cluster_1_greedy_ver3_greedy_ver3,20260312172634,10,621.0,0.0
2x2_slot_inorder_place_cluster_1_greedy_ver3_greedy_ver3,20260312172637,10,621.0,0.0
2x2_slot_inorder_place_cluster_1_greedy_ver3_greedy_ver3,20260312172641,12,653.0,0.0
2x2_slot_inorder_place_cluster_1_greedy_ver3_greedy_ver3,20260312172642,10,527.0,0.0
2x2_slot_inorder_place_cluster_1_greedy_ver3_greedy_ver3,20260312172646,2,194.0,0.0
2x2_slot_inorder_place_cluster_1_greedy_ver3_greedy_ver3,20260312172651,23,1301.0,0.0
2x2_slot_inorder_place_cluster_1_greedy_ver3_greedy_ver3,20260312172658,28,1376.0,0.0
2x2_slot_inorder_place_cluster_1_greedy_ver3_greedy_ver3,20260312172703,13,619.0,0.0
2x2_slot_inorder_place_cluster_1_greedy_ver3_greedy_ver3,20260312172706,8,568.0,0.0
2x2_slot_inorder_place_cluster_1_greedy_ver3_greedy_ver3,20260312172710,14,793.0,0.0
2x2_slot_inorder_place_cluster_1_greedy_ver3_greedy_ver3,20260312172711,7,466.0,0.0
2x2_slot_inorder_place_cluster_1_greedy_ver3_greedy_ver3,20260312172715,10,507.0,0.0
2x2_slot_inorder_place_cluster_1_greedy_ver3_greedy_ver3,20260312172719,13,773.0,0.0
2x2_slot_inorder_place_cluster_1_greedy_ver3_greedy_ver3,20260312172722,10,615.0,0.0
2x2_slot_inorder_place_cluster_1_greedy_ver3_greedy_ver3,20260312172725,16,1187.0,0.0
2x2_slot_inorder_place_cluster_1_greedy_ver3_greedy_ver3,20260312172730,14,755.0,0.0
2x2_slot_inorder_place_cluster_1_greedy_ver3_greedy_ver3,20260312172733,6,338.0,0.0
2x2_slot_inorder_place_cluster_1_greedy_ver3_greedy_ver3,20260312172736,6,616.0,0.0
2x2_slot_inorder_place_cluster_1_greedy_ver3_greedy_ver3,20260312172739,6,326.0,0.0
2x2_slot_inorder_place_cluster_1_greedy_ver3_greedy_ver3,20260312172743,6,426.0,0.0
2x2_slot_inorder_place_cluster_1_greedy_ver3_greedy_ver3,20260312172745,12,711.0,0.0
2x2_slot_inorder_place_cluster_1_greedy_ver3_greedy_ver3,20260312172749,8,506.0,0.0
2x2_slot_inorder_place_cluster_1_greedy_ver3_greedy_ver3,20260312172752,10,645.0,0.0
2x2_slot_inorder_place_cluster_1_greedy_ver3_greedy_ver3,20260312172756,16,883.0,0.0
2x2_slot_inorder_place_cluster_1_greedy_ver3_greedy_ver3,20260312172800,2,204.0,0.0
2x2_slot_inorder_place_cluster_1_greedy_ver3_greedy_ver3,20260312172803,16,911.0,0.0
2x2_slot_inorder_place_cluster_1_greedy_ver3_greedy_ver3,20260312172808,13,833.0,0.0
2x2_slot_inorder_place_cluster_1_greedy_ver3_greedy_ver3,20260312172813,27,1347.0,0.0
2x2_slot_inorder_place_cluster_1_greedy_ver3_greedy_ver3,20260312172815,12,823.0,0.0
2x2_slot_inorder_place_cluster_1_greedy_ver3_greedy_ver3,20260312172819,14,825.0,0.0
2x2_slot_inorder_place_cluster_1_greedy_ver3_greedy_ver3,20260312172822,9,747.0,0.0
2x2_slot_inorder_place_cluster_1_greedy_ver3_greedy_ver3,20260312172826,16,877.0,0.0
2x2_slot_inorder_place_cluster_1_greedy_ver3_greedy_ver3,20260312172831,13,829.0,0.0
2x2_slot_inorder_place_cluster_1_greedy_ver3_greedy_ver3,20260312172835,14,781.0,0.0
2x2_slot_inorder_place_cluster_1_greedy_ver3_greedy_ver3,20260312172839,17,1195.0,0.0
2x2_slot_inorder_place_cluster_1_greedy_ver3_greedy_ver3,20260312172843,6,328.0,0.0
2x2_slot_inorder_place_cluster_1_greedy_ver3_greedy_ver3,20260312172844,12,645.0,0.0
2x2_slot_inorder_place_cluster_1_greedy_ver3_greedy_ver3,20260312172847,8,446.0,0.0
2x2_slot_inorder_place_cluster_1_greedy_ver3_greedy_ver3,20260312172851,14,757.0,0.0
2x2_slot_inorder_place_cluster_1_greedy_ver3_greedy_ver3,20260312172855,19,939.0,0.0
2x2_slot_inorder_place_cluster_1_greedy_ver3_greedy_ver3,20260312172859,10,623.0,0.0
2x2_slot_inorder_place_cluster_1_greedy_ver3_greedy_ver3,20260312172903,10,637.0,0.0
2x2_slot_inorder_place_cluster_1_greedy_ver3_greedy_ver3,20260312172907,14,757.0,0.0
2x2_slot_inorder_place_cluster_1_greedy_ver3_greedy_ver3,20260312172910,6,338.0,0.0
2x2_slot_inorder_place_cluster_1_greedy_ver3_greedy_ver3,20260312172914,26,1610.0,0.0
2x2_slot_inorder_place_cluster_1_greedy_ver3_greedy_ver3,20260312172916,9,679.0,0.0
2x2_slot_inorder_place_cluster_1_greedy_ver3_greedy_ver3,20260312172920,14,757.0,0.0
2x2_slot_inorder_place_cluster_1_greedy_ver3_greedy_ver3,20260312172923,6,338.0,0.015625
2x2_slot_inorder_place_cluster_1_greedy_ver3_greedy_ver3,20260312172926,10,643.0,0.0
2x2_slot_inorder_place_cluster_1_greedy_ver3_greedy_ver3,20260312172930,12,681.0,0.0
2x2_slot_inorder_place_cluster_1_greedy_ver3_greedy_ver3,20260312172935,18,1009.0,0.0
2x2_slot_inorder_place_cluster_1_greedy_ver3_greedy_ver3,20260312172940,11,575.0,0.0
2x2_slot_inorder_place_cluster_1_greedy_ver3_greedy_ver3,20260312172943,14,737.0,0.0
2x2_slot_inorder_place_cluster_1_greedy_ver3_greedy_ver3,20260312172945,20,1183.0,0.0
2x2_slot_inorder_place_cluster_1_greedy_ver3_greedy_ver3,20260312172949,12,723.0,0.0
2x2_slot_inorder_place_cluster_1_greedy_ver3_greedy_ver3,20260312172953,12,683.0,0.0
2x2_slot_inorder_place_cluster_1_greedy_ver3_greedy_ver3,20260312172957,24,1411.0,0.015625
2x2_slot_inorder_place_cluster_1_greedy_ver3_greedy_ver3,20260312173003,31,1820.0,0.0
2x2_slot_inorder_place_cluster_1_greedy_ver3_greedy_ver3,20260312173007,10,643.0,0.0
2x2_slot_inorder_place_cluster_1_greedy_ver3_greedy_ver3,20260312173011,8,476.0,0.0
2x2_slot_inorder_place_cluster_1_greedy_ver3_greedy_ver3,20260312173014,6,326.0,0.0
2x2_slot_inorder_place_cluster_1_greedy_ver3_greedy_ver3,20260312173016,11,1049.0,0.0
2x2_slot_inorder_place_cluster_1_greedy_ver3_greedy_ver3,20260312173019,14,995.0,0.0
2x2_slot_inorder_place_cluster_1_greedy_ver3_greedy_ver3,20260312173023,13,797.0,0.0
2x2_slot_inorder_place_cluster_1_greedy_ver3_greedy_ver3,20260312173029,30,1836.0,0.0
2x2_slot_inorder_place_cluster_1_greedy_ver3_greedy_ver3,20260312173033,5,362.0,0.0
2x2_slot_inorder_place_cluster_1_greedy_ver3_greedy_ver3,20260312173036,10,625.0,0.015625
2x2_slot_inorder_place_cluster_1_greedy_ver3_greedy_ver3,20260312173039,8,402.0,0.0
2x2_slot_inorder_place_cluster_1_greedy_ver3_greedy_ver3,20260312173042,12,741.0,0.0
2x2_slot_inorder_place_cluster_1_greedy_ver3_greedy_ver3,20260312173045,8,500.0,0.0
2x2_slot_inorder_place_cluster_1_greedy_ver3_greedy_ver3,20260312173047,19,909.0,0.0
2x2_slot_inorder_place_cluster_1_greedy_ver3_greedy_ver3,20260312173051,10,639.0,0.0
2x2_slot_inorder_place_cluster_1_greedy_ver3_greedy_ver3,20260312173054,10,579.0,0.0
2x2_slot_inorder_place_cluster_1_greedy_ver3_greedy_ver3,20260312173058,12,717.0,0.0
2x2_slot_inorder_place_cluster_1_greedy_ver3_greedy_ver3,20260312173102,14,741.0,0.0
2x2_slot_inorder_place_cluster_1_greedy_ver3_greedy_ver3,20260312173107,12,645.0,0.0
2x2_slot_inorder_place_cluster_1_greedy_ver3_greedy_ver3,20260312173111,4,228.0,0.0
2x2_slot_inorder_place_cluster_1_greedy_ver3_greedy_ver3,20260312173114,17,1085.0,0.0
2x2_slot_inorder_place_cluster_1_greedy_ver3_greedy_ver3,20260312173118,8,460.0,0.0
2x2_slot_inorder_place_cluster_1_greedy_ver3_greedy_ver3,20260312173119,10,625.0,0.0
2x2_slot_inorder_place_cluster_1_greedy_ver3_greedy_ver3,20260312173122,9,485.0,0.0
2x2_slot_inorder_place_cluster_1_greedy_ver3_greedy_ver3,20260312173126,14,777.0,0.015625
2x2_slot_inorder_place_cluster_1_greedy_ver3_greedy_ver3,20260312173129,6,328.0,0.0
2x2_slot_inorder_place_cluster_1_greedy_ver3_greedy_ver3,20260312173133,10,603.0,0.0
2x2_slot_inorder_place_cluster_1_greedy_ver3_greedy_ver3,20260312173138,23,1081.0,0.0
2x2_slot_inorder_place_cluster_1_greedy_ver3_greedy_ver3,20260312173144,16,883.0,0.0
2x2_slot_inorder_place_cluster_1_greedy_ver3_greedy_ver3,20260312173147,25,1296.0,0.0
2x2_slot_inorder_place_cluster_1_greedy_ver3_greedy_ver3,20260312173154,23,1389.0,0.0
2x2_slot_inorder_place_cluster_1_greedy_ver3_greedy_ver3,20260312173200,21,1419.0,0.0
2x2_slot_inorder_place_cluster_1_greedy_ver3_greedy_ver3,20260312173206,11,727.0,0.0
2x2_slot_inorder_place_cluster_1_greedy_ver3_greedy_ver3,20260312173211,16,901.0,0.0
2x2_slot_inorder_place_cluster_1_greedy_ver3_greedy_ver3,20260312173215,8,460.0,0.0
2x2_slot_inorder_place_cluster_1_greedy_ver3_greedy_ver3,20260312173219,14,781.0,0.0
2x2_slot_inorder_place_cluster_1_greedy_ver3_greedy_ver3,20260312173221,8,384.0,0.0
2x2_slot_inorder_place_cluster_1_greedy_ver3_greedy_ver3,20260312173225,10,501.0,0.0
2x2_slot_inorder_place_cluster_1_greedy_ver3_greedy_ver3,20260312173230,20,1047.0,0.0
2x2_slot_inorder_place_cluster_1_greedy_ver3_greedy_ver3,20260312173235,10,493.0,0.0
2x2_slot_inorder_place_cluster_1_greedy_ver3_greedy_ver3,20260312173239,8,504.0,0.0
2x2_slot_inorder_place_cluster_1_greedy_ver3_greedy_ver3,20260312173244,24,1219.0,0.0
2x2_slot_inorder_place_cluster_1_greedy_ver3_greedy_ver3,20260312173249,26,1444.0,0.0
2x2_slot_inorder_place_cluster_1_greedy_ver3_greedy_ver3,20260312173252,16,913.0,0.0
2x2_slot_inorder_place_cluster_1_greedy_ver3_greedy_ver3,20260312173256,2,194.0,0.015625
2x2_slot_inorder_place_cluster_1_greedy_ver3_greedy_ver3,20260312173300,24,1235.0,0.0
2x2_slot_inorder_place_cluster_1_greedy_ver3_greedy_ver3,20260312173307,19,1097.0,0.0
2x2_slot_inorder_place_cluster_1_greedy_ver3_greedy_ver3,20260312173314,16,879.0,0.0
2x2_slot_inorder_place_cluster_1_greedy_ver3_greedy_ver3,20260312173318,12,717.0,0.015625
2x2_slot_inorder_place_cluster_1_greedy_ver3_greedy_ver3,20260312173320,17,1173.0,0.0
2x2_slot_inorder_place_cluster_1_greedy_ver3_greedy_ver3,20260312173325,16,913.0,0.0
2x2_slot_inorder_place_cluster_1_greedy_ver3_greedy_ver3,20260312173328,2,194.0,0.0
2x2_slot_inorder_place_cluster_1_greedy_ver3_greedy_ver3,20260312173332,18,1007.0,0.0
2x2_slot_inorder_place_cluster_1_greedy_ver3_greedy_ver3,20260312173337,10,619.0,0.0
2x2_slot_inorder_place_cluster_1_greedy_ver3_greedy_ver3,20260312173340,12,665.0,0.0
2x2_slot_inorder_place_cluster_1_greedy_ver3_greedy_ver3,20260312173345,19,1067.0,0.0
2x2_slot_inorder_place_cluster_1_greedy_ver3_greedy_ver3,20260312173351,23,1186.0,0.0
2x2_slot_inorder_place_cluster_1_greedy_ver3_greedy_ver3,20260312173353,10,513.0,0.0
2x2_slot_inorder_place_cluster_1_greedy_ver3_greedy_ver3,20260312173357,12,525.0,0.0
2x2_slot_inorder_place_cluster_1_greedy_ver3_greedy_ver3,20260312173402,6,504.0,0.0
2x2_slot_inorder_place_cluster_1_greedy_ver3_greedy_ver3,20260312173405,12,683.0,0.0
2x2_slot_inorder_place_cluster_1_greedy_ver3_greedy_ver3,20260312173408,16,923.0,0.0
2x2_slot_inorder_place_cluster_1_greedy_ver3_greedy_ver3,20260312173412,16,933.0,0.0
2x2_slot_inorder_place_cluster_1_greedy_ver3_greedy_ver3,20260312173416,14,757.0,0.0
2x2_slot_inorder_place_cluster_1_greedy_ver3_greedy_ver3,20260312173420,12,671.0,0.0
2x2_slot_inorder_place_cluster_1_greedy_ver3_greedy_ver3,20260312173422,11,695.0,0.0
2x2_slot_inorder_place_cluster_1_greedy_ver3_greedy_ver3,20260312173427,25,1335.0,0.0
2x2_slot_inorder_place_cluster_1_greedy_ver3_greedy_ver3,20260312173432,12,633.0,0.015625
2x2_slot_inorder_place_cluster_1_greedy_ver3_greedy_ver3,20260312173436,12,757.0,0.0
2x2_slot_inorder_place_cluster_1_greedy_ver3_greedy_ver3,20260312173441,22,1239.0,0.0
2x2_slot_inorder_place_cluster_1_greedy_ver3_greedy_ver3,20260312173445,3,244.0,0.0
2x2_slot_inorder_place_cluster_1_greedy_ver3_greedy_ver3,20260312173447,6,342.0,0.0
2x2_slot_inorder_place_cluster_1_greedy_ver3_greedy_ver3,20260312173451,16,871.0,0.0
2x2_slot_inorder_place_cluster_1_greedy_ver3_greedy_ver3,20260312173454,12,527.0,0.0
2x2_slot_inorder_place_cluster_1_greedy_ver3_greedy_ver3,20260312173458,10,641.0,0.0
2x2_slot_inorder_place_cluster_1_greedy_ver3_greedy_ver3,20260312173502,17,973.0,0.0
2x2_slot_inorder_place_cluster_1_greedy_ver3_greedy_ver3,20260312173507,18,877.0,0.0
2x2_slot_inorder_place_cluster_1_greedy_ver3_greedy_ver3,20260312173513,28,1486.0,0.0
2x2_slot_inorder_place_cluster_1_greedy_ver3_greedy_ver3,20260312173520,16,871.0,0.0
2x2_slot_inorder_place_cluster_1_greedy_ver3_greedy_ver3,20260312173523,16,907.0,0.0
2x2_slot_inorder_place_cluster_1_greedy_ver3_greedy_ver3,20260312173528,14,757.0,0.0
2x2_slot_inorder_place_cluster_1_greedy_ver3_greedy_ver3,20260312173532,13,931.0,0.0
2x2_slot_inorder_place_cluster_1_greedy_ver3_greedy_ver3,20260312173536,10,789.0,0.0
2x2_slot_inorder_place_cluster_1_greedy_ver3_greedy_ver3,20260312173540,20,1011.0,0.0
2x2_slot_inorder_place_cluster_1_greedy_ver3_greedy_ver3,20260312173546,12,687.0,0.0
2x2_slot_inorder_place_cluster_1_greedy_ver3_greedy_ver3,20260312173550,10,519.0,0.015625
2x2_slot_inorder_place_cluster_1_greedy_ver3_greedy_ver3,20260312173553,35,1642.0,0.0
2x2_slot_inorder_place_cluster_1_greedy_ver3_greedy_ver3,20260312173600,15,879.0,0.0
2x2_slot_inorder_place_cluster_1_greedy_ver3_greedy_ver3,20260312173603,3,242.0,0.0
2x2_slot_inorder_place_cluster_1_greedy_ver3_greedy_ver3,20260312173607,21,1095.0,0.0
2x2_slot_inorder_place_cluster_1_greedy_ver3_greedy_ver3,20260312173612,18,943.0,0.0
2x2_slot_inorder_place_cluster_1_greedy_ver3_greedy_ver3,20260312173616,6,336.0,0.0
2x2_slot_inorder_place_cluster_1_greedy_ver3_greedy_ver3,20260312173621,16,911.0,0.0
2x2_slot_inorder_place_cluster_1_greedy_ver3_greedy_ver3,20260312173624,19,1103.0,0.0
2x2_slot_inorder_place_cluster_1_greedy_ver3_greedy_ver3,20260312173628,6,336.0,0.0
2x2_slot_inorder_place_cluster_1_greedy_ver3_greedy_ver3,20260312173632,16,907.0,0.0
2x2_slot_inorder_place_cluster_1_greedy_ver3_greedy_ver3,20260312173636,16,1045.0,0.0
2x2_slot_inorder_place_cluster_1_greedy_ver3_greedy_ver3,20260312173639,5,424.0,0.0
2x2_slot_inorder_place_cluster_1_greedy_ver3_greedy_ver3,20260312173642,8,496.0,0.0
2x2_slot_inorder_place_cluster_1_greedy_ver3_greedy_ver3,20260312173645,6,344.0,0.0
2x2_slot_inorder_place_cluster_1_greedy_ver3_greedy_ver3,20260312173649,12,717.0,0.015625
2x2_slot_inorder_place_cluster_1_greedy_ver3_greedy_ver3,20260312173653,34,1798.0,0.0
2x2_slot_inorder_place_cluster_1_greedy_ver3_greedy_ver3,20260312173656,27,1553.0,0.0
2x2_slot_inorder_place_cluster_1_greedy_ver3_greedy_ver3,20260312173700,10,631.0,0.015625
2x2_slot_inorder_place_cluster_1_greedy_ver3_greedy_ver3,20260312173704,12,689.0,0.0
2x2_slot_inorder_place_cluster_1_greedy_ver3_greedy_ver3,20260312173709,20,1017.0,0.0
2x2_slot_inorder_place_cluster_1_greedy_ver3_greedy_ver3,20260312173714,10,617.0,0.015625
2x2_slot_inorder_place_cluster_1_greedy_ver3_greedy_ver3,20260312173718,18,865.0,0.0
2x2_slot_inorder_place_cluster_1_greedy_ver3_greedy_ver3,20260312173723,45,2346.0,0.0
2x2_slot_inorder_place_cluster_1_greedy_ver3_greedy_ver3,20260312173726,29,1742.0,0.0
2x2_slot_inorder_place_cluster_1_greedy_ver3_greedy_ver3,20260312173731,8,468.0,0.0
2x2_slot_inorder_place_cluster_1_greedy_ver3_greedy_ver3,20260312173735,15,863.0,0.0
2x2_slot_inorder_place_cluster_1_greedy_ver3_greedy_ver3,20260312173739,12,717.0,0.0
2x2_slot_inorder_place_cluster_1_greedy_ver3_greedy_ver3,20260312173743,14,749.0,0.0
2x2_slot_inorder_place_cluster_1_greedy_ver3_greedy_ver3,20260312173747,14,753.0,0.0
2x2_slot_inorder_place_cluster_1_greedy_ver3_greedy_ver3,20260312173751,16,907.0,0.0
2x2_slot_inorder_place_cluster_1_greedy_ver3_greedy_ver3,20260312173755,15,731.0,0.0
2x2_slot_inorder_place_cluster_1_greedy_ver3_greedy_ver3,20260312173800,16,871.0,0.0
2x2_slot_inorder_place_cluster_1_greedy_ver3_greedy_ver3,20260312173805,12,669.0,0.0
2x2_slot_inorder_place_cluster_1_greedy_ver3_greedy_ver3,20260312173809,14,1007.0,0.0
2x2_slot_inorder_place_cluster_1_greedy_ver3_greedy_ver3,20260312173812,8,476.0,0.015625
2x2_slot_inorder_place_cluster_1_greedy_ver3_greedy_ver3,20260312173818,29,1447.0,0.0
2x2_slot_inorder_place_cluster_1_greedy_ver3_greedy_ver3,20260312173824,16,871.0,0.0
2x2_slot_inorder_place_cluster_1_greedy_ver3_greedy_ver3,20260312173827,14,773.0,0.0
2x2_slot_inorder_place_cluster_1_greedy_ver3_greedy_ver3,20260312173831,8,468.0,0.0
2x2_slot_inorder_place_cluster_1_greedy_ver3_greedy_ver3,20260312173834,18,925.0,0.0
2x2_slot_inorder_place_cluster_1_greedy_ver3_greedy_ver3,20260312173839,20,1017.0,0.0
2x2_slot_inorder_place_cluster_1_greedy_ver3_greedy_ver3,20260312173844,8,450.0,0.0
2x2_slot_inorder_place_cluster_1_greedy_ver3_greedy_ver3,20260312173848,14,669.0,0.0
2x2_slot_inorder_place_cluster_1_greedy_ver3_greedy_ver3,20260312173853,16,871.0,0.0
2x2_slot_inorder_place_cluster_1_greedy_ver3_greedy_ver3,20260312173857,20,1041.0,0.0
2x2_slot_inorder_place_cluster_1_greedy_ver3_greedy_ver3,20260312173903,20,1011.0,0.0
2x2_slot_inorder_place_cluster_5_grasp_ver3_grasp_ver3,20260310124203,3,294.0,0.0
2x2_slot_inorder_place_cluster_5_grasp_ver3_grasp_ver3,20260310124205,2,270.0,0.0
2x2_slot_inorder_place_cluster_5_grasp_ver3_grasp_ver3,20260310124207,4,296.0,0.0
2x2_slot_inorder_place_cluster_5_grasp_ver3_grasp_ver3,20260310124210,16,1041.0,0.0
2x2_slot_inorder_place_cluster_5_grasp_ver3_grasp_ver3,20260310124213,9,609.0,0.0
2x2_slot_inorder_place_cluster_5_grasp_ver3_grasp_ver3,20260310124216,2,264.0,0.0
2x2_slot_inorder_place_cluster_5_grasp_ver3_grasp_ver3,20260310124220,11,651.0,0.0
2x2_slot_inorder_place_cluster_5_grasp_ver3_grasp_ver3,20260310124223,10,663.0,0.015625
2x2_slot_inorder_place_cluster_5_grasp_ver3_grasp_ver3,20260310124226,6,374.0,0.0
2x2_slot_inorder_place_cluster_5_grasp_ver3_grasp_ver3,20260310124229,11,685.0,0.0
2x2_slot_inorder_place_cluster_5_grasp_ver3_grasp_ver3,20260310124232,14,941.0,0.0
2x2_slot_inorder_place_cluster_5_grasp_ver3_grasp_ver3,20260310124237,21,1397.0,0.0
2x2_slot_inorder_place_cluster_5_grasp_ver3_grasp_ver3,20260310124241,22,1173.0,0.0
2x2_slot_inorder_place_cluster_5_grasp_ver3_grasp_ver3,20260310124249,20,1285.0,0.0
2x2_slot_inorder_place_cluster_5_grasp_ver3_grasp_ver3,20260310124254,7,352.0,0.0
2x2_slot_inorder_place_cluster_5_grasp_ver3_grasp_ver3,20260310124256,9,649.0,0.0
2x2_slot_inorder_place_cluster_5_grasp_ver3_grasp_ver3,20260310124259,10,719.0,0.0
2x2_slot_inorder_place_cluster_5_grasp_ver3_grasp_ver3,20260310124302,7,446.0,0.0
2x2_slot_inorder_place_cluster_5_grasp_ver3_grasp_ver3,20260310124305,13,713.0,0.0
2x2_slot_inorder_place_cluster_5_grasp_ver3_grasp_ver3,20260310124309,10,643.0,0.0
2x2_slot_inorder_place_cluster_5_grasp_ver3_grasp_ver3,20260310124312,6,538.0,0.0
2x2_slot_inorder_place_cluster_5_grasp_ver3_grasp_ver3,20260310124314,13,843.0,0.0
2x2_slot_inorder_place_cluster_5_grasp_ver3_grasp_ver3,20260310124318,7,508.0,0.0
2x2_slot_inorder_place_cluster_5_grasp_ver3_grasp_ver3,20260310124321,6,496.0,0.0
2x2_slot_inorder_place_cluster_5_grasp_ver3_grasp_ver3,20260310124324,5,324.0,0.0
2x2_slot_inorder_place_cluster_5_grasp_ver3_grasp_ver3,20260310124327,8,590.0,0.0
2x2_slot_inorder_place_cluster_5_grasp_ver3_grasp_ver3,20260310124330,2,232.0,0.0
2x2_slot_inorder_place_cluster_5_grasp_ver3_grasp_ver3,20260310124332,11,701.0,0.0
2x2_slot_inorder_place_cluster_5_grasp_ver3_grasp_ver3,20260310124335,9,647.0,0.0
2x2_slot_inorder_place_cluster_5_grasp_ver3_grasp_ver3,20260310124338,17,1101.0,0.0
2x2_slot_inorder_place_cluster_5_grasp_ver3_grasp_ver3,20260310124342,16,871.0,0.0
2x2_slot_inorder_place_cluster_5_grasp_ver3_grasp_ver3,20260310124346,2,224.0,0.0
2x2_slot_inorder_place_cluster_5_grasp_ver3_grasp_ver3,20260310124348,15,795.0,0.0
2x2_slot_inorder_place_cluster_5_grasp_ver3_grasp_ver3,20260310124352,18,913.0,0.0
2x2_slot_inorder_place_cluster_5_grasp_ver3_grasp_ver3,20260310124356,13,605.0,0.0
2x2_slot_inorder_place_cluster_5_grasp_ver3_grasp_ver3,20260310124401,4,264.0,0.0
2x2_slot_inorder_place_cluster_5_grasp_ver3_grasp_ver3,20260310124404,10,719.0,0.0
2x2_slot_inorder_place_cluster_5_grasp_ver3_grasp_ver3,20260310124407,3,312.0,0.0
2x2_slot_inorder_place_cluster_5_grasp_ver3_grasp_ver3,20260310124409,2,250.0,0.0
2x2_slot_inorder_place_cluster_5_grasp_ver3_grasp_ver3,20260310124411,4,300.0,0.0
2x2_slot_inorder_place_cluster_5_grasp_ver3_grasp_ver3,20260310124413,9,641.0,0.0
2x2_slot_inorder_place_cluster_5_grasp_ver3_grasp_ver3,20260310124415,6,490.0,0.0
2x2_slot_inorder_place_cluster_5_grasp_ver3_grasp_ver3,20260310124417,10,559.0,0.0
2x2_slot_inorder_place_cluster_5_grasp_ver3_grasp_ver3,20260310124422,14,913.0,0.0
2x2_slot_inorder_place_cluster_5_grasp_ver3_grasp_ver3,20260310124425,7,500.0,0.0
2x2_slot_inorder_place_cluster_5_grasp_ver3_grasp_ver3,20260310124428,2,260.0,0.015625
2x2_slot_inorder_place_cluster_5_grasp_ver3_grasp_ver3,20260310124430,6,480.0,0.0
2x2_slot_inorder_place_cluster_5_grasp_ver3_grasp_ver3,20260310124433,3,300.0,0.0
2x2_slot_inorder_place_cluster_5_grasp_ver3_grasp_ver3,20260310124435,33,1763.0,0.0
2x2_slot_inorder_place_cluster_5_grasp_ver3_grasp_ver3,20260310124443,21,1041.0,0.0
2x2_slot_inorder_place_cluster_5_grasp_ver3_grasp_ver3,20260310124447,9,641.0,0.0
2x2_slot_inorder_place_cluster_5_grasp_ver3_grasp_ver3,20260310124450,14,887.0,0.0
2x2_slot_inorder_place_cluster_5_grasp_ver3_grasp_ver3,20260310124453,8,494.0,0.0
2x2_slot_inorder_place_cluster_5_grasp_ver3_grasp_ver3,20260310124456,12,771.0,0.0
2x2_slot_inorder_place_cluster_5_grasp_ver3_grasp_ver3,20260310124459,17,1079.0,0.0
2x2_slot_inorder_place_cluster_5_grasp_ver3_grasp_ver3,20260310124504,10,665.0,0.0
2x2_slot_inorder_place_cluster_5_grasp_ver3_grasp_ver3,20260310124507,19,955.0,0.0
2x2_slot_inorder_place_cluster_5_grasp_ver3_grasp_ver3,20260310124512,9,618.0,0.0
2x2_slot_inorder_place_cluster_5_grasp_ver3_grasp_ver3,20260310124516,8,526.0,0.0
2x2_slot_inorder_place_cluster_5_grasp_ver3_grasp_ver3,20260310124518,25,1397.0,0.0
2x2_slot_inorder_place_cluster_5_grasp_ver3_grasp_ver3,20260310124523,11,815.0,0.0
2x2_slot_inorder_place_cluster_5_grasp_ver3_grasp_ver3,20260310124525,5,316.0,0.0
2x2_slot_inorder_place_cluster_5_grasp_ver3_grasp_ver3,20260310124528,14,805.0,0.0
2x2_slot_inorder_place_cluster_5_grasp_ver3_grasp_ver3,20260310124532,17,1013.0,0.0
2x2_slot_inorder_place_cluster_5_grasp_ver3_grasp_ver3,20260310124535,12,705.0,0.0
2x2_slot_inorder_place_cluster_5_grasp_ver3_grasp_ver3,20260310124539,4,310.0,0.0
2x2_slot_inorder_place_cluster_5_grasp_ver3_grasp_ver3,20260310124542,2,250.0,0.0
2x2_slot_inorder_place_cluster_5_grasp_ver3_grasp_ver3,20260310124544,3,306.0,0.0
2x2_slot_inorder_place_cluster_5_grasp_ver3_grasp_ver3,20260310124546,10,689.0,0.0
2x2_slot_inorder_place_cluster_5_grasp_ver3_grasp_ver3,20260310124549,4,282.0,0.0
2x2_slot_inorder_place_cluster_5_grasp_ver3_grasp_ver3,20260310124551,8,522.0,0.0
2x2_slot_inorder_place_cluster_5_grasp_ver3_grasp_ver3,20260310124554,6,280.0,0.0
2x2_slot_inorder_place_cluster_5_grasp_ver3_grasp_ver3,20260310124556,3,300.0,0.0
2x2_slot_inorder_place_cluster_5_grasp_ver3_grasp_ver3,20260310124558,8,490.0,0.0
2x2_slot_inorder_place_cluster_5_grasp_ver3_grasp_ver3,20260310124600,12,925.0,0.0
2x2_slot_inorder_place_cluster_5_grasp_ver3_grasp_ver3,20260310124603,16,847.0,0.0
2x2_slot_inorder_place_cluster_5_grasp_ver3_grasp_ver3,20260310124608,9,565.0,0.0
2x2_slot_inorder_place_cluster_5_grasp_ver3_grasp_ver3,20260310124611,6,518.0,0.015625
2x2_slot_inorder_place_cluster_5_grasp_ver3_grasp_ver3,20260310124615,10,639.0,0.0
2x2_slot_inorder_place_cluster_5_grasp_ver3_grasp_ver3,20260310124618,9,671.0,0.0
2x2_slot_inorder_place_cluster_5_grasp_ver3_grasp_ver3,20260310124621,13,733.0,0.0
2x2_slot_inorder_place_cluster_5_grasp_ver3_grasp_ver3,20260310124625,15,923.0,0.0
2x2_slot_inorder_place_cluster_5_grasp_ver3_grasp_ver3,20260310124629,32,1894.0,0.0
2x2_slot_inorder_place_cluster_5_grasp_ver3_grasp_ver3,20260310124636,18,1097.0,0.0
2x2_slot_inorder_place_cluster_5_grasp_ver3_grasp_ver3,20260310124641,15,977.0,0.0
2x2_slot_inorder_place_cluster_5_grasp_ver3_grasp_ver3,20260310124645,8,490.0,0.0
2x2_slot_inorder_place_cluster_5_grasp_ver3_grasp_ver3,20260310124649,9,667.0,0.0
2x2_slot_inorder_place_cluster_5_grasp_ver3_grasp_ver3,20260310124652,9,552.0,0.0
2x2_slot_inorder_place_cluster_5_grasp_ver3_grasp_ver3,20260310124656,6,400.0,0.0
2x2_slot_inorder_place_cluster_5_grasp_ver3_grasp_ver3,20260310124659,11,733.0,0.0
2x2_slot_inorder_place_cluster_5_grasp_ver3_grasp_ver3,20260310124702,4,274.0,0.015625
2x2_slot_inorder_place_cluster_5_grasp_ver3_grasp_ver3,20260310124704,23,1274.0,0.0
2x2_slot_inorder_place_cluster_5_grasp_ver3_grasp_ver3,20260310124711,9,639.0,0.0
2x2_slot_inorder_place_cluster_5_grasp_ver3_grasp_ver3,20260310124714,15,822.0,0.0
2x2_slot_inorder_place_cluster_5_grasp_ver3_grasp_ver3,20260310124719,7,508.0,0.0
2x2_slot_inorder_place_cluster_5_grasp_ver3_grasp_ver3,20260310124722,14,971.0,0.0
2x2_slot_inorder_place_cluster_5_grasp_ver3_grasp_ver3,20260310124726,5,314.0,0.0
2x2_slot_inorder_place_cluster_5_grasp_ver3_grasp_ver3,20260310124729,16,871.0,0.0
2x2_slot_inorder_place_cluster_5_grasp_ver3_grasp_ver3,20260310124736,6,404.0,0.0
2x2_slot_inorder_place_cluster_5_grasp_ver3_grasp_ver3,20260310124738,8,498.0,0.0
2x2_slot_inorder_place_cluster_5_grasp_ver3_grasp_ver3,20260310124741,13,637.0,0.0
2x2_slot_inorder_place_cluster_5_grasp_ver3_grasp_ver3,20260310124744,18,1181.0,0.0
2x2_slot_inorder_place_cluster_5_grasp_ver3_grasp_ver3,20260310124749,6,472.0,0.0
2x2_slot_inorder_place_cluster_5_grasp_ver3_grasp_ver3,20260310124751,24,1386.0,0.0
2x2_slot_inorder_place_cluster_5_grasp_ver3_grasp_ver3,20260310124758,18,1143.0,0.0
2x2_slot_inorder_place_cluster_5_grasp_ver3_grasp_ver3,20260310124803,9,568.0,0.0
2x2_slot_inorder_place_cluster_5_grasp_ver3_grasp_ver3,20260310124807,9,548.0,0.0
2x2_slot_inorder_place_cluster_5_grasp_ver3_grasp_ver3,20260310124811,17,1157.0,0.0
2x2_slot_inorder_place_cluster_5_grasp_ver3_grasp_ver3,20260310124815,10,603.0,0.015625
2x2_slot_inorder_place_cluster_5_grasp_ver3_grasp_ver3,20260310124818,9,665.0,0.0
2x2_slot_inorder_place_cluster_5_grasp_ver3_grasp_ver3,20260310124821,10,563.0,0.0
2x2_slot_inorder_place_cluster_5_grasp_ver3_grasp_ver3,20260310124824,6,470.0,0.0
2x2_slot_inorder_place_cluster_5_grasp_ver3_grasp_ver3,20260310124826,11,859.0,0.0
2x2_slot_inorder_place_cluster_5_grasp_ver3_grasp_ver3,20260310124830,7,514.0,0.0
2x2_slot_inorder_place_cluster_5_grasp_ver3_grasp_ver3,20260310124833,25,1381.0,0.0
2x2_slot_inorder_place_cluster_5_grasp_ver3_grasp_ver3,20260310124839,19,1127.0,0.015625
2x2_slot_inorder_place_cluster_5_grasp_ver3_grasp_ver3,20260310124843,5,304.0,0.0
2x2_slot_inorder_place_cluster_5_grasp_ver3_grasp_ver3,20260310124846,5,316.0,0.0
2x2_slot_inorder_place_cluster_5_grasp_ver3_grasp_ver3,20260310124848,6,484.0,0.0
2x2_slot_inorder_place_cluster_5_grasp_ver3_grasp_ver3,20260310124851,9,643.0,0.0
2x2_slot_inorder_place_cluster_5_grasp_ver3_grasp_ver3,20260310124854,17,969.0,0.0
2x2_slot_inorder_place_cluster_5_grasp_ver3_grasp_ver3,20260310124858,21,1215.0,0.0
2x2_slot_inorder_place_cluster_5_grasp_ver3_grasp_ver3,20260310124906,15,872.0,0.0
2x2_slot_inorder_place_cluster_5_grasp_ver3_grasp_ver3,20260310124910,15,977.0,0.0
2x2_slot_inorder_place_cluster_5_grasp_ver3_grasp_ver3,20260310124914,15,977.0,0.0
2x2_slot_inorder_place_cluster_5_grasp_ver3_grasp_ver3,20260310124918,24,1379.0,0.0
2x2_slot_inorder_place_cluster_5_grasp_ver3_grasp_ver3,20260310124923,3,284.0,0.0
2x2_slot_inorder_place_cluster_5_grasp_ver3_grasp_ver3,20260310124925,28,1606.0,0.0
2x2_slot_inorder_place_cluster_5_grasp_ver3_grasp_ver3,20260310124932,12,747.0,0.0
2x2_slot_inorder_place_cluster_5_grasp_ver3_grasp_ver3,20260310124937,15,769.0,0.0
2x2_slot_inorder_place_cluster_5_grasp_ver3_grasp_ver3,20260310124940,30,1925.0,0.0
2x2_slot_inorder_place_cluster_5_grasp_ver3_grasp_ver3,20260310124946,14,903.0,0.0
2x2_slot_inorder_place_cluster_5_grasp_ver3_grasp_ver3,20260310124950,3,282.0,0.0
2x2_slot_inorder_place_cluster_5_grasp_ver3_grasp_ver3,20260310124952,14,885.0,0.0
2x2_slot_inorder_place_cluster_5_grasp_ver3_grasp_ver3,20260310124957,16,1025.0,0.0
2x2_slot_inorder_place_cluster_5_grasp_ver3_grasp_ver3,20260310125001,5,306.0,0.0
2x2_slot_inorder_place_cluster_5_grasp_ver3_grasp_ver3,20260310125004,15,919.0,0.0
2x2_slot_inorder_place_cluster_5_grasp_ver3_grasp_ver3,20260310125010,17,1067.0,0.0
2x2_slot_inorder_place_cluster_5_grasp_ver3_grasp_ver3,20260310125014,7,446.0,0.0
2x2_slot_inorder_place_cluster_5_grasp_ver3_grasp_ver3,20260310125017,15,933.0,0.0
2x2_slot_inorder_place_cluster_5_grasp_ver3_grasp_ver3,20260310125021,10,795.0,0.0
2x2_slot_inorder_place_cluster_5_grasp_ver3_grasp_ver3,20260310125024,5,434.0,0.0
2x2_slot_inorder_place_cluster_5_grasp_ver3_grasp_ver3,20260310125026,9,538.0,0.0
2x2_slot_inorder_place_cluster_5_grasp_ver3_grasp_ver3,20260310125029,11,737.0,0.0
2x2_slot_inorder_place_cluster_5_grasp_ver3_grasp_ver3,20260310125033,9,538.0,0.0
2x2_slot_inorder_place_cluster_5_grasp_ver3_grasp_ver3,20260310125036,24,1413.0,0.015625
2x2_slot_inorder_place_cluster_5_grasp_ver3_grasp_ver3,20260310125042,11,749.0,0.0
2x2_slot_inorder_place_cluster_5_grasp_ver3_grasp_ver3,20260310125046,4,282.0,0.0
2x2_slot_inorder_place_cluster_5_grasp_ver3_grasp_ver3,20260310125048,19,1047.0,0.0
2x2_slot_inorder_place_cluster_5_grasp_ver3_grasp_ver3,20260310125053,20,1007.0,0.0
2x2_slot_inorder_place_cluster_5_grasp_ver3_grasp_ver3,20260310125058,15,821.0,0.0
2x2_slot_inorder_place_cluster_5_grasp_ver3_grasp_ver3,20260310125102,29,1676.0,0.0
2x2_slot_inorder_place_cluster_5_grasp_ver3_grasp_ver3,20260310125107,7,508.0,0.0
2x2_slot_inorder_place_cluster_5_grasp_ver3_grasp_ver3,20260310125110,15,917.0,0.0
2x2_slot_inorder_place_cluster_5_grasp_ver3_grasp_ver3,20260310125113,11,717.0,0.0
2x2_slot_inorder_place_cluster_5_grasp_ver3_grasp_ver3,20260310125118,13,809.0,0.0
2x2_slot_inorder_place_cluster_5_grasp_ver3_grasp_ver3,20260310125121,13,813.0,0.0
2x2_slot_inorder_place_cluster_5_grasp_ver3_grasp_ver3,20260310125125,15,981.0,0.0
2x2_slot_inorder_place_cluster_5_grasp_ver3_grasp_ver3,20260310125129,9,557.0,0.0
2x2_slot_inorder_place_cluster_5_grasp_ver3_grasp_ver3,20260310125132,21,1111.0,0.0
2x2_slot_inorder_place_cluster_5_grasp_ver3_grasp_ver3,20260310125136,6,464.0,0.0
2x2_slot_inorder_place_cluster_5_grasp_ver3_grasp_ver3,20260310125138,14,857.0,0.0
2x2_slot_inorder_place_cluster_5_grasp_ver3_grasp_ver3,20260310125141,7,448.0,0.015625
2x2_slot_inorder_place_cluster_5_grasp_ver3_grasp_ver3,20260310125144,38,2190.0,0.0
2x2_slot_inorder_place_cluster_5_grasp_ver3_grasp_ver3,20260310125154,6,444.0,0.0
2x2_slot_inorder_place_cluster_5_grasp_ver3_grasp_ver3,20260310125157,7,488.0,0.0
2x2_slot_inorder_place_cluster_5_grasp_ver3_grasp_ver3,20260310125159,18,1037.0,0.0
2x2_slot_inorder_place_cluster_5_grasp_ver3_grasp_ver3,20260310125203,19,1017.0,0.0
2x2_slot_inorder_place_cluster_5_grasp_ver3_grasp_ver3,20260310125208,13,695.0,0.0
2x2_slot_inorder_place_cluster_5_grasp_ver3_grasp_ver3,20260310125212,15,949.0,0.0
2x2_slot_inorder_place_cluster_5_grasp_ver3_grasp_ver3,20260310125216,19,1101.0,0.0
2x2_slot_inorder_place_cluster_5_grasp_ver3_grasp_ver3,20260310125223,19,1111.0,0.015625
2x2_slot_inorder_place_cluster_5_grasp_ver3_greedy_ver3,20260310124204,4,294.0,0.0
2x2_slot_inorder_place_cluster_5_grasp_ver3_greedy_ver3,20260310124206,4,238.0,0.0
2x2_slot_inorder_place_cluster_5_grasp_ver3_greedy_ver3,20260310124208,8,476.0,0.015625
2x2_slot_inorder_place_cluster_5_grasp_ver3_greedy_ver3,20260310124211,16,925.0,0.0
2x2_slot_inorder_place_cluster_5_grasp_ver3_greedy_ver3,20260310124214,16,895.0,0.0
2x2_slot_inorder_place_cluster_5_grasp_ver3_greedy_ver3,20260310124217,4,256.0,0.0
2x2_slot_inorder_place_cluster_5_grasp_ver3_greedy_ver3,20260310124221,11,551.0,0.0
2x2_slot_inorder_place_cluster_5_grasp_ver3_greedy_ver3,20260310124225,10,613.0,0.0
2x2_slot_inorder_place_cluster_5_grasp_ver3_greedy_ver3,20260310124227,10,605.0,0.0
2x2_slot_inorder_place_cluster_5_grasp_ver3_greedy_ver3,20260310124231,12,665.0,0.0
2x2_slot_inorder_place_cluster_5_grasp_ver3_greedy_ver3,20260310124235,14,811.0,0.0
2x2_slot_inorder_place_cluster_5_grasp_ver3_greedy_ver3,20260310124239,27,1484.0,0.0
2x2_slot_inorder_place_cluster_5_grasp_ver3_greedy_ver3,20260310124245,25,1305.0,0.0
2x2_slot_inorder_place_cluster_5_grasp_ver3_greedy_ver3,20260310124251,18,1159.0,0.015625
2x2_slot_inorder_place_cluster_5_grasp_ver3_greedy_ver3,20260310124255,7,352.0,0.0
2x2_slot_inorder_place_cluster_5_grasp_ver3_greedy_ver3,20260310124258,16,1015.0,0.0
2x2_slot_inorder_place_cluster_5_grasp_ver3_greedy_ver3,20260310124301,10,699.0,0.0
2x2_slot_inorder_place_cluster_5_grasp_ver3_greedy_ver3,20260310124303,8,586.0,0.0
2x2_slot_inorder_place_cluster_5_grasp_ver3_greedy_ver3,20260310124306,15,821.0,0.0
2x2_slot_inorder_place_cluster_5_grasp_ver3_greedy_ver3,20260310124310,10,739.0,0.0
2x2_slot_inorder_place_cluster_5_grasp_ver3_greedy_ver3,20260310124313,6,538.0,0.0
2x2_slot_inorder_place_cluster_5_grasp_ver3_greedy_ver3,20260310124316,13,751.0,0.0
2x2_slot_inorder_place_cluster_5_grasp_ver3_greedy_ver3,20260310124319,7,394.0,0.0
2x2_slot_inorder_place_cluster_5_grasp_ver3_greedy_ver3,20260310124322,6,414.0,0.0
2x2_slot_inorder_place_cluster_5_grasp_ver3_greedy_ver3,20260310124325,6,342.0,0.0
2x2_slot_inorder_place_cluster_5_grasp_ver3_greedy_ver3,20260310124329,8,540.0,0.0
2x2_slot_inorder_place_cluster_5_grasp_ver3_greedy_ver3,20260310124331,2,192.0,0.0
2x2_slot_inorder_place_cluster_5_grasp_ver3_greedy_ver3,20260310124333,15,859.0,0.0
2x2_slot_inorder_place_cluster_5_grasp_ver3_greedy_ver3,20260310124336,10,647.0,0.0
2x2_slot_inorder_place_cluster_5_grasp_ver3_greedy_ver3,20260310124340,19,1193.0,0.015625
2x2_slot_inorder_place_cluster_5_grasp_ver3_greedy_ver3,20260310124344,16,987.0,0.0
2x2_slot_inorder_place_cluster_5_grasp_ver3_greedy_ver3,20260310124347,2,214.0,0.0
2x2_slot_inorder_place_cluster_5_grasp_ver3_greedy_ver3,20260310124350,17,941.0,0.0
2x2_slot_inorder_place_cluster_5_grasp_ver3_greedy_ver3,20260310124354,17,1005.0,0.0
2x2_slot_inorder_place_cluster_5_grasp_ver3_greedy_ver3,20260310124358,17,1185.0,0.0
2x2_slot_inorder_place_cluster_5_grasp_ver3_greedy_ver3,20260310124402,10,494.0,0.015625
2x2_slot_inorder_place_cluster_5_grasp_ver3_greedy_ver3,20260310124405,10,599.0,0.0
2x2_slot_inorder_place_cluster_5_grasp_ver3_greedy_ver3,20260310124408,4,312.0,0.0
2x2_slot_inorder_place_cluster_5_grasp_ver3_greedy_ver3,20260310124410,4,242.0,0.015625
2x2_slot_inorder_place_cluster_5_grasp_ver3_greedy_ver3,20260310124412,4,280.0,0.0
2x2_slot_inorder_place_cluster_5_grasp_ver3_greedy_ver3,20260310124414,10,681.0,0.0
2x2_slot_inorder_place_cluster_5_grasp_ver3_greedy_ver3,20260310124416,6,470.0,0.0
2x2_slot_inorder_place_cluster_5_grasp_ver3_greedy_ver3,20260310124419,19,951.0,0.0
2x2_slot_inorder_place_cluster_5_grasp_ver3_greedy_ver3,20260310124423,14,849.0,0.0
2x2_slot_inorder_place_cluster_5_grasp_ver3_greedy_ver3,20260310124426,7,450.0,0.0
2x2_slot_inorder_place_cluster_5_grasp_ver3_greedy_ver3,20260310124429,4,238.0,0.0
2x2_slot_inorder_place_cluster_5_grasp_ver3_greedy_ver3,20260310124431,6,460.0,0.0
2x2_slot_inorder_place_cluster_5_grasp_ver3_greedy_ver3,20260310124434,4,300.0,0.0
2x2_slot_inorder_place_cluster_5_grasp_ver3_greedy_ver3,20260310124439,35,1754.0,0.0
2x2_slot_inorder_place_cluster_5_grasp_ver3_greedy_ver3,20260310124445,20,1099.0,0.0
2x2_slot_inorder_place_cluster_5_grasp_ver3_greedy_ver3,20260310124448,10,689.0,0.0
2x2_slot_inorder_place_cluster_5_grasp_ver3_greedy_ver3,20260310124451,14,855.0,0.0
2x2_slot_inorder_place_cluster_5_grasp_ver3_greedy_ver3,20260310124454,8,474.0,0.0
2x2_slot_inorder_place_cluster_5_grasp_ver3_greedy_ver3,20260310124458,12,687.0,0.0
2x2_slot_inorder_place_cluster_5_grasp_ver3_greedy_ver3,20260310124501,25,1435.0,0.0
2x2_slot_inorder_place_cluster_5_grasp_ver3_greedy_ver3,20260310124505,10,675.0,0.015625
2x2_slot_inorder_place_cluster_5_grasp_ver3_greedy_ver3,20260310124510,28,1401.0,0.0
2x2_slot_inorder_place_cluster_5_grasp_ver3_greedy_ver3,20260310124514,10,607.0,0.0
2x2_slot_inorder_place_cluster_5_grasp_ver3_greedy_ver3,20260310124517,8,486.0,0.0
2x2_slot_inorder_place_cluster_5_grasp_ver3_greedy_ver3,20260310124520,24,1659.0,0.0
2x2_slot_inorder_place_cluster_5_grasp_ver3_greedy_ver3,20260310124524,11,805.0,0.0
2x2_slot_inorder_place_cluster_5_grasp_ver3_greedy_ver3,20260310124527,7,446.0,0.0
2x2_slot_inorder_place_cluster_5_grasp_ver3_greedy_ver3,20260310124530,15,1021.0,0.0
2x2_slot_inorder_place_cluster_5_grasp_ver3_greedy_ver3,20260310124533,17,1033.0,0.0
2x2_slot_inorder_place_cluster_5_grasp_ver3_greedy_ver3,20260310124537,12,699.0,0.015625
2x2_slot_inorder_place_cluster_5_grasp_ver3_greedy_ver3,20260310124541,8,500.0,0.0
2x2_slot_inorder_place_cluster_5_grasp_ver3_greedy_ver3,20260310124543,4,242.0,0.0
2x2_slot_inorder_place_cluster_5_grasp_ver3_greedy_ver3,20260310124545,4,306.0,0.0
2x2_slot_inorder_place_cluster_5_grasp_ver3_greedy_ver3,20260310124548,10,593.0,0.0
2x2_slot_inorder_place_cluster_5_grasp_ver3_greedy_ver3,20260310124550,4,262.0,0.0
2x2_slot_inorder_place_cluster_5_grasp_ver3_greedy_ver3,20260310124552,8,502.0,0.0
2x2_slot_inorder_place_cluster_5_grasp_ver3_greedy_ver3,20260310124554,6,280.0,0.0
2x2_slot_inorder_place_cluster_5_grasp_ver3_greedy_ver3,20260310124557,4,300.0,0.0
2x2_slot_inorder_place_cluster_5_grasp_ver3_greedy_ver3,20260310124559,8,440.0,0.0
2x2_slot_inorder_place_cluster_5_grasp_ver3_greedy_ver3,20260310124602,17,1155.0,0.0
2x2_slot_inorder_place_cluster_5_grasp_ver3_greedy_ver3,20260310124606,16,817.0,0.0
2x2_slot_inorder_place_cluster_5_grasp_ver3_greedy_ver3,20260310124610,9,505.0,0.0
2x2_slot_inorder_place_cluster_5_grasp_ver3_greedy_ver3,20260310124612,6,478.0,0.0
2x2_slot_inorder_place_cluster_5_grasp_ver3_greedy_ver3,20260310124617,10,655.0,0.0
2x2_slot_inorder_place_cluster_5_grasp_ver3_greedy_ver3,20260310124619,10,639.0,0.0
2x2_slot_inorder_place_cluster_5_grasp_ver3_greedy_ver3,20260310124623,16,881.0,0.0
2x2_slot_inorder_place_cluster_5_grasp_ver3_greedy_ver3,20260310124627,15,793.0,0.015625
2x2_slot_inorder_place_cluster_5_grasp_ver3_greedy_ver3,20260310124632,31,1874.0,0.0
2x2_slot_inorder_place_cluster_5_grasp_ver3_greedy_ver3,20260310124638,18,969.0,0.0
2x2_slot_inorder_place_cluster_5_grasp_ver3_greedy_ver3,20260310124643,16,871.0,0.0
2x2_slot_inorder_place_cluster_5_grasp_ver3_greedy_ver3,20260310124648,8,440.0,0.0
2x2_slot_inorder_place_cluster_5_grasp_ver3_greedy_ver3,20260310124651,10,647.0,0.0
2x2_slot_inorder_place_cluster_5_grasp_ver3_greedy_ver3,20260310124654,12,597.0,0.0
2x2_slot_inorder_place_cluster_5_grasp_ver3_greedy_ver3,20260310124657,8,456.0,0.0
2x2_slot_inorder_place_cluster_5_grasp_ver3_greedy_ver3,20260310124701,12,735.0,0.0
2x2_slot_inorder_place_cluster_5_grasp_ver3_greedy_ver3,20260310124703,4,244.0,0.0
2x2_slot_inorder_place_cluster_5_grasp_ver3_greedy_ver3,20260310124707,26,1230.0,0.0
2x2_slot_inorder_place_cluster_5_grasp_ver3_greedy_ver3,20260310124713,10,663.0,0.0
2x2_slot_inorder_place_cluster_5_grasp_ver3_greedy_ver3,20260310124716,18,983.0,0.0
2x2_slot_inorder_place_cluster_5_grasp_ver3_greedy_ver3,20260310124721,9,523.0,0.0
2x2_slot_inorder_place_cluster_5_grasp_ver3_greedy_ver3,20260310124724,14,765.0,0.0
2x2_slot_inorder_place_cluster_5_grasp_ver3_greedy_ver3,20260310124727,8,452.0,0.0
2x2_slot_inorder_place_cluster_5_grasp_ver3_greedy_ver3,20260310124732,19,1013.0,0.0
2x2_slot_inorder_place_cluster_5_grasp_ver3_greedy_ver3,20260310124737,6,364.0,0.0
2x2_slot_inorder_place_cluster_5_grasp_ver3_greedy_ver3,20260310124739,10,553.0,0.0
2x2_slot_inorder_place_cluster_5_grasp_ver3_greedy_ver3,20260310124743,14,939.0,0.0
2x2_slot_inorder_place_cluster_5_grasp_ver3_greedy_ver3,20260310124747,21,1335.0,0.0
2x2_slot_inorder_place_cluster_5_grasp_ver3_greedy_ver3,20260310124750,6,452.0,0.015625
2x2_slot_inorder_place_cluster_5_grasp_ver3_greedy_ver3,20260310124755,25,1314.0,0.0
2x2_slot_inorder_place_cluster_5_grasp_ver3_greedy_ver3,20260310124800,18,1049.0,0.0
2x2_slot_inorder_place_cluster_5_grasp_ver3_greedy_ver3,20260310124805,10,649.0,0.0
2x2_slot_inorder_place_cluster_5_grasp_ver3_greedy_ver3,20260310124808,12,645.0,0.0
2x2_slot_inorder_place_cluster_5_grasp_ver3_greedy_ver3,20260310124813,18,1107.0,0.0
2x2_slot_inorder_place_cluster_5_grasp_ver3_greedy_ver3,20260310124816,10,563.0,0.0
2x2_slot_inorder_place_cluster_5_grasp_ver3_greedy_ver3,20260310124819,16,1025.0,0.0
2x2_slot_inorder_place_cluster_5_grasp_ver3_greedy_ver3,20260310124822,10,605.0,0.0
2x2_slot_inorder_place_cluster_5_grasp_ver3_greedy_ver3,20260310124825,6,450.0,0.0
2x2_slot_inorder_place_cluster_5_grasp_ver3_greedy_ver3,20260310124829,11,739.0,0.015625
2x2_slot_inorder_place_cluster_5_grasp_ver3_greedy_ver3,20260310124831,7,464.0,0.0
2x2_slot_inorder_place_cluster_5_grasp_ver3_greedy_ver3,20260310124835,35,1828.0,0.0
2x2_slot_inorder_place_cluster_5_grasp_ver3_greedy_ver3,20260310124841,20,1015.0,0.0
2x2_slot_inorder_place_cluster_5_grasp_ver3_greedy_ver3,20260310124844,6,354.0,0.0
2x2_slot_inorder_place_cluster_5_grasp_ver3_greedy_ver3,20260310124847,6,352.0,0.0
2x2_slot_inorder_place_cluster_5_grasp_ver3_greedy_ver3,20260310124850,8,452.0,0.0
2x2_slot_inorder_place_cluster_5_grasp_ver3_greedy_ver3,20260310124853,10,623.0,0.0
2x2_slot_inorder_place_cluster_5_grasp_ver3_greedy_ver3,20260310124856,17,1033.0,0.0
2x2_slot_inorder_place_cluster_5_grasp_ver3_greedy_ver3,20260310124902,30,1572.0,0.0
2x2_slot_inorder_place_cluster_5_grasp_ver3_greedy_ver3,20260310124908,16,887.0,0.0
2x2_slot_inorder_place_cluster_5_grasp_ver3_greedy_ver3,20260310124912,16,913.0,0.0
2x2_slot_inorder_place_cluster_5_grasp_ver3_greedy_ver3,20260310124916,16,961.0,0.0
2x2_slot_inorder_place_cluster_5_grasp_ver3_greedy_ver3,20260310124921,23,1413.0,0.0
2x2_slot_inorder_place_cluster_5_grasp_ver3_greedy_ver3,20260310124924,4,284.0,0.0
2x2_slot_inorder_place_cluster_5_grasp_ver3_greedy_ver3,20260310124929,30,1564.0,0.0
2x2_slot_inorder_place_cluster_5_grasp_ver3_greedy_ver3,20260310124935,12,657.0,0.0
2x2_slot_inorder_place_cluster_5_grasp_ver3_greedy_ver3,20260310124939,10,499.0,0.0
2x2_slot_inorder_place_cluster_5_grasp_ver3_greedy_ver3,20260310124943,30,1473.0,0.0
2x2_slot_inorder_place_cluster_5_grasp_ver3_greedy_ver3,20260310124948,15,869.0,0.0
2x2_slot_inorder_place_cluster_5_grasp_ver3_greedy_ver3,20260310124951,3,252.0,0.0
2x2_slot_inorder_place_cluster_5_grasp_ver3_greedy_ver3,20260310124955,21,1145.0,0.0
2x2_slot_inorder_place_cluster_5_grasp_ver3_greedy_ver3,20260310124959,16,873.0,0.0
2x2_slot_inorder_place_cluster_5_grasp_ver3_greedy_ver3,20260310125003,6,344.0,0.0
2x2_slot_inorder_place_cluster_5_grasp_ver3_greedy_ver3,20260310125006,16,871.0,0.0
2x2_slot_inorder_place_cluster_5_grasp_ver3_greedy_ver3,20260310125012,17,1029.0,0.0
2x2_slot_inorder_place_cluster_5_grasp_ver3_greedy_ver3,20260310125015,8,470.0,0.015625
2x2_slot_inorder_place_cluster_5_grasp_ver3_greedy_ver3,20260310125019,16,877.0,0.015625
2x2_slot_inorder_place_cluster_5_grasp_ver3_greedy_ver3,20260310125022,16,1075.0,0.0
2x2_slot_inorder_place_cluster_5_grasp_ver3_greedy_ver3,20260310125025,5,414.0,0.0
2x2_slot_inorder_place_cluster_5_grasp_ver3_greedy_ver3,20260310125028,10,483.0,0.0
2x2_slot_inorder_place_cluster_5_grasp_ver3_greedy_ver3,20260310125031,12,717.0,0.0
2x2_slot_inorder_place_cluster_5_grasp_ver3_greedy_ver3,20260310125035,10,483.0,0.0
2x2_slot_inorder_place_cluster_5_grasp_ver3_greedy_ver3,20260310125038,27,1553.0,0.0
2x2_slot_inorder_place_cluster_5_grasp_ver3_greedy_ver3,20260310125044,12,725.0,0.0
2x2_slot_inorder_place_cluster_5_grasp_ver3_greedy_ver3,20260310125047,4,262.0,0.015625
2x2_slot_inorder_place_cluster_5_grasp_ver3_greedy_ver3,20260310125050,20,1077.0,0.0
2x2_slot_inorder_place_cluster_5_grasp_ver3_greedy_ver3,20260310125055,23,1087.0,0.0
2x2_slot_inorder_place_cluster_5_grasp_ver3_greedy_ver3,20260310125100,15,833.0,0.0
2x2_slot_inorder_place_cluster_5_grasp_ver3_greedy_ver3,20260310125104,29,1684.0,0.0
2x2_slot_inorder_place_cluster_5_grasp_ver3_greedy_ver3,20260310125108,8,488.0,0.0
2x2_slot_inorder_place_cluster_5_grasp_ver3_greedy_ver3,20260310125111,15,897.0,0.015625
2x2_slot_inorder_place_cluster_5_grasp_ver3_greedy_ver3,20260310125116,12,697.0,0.0
2x2_slot_inorder_place_cluster_5_grasp_ver3_greedy_ver3,20260310125120,14,841.0,0.0
2x2_slot_inorder_place_cluster_5_grasp_ver3_greedy_ver3,20260310125123,14,847.0,0.015625
2x2_slot_inorder_place_cluster_5_grasp_ver3_greedy_ver3,20260310125127,16,853.0,0.0
2x2_slot_inorder_place_cluster_5_grasp_ver3_greedy_ver3,20260310125131,10,549.0,0.0
2x2_slot_inorder_place_cluster_5_grasp_ver3_greedy_ver3,20260310125134,16,929.0,0.015625
2x2_slot_inorder_place_cluster_5_grasp_ver3_greedy_ver3,20260310125137,6,444.0,0.015625
2x2_slot_inorder_place_cluster_5_grasp_ver3_greedy_ver3,20260310125140,14,847.0,0.015625
2x2_slot_inorder_place_cluster_5_grasp_ver3_greedy_ver3,20260310125143,8,476.0,0.015625
2x2_slot_inorder_place_cluster_5_grasp_ver3_greedy_ver3,20260310125150,38,1872.0,0.0
2x2_slot_inorder_place_cluster_5_grasp_ver3_greedy_ver3,20260310125155,7,322.0,0.0
2x2_slot_inorder_place_cluster_5_grasp_ver3_greedy_ver3,20260310125158,8,468.0,0.0
2x2_slot_inorder_place_cluster_5_grasp_ver3_greedy_ver3,20260310125201,18,937.0,0.0
2x2_slot_inorder_place_cluster_5_grasp_ver3_greedy_ver3,20260310125205,20,1095.0,0.0
2x2_slot_inorder_place_cluster_5_grasp_ver3_greedy_ver3,20260310125210,14,657.0,0.0
2x2_slot_inorder_place_cluster_5_grasp_ver3_greedy_ver3,20260310125214,16,911.0,0.0
2x2_slot_inorder_place_cluster_5_grasp_ver3_greedy_ver3,20260310125219,20,1011.0,0.0
2x2_slot_inorder_place_cluster_5_grasp_ver3_greedy_ver3,20260310125225,20,1041.0,0.0
2x2_slot_inorder_place_cluster_5_greedy_ver3_grasp_ver3,20260310123123,3,294.0,0.0
2x2_slot_inorder_place_cluster_5_greedy_ver3_grasp_ver3,20260310123125,15,941.0,0.0
2x2_slot_inorder_place_cluster_5_greedy_ver3_grasp_ver3,20260310123128,8,454.0,0.0
2x2_slot_inorder_place_cluster_5_greedy_ver3_grasp_ver3,20260310123131,6,396.0,0.0
2x2_slot_inorder_place_cluster_5_greedy_ver3_grasp_ver3,20260310123134,14,797.0,0.0
2x2_slot_inorder_place_cluster_5_greedy_ver3_grasp_ver3,20260310123137,2,264.0,0.015625
2x2_slot_inorder_place_cluster_5_greedy_ver3_grasp_ver3,20260310123140,6,380.0,0.0
2x2_slot_inorder_place_cluster_5_greedy_ver3_grasp_ver3,20260310123144,10,659.0,0.0
2x2_slot_inorder_place_cluster_5_greedy_ver3_grasp_ver3,20260310123147,16,939.0,0.0
2x2_slot_inorder_place_cluster_5_greedy_ver3_grasp_ver3,20260310123150,12,783.0,0.0
2x2_slot_inorder_place_cluster_5_greedy_ver3_grasp_ver3,20260310123154,14,839.0,0.0
2x2_slot_inorder_place_cluster_5_greedy_ver3_grasp_ver3,20260310123159,16,975.0,0.0
2x2_slot_inorder_place_cluster_5_greedy_ver3_grasp_ver3,20260310123205,24,1211.0,0.0
2x2_slot_inorder_place_cluster_5_greedy_ver3_grasp_ver3,20260310123210,29,1574.0,0.0
2x2_slot_inorder_place_cluster_5_greedy_ver3_grasp_ver3,20260310123217,6,462.0,0.0
2x2_slot_inorder_place_cluster_5_greedy_ver3_grasp_ver3,20260310123219,3,290.0,0.0
2x2_slot_inorder_place_cluster_5_greedy_ver3_grasp_ver3,20260310123221,8,838.0,0.0
2x2_slot_inorder_place_cluster_5_greedy_ver3_grasp_ver3,20260310123224,12,757.0,0.0
2x2_slot_inorder_place_cluster_5_greedy_ver3_grasp_ver3,20260310123228,16,1015.0,0.0
2x2_slot_inorder_place_cluster_5_greedy_ver3_grasp_ver3,20260310123231,18,1143.0,0.0
2x2_slot_inorder_place_cluster_5_greedy_ver3_grasp_ver3,20260310123235,7,368.0,0.015625
2x2_slot_inorder_place_cluster_5_greedy_ver3_grasp_ver3,20260310123237,4,308.0,0.0
2x2_slot_inorder_place_cluster_5_greedy_ver3_grasp_ver3,20260310123239,7,504.0,0.0
2x2_slot_inorder_place_cluster_5_greedy_ver3_grasp_ver3,20260310123242,6,468.0,0.0
2x2_slot_inorder_place_cluster_5_greedy_ver3_grasp_ver3,20260310123245,18,1139.0,0.0
2x2_slot_inorder_place_cluster_5_greedy_ver3_grasp_ver3,20260310123251,8,590.0,0.0
2x2_slot_inorder_place_cluster_5_greedy_ver3_grasp_ver3,20260310123255,2,232.0,0.015625
2x2_slot_inorder_place_cluster_5_greedy_ver3_grasp_ver3,20260310123257,7,518.0,0.0
2x2_slot_inorder_place_cluster_5_greedy_ver3_grasp_ver3,20260310123300,9,545.0,0.0
2x2_slot_inorder_place_cluster_5_greedy_ver3_grasp_ver3,20260310123303,18,1051.0,0.015625
2x2_slot_inorder_place_cluster_5_greedy_ver3_grasp_ver3,20260310123306,17,1001.0,0.0
2x2_slot_inorder_place_cluster_5_greedy_ver3_grasp_ver3,20260310123310,8,460.0,0.0
2x2_slot_inorder_place_cluster_5_greedy_ver3_grasp_ver3,20260310123314,15,835.0,0.0
2x2_slot_inorder_place_cluster_5_greedy_ver3_grasp_ver3,20260310123318,15,951.0,0.0
2x2_slot_inorder_place_cluster_5_greedy_ver3_grasp_ver3,20260310123323,13,605.0,0.0
2x2_slot_inorder_place_cluster_5_greedy_ver3_grasp_ver3,20260310123327,8,536.0,0.015625
2x2_slot_inorder_place_cluster_5_greedy_ver3_grasp_ver3,20260310123330,11,717.0,0.015625
2x2_slot_inorder_place_cluster_5_greedy_ver3_grasp_ver3,20260310123334,6,268.0,0.0
2x2_slot_inorder_place_cluster_5_greedy_ver3_grasp_ver3,20260310123336,5,306.0,0.0
2x2_slot_inorder_place_cluster_5_greedy_ver3_grasp_ver3,20260310123339,3,312.0,0.0
2x2_slot_inorder_place_cluster_5_greedy_ver3_grasp_ver3,20260310123341,9,645.0,0.0
2x2_slot_inorder_place_cluster_5_greedy_ver3_grasp_ver3,20260310123343,10,673.0,0.0
2x2_slot_inorder_place_cluster_5_greedy_ver3_grasp_ver3,20260310123346,4,290.0,0.0
2x2_slot_inorder_place_cluster_5_greedy_ver3_grasp_ver3,20260310123348,16,863.0,0.0
2x2_slot_inorder_place_cluster_5_greedy_ver3_grasp_ver3,20260310123353,3,290.0,0.0
2x2_slot_inorder_place_cluster_5_greedy_ver3_grasp_ver3,20260310123355,6,490.0,0.0
2x2_slot_inorder_place_cluster_5_greedy_ver3_grasp_ver3,20260310123358,4,290.0,0.0
2x2_slot_inorder_place_cluster_5_greedy_ver3_grasp_ver3,20260310123400,2,260.0,0.0
2x2_slot_inorder_place_cluster_5_greedy_ver3_grasp_ver3,20260310123402,19,1048.0,0.0
2x2_slot_inorder_place_cluster_5_greedy_ver3_grasp_ver3,20260310123407,32,1727.0,0.0
2x2_slot_inorder_place_cluster_5_greedy_ver3_grasp_ver3,20260310123413,9,663.0,0.0
2x2_slot_inorder_place_cluster_5_greedy_ver3_grasp_ver3,20260310123416,14,925.0,0.0
2x2_slot_inorder_place_cluster_5_greedy_ver3_grasp_ver3,20260310123419,6,450.0,0.0
2x2_slot_inorder_place_cluster_5_greedy_ver3_grasp_ver3,20260310123422,12,793.0,0.0
2x2_slot_inorder_place_cluster_5_greedy_ver3_grasp_ver3,20260310123426,8,574.0,0.0
2x2_slot_inorder_place_cluster_5_greedy_ver3_grasp_ver3,20260310123430,13,833.0,0.0
2x2_slot_inorder_place_cluster_5_greedy_ver3_grasp_ver3,20260310123435,15,1069.0,0.0
2x2_slot_inorder_place_cluster_5_greedy_ver3_grasp_ver3,20260310123439,12,711.0,0.0
2x2_slot_inorder_place_cluster_5_greedy_ver3_grasp_ver3,20260310123442,8,526.0,0.0
2x2_slot_inorder_place_cluster_5_greedy_ver3_grasp_ver3,20260310123444,11,827.0,0.0
2x2_slot_inorder_place_cluster_5_greedy_ver3_grasp_ver3,20260310123447,10,711.0,0.015625
2x2_slot_inorder_place_cluster_5_greedy_ver3_grasp_ver3,20260310123450,6,516.0,0.0
2x2_slot_inorder_place_cluster_5_greedy_ver3_grasp_ver3,20260310123453,9,535.0,0.0
2x2_slot_inorder_place_cluster_5_greedy_ver3_grasp_ver3,20260310123456,20,1351.0,0.0
2x2_slot_inorder_place_cluster_5_greedy_ver3_grasp_ver3,20260310123500,18,1101.0,0.0
2x2_slot_inorder_place_cluster_5_greedy_ver3_grasp_ver3,20260310123505,4,310.0,0.0
2x2_slot_inorder_place_cluster_5_greedy_ver3_grasp_ver3,20260310123507,7,506.0,0.0
2x2_slot_inorder_place_cluster_5_greedy_ver3_grasp_ver3,20260310123510,5,318.0,0.0
2x2_slot_inorder_place_cluster_5_greedy_ver3_grasp_ver3,20260310123513,12,745.0,0.0
2x2_slot_inorder_place_cluster_5_greedy_ver3_grasp_ver3,20260310123517,4,272.0,0.0
2x2_slot_inorder_place_cluster_5_greedy_ver3_grasp_ver3,20260310123519,6,290.0,0.0
2x2_slot_inorder_place_cluster_5_greedy_ver3_grasp_ver3,20260310123521,5,296.0,0.0
2x2_slot_inorder_place_cluster_5_greedy_ver3_grasp_ver3,20260310123523,9,661.0,0.0
2x2_slot_inorder_place_cluster_5_greedy_ver3_grasp_ver3,20260310123526,15,1005.0,0.0
2x2_slot_inorder_place_cluster_5_greedy_ver3_grasp_ver3,20260310123530,16,1125.0,0.0
2x2_slot_inorder_place_cluster_5_greedy_ver3_grasp_ver3,20260310123533,9,562.0,0.0
2x2_slot_inorder_place_cluster_5_greedy_ver3_grasp_ver3,20260310123538,9,565.0,0.015625
2x2_slot_inorder_place_cluster_5_greedy_ver3_grasp_ver3,20260310123541,9,671.0,0.0
2x2_slot_inorder_place_cluster_5_greedy_ver3_grasp_ver3,20260310123544,10,695.0,0.0
2x2_slot_inorder_place_cluster_5_greedy_ver3_grasp_ver3,20260310123546,6,402.0,0.0
2x2_slot_inorder_place_cluster_5_greedy_ver3_grasp_ver3,20260310123549,11,763.0,0.0
2x2_slot_inorder_place_cluster_5_greedy_ver3_grasp_ver3,20260310123553,19,1099.0,0.0
2x2_slot_inorder_place_cluster_5_greedy_ver3_grasp_ver3,20260310123558,16,965.0,0.0
2x2_slot_inorder_place_cluster_5_greedy_ver3_grasp_ver3,20260310123604,38,2045.0,0.0
2x2_slot_inorder_place_cluster_5_greedy_ver3_grasp_ver3,20260310123612,15,981.0,0.0
2x2_slot_inorder_place_cluster_5_greedy_ver3_grasp_ver3,20260310123617,7,438.0,0.015625
2x2_slot_inorder_place_cluster_5_greedy_ver3_grasp_ver3,20260310123619,13,837.0,0.0
2x2_slot_inorder_place_cluster_5_greedy_ver3_grasp_ver3,20260310123623,6,392.0,0.0
2x2_slot_inorder_place_cluster_5_greedy_ver3_grasp_ver3,20260310123626,6,400.0,0.0
2x2_slot_inorder_place_cluster_5_greedy_ver3_grasp_ver3,20260310123629,9,546.0,0.015625
2x2_slot_inorder_place_cluster_5_greedy_ver3_grasp_ver3,20260310123632,6,474.0,0.0
2x2_slot_inorder_place_cluster_5_greedy_ver3_grasp_ver3,20260310123634,13,811.0,0.0
2x2_slot_inorder_place_cluster_5_greedy_ver3_grasp_ver3,20260310123639,16,891.0,0.015625
2x2_slot_inorder_place_cluster_5_greedy_ver3_grasp_ver3,20260310123643,15,907.0,0.0
2x2_slot_inorder_place_cluster_5_greedy_ver3_grasp_ver3,20260310123648,12,588.0,0.0
2x2_slot_inorder_place_cluster_5_greedy_ver3_grasp_ver3,20260310123652,19,1059.0,0.0
2x2_slot_inorder_place_cluster_5_greedy_ver3_grasp_ver3,20260310123659,11,723.0,0.015625
2x2_slot_inorder_place_cluster_5_greedy_ver3_grasp_ver3,20260310123703,14,865.0,0.0
2x2_slot_inorder_place_cluster_5_greedy_ver3_grasp_ver3,20260310123708,10,615.0,0.0
2x2_slot_inorder_place_cluster_5_greedy_ver3_grasp_ver3,20260310123711,8,498.0,0.0
2x2_slot_inorder_place_cluster_5_greedy_ver3_grasp_ver3,20260310123714,13,865.0,0.015625
2x2_slot_inorder_place_cluster_5_greedy_ver3_grasp_ver3,20260310123719,18,1003.0,0.0
2x2_slot_inorder_place_cluster_5_greedy_ver3_grasp_ver3,20260310123723,4,328.0,0.0
2x2_slot_inorder_place_cluster_5_greedy_ver3_grasp_ver3,20260310123725,18,999.0,0.0
2x2_slot_inorder_place_cluster_5_greedy_ver3_grasp_ver3,20260310123731,25,1469.0,0.0
2x2_slot_inorder_place_cluster_5_greedy_ver3_grasp_ver3,20260310123736,9,576.0,0.0
2x2_slot_inorder_place_cluster_5_greedy_ver3_grasp_ver3,20260310123739,9,548.0,0.0
2x2_slot_inorder_place_cluster_5_greedy_ver3_grasp_ver3,20260310123743,15,851.0,0.0
2x2_slot_inorder_place_cluster_5_greedy_ver3_grasp_ver3,20260310123747,12,759.0,0.0
2x2_slot_inorder_place_cluster_5_greedy_ver3_grasp_ver3,20260310123751,16,1067.0,0.0
2x2_slot_inorder_place_cluster_5_greedy_ver3_grasp_ver3,20260310123755,7,522.0,0.0
2x2_slot_inorder_place_cluster_5_greedy_ver3_grasp_ver3,20260310123758,6,444.0,0.0
2x2_slot_inorder_place_cluster_5_greedy_ver3_grasp_ver3,20260310123800,11,859.0,0.0
2x2_slot_inorder_place_cluster_5_greedy_ver3_grasp_ver3,20260310123803,7,514.0,0.0
2x2_slot_inorder_place_cluster_5_greedy_ver3_grasp_ver3,20260310123805,20,1043.0,0.0
2x2_slot_inorder_place_cluster_5_greedy_ver3_grasp_ver3,20260310123810,19,1219.0,0.0
2x2_slot_inorder_place_cluster_5_greedy_ver3_grasp_ver3,20260310123815,9,637.0,0.0
2x2_slot_inorder_place_cluster_5_greedy_ver3_grasp_ver3,20260310123818,5,302.0,0.0
2x2_slot_inorder_place_cluster_5_greedy_ver3_grasp_ver3,20260310123821,6,402.0,0.0
2x2_slot_inorder_place_cluster_5_greedy_ver3_grasp_ver3,20260310123825,9,643.0,0.0
2x2_slot_inorder_place_cluster_5_greedy_ver3_grasp_ver3,20260310123828,17,993.0,0.0
2x2_slot_inorder_place_cluster_5_greedy_ver3_grasp_ver3,20260310123831,25,1441.0,0.0
2x2_slot_inorder_place_cluster_5_greedy_ver3_grasp_ver3,20260310123838,15,987.0,0.0
2x2_slot_inorder_place_cluster_5_greedy_ver3_grasp_ver3,20260310123842,15,899.0,0.0
2x2_slot_inorder_place_cluster_5_greedy_ver3_grasp_ver3,20260310123846,15,963.0,0.0
2x2_slot_inorder_place_cluster_5_greedy_ver3_grasp_ver3,20260310123851,21,1163.0,0.0
2x2_slot_inorder_place_cluster_5_greedy_ver3_grasp_ver3,20260310123856,6,474.0,0.0
2x2_slot_inorder_place_cluster_5_greedy_ver3_grasp_ver3,20260310123859,28,1598.0,0.0
2x2_slot_inorder_place_cluster_5_greedy_ver3_grasp_ver3,20260310123906,12,741.0,0.0
2x2_slot_inorder_place_cluster_5_greedy_ver3_grasp_ver3,20260310123909,10,619.0,0.0
2x2_slot_inorder_place_cluster_5_greedy_ver3_grasp_ver3,20260310123913,34,2018.0,0.0
2x2_slot_inorder_place_cluster_5_greedy_ver3_grasp_ver3,20260310123919,15,961.0,0.0
2x2_slot_inorder_place_cluster_5_greedy_ver3_grasp_ver3,20260310123923,3,282.0,0.0
2x2_slot_inorder_place_cluster_5_greedy_ver3_grasp_ver3,20260310123925,14,895.0,0.0
2x2_slot_inorder_place_cluster_5_greedy_ver3_grasp_ver3,20260310123929,17,1071.0,0.0
2x2_slot_inorder_place_cluster_5_greedy_ver3_grasp_ver3,20260310123935,6,386.0,0.015625
2x2_slot_inorder_place_cluster_5_greedy_ver3_grasp_ver3,20260310123938,15,939.0,0.0
2x2_slot_inorder_place_cluster_5_greedy_ver3_grasp_ver3,20260310123942,18,1199.0,0.0
2x2_slot_inorder_place_cluster_5_greedy_ver3_grasp_ver3,20260310123946,6,386.0,0.0
2x2_slot_inorder_place_cluster_5_greedy_ver3_grasp_ver3,20260310123949,15,923.0,0.0
2x2_slot_inorder_place_cluster_5_greedy_ver3_grasp_ver3,20260310123953,10,795.0,0.0
2x2_slot_inorder_place_cluster_5_greedy_ver3_grasp_ver3,20260310123956,5,434.0,0.0
2x2_slot_inorder_place_cluster_5_greedy_ver3_grasp_ver3,20260310123958,9,508.0,0.0
2x2_slot_inorder_place_cluster_5_greedy_ver3_grasp_ver3,20260310124001,11,753.0,0.0
2x2_slot_inorder_place_cluster_5_greedy_ver3_grasp_ver3,20260310124006,9,558.0,0.0
2x2_slot_inorder_place_cluster_5_greedy_ver3_grasp_ver3,20260310124010,24,1369.0,0.0
2x2_slot_inorder_place_cluster_5_greedy_ver3_grasp_ver3,20260310124014,11,747.0,0.0
2x2_slot_inorder_place_cluster_5_greedy_ver3_grasp_ver3,20260310124018,4,282.0,0.0
2x2_slot_inorder_place_cluster_5_greedy_ver3_grasp_ver3,20260310124020,19,1191.0,0.0
2x2_slot_inorder_place_cluster_5_greedy_ver3_grasp_ver3,20260310124025,22,1135.0,0.0
2x2_slot_inorder_place_cluster_5_greedy_ver3_grasp_ver3,20260310124030,8,524.0,0.0
2x2_slot_inorder_place_cluster_5_greedy_ver3_grasp_ver3,20260310124033,29,1586.0,0.0
2x2_slot_inorder_place_cluster_5_greedy_ver3_grasp_ver3,20260310124039,7,508.0,0.0
2x2_slot_inorder_place_cluster_5_greedy_ver3_grasp_ver3,20260310124042,15,927.0,0.0
2x2_slot_inorder_place_cluster_5_greedy_ver3_grasp_ver3,20260310124045,11,733.0,0.0
2x2_slot_inorder_place_cluster_5_greedy_ver3_grasp_ver3,20260310124049,13,879.0,0.0
2x2_slot_inorder_place_cluster_5_greedy_ver3_grasp_ver3,20260310124052,13,893.0,0.0
2x2_slot_inorder_place_cluster_5_greedy_ver3_grasp_ver3,20260310124056,15,981.0,0.0
2x2_slot_inorder_place_cluster_5_greedy_ver3_grasp_ver3,20260310124100,9,557.0,0.0
2x2_slot_inorder_place_cluster_5_greedy_ver3_grasp_ver3,20260310124103,16,943.0,0.0
2x2_slot_inorder_place_cluster_5_greedy_ver3_grasp_ver3,20260310124107,4,262.0,0.0
2x2_slot_inorder_place_cluster_5_greedy_ver3_grasp_ver3,20260310124109,14,1017.0,0.0
2x2_slot_inorder_place_cluster_5_greedy_ver3_grasp_ver3,20260310124114,7,448.0,0.0
2x2_slot_inorder_place_cluster_5_greedy_ver3_grasp_ver3,20260310124116,37,2010.0,0.0
2x2_slot_inorder_place_cluster_5_greedy_ver3_grasp_ver3,20260310124125,6,382.0,0.0
2x2_slot_inorder_place_cluster_5_greedy_ver3_grasp_ver3,20260310124127,7,444.0,0.0
2x2_slot_inorder_place_cluster_5_greedy_ver3_grasp_ver3,20260310124130,18,1045.0,0.015625
2x2_slot_inorder_place_cluster_5_greedy_ver3_grasp_ver3,20260310124133,19,1053.0,0.0
2x2_slot_inorder_place_cluster_5_greedy_ver3_grasp_ver3,20260310124139,12,717.0,0.0
2x2_slot_inorder_place_cluster_5_greedy_ver3_grasp_ver3,20260310124143,15,959.0,0.0
2x2_slot_inorder_place_cluster_5_greedy_ver3_grasp_ver3,20260310124148,19,1019.0,0.0
2x2_slot_inorder_place_cluster_5_greedy_ver3_grasp_ver3,20260310124153,19,1113.0,0.0
2x2_slot_inorder_place_cluster_5_greedy_ver3_greedy_ver3,20260310123124,4,294.0,0.0
2x2_slot_inorder_place_cluster_5_greedy_ver3_greedy_ver3,20260310123127,16,987.0,0.015625
2x2_slot_inorder_place_cluster_5_greedy_ver3_greedy_ver3,20260310123130,10,521.0,0.0
2x2_slot_inorder_place_cluster_5_greedy_ver3_greedy_ver3,20260310123133,6,336.0,0.0
2x2_slot_inorder_place_cluster_5_greedy_ver3_greedy_ver3,20260310123136,14,753.0,0.0
2x2_slot_inorder_place_cluster_5_greedy_ver3_greedy_ver3,20260310123138,4,256.0,0.0
2x2_slot_inorder_place_cluster_5_greedy_ver3_greedy_ver3,20260310123142,8,362.0,0.0
2x2_slot_inorder_place_cluster_5_greedy_ver3_greedy_ver3,20260310123146,10,609.0,0.0
2x2_slot_inorder_place_cluster_5_greedy_ver3_greedy_ver3,20260310123149,16,899.0,0.015625
2x2_slot_inorder_place_cluster_5_greedy_ver3_greedy_ver3,20260310123152,13,753.0,0.015625
2x2_slot_inorder_place_cluster_5_greedy_ver3_greedy_ver3,20260310123156,14,837.0,0.0
2x2_slot_inorder_place_cluster_5_greedy_ver3_greedy_ver3,20260310123202,25,1389.0,0.0
2x2_slot_inorder_place_cluster_5_greedy_ver3_greedy_ver3,20260310123207,30,1366.0,0.0
2x2_slot_inorder_place_cluster_5_greedy_ver3_greedy_ver3,20260310123213,30,1484.0,0.015625
2x2_slot_inorder_place_cluster_5_greedy_ver3_greedy_ver3,20260310123218,6,442.0,0.0
2x2_slot_inorder_place_cluster_5_greedy_ver3_greedy_ver3,20260310123220,4,290.0,0.0
2x2_slot_inorder_place_cluster_5_greedy_ver3_greedy_ver3,20260310123222,8,818.0,0.0
2x2_slot_inorder_place_cluster_5_greedy_ver3_greedy_ver3,20260310123225,14,719.0,0.0
2x2_slot_inorder_place_cluster_5_greedy_ver3_greedy_ver3,20260310123229,16,985.0,0.0
2x2_slot_inorder_place_cluster_5_greedy_ver3_greedy_ver3,20260310123233,18,1039.0,0.0
2x2_slot_inorder_place_cluster_5_greedy_ver3_greedy_ver3,20260310123236,7,368.0,0.015625
2x2_slot_inorder_place_cluster_5_greedy_ver3_greedy_ver3,20260310123238,8,498.0,0.0
2x2_slot_inorder_place_cluster_5_greedy_ver3_greedy_ver3,20260310123241,7,406.0,0.0
2x2_slot_inorder_place_cluster_5_greedy_ver3_greedy_ver3,20260310123243,7,494.0,0.0
2x2_slot_inorder_place_cluster_5_greedy_ver3_greedy_ver3,20260310123247,19,1159.0,0.0
2x2_slot_inorder_place_cluster_5_greedy_ver3_greedy_ver3,20260310123253,10,647.0,0.0
2x2_slot_inorder_place_cluster_5_greedy_ver3_greedy_ver3,20260310123256,2,192.0,0.0
2x2_slot_inorder_place_cluster_5_greedy_ver3_greedy_ver3,20260310123258,12,611.0,0.0
2x2_slot_inorder_place_cluster_5_greedy_ver3_greedy_ver3,20260310123301,10,675.0,0.0
2x2_slot_inorder_place_cluster_5_greedy_ver3_greedy_ver3,20260310123304,19,1131.0,0.0
2x2_slot_inorder_place_cluster_5_greedy_ver3_greedy_ver3,20260310123308,17,997.0,0.0
2x2_slot_inorder_place_cluster_5_greedy_ver3_greedy_ver3,20260310123312,8,488.0,0.0
2x2_slot_inorder_place_cluster_5_greedy_ver3_greedy_ver3,20260310123315,18,878.0,0.0
2x2_slot_inorder_place_cluster_5_greedy_ver3_greedy_ver3,20260310123320,16,801.0,0.0
2x2_slot_inorder_place_cluster_5_greedy_ver3_greedy_ver3,20260310123325,17,1255.0,0.0
2x2_slot_inorder_place_cluster_5_greedy_ver3_greedy_ver3,20260310123328,8,486.0,0.0
2x2_slot_inorder_place_cluster_5_greedy_ver3_greedy_ver3,20260310123332,12,659.0,0.0
2x2_slot_inorder_place_cluster_5_greedy_ver3_greedy_ver3,20260310123334,6,268.0,0.0
2x2_slot_inorder_place_cluster_5_greedy_ver3_greedy_ver3,20260310123337,8,408.0,0.0
2x2_slot_inorder_place_cluster_5_greedy_ver3_greedy_ver3,20260310123340,4,312.0,0.0
2x2_slot_inorder_place_cluster_5_greedy_ver3_greedy_ver3,20260310123342,10,681.0,0.0
2x2_slot_inorder_place_cluster_5_greedy_ver3_greedy_ver3,20260310123345,10,675.0,0.0
2x2_slot_inorder_place_cluster_5_greedy_ver3_greedy_ver3,20260310123347,4,270.0,0.0
2x2_slot_inorder_place_cluster_5_greedy_ver3_greedy_ver3,20260310123350,23,1187.0,0.0
2x2_slot_inorder_place_cluster_5_greedy_ver3_greedy_ver3,20260310123354,4,290.0,0.0
2x2_slot_inorder_place_cluster_5_greedy_ver3_greedy_ver3,20260310123357,6,470.0,0.0
2x2_slot_inorder_place_cluster_5_greedy_ver3_greedy_ver3,20260310123359,4,270.0,0.0
2x2_slot_inorder_place_cluster_5_greedy_ver3_greedy_ver3,20260310123401,4,252.0,0.015625
2x2_slot_inorder_place_cluster_5_greedy_ver3_greedy_ver3,20260310123405,20,1021.0,0.0
2x2_slot_inorder_place_cluster_5_greedy_ver3_greedy_ver3,20260310123410,30,1714.0,0.015625
2x2_slot_inorder_place_cluster_5_greedy_ver3_greedy_ver3,20260310123414,10,689.0,0.0
2x2_slot_inorder_place_cluster_5_greedy_ver3_greedy_ver3,20260310123418,14,807.0,0.0
2x2_slot_inorder_place_cluster_5_greedy_ver3_greedy_ver3,20260310123421,6,390.0,0.0
2x2_slot_inorder_place_cluster_5_greedy_ver3_greedy_ver3,20260310123424,12,703.0,0.0
2x2_slot_inorder_place_cluster_5_greedy_ver3_greedy_ver3,20260310123427,10,599.0,0.0
2x2_slot_inorder_place_cluster_5_greedy_ver3_greedy_ver3,20260310123432,18,1157.0,0.0
2x2_slot_inorder_place_cluster_5_greedy_ver3_greedy_ver3,20260310123436,28,1524.0,0.0
2x2_slot_inorder_place_cluster_5_greedy_ver3_greedy_ver3,20260310123440,13,781.0,0.0
2x2_slot_inorder_place_cluster_5_greedy_ver3_greedy_ver3,20260310123443,8,486.0,0.0
2x2_slot_inorder_place_cluster_5_greedy_ver3_greedy_ver3,20260310123446,11,807.0,0.0
2x2_slot_inorder_place_cluster_5_greedy_ver3_greedy_ver3,20260310123449,10,631.0,0.0
2x2_slot_inorder_place_cluster_5_greedy_ver3_greedy_ver3,20260310123451,8,428.0,0.0
2x2_slot_inorder_place_cluster_5_greedy_ver3_greedy_ver3,20260310123455,9,673.0,0.0
2x2_slot_inorder_place_cluster_5_greedy_ver3_greedy_ver3,20260310123458,21,1281.0,0.0
2x2_slot_inorder_place_cluster_5_greedy_ver3_greedy_ver3,20260310123502,17,1071.0,0.0
2x2_slot_inorder_place_cluster_5_greedy_ver3_greedy_ver3,20260310123506,8,500.0,0.0
2x2_slot_inorder_place_cluster_5_greedy_ver3_greedy_ver3,20260310123509,8,486.0,0.015625
2x2_slot_inorder_place_cluster_5_greedy_ver3_greedy_ver3,20260310123511,8,472.0,0.0
2x2_slot_inorder_place_cluster_5_greedy_ver3_greedy_ver3,20260310123515,12,667.0,0.0
2x2_slot_inorder_place_cluster_5_greedy_ver3_greedy_ver3,20260310123518,4,242.0,0.015625
2x2_slot_inorder_place_cluster_5_greedy_ver3_greedy_ver3,20260310123519,6,290.0,0.0
2x2_slot_inorder_place_cluster_5_greedy_ver3_greedy_ver3,20260310123522,6,420.0,0.0
2x2_slot_inorder_place_cluster_5_greedy_ver3_greedy_ver3,20260310123525,10,655.0,0.0
2x2_slot_inorder_place_cluster_5_greedy_ver3_greedy_ver3,20260310123528,15,879.0,0.0
2x2_slot_inorder_place_cluster_5_greedy_ver3_greedy_ver3,20260310123531,16,915.0,0.0
2x2_slot_inorder_place_cluster_5_greedy_ver3_greedy_ver3,20260310123535,10,557.0,0.015625
2x2_slot_inorder_place_cluster_5_greedy_ver3_greedy_ver3,20260310123539,9,535.0,0.0
2x2_slot_inorder_place_cluster_5_greedy_ver3_greedy_ver3,20260310123542,10,639.0,0.0
2x2_slot_inorder_place_cluster_5_greedy_ver3_greedy_ver3,20260310123545,10,655.0,0.0
2x2_slot_inorder_place_cluster_5_greedy_ver3_greedy_ver3,20260310123548,8,452.0,0.0
2x2_slot_inorder_place_cluster_5_greedy_ver3_greedy_ver3,20260310123551,12,659.0,0.0
2x2_slot_inorder_place_cluster_5_greedy_ver3_greedy_ver3,20260310123555,23,1215.0,0.0
2x2_slot_inorder_place_cluster_5_greedy_ver3_greedy_ver3,20260310123601,17,987.0,0.0
2x2_slot_inorder_place_cluster_5_greedy_ver3_greedy_ver3,20260310123607,37,2104.0,0.0
2x2_slot_inorder_place_cluster_5_greedy_ver3_greedy_ver3,20260310123615,16,913.0,0.0
2x2_slot_inorder_place_cluster_5_greedy_ver3_greedy_ver3,20260310123618,8,460.0,0.0
2x2_slot_inorder_place_cluster_5_greedy_ver3_greedy_ver3,20260310123621,14,895.0,0.0
2x2_slot_inorder_place_cluster_5_greedy_ver3_greedy_ver3,20260310123624,8,432.0,0.0
2x2_slot_inorder_place_cluster_5_greedy_ver3_greedy_ver3,20260310123627,8,456.0,0.0
2x2_slot_inorder_place_cluster_5_greedy_ver3_greedy_ver3,20260310123631,10,531.0,0.015625
2x2_slot_inorder_place_cluster_5_greedy_ver3_greedy_ver3,20260310123633,6,454.0,0.0
2x2_slot_inorder_place_cluster_5_greedy_ver3_greedy_ver3,20260310123636,16,763.0,0.0
2x2_slot_inorder_place_cluster_5_greedy_ver3_greedy_ver3,20260310123641,16,1011.0,0.0
2x2_slot_inorder_place_cluster_5_greedy_ver3_greedy_ver3,20260310123646,16,883.0,0.015625
2x2_slot_inorder_place_cluster_5_greedy_ver3_greedy_ver3,20260310123650,13,773.0,0.0
2x2_slot_inorder_place_cluster_5_greedy_ver3_greedy_ver3,20260310123655,22,1259.0,0.0
2x2_slot_inorder_place_cluster_5_greedy_ver3_greedy_ver3,20260310123701,12,703.0,0.0
2x2_slot_inorder_place_cluster_5_greedy_ver3_greedy_ver3,20260310123705,15,781.0,0.015625
2x2_slot_inorder_place_cluster_5_greedy_ver3_greedy_ver3,20260310123709,10,515.0,0.0
2x2_slot_inorder_place_cluster_5_greedy_ver3_greedy_ver3,20260310123712,10,633.0,0.015625
2x2_slot_inorder_place_cluster_5_greedy_ver3_greedy_ver3,20260310123716,14,793.0,0.0
2x2_slot_inorder_place_cluster_5_greedy_ver3_greedy_ver3,20260310123721,14,917.0,0.015625
2x2_slot_inorder_place_cluster_5_greedy_ver3_greedy_ver3,20260310123724,3,338.0,0.0
2x2_slot_inorder_place_cluster_5_greedy_ver3_greedy_ver3,20260310123727,19,1089.0,0.0
2x2_slot_inorder_place_cluster_5_greedy_ver3_greedy_ver3,20260310123733,26,1325.0,0.0
2x2_slot_inorder_place_cluster_5_greedy_ver3_greedy_ver3,20260310123737,10,567.0,0.0
2x2_slot_inorder_place_cluster_5_greedy_ver3_greedy_ver3,20260310123741,12,651.0,0.015625
2x2_slot_inorder_place_cluster_5_greedy_ver3_greedy_ver3,20260310123745,16,847.0,0.0
2x2_slot_inorder_place_cluster_5_greedy_ver3_greedy_ver3,20260310123749,12,723.0,0.015625
2x2_slot_inorder_place_cluster_5_greedy_ver3_greedy_ver3,20260310123753,16,985.0,0.0
2x2_slot_inorder_place_cluster_5_greedy_ver3_greedy_ver3,20260310123756,8,492.0,0.0
2x2_slot_inorder_place_cluster_5_greedy_ver3_greedy_ver3,20260310123759,6,384.0,0.015625
2x2_slot_inorder_place_cluster_5_greedy_ver3_greedy_ver3,20260310123801,11,739.0,0.0
2x2_slot_inorder_place_cluster_5_greedy_ver3_greedy_ver3,20260310123804,7,400.0,0.0
2x2_slot_inorder_place_cluster_5_greedy_ver3_greedy_ver3,20260310123808,21,1025.0,0.0
2x2_slot_inorder_place_cluster_5_greedy_ver3_greedy_ver3,20260310123812,24,1350.0,0.0
2x2_slot_inorder_place_cluster_5_greedy_ver3_greedy_ver3,20260310123816,16,947.0,0.0
2x2_slot_inorder_place_cluster_5_greedy_ver3_greedy_ver3,20260310123820,6,428.0,0.0
2x2_slot_inorder_place_cluster_5_greedy_ver3_greedy_ver3,20260310123822,8,450.0,0.0
2x2_slot_inorder_place_cluster_5_greedy_ver3_greedy_ver3,20260310123827,10,623.0,0.0
2x2_slot_inorder_place_cluster_5_greedy_ver3_greedy_ver3,20260310123830,17,993.0,0.0
2x2_slot_inorder_place_cluster_5_greedy_ver3_greedy_ver3,20260310123834,33,1722.0,0.0
2x2_slot_inorder_place_cluster_5_greedy_ver3_greedy_ver3,20260310123840,16,853.0,0.0
2x2_slot_inorder_place_cluster_5_greedy_ver3_greedy_ver3,20260310123844,16,881.0,0.0
2x2_slot_inorder_place_cluster_5_greedy_ver3_greedy_ver3,20260310123849,16,917.0,0.0
2x2_slot_inorder_place_cluster_5_greedy_ver3_greedy_ver3,20260310123853,21,1273.0,0.0
2x2_slot_inorder_place_cluster_5_greedy_ver3_greedy_ver3,20260310123858,6,454.0,0.0
2x2_slot_inorder_place_cluster_5_greedy_ver3_greedy_ver3,20260310123903,30,1604.0,0.0
2x2_slot_inorder_place_cluster_5_greedy_ver3_greedy_ver3,20260310123908,12,623.0,0.0
2x2_slot_inorder_place_cluster_5_greedy_ver3_greedy_ver3,20260310123911,10,519.0,0.0
2x2_slot_inorder_place_cluster_5_greedy_ver3_greedy_ver3,20260310123916,35,1692.0,0.0
2x2_slot_inorder_place_cluster_5_greedy_ver3_greedy_ver3,20260310123921,15,797.0,0.0
2x2_slot_inorder_place_cluster_5_greedy_ver3_greedy_ver3,20260310123924,3,252.0,0.0
2x2_slot_inorder_place_cluster_5_greedy_ver3_greedy_ver3,20260310123927,21,1061.0,0.0
2x2_slot_inorder_place_cluster_5_greedy_ver3_greedy_ver3,20260310123933,18,957.0,0.0
2x2_slot_inorder_place_cluster_5_greedy_ver3_greedy_ver3,20260310123936,6,326.0,0.0
2x2_slot_inorder_place_cluster_5_greedy_ver3_greedy_ver3,20260310123940,16,849.0,0.0
2x2_slot_inorder_place_cluster_5_greedy_ver3_greedy_ver3,20260310123944,19,1225.0,0.0
2x2_slot_inorder_place_cluster_5_greedy_ver3_greedy_ver3,20260310123947,6,326.0,0.015625
2x2_slot_inorder_place_cluster_5_greedy_ver3_greedy_ver3,20260310123951,16,877.0,0.0
2x2_slot_inorder_place_cluster_5_greedy_ver3_greedy_ver3,20260310123954,16,1105.0,0.0
2x2_slot_inorder_place_cluster_5_greedy_ver3_greedy_ver3,20260310123957,5,414.0,0.0
2x2_slot_inorder_place_cluster_5_greedy_ver3_greedy_ver3,20260310124000,10,543.0,0.0
2x2_slot_inorder_place_cluster_5_greedy_ver3_greedy_ver3,20260310124003,12,761.0,0.0
2x2_slot_inorder_place_cluster_5_greedy_ver3_greedy_ver3,20260310124008,10,547.0,0.0
2x2_slot_inorder_place_cluster_5_greedy_ver3_greedy_ver3,20260310124012,27,1473.0,0.0
2x2_slot_inorder_place_cluster_5_greedy_ver3_greedy_ver3,20260310124016,12,665.0,0.0
2x2_slot_inorder_place_cluster_5_greedy_ver3_greedy_ver3,20260310124019,4,262.0,0.0
2x2_slot_inorder_place_cluster_5_greedy_ver3_greedy_ver3,20260310124022,20,1081.0,0.0
2x2_slot_inorder_place_cluster_5_greedy_ver3_greedy_ver3,20260310124027,22,1145.0,0.0
2x2_slot_inorder_place_cluster_5_greedy_ver3_greedy_ver3,20260310124031,9,514.0,0.0
2x2_slot_inorder_place_cluster_5_greedy_ver3_greedy_ver3,20260310124036,29,1620.0,0.0
2x2_slot_inorder_place_cluster_5_greedy_ver3_greedy_ver3,20260310124041,8,488.0,0.0
2x2_slot_inorder_place_cluster_5_greedy_ver3_greedy_ver3,20260310124044,15,887.0,0.0
2x2_slot_inorder_place_cluster_5_greedy_ver3_greedy_ver3,20260310124047,12,659.0,0.0
2x2_slot_inorder_place_cluster_5_greedy_ver3_greedy_ver3,20260310124051,14,841.0,0.0
2x2_slot_inorder_place_cluster_5_greedy_ver3_greedy_ver3,20260310124054,14,773.0,0.0
2x2_slot_inorder_place_cluster_5_greedy_ver3_greedy_ver3,20260310124058,16,849.0,0.0
2x2_slot_inorder_place_cluster_5_greedy_ver3_greedy_ver3,20260310124101,10,549.0,0.0
2x2_slot_inorder_place_cluster_5_greedy_ver3_greedy_ver3,20260310124105,16,873.0,0.0
2x2_slot_inorder_place_cluster_5_greedy_ver3_greedy_ver3,20260310124108,4,232.0,0.0
2x2_slot_inorder_place_cluster_5_greedy_ver3_greedy_ver3,20260310124111,14,1007.0,0.0
2x2_slot_inorder_place_cluster_5_greedy_ver3_greedy_ver3,20260310124115,8,476.0,0.0
2x2_slot_inorder_place_cluster_5_greedy_ver3_greedy_ver3,20260310124120,38,1844.0,0.0
2x2_slot_inorder_place_cluster_5_greedy_ver3_greedy_ver3,20260310124126,7,414.0,0.0
2x2_slot_inorder_place_cluster_5_greedy_ver3_greedy_ver3,20260310124129,8,468.0,0.0
2x2_slot_inorder_place_cluster_5_greedy_ver3_greedy_ver3,20260310124132,18,877.0,0.0
2x2_slot_inorder_place_cluster_5_greedy_ver3_greedy_ver3,20260310124136,20,1007.0,0.0
2x2_slot_inorder_place_cluster_5_greedy_ver3_greedy_ver3,20260310124141,14,835.0,0.015625
2x2_slot_inorder_place_cluster_5_greedy_ver3_greedy_ver3,20260310124146,16,911.0,0.0
2x2_slot_inorder_place_cluster_5_greedy_ver3_greedy_ver3,20260310124151,20,1011.0,0.0
2x2_slot_inorder_place_cluster_5_greedy_ver3_greedy_ver3,20260310124156,20,1021.0,0.0
2x2_slot_inorder_place_cluster_10_grasp_ver3_grasp_ver3,20260311224108,13,831.0,0.0
2x2_slot_inorder_place_cluster_10_grasp_ver3_grasp_ver3,20260311224111,4,304.0,0.0
2x2_slot_inorder_place_cluster_10_grasp_ver3_grasp_ver3,20260311224113,3,292.0,0.0
2x2_slot_inorder_place_cluster_10_grasp_ver3_grasp_ver3,20260311224116,16,981.0,0.0
2x2_slot_inorder_place_cluster_10_grasp_ver3_grasp_ver3,20260311224118,15,949.0,0.0
2x2_slot_inorder_place_cluster_10_grasp_ver3_grasp_ver3,20260311224122,20,1018.0,0.0
2x2_slot_inorder_place_cluster_10_grasp_ver3_grasp_ver3,20260311224126,2,256.0,0.0
2x2_slot_inorder_place_cluster_10_grasp_ver3_grasp_ver3,20260311224129,12,743.0,0.0
2x2_slot_inorder_place_cluster_10_grasp_ver3_grasp_ver3,20260311224132,13,655.0,0.0
2x2_slot_inorder_place_cluster_10_grasp_ver3_grasp_ver3,20260311224136,11,769.0,0.0
2x2_slot_inorder_place_cluster_10_grasp_ver3_grasp_ver3,20260311224140,15,1067.0,0.0
2x2_slot_inorder_place_cluster_10_grasp_ver3_grasp_ver3,20260311224144,18,1017.0,0.0
2x2_slot_inorder_place_cluster_10_grasp_ver3_grasp_ver3,20260311224148,15,865.0,0.0
2x2_slot_inorder_place_cluster_10_grasp_ver3_grasp_ver3,20260311224150,12,889.0,0.0
2x2_slot_inorder_place_cluster_10_grasp_ver3_grasp_ver3,20260311224154,15,905.0,0.0
2x2_slot_inorder_place_cluster_10_grasp_ver3_grasp_ver3,20260311224159,12,695.0,0.0
2x2_slot_inorder_place_cluster_10_grasp_ver3_grasp_ver3,20260311224203,18,1167.0,0.0
2x2_slot_inorder_place_cluster_10_grasp_ver3_grasp_ver3,20260311224207,19,1255.0,0.015625
2x2_slot_inorder_place_cluster_10_grasp_ver3_grasp_ver3,20260311224213,27,1494.0,0.0
2x2_slot_inorder_place_cluster_10_grasp_ver3_grasp_ver3,20260311224222,20,1243.0,0.0
2x2_slot_inorder_place_cluster_10_grasp_ver3_grasp_ver3,20260311224227,22,1293.0,0.0
2x2_slot_inorder_place_cluster_10_grasp_ver3_grasp_ver3,20260311224230,23,1317.0,0.015625
2x2_slot_inorder_place_cluster_10_grasp_ver3_grasp_ver3,20260311224233,3,298.0,0.0
2x2_slot_inorder_place_cluster_10_grasp_ver3_grasp_ver3,20260311224235,31,1786.0,0.0
2x2_slot_inorder_place_cluster_10_grasp_ver3_grasp_ver3,20260311224241,29,1586.0,0.0
2x2_slot_inorder_place_cluster_10_grasp_ver3_grasp_ver3,20260311224244,5,318.0,0.0
2x2_slot_inorder_place_cluster_10_grasp_ver3_grasp_ver3,20260311224248,6,476.0,0.0
2x2_slot_inorder_place_cluster_10_grasp_ver3_grasp_ver3,20260311224251,20,1355.0,0.0
2x2_slot_inorder_place_cluster_10_grasp_ver3_grasp_ver3,20260311224256,24,1239.0,0.0
2x2_slot_inorder_place_cluster_10_grasp_ver3_grasp_ver3,20260311224302,10,585.0,0.0
2x2_slot_inorder_place_cluster_10_grasp_ver3_grasp_ver3,20260311224304,21,1019.0,0.0
2x2_slot_inorder_place_cluster_10_grasp_ver3_grasp_ver3,20260311224308,8,386.0,0.0
2x2_slot_inorder_place_cluster_10_grasp_ver3_grasp_ver3,20260311224312,17,1155.0,0.0
2x2_slot_inorder_place_cluster_10_grasp_ver3_grasp_ver3,20260311224315,26,1319.0,0.0
2x2_slot_inorder_place_cluster_10_grasp_ver3_grasp_ver3,20260311224320,9,707.0,0.0
2x2_slot_inorder_place_cluster_10_grasp_ver3_grasp_ver3,20260311224323,4,290.0,0.0
2x2_slot_inorder_place_cluster_10_grasp_ver3_grasp_ver3,20260311224325,24,1355.0,0.0
2x2_slot_inorder_place_cluster_10_grasp_ver3_grasp_ver3,20260311224328,11,613.0,0.0
2x2_slot_inorder_place_cluster_10_grasp_ver3_grasp_ver3,20260311224330,11,759.0,0.0
2x2_slot_inorder_place_cluster_10_grasp_ver3_grasp_ver3,20260311224333,12,775.0,0.0
2x2_slot_inorder_place_cluster_10_grasp_ver3_grasp_ver3,20260311224339,7,464.0,0.0
2x2_slot_inorder_place_cluster_10_grasp_ver3_grasp_ver3,20260311224342,6,480.0,0.0
2x2_slot_inorder_place_cluster_10_grasp_ver3_grasp_ver3,20260311224344,2,260.0,0.0
2x2_slot_inorder_place_cluster_10_grasp_ver3_grasp_ver3,20260311224347,3,294.0,0.0
2x2_slot_inorder_place_cluster_10_grasp_ver3_grasp_ver3,20260311224349,14,791.0,0.0
2x2_slot_inorder_place_cluster_10_grasp_ver3_grasp_ver3,20260311224354,15,789.0,0.0
2x2_slot_inorder_place_cluster_10_grasp_ver3_grasp_ver3,20260311224357,19,1303.0,0.0
2x2_slot_inorder_place_cluster_10_grasp_ver3_grasp_ver3,20260311224401,43,2002.0,0.0
2x2_slot_inorder_place_cluster_10_grasp_ver3_grasp_ver3,20260311224408,6,490.0,0.0
2x2_slot_inorder_place_cluster_10_grasp_ver3_grasp_ver3,20260311224410,9,574.0,0.015625
2x2_slot_inorder_place_cluster_10_grasp_ver3_grasp_ver3,20260311224413,16,1031.0,0.015625
2x2_slot_inorder_place_cluster_10_grasp_ver3_grasp_ver3,20260311224417,6,482.0,0.0
2x2_slot_inorder_place_cluster_10_grasp_ver3_grasp_ver3,20260311224420,11,579.0,0.0
2x2_slot_inorder_place_cluster_10_grasp_ver3_grasp_ver3,20260311224423,12,763.0,0.0
2x2_slot_inorder_place_cluster_10_grasp_ver3_grasp_ver3,20260311224426,10,663.0,0.0
2x2_slot_inorder_place_cluster_10_grasp_ver3_grasp_ver3,20260311224429,57,3071.0,0.0
2x2_slot_inorder_place_cluster_10_grasp_ver3_grasp_ver3,20260311224436,6,480.0,0.0
2x2_slot_inorder_place_cluster_10_grasp_ver3_grasp_ver3,20260311224438,7,470.0,0.0
2x2_slot_inorder_place_cluster_10_grasp_ver3_grasp_ver3,20260311224441,9,549.0,0.0
2x2_slot_inorder_place_cluster_10_grasp_ver3_grasp_ver3,20260311224444,19,1259.0,0.0
2x2_slot_inorder_place_cluster_10_grasp_ver3_grasp_ver3,20260311224449,14,857.0,0.015625
2x2_slot_inorder_place_cluster_10_grasp_ver3_grasp_ver3,20260311224453,10,683.0,0.0
2x2_slot_inorder_place_cluster_10_grasp_ver3_grasp_ver3,20260311224458,10,603.0,0.0
2x2_slot_inorder_place_cluster_10_grasp_ver3_grasp_ver3,20260311224502,4,308.0,0.0
2x2_slot_inorder_place_cluster_10_grasp_ver3_grasp_ver3,20260311224505,17,1117.0,0.015625
2x2_slot_inorder_place_cluster_10_grasp_ver3_grasp_ver3,20260311224507,15,977.0,0.0
2x2_slot_inorder_place_cluster_10_grasp_ver3_grasp_ver3,20260311224510,2,250.0,0.0
2x2_slot_inorder_place_cluster_10_grasp_ver3_grasp_ver3,20260311224513,16,1085.0,0.0
2x2_slot_inorder_place_cluster_10_grasp_ver3_grasp_ver3,20260311224515,26,1445.0,0.0
2x2_slot_inorder_place_cluster_10_grasp_ver3_grasp_ver3,20260311224518,27,1308.0,0.0
2x2_slot_inorder_place_cluster_10_grasp_ver3_grasp_ver3,20260311224521,13,957.0,0.0
2x2_slot_inorder_place_cluster_10_grasp_ver3_grasp_ver3,20260311224525,18,1207.0,0.0
2x2_slot_inorder_place_cluster_10_grasp_ver3_grasp_ver3,20260311224528,28,1538.0,0.0
2x2_slot_inorder_place_cluster_10_grasp_ver3_grasp_ver3,20260311224534,8,558.0,0.015625
2x2_slot_inorder_place_cluster_10_grasp_ver3_grasp_ver3,20260311224538,9,639.0,0.0
2x2_slot_inorder_place_cluster_10_grasp_ver3_grasp_ver3,20260311224541,8,504.0,0.0
2x2_slot_inorder_place_cluster_10_grasp_ver3_grasp_ver3,20260311224546,21,1275.0,0.0
2x2_slot_inorder_place_cluster_10_grasp_ver3_grasp_ver3,20260311224550,16,1019.0,0.0
2x2_slot_inorder_place_cluster_10_grasp_ver3_grasp_ver3,20260311224556,3,268.0,0.0
2x2_slot_inorder_place_cluster_10_grasp_ver3_grasp_ver3,20260311224558,32,1884.0,0.0
2x2_slot_inorder_place_cluster_10_grasp_ver3_grasp_ver3,20260311224607,20,1129.0,0.0
2x2_slot_inorder_place_cluster_10_grasp_ver3_grasp_ver3,20260311224614,35,2148.0,0.0
2x2_slot_inorder_place_cluster_10_grasp_ver3_grasp_ver3,20260311224618,4,296.0,0.0
2x2_slot_inorder_place_cluster_10_grasp_ver3_grasp_ver3,20260311224621,6,412.0,0.0
2x2_slot_inorder_place_cluster_10_grasp_ver3_grasp_ver3,20260311224624,8,490.0,0.0
2x2_slot_inorder_place_cluster_10_grasp_ver3_grasp_ver3,20260311224627,3,300.0,0.0
2x2_slot_inorder_place_cluster_10_grasp_ver3_grasp_ver3,20260311224630,8,506.0,0.0
2x2_slot_inorder_place_cluster_10_grasp_ver3_grasp_ver3,20260311224633,10,689.0,0.0
2x2_slot_inorder_place_cluster_10_grasp_ver3_grasp_ver3,20260311224635,32,1744.0,0.0
2x2_slot_inorder_place_cluster_10_grasp_ver3_grasp_ver3,20260311224643,9,639.0,0.0
2x2_slot_inorder_place_cluster_10_grasp_ver3_grasp_ver3,20260311224646,24,1328.0,0.0
2x2_slot_inorder_place_cluster_10_grasp_ver3_grasp_ver3,20260311224650,13,785.0,0.0
2x2_slot_inorder_place_cluster_10_grasp_ver3_grasp_ver3,20260311224655,38,1828.0,0.0
2x2_slot_inorder_place_cluster_10_grasp_ver3_grasp_ver3,20260311224659,36,1883.0,0.0
2x2_slot_inorder_place_cluster_10_grasp_ver3_grasp_ver3,20260311224711,24,1206.0,0.0
2x2_slot_inorder_place_cluster_10_grasp_ver3_grasp_ver3,20260311224716,18,1027.0,0.0
2x2_slot_inorder_place_cluster_10_grasp_ver3_grasp_ver3,20260311224719,8,508.0,0.0
2x2_slot_inorder_place_cluster_10_grasp_ver3_grasp_ver3,20260311224723,7,476.0,0.0
2x2_slot_inorder_place_cluster_10_grasp_ver3_grasp_ver3,20260311224726,24,1279.0,0.015625
2x2_slot_inorder_place_cluster_10_grasp_ver3_grasp_ver3,20260311224731,44,2533.0,0.0
2x2_slot_inorder_place_cluster_10_grasp_ver3_grasp_ver3,20260311224740,6,470.0,0.0
2x2_slot_inorder_place_cluster_10_grasp_ver3_grasp_ver3,20260311224744,7,518.0,0.0
2x2_slot_inorder_place_cluster_10_grasp_ver3_grasp_ver3,20260311224747,25,1401.0,0.0
2x2_slot_inorder_place_cluster_10_grasp_ver3_grasp_ver3,20260311224750,36,1926.0,0.0
2x2_slot_inorder_place_cluster_10_grasp_ver3_grasp_ver3,20260311224754,16,907.0,0.0
2x2_slot_inorder_place_cluster_10_grasp_ver3_grasp_ver3,20260311224800,42,2292.0,0.0
2x2_slot_inorder_place_cluster_10_grasp_ver3_grasp_ver3,20260311224804,32,1742.0,0.015625
2x2_slot_inorder_place_cluster_10_grasp_ver3_grasp_ver3,20260311224808,29,1628.0,0.0
2x2_slot_inorder_place_cluster_10_grasp_ver3_grasp_ver3,20260311224816,33,1770.0,0.0
2x2_slot_inorder_place_cluster_10_grasp_ver3_grasp_ver3,20260311224822,30,1778.0,0.0
2x2_slot_inorder_place_cluster_10_grasp_ver3_grasp_ver3,20260311224827,5,314.0,0.0
2x2_slot_inorder_place_cluster_10_grasp_ver3_grasp_ver3,20260311224831,13,859.0,0.0
2x2_slot_inorder_place_cluster_10_grasp_ver3_grasp_ver3,20260311224835,50,2426.0,0.0
2x2_slot_inorder_place_cluster_10_grasp_ver3_grasp_ver3,20260311224840,20,1221.0,0.0
2x2_slot_inorder_place_cluster_10_grasp_ver3_grasp_ver3,20260311224849,19,1145.0,0.0
2x2_slot_inorder_place_cluster_10_grasp_ver3_grasp_ver3,20260311224855,13,831.0,0.0
2x2_slot_inorder_place_cluster_10_grasp_ver3_grasp_ver3,20260311224857,15,923.0,0.0
2x2_slot_inorder_place_cluster_10_grasp_ver3_grasp_ver3,20260311224902,24,1461.0,0.0
2x2_slot_inorder_place_cluster_10_grasp_ver3_grasp_ver3,20260311224908,3,274.0,0.0
2x2_slot_inorder_place_cluster_10_grasp_ver3_grasp_ver3,20260311224911,28,1576.0,0.0
2x2_slot_inorder_place_cluster_10_grasp_ver3_grasp_ver3,20260311224919,16,833.0,0.0
2x2_slot_inorder_place_cluster_10_grasp_ver3_grasp_ver3,20260311224925,12,663.0,0.0
2x2_slot_inorder_place_cluster_10_grasp_ver3_grasp_ver3,20260311224929,31,1667.0,0.015625
2x2_slot_inorder_place_cluster_10_grasp_ver3_grasp_ver3,20260311224936,15,1007.0,0.0
2x2_slot_inorder_place_cluster_10_grasp_ver3_grasp_ver3,20260311224941,3,282.0,0.0
2x2_slot_inorder_place_cluster_10_grasp_ver3_grasp_ver3,20260311224943,33,1603.0,0.0
2x2_slot_inorder_place_cluster_10_grasp_ver3_grasp_ver3,20260311224951,11,717.0,0.0
2x2_slot_inorder_place_cluster_10_grasp_ver3_grasp_ver3,20260311224958,15,941.0,0.0
2x2_slot_inorder_place_cluster_10_grasp_ver3_grasp_ver3,20260311225004,17,1129.0,0.0
2x2_slot_inorder_place_cluster_10_grasp_ver3_grasp_ver3,20260311225009,29,1470.0,0.0
2x2_slot_inorder_place_cluster_10_grasp_ver3_grasp_ver3,20260311225013,14,919.0,0.0
2x2_slot_inorder_place_cluster_10_grasp_ver3_grasp_ver3,20260311225018,16,1177.0,0.0
2x2_slot_inorder_place_cluster_10_grasp_ver3_grasp_ver3,20260311225024,11,737.0,0.0
2x2_slot_inorder_place_cluster_10_grasp_ver3_grasp_ver3,20260311225028,8,530.0,0.0
2x2_slot_inorder_place_cluster_10_grasp_ver3_grasp_ver3,20260311225030,22,1329.0,0.0
2x2_slot_inorder_place_cluster_10_grasp_ver3_grasp_ver3,20260311225037,13,779.0,0.0
2x2_slot_inorder_place_cluster_10_grasp_ver3_grasp_ver3,20260311225040,11,759.0,0.0
2x2_slot_inorder_place_cluster_10_grasp_ver3_grasp_ver3,20260311225044,4,272.0,0.0
2x2_slot_inorder_place_cluster_10_grasp_ver3_grasp_ver3,20260311225047,18,1036.0,0.0
2x2_slot_inorder_place_cluster_10_grasp_ver3_grasp_ver3,20260311225052,20,1161.0,0.0
2x2_slot_inorder_place_cluster_10_grasp_ver3_grasp_ver3,20260311225058,9,469.0,0.0
2x2_slot_inorder_place_cluster_10_grasp_ver3_grasp_ver3,20260311225102,37,2018.0,0.0
2x2_slot_inorder_place_cluster_10_grasp_ver3_grasp_ver3,20260311225110,27,1659.0,0.0
2x2_slot_inorder_place_cluster_10_grasp_ver3_grasp_ver3,20260311225117,13,851.0,0.0
2x2_slot_inorder_place_cluster_10_grasp_ver3_grasp_ver3,20260311225121,17,1073.0,0.0
2x2_slot_inorder_place_cluster_10_grasp_ver3_grasp_ver3,20260311225126,21,1303.0,0.0
2x2_slot_inorder_place_cluster_10_grasp_ver3_grasp_ver3,20260311225131,10,518.0,0.015625
2x2_slot_inorder_place_cluster_10_grasp_ver3_grasp_ver3,20260311225134,23,1249.0,0.0
2x2_slot_inorder_place_cluster_10_grasp_ver3_grasp_ver3,20260311225139,12,883.0,0.0
2x2_slot_inorder_place_cluster_10_grasp_ver3_grasp_ver3,20260311225144,20,1293.0,0.0
2x2_slot_inorder_place_cluster_10_grasp_ver3_grasp_ver3,20260311225150,32,1646.0,0.0
2x2_slot_inorder_place_cluster_10_grasp_ver3_grasp_ver3,20260311225200,5,349.0,0.0
2x2_slot_inorder_place_cluster_10_grasp_ver3_grasp_ver3,20260311225204,22,1263.0,0.0
2x2_slot_inorder_place_cluster_10_grasp_ver3_grasp_ver3,20260311225209,18,866.0,0.0
2x2_slot_inorder_place_cluster_10_grasp_ver3_grasp_ver3,20260311225212,12,749.0,0.015625
2x2_slot_inorder_place_cluster_10_grasp_ver3_grasp_ver3,20260311225217,25,1320.0,0.0
2x2_slot_inorder_place_cluster_10_grasp_ver3_grasp_ver3,20260311225222,19,1051.0,0.0
2x2_slot_inorder_place_cluster_10_grasp_ver3_grasp_ver3,20260311225228,27,1482.0,0.0
2x2_slot_inorder_place_cluster_10_grasp_ver3_greedy_ver3,20260311224109,23,1077.0,0.0
2x2_slot_inorder_place_cluster_10_grasp_ver3_greedy_ver3,20260311224112,28,1300.0,0.0
2x2_slot_inorder_place_cluster_10_grasp_ver3_greedy_ver3,20260311224114,4,292.0,0.0
2x2_slot_inorder_place_cluster_10_grasp_ver3_greedy_ver3,20260311224117,6,470.0,0.0
2x2_slot_inorder_place_cluster_10_grasp_ver3_greedy_ver3,20260311224120,13,651.0,0.0
2x2_slot_inorder_place_cluster_10_grasp_ver3_greedy_ver3,20260311224124,16,907.0,0.0
2x2_slot_inorder_place_cluster_10_grasp_ver3_greedy_ver3,20260311224127,4,248.0,0.0
2x2_slot_inorder_place_cluster_10_grasp_ver3_greedy_ver3,20260311224130,22,1145.0,0.0
2x2_slot_inorder_place_cluster_10_grasp_ver3_greedy_ver3,20260311224134,14,737.0,0.0
2x2_slot_inorder_place_cluster_10_grasp_ver3_greedy_ver3,20260311224138,31,1715.0,0.0
2x2_slot_inorder_place_cluster_10_grasp_ver3_greedy_ver3,20260311224142,21,1265.0,0.0
2x2_slot_inorder_place_cluster_10_grasp_ver3_greedy_ver3,20260311224146,17,943.0,0.0
2x2_slot_inorder_place_cluster_10_grasp_ver3_greedy_ver3,20260311224149,15,989.0,0.0
2x2_slot_inorder_place_cluster_10_grasp_ver3_greedy_ver3,20260311224152,18,1181.0,0.0
2x2_slot_inorder_place_cluster_10_grasp_ver3_greedy_ver3,20260311224157,17,899.0,0.015625
2x2_slot_inorder_place_cluster_10_grasp_ver3_greedy_ver3,20260311224201,16,939.0,0.0
2x2_slot_inorder_place_cluster_10_grasp_ver3_greedy_ver3,20260311224205,22,1081.0,0.0
2x2_slot_inorder_place_cluster_10_grasp_ver3_greedy_ver3,20260311224210,22,1349.0,0.0
2x2_slot_inorder_place_cluster_10_grasp_ver3_greedy_ver3,20260311224217,31,1630.0,0.0
2x2_slot_inorder_place_cluster_10_grasp_ver3_greedy_ver3,20260311224224,25,1523.0,0.0
2x2_slot_inorder_place_cluster_10_grasp_ver3_greedy_ver3,20260311224228,8,476.0,0.0
2x2_slot_inorder_place_cluster_10_grasp_ver3_greedy_ver3,20260311224231,8,504.0,0.015625
2x2_slot_inorder_place_cluster_10_grasp_ver3_greedy_ver3,20260311224234,4,298.0,0.0
2x2_slot_inorder_place_cluster_10_grasp_ver3_greedy_ver3,20260311224238,33,1824.0,0.0
2x2_slot_inorder_place_cluster_10_grasp_ver3_greedy_ver3,20260311224242,11,811.0,0.0
2x2_slot_inorder_place_cluster_10_grasp_ver3_greedy_ver3,20260311224246,23,1156.0,0.015625
2x2_slot_inorder_place_cluster_10_grasp_ver3_greedy_ver3,20260311224249,12,799.0,0.0
2x2_slot_inorder_place_cluster_10_grasp_ver3_greedy_ver3,20260311224253,19,1075.0,0.0
2x2_slot_inorder_place_cluster_10_grasp_ver3_greedy_ver3,20260311224259,21,1089.0,0.0
2x2_slot_inorder_place_cluster_10_grasp_ver3_greedy_ver3,20260311224303,6,516.0,0.0
2x2_slot_inorder_place_cluster_10_grasp_ver3_greedy_ver3,20260311224306,15,897.0,0.0
2x2_slot_inorder_place_cluster_10_grasp_ver3_greedy_ver3,20260311224310,21,1157.0,0.0
2x2_slot_inorder_place_cluster_10_grasp_ver3_greedy_ver3,20260311224313,6,460.0,0.0
2x2_slot_inorder_place_cluster_10_grasp_ver3_greedy_ver3,20260311224317,25,1405.0,0.0
2x2_slot_inorder_place_cluster_10_grasp_ver3_greedy_ver3,20260311224322,26,1508.0,0.0
2x2_slot_inorder_place_cluster_10_grasp_ver3_greedy_ver3,20260311224324,4,270.0,0.0
2x2_slot_inorder_place_cluster_10_grasp_ver3_greedy_ver3,20260311224327,14,797.0,0.0
2x2_slot_inorder_place_cluster_10_grasp_ver3_greedy_ver3,20260311224329,4,296.0,0.0
2x2_slot_inorder_place_cluster_10_grasp_ver3_greedy_ver3,20260311224331,4,252.0,0.0
2x2_slot_inorder_place_cluster_10_grasp_ver3_greedy_ver3,20260311224336,21,1137.0,0.0
2x2_slot_inorder_place_cluster_10_grasp_ver3_greedy_ver3,20260311224340,7,470.0,0.0
2x2_slot_inorder_place_cluster_10_grasp_ver3_greedy_ver3,20260311224343,6,460.0,0.0
2x2_slot_inorder_place_cluster_10_grasp_ver3_greedy_ver3,20260311224345,34,1744.0,0.0
2x2_slot_inorder_place_cluster_10_grasp_ver3_greedy_ver3,20260311224348,30,1980.0,0.015625
2x2_slot_inorder_place_cluster_10_grasp_ver3_greedy_ver3,20260311224351,16,867.0,0.0
2x2_slot_inorder_place_cluster_10_grasp_ver3_greedy_ver3,20260311224355,14,875.0,0.0
2x2_slot_inorder_place_cluster_10_grasp_ver3_greedy_ver3,20260311224359,19,1201.0,0.0
2x2_slot_inorder_place_cluster_10_grasp_ver3_greedy_ver3,20260311224404,37,1954.0,0.015625
2x2_slot_inorder_place_cluster_10_grasp_ver3_greedy_ver3,20260311224409,11,663.0,0.0
2x2_slot_inorder_place_cluster_10_grasp_ver3_greedy_ver3,20260311224411,8,496.0,0.0
2x2_slot_inorder_place_cluster_10_grasp_ver3_greedy_ver3,20260311224415,10,609.0,0.0
2x2_slot_inorder_place_cluster_10_grasp_ver3_greedy_ver3,20260311224418,9,500.0,0.015625
2x2_slot_inorder_place_cluster_10_grasp_ver3_greedy_ver3,20260311224422,8,478.0,0.0
2x2_slot_inorder_place_cluster_10_grasp_ver3_greedy_ver3,20260311224424,17,945.0,0.0
2x2_slot_inorder_place_cluster_10_grasp_ver3_greedy_ver3,20260311224428,10,653.0,0.0
2x2_slot_inorder_place_cluster_10_grasp_ver3_greedy_ver3,20260311224432,40,2482.0,0.0
2x2_slot_inorder_place_cluster_10_grasp_ver3_greedy_ver3,20260311224437,6,460.0,0.0
2x2_slot_inorder_place_cluster_10_grasp_ver3_greedy_ver3,20260311224440,23,1249.0,0.0
2x2_slot_inorder_place_cluster_10_grasp_ver3_greedy_ver3,20260311224443,9,613.0,0.0
2x2_slot_inorder_place_cluster_10_grasp_ver3_greedy_ver3,20260311224446,28,1556.0,0.0
2x2_slot_inorder_place_cluster_10_grasp_ver3_greedy_ver3,20260311224451,21,1257.0,0.0
2x2_slot_inorder_place_cluster_10_grasp_ver3_greedy_ver3,20260311224455,13,877.0,0.0
2x2_slot_inorder_place_cluster_10_grasp_ver3_greedy_ver3,20260311224500,10,589.0,0.0
2x2_slot_inorder_place_cluster_10_grasp_ver3_greedy_ver3,20260311224503,21,1351.0,0.0
2x2_slot_inorder_place_cluster_10_grasp_ver3_greedy_ver3,20260311224506,4,292.0,0.0
2x2_slot_inorder_place_cluster_10_grasp_ver3_greedy_ver3,20260311224508,12,839.0,0.0
2x2_slot_inorder_place_cluster_10_grasp_ver3_greedy_ver3,20260311224511,11,577.0,0.0
2x2_slot_inorder_place_cluster_10_grasp_ver3_greedy_ver3,20260311224514,4,252.0,0.0
2x2_slot_inorder_place_cluster_10_grasp_ver3_greedy_ver3,20260311224517,4,294.0,0.015625
2x2_slot_inorder_place_cluster_10_grasp_ver3_greedy_ver3,20260311224520,4,260.0,0.0
2x2_slot_inorder_place_cluster_10_grasp_ver3_greedy_ver3,20260311224522,22,1299.0,0.0
2x2_slot_inorder_place_cluster_10_grasp_ver3_greedy_ver3,20260311224526,19,1007.0,0.0
2x2_slot_inorder_place_cluster_10_grasp_ver3_greedy_ver3,20260311224531,16,849.0,0.0
2x2_slot_inorder_place_cluster_10_grasp_ver3_greedy_ver3,20260311224536,8,538.0,0.0
2x2_slot_inorder_place_cluster_10_grasp_ver3_greedy_ver3,20260311224539,10,619.0,0.0
2x2_slot_inorder_place_cluster_10_grasp_ver3_greedy_ver3,20260311224544,10,637.0,0.0
2x2_slot_inorder_place_cluster_10_grasp_ver3_greedy_ver3,20260311224548,40,2070.0,0.0
2x2_slot_inorder_place_cluster_10_grasp_ver3_greedy_ver3,20260311224552,54,2502.0,0.0
2x2_slot_inorder_place_cluster_10_grasp_ver3_greedy_ver3,20260311224557,36,2122.0,0.0
2x2_slot_inorder_place_cluster_10_grasp_ver3_greedy_ver3,20260311224603,31,1916.0,0.0
2x2_slot_inorder_place_cluster_10_grasp_ver3_greedy_ver3,20260311224611,22,1158.0,0.0
2x2_slot_inorder_place_cluster_10_grasp_ver3_greedy_ver3,20260311224616,12,697.0,0.0
2x2_slot_inorder_place_cluster_10_grasp_ver3_greedy_ver3,20260311224620,11,641.0,0.0
2x2_slot_inorder_place_cluster_10_grasp_ver3_greedy_ver3,20260311224622,22,1154.0,0.0
2x2_slot_inorder_place_cluster_10_grasp_ver3_greedy_ver3,20260311224626,8,440.0,0.0
2x2_slot_inorder_place_cluster_10_grasp_ver3_greedy_ver3,20260311224628,21,1113.0,0.0
2x2_slot_inorder_place_cluster_10_grasp_ver3_greedy_ver3,20260311224631,25,1315.0,0.0
2x2_slot_inorder_place_cluster_10_grasp_ver3_greedy_ver3,20260311224634,4,284.0,0.0
2x2_slot_inorder_place_cluster_10_grasp_ver3_greedy_ver3,20260311224639,26,1320.0,0.0
2x2_slot_inorder_place_cluster_10_grasp_ver3_greedy_ver3,20260311224645,10,663.0,0.0
2x2_slot_inorder_place_cluster_10_grasp_ver3_greedy_ver3,20260311224648,10,633.0,0.0
2x2_slot_inorder_place_cluster_10_grasp_ver3_greedy_ver3,20260311224652,11,641.0,0.0
2x2_slot_inorder_place_cluster_10_grasp_ver3_greedy_ver3,20260311224657,11,515.0,0.0
2x2_slot_inorder_place_cluster_10_grasp_ver3_greedy_ver3,20260311224705,28,1380.0,0.0
2x2_slot_inorder_place_cluster_10_grasp_ver3_greedy_ver3,20260311224714,25,1134.0,0.0
2x2_slot_inorder_place_cluster_10_grasp_ver3_greedy_ver3,20260311224718,19,1143.0,0.0
2x2_slot_inorder_place_cluster_10_grasp_ver3_greedy_ver3,20260311224721,14,949.0,0.0
2x2_slot_inorder_place_cluster_10_grasp_ver3_greedy_ver3,20260311224725,8,476.0,0.0
2x2_slot_inorder_place_cluster_10_grasp_ver3_greedy_ver3,20260311224728,24,1431.0,0.0
2x2_slot_inorder_place_cluster_10_grasp_ver3_greedy_ver3,20260311224735,56,2933.0,0.0
2x2_slot_inorder_place_cluster_10_grasp_ver3_greedy_ver3,20260311224742,22,1228.0,0.0
2x2_slot_inorder_place_cluster_10_grasp_ver3_greedy_ver3,20260311224745,24,1463.0,0.0
2x2_slot_inorder_place_cluster_10_grasp_ver3_greedy_ver3,20260311224749,10,631.0,0.015625
2x2_slot_inorder_place_cluster_10_grasp_ver3_greedy_ver3,20260311224752,16,1013.0,0.0
2x2_slot_inorder_place_cluster_10_grasp_ver3_greedy_ver3,20260311224757,29,1176.0,0.0
2x2_slot_inorder_place_cluster_10_grasp_ver3_greedy_ver3,20260311224802,10,713.0,0.0
2x2_slot_inorder_place_cluster_10_grasp_ver3_greedy_ver3,20260311224806,7,400.0,0.0
2x2_slot_inorder_place_cluster_10_grasp_ver3_greedy_ver3,20260311224811,39,1988.0,0.0
2x2_slot_inorder_place_cluster_10_grasp_ver3_greedy_ver3,20260311224819,30,1532.0,0.0
2x2_slot_inorder_place_cluster_10_grasp_ver3_greedy_ver3,20260311224824,21,1169.0,0.0
2x2_slot_inorder_place_cluster_10_grasp_ver3_greedy_ver3,20260311224829,8,470.0,0.0
2x2_slot_inorder_place_cluster_10_grasp_ver3_greedy_ver3,20260311224833,14,867.0,0.0
2x2_slot_inorder_place_cluster_10_grasp_ver3_greedy_ver3,20260311224837,17,1063.0,0.0
2x2_slot_inorder_place_cluster_10_grasp_ver3_greedy_ver3,20260311224843,41,1950.0,0.0
2x2_slot_inorder_place_cluster_10_grasp_ver3_greedy_ver3,20260311224852,21,1081.0,0.0
2x2_slot_inorder_place_cluster_10_grasp_ver3_greedy_ver3,20260311224856,16,1029.0,0.0
2x2_slot_inorder_place_cluster_10_grasp_ver3_greedy_ver3,20260311224859,16,887.0,0.0
2x2_slot_inorder_place_cluster_10_grasp_ver3_greedy_ver3,20260311224905,23,1419.0,0.0
2x2_slot_inorder_place_cluster_10_grasp_ver3_greedy_ver3,20260311224910,21,1113.0,0.0
2x2_slot_inorder_place_cluster_10_grasp_ver3_greedy_ver3,20260311224915,30,1514.0,0.0
2x2_slot_inorder_place_cluster_10_grasp_ver3_greedy_ver3,20260311224922,30,1276.0,0.0
2x2_slot_inorder_place_cluster_10_grasp_ver3_greedy_ver3,20260311224927,14,736.0,0.0
2x2_slot_inorder_place_cluster_10_grasp_ver3_greedy_ver3,20260311224932,31,1454.0,0.0
2x2_slot_inorder_place_cluster_10_grasp_ver3_greedy_ver3,20260311224938,15,869.0,0.0
2x2_slot_inorder_place_cluster_10_grasp_ver3_greedy_ver3,20260311224942,9,536.0,0.0
2x2_slot_inorder_place_cluster_10_grasp_ver3_greedy_ver3,20260311224947,43,2106.0,0.0
2x2_slot_inorder_place_cluster_10_grasp_ver3_greedy_ver3,20260311224955,19,1013.0,0.0
2x2_slot_inorder_place_cluster_10_grasp_ver3_greedy_ver3,20260311225001,16,881.0,0.0
2x2_slot_inorder_place_cluster_10_grasp_ver3_greedy_ver3,20260311225006,17,1029.0,0.0
2x2_slot_inorder_place_cluster_10_grasp_ver3_greedy_ver3,20260311225011,8,470.0,0.0
2x2_slot_inorder_place_cluster_10_grasp_ver3_greedy_ver3,20260311225015,14,849.0,0.0
2x2_slot_inorder_place_cluster_10_grasp_ver3_greedy_ver3,20260311225020,41,1883.0,0.0
2x2_slot_inorder_place_cluster_10_grasp_ver3_greedy_ver3,20260311225026,13,863.0,0.0
2x2_slot_inorder_place_cluster_10_grasp_ver3_greedy_ver3,20260311225029,9,538.0,0.0
2x2_slot_inorder_place_cluster_10_grasp_ver3_greedy_ver3,20260311225033,29,1672.0,0.0
2x2_slot_inorder_place_cluster_10_grasp_ver3_greedy_ver3,20260311225038,13,749.0,0.015625
2x2_slot_inorder_place_cluster_10_grasp_ver3_greedy_ver3,20260311225042,12,739.0,0.0
2x2_slot_inorder_place_cluster_10_grasp_ver3_greedy_ver3,20260311225045,11,941.0,0.0
2x2_slot_inorder_place_cluster_10_grasp_ver3_greedy_ver3,20260311225049,15,708.0,0.0
2x2_slot_inorder_place_cluster_10_grasp_ver3_greedy_ver3,20260311225054,28,1386.0,0.0
2x2_slot_inorder_place_cluster_10_grasp_ver3_greedy_ver3,20260311225100,9,429.0,0.0
2x2_slot_inorder_place_cluster_10_grasp_ver3_greedy_ver3,20260311225105,49,2191.0,0.0
2x2_slot_inorder_place_cluster_10_grasp_ver3_greedy_ver3,20260311225113,29,1246.0,0.0
2x2_slot_inorder_place_cluster_10_grasp_ver3_greedy_ver3,20260311225119,14,809.0,0.0
2x2_slot_inorder_place_cluster_10_grasp_ver3_greedy_ver3,20260311225123,16,1033.0,0.0
2x2_slot_inorder_place_cluster_10_grasp_ver3_greedy_ver3,20260311225128,26,1326.0,0.0
2x2_slot_inorder_place_cluster_10_grasp_ver3_greedy_ver3,20260311225132,10,529.0,0.0
2x2_slot_inorder_place_cluster_10_grasp_ver3_greedy_ver3,20260311225137,16,923.0,0.0
2x2_slot_inorder_place_cluster_10_grasp_ver3_greedy_ver3,20260311225141,14,803.0,0.0
2x2_slot_inorder_place_cluster_10_grasp_ver3_greedy_ver3,20260311225147,22,1137.0,0.0
2x2_slot_inorder_place_cluster_10_grasp_ver3_greedy_ver3,20260311225155,24,1220.0,0.0
2x2_slot_inorder_place_cluster_10_grasp_ver3_greedy_ver3,20260311225202,14,719.0,0.015625
2x2_slot_inorder_place_cluster_10_grasp_ver3_greedy_ver3,20260311225207,16,820.0,0.0
2x2_slot_inorder_place_cluster_10_grasp_ver3_greedy_ver3,20260311225210,8,472.0,0.0
2x2_slot_inorder_place_cluster_10_grasp_ver3_greedy_ver3,20260311225214,12,733.0,0.0
2x2_slot_inorder_place_cluster_10_grasp_ver3_greedy_ver3,20260311225219,16,881.0,0.0
2x2_slot_inorder_place_cluster_10_grasp_ver3_greedy_ver3,20260311225225,20,1063.0,0.0
2x2_slot_inorder_place_cluster_10_grasp_ver3_greedy_ver3,20260311225231,25,1211.0,0.0
2x2_slot_inorder_place_cluster_10_greedy_ver3_grasp_ver3,20260311222938,2,258.0,0.0
2x2_slot_inorder_place_cluster_10_greedy_ver3_grasp_ver3,20260311222941,13,835.0,0.0
2x2_slot_inorder_place_cluster_10_greedy_ver3_grasp_ver3,20260311222944,24,1263.0,0.0
2x2_slot_inorder_place_cluster_10_greedy_ver3_grasp_ver3,20260311222948,21,1375.0,0.0
2x2_slot_inorder_place_cluster_10_greedy_ver3_grasp_ver3,20260311222951,3,292.0,0.0
2x2_slot_inorder_place_cluster_10_greedy_ver3_grasp_ver3,20260311222953,9,609.0,0.0
2x2_slot_inorder_place_cluster_10_greedy_ver3_grasp_ver3,20260311222956,12,763.0,0.0
2x2_slot_inorder_place_cluster_10_greedy_ver3_grasp_ver3,20260311222959,4,320.0,0.0
2x2_slot_inorder_place_cluster_10_greedy_ver3_grasp_ver3,20260311223002,10,695.0,0.0
2x2_slot_inorder_place_cluster_10_greedy_ver3_grasp_ver3,20260311223005,9,659.0,0.015625
2x2_slot_inorder_place_cluster_10_greedy_ver3_grasp_ver3,20260311223009,10,753.0,0.0
2x2_slot_inorder_place_cluster_10_greedy_ver3_grasp_ver3,20260311223011,7,508.0,0.0
2x2_slot_inorder_place_cluster_10_greedy_ver3_grasp_ver3,20260311223014,18,1405.0,0.0
2x2_slot_inorder_place_cluster_10_greedy_ver3_grasp_ver3,20260311223018,26,1277.0,0.0
2x2_slot_inorder_place_cluster_10_greedy_ver3_grasp_ver3,20260311223024,22,1315.0,0.0
2x2_slot_inorder_place_cluster_10_greedy_ver3_grasp_ver3,20260311223028,21,959.0,0.0
2x2_slot_inorder_place_cluster_10_greedy_ver3_grasp_ver3,20260311223034,46,2184.0,0.0
2x2_slot_inorder_place_cluster_10_greedy_ver3_grasp_ver3,20260311223044,19,1263.0,0.015625
2x2_slot_inorder_place_cluster_10_greedy_ver3_grasp_ver3,20260311223052,28,1600.0,0.0
2x2_slot_inorder_place_cluster_10_greedy_ver3_grasp_ver3,20260311223058,11,623.0,0.0
2x2_slot_inorder_place_cluster_10_greedy_ver3_grasp_ver3,20260311223101,6,496.0,0.0
2x2_slot_inorder_place_cluster_10_greedy_ver3_grasp_ver3,20260311223104,16,977.0,0.0
2x2_slot_inorder_place_cluster_10_greedy_ver3_grasp_ver3,20260311223107,7,506.0,0.0
2x2_slot_inorder_place_cluster_10_greedy_ver3_grasp_ver3,20260311223111,6,482.0,0.0
2x2_slot_inorder_place_cluster_10_greedy_ver3_grasp_ver3,20260311223114,13,783.0,0.0
2x2_slot_inorder_place_cluster_10_greedy_ver3_grasp_ver3,20260311223118,8,590.0,0.0
2x2_slot_inorder_place_cluster_10_greedy_ver3_grasp_ver3,20260311223121,12,679.0,0.0
2x2_slot_inorder_place_cluster_10_greedy_ver3_grasp_ver3,20260311223125,20,1153.0,0.0
2x2_slot_inorder_place_cluster_10_greedy_ver3_grasp_ver3,20260311223132,24,1289.0,0.0
2x2_slot_inorder_place_cluster_10_greedy_ver3_grasp_ver3,20260311223136,7,466.0,0.0
2x2_slot_inorder_place_cluster_10_greedy_ver3_grasp_ver3,20260311223140,11,633.0,0.0
2x2_slot_inorder_place_cluster_10_greedy_ver3_grasp_ver3,20260311223144,18,995.0,0.0
2x2_slot_inorder_place_cluster_10_greedy_ver3_grasp_ver3,20260311223147,14,927.0,0.0
2x2_slot_inorder_place_cluster_10_greedy_ver3_grasp_ver3,20260311223151,30,1712.0,0.0
2x2_slot_inorder_place_cluster_10_greedy_ver3_grasp_ver3,20260311223155,28,1660.0,0.0
2x2_slot_inorder_place_cluster_10_greedy_ver3_grasp_ver3,20260311223158,31,1860.0,0.0
2x2_slot_inorder_place_cluster_10_greedy_ver3_grasp_ver3,20260311223201,44,2528.0,0.0
2x2_slot_inorder_place_cluster_10_greedy_ver3_grasp_ver3,20260311223204,5,304.0,0.0
2x2_slot_inorder_place_cluster_10_greedy_ver3_grasp_ver3,20260311223207,3,308.0,0.0
2x2_slot_inorder_place_cluster_10_greedy_ver3_grasp_ver3,20260311223210,12,689.0,0.0
2x2_slot_inorder_place_cluster_10_greedy_ver3_grasp_ver3,20260311223212,18,1099.0,0.0
2x2_slot_inorder_place_cluster_10_greedy_ver3_grasp_ver3,20260311223215,10,583.0,0.0
2x2_slot_inorder_place_cluster_10_greedy_ver3_grasp_ver3,20260311223217,14,775.0,0.0
2x2_slot_inorder_place_cluster_10_greedy_ver3_grasp_ver3,20260311223221,10,595.0,0.0
2x2_slot_inorder_place_cluster_10_greedy_ver3_grasp_ver3,20260311223223,4,300.0,0.0
2x2_slot_inorder_place_cluster_10_greedy_ver3_grasp_ver3,20260311223225,20,1149.0,0.0
2x2_slot_inorder_place_cluster_10_greedy_ver3_grasp_ver3,20260311223230,33,1877.0,0.0
2x2_slot_inorder_place_cluster_10_greedy_ver3_grasp_ver3,20260311223237,27,1332.0,0.0
2x2_slot_inorder_place_cluster_10_greedy_ver3_grasp_ver3,20260311223243,6,490.0,0.0
2x2_slot_inorder_place_cluster_10_greedy_ver3_grasp_ver3,20260311223245,7,468.0,0.0
2x2_slot_inorder_place_cluster_10_greedy_ver3_grasp_ver3,20260311223248,6,402.0,0.0
2x2_slot_inorder_place_cluster_10_greedy_ver3_grasp_ver3,20260311223252,14,769.0,0.0
2x2_slot_inorder_place_cluster_10_greedy_ver3_grasp_ver3,20260311223254,11,853.0,0.0
2x2_slot_inorder_place_cluster_10_greedy_ver3_grasp_ver3,20260311223257,17,1123.0,0.0
2x2_slot_inorder_place_cluster_10_greedy_ver3_grasp_ver3,20260311223300,8,572.0,0.0
2x2_slot_inorder_place_cluster_10_greedy_ver3_grasp_ver3,20260311223303,2,266.0,0.0
2x2_slot_inorder_place_cluster_10_greedy_ver3_grasp_ver3,20260311223306,8,560.0,0.0
2x2_slot_inorder_place_cluster_10_greedy_ver3_grasp_ver3,20260311223309,7,544.0,0.0
2x2_slot_inorder_place_cluster_10_greedy_ver3_grasp_ver3,20260311223312,13,867.0,0.0
2x2_slot_inorder_place_cluster_10_greedy_ver3_grasp_ver3,20260311223317,13,745.0,0.0
2x2_slot_inorder_place_cluster_10_greedy_ver3_grasp_ver3,20260311223322,15,1089.0,0.0
2x2_slot_inorder_place_cluster_10_greedy_ver3_grasp_ver3,20260311223327,42,2082.0,0.0
2x2_slot_inorder_place_cluster_10_greedy_ver3_grasp_ver3,20260311223333,12,771.0,0.015625
2x2_slot_inorder_place_cluster_10_greedy_ver3_grasp_ver3,20260311223337,9,604.0,0.0
2x2_slot_inorder_place_cluster_10_greedy_ver3_grasp_ver3,20260311223339,2,250.0,0.0
2x2_slot_inorder_place_cluster_10_greedy_ver3_grasp_ver3,20260311223342,13,685.0,0.0
2x2_slot_inorder_place_cluster_10_greedy_ver3_grasp_ver3,20260311223345,7,526.0,0.0
2x2_slot_inorder_place_cluster_10_greedy_ver3_grasp_ver3,20260311223348,15,913.0,0.0
2x2_slot_inorder_place_cluster_10_greedy_ver3_grasp_ver3,20260311223351,10,701.0,0.0
2x2_slot_inorder_place_cluster_10_greedy_ver3_grasp_ver3,20260311223354,26,1423.0,0.0
2x2_slot_inorder_place_cluster_10_greedy_ver3_grasp_ver3,20260311223357,10,635.0,0.0
2x2_slot_inorder_place_cluster_10_greedy_ver3_grasp_ver3,20260311223400,9,685.0,0.0
2x2_slot_inorder_place_cluster_10_greedy_ver3_grasp_ver3,20260311223404,12,803.0,0.0
2x2_slot_inorder_place_cluster_10_greedy_ver3_grasp_ver3,20260311223408,36,2128.0,0.0
2x2_slot_inorder_place_cluster_10_greedy_ver3_grasp_ver3,20260311223411,10,647.0,0.0
2x2_slot_inorder_place_cluster_10_greedy_ver3_grasp_ver3,20260311223415,10,672.0,0.0
2x2_slot_inorder_place_cluster_10_greedy_ver3_grasp_ver3,20260311223419,28,1577.0,0.0
2x2_slot_inorder_place_cluster_10_greedy_ver3_grasp_ver3,20260311223423,18,1105.0,0.0
2x2_slot_inorder_place_cluster_10_greedy_ver3_grasp_ver3,20260311223429,27,1403.0,0.0
2x2_slot_inorder_place_cluster_10_greedy_ver3_grasp_ver3,20260311223432,31,1880.0,0.0
2x2_slot_inorder_place_cluster_10_greedy_ver3_grasp_ver3,20260311223438,57,3154.0,0.0
2x2_slot_inorder_place_cluster_10_greedy_ver3_grasp_ver3,20260311223448,17,1123.0,0.0
2x2_slot_inorder_place_cluster_10_greedy_ver3_grasp_ver3,20260311223453,4,296.0,0.0
2x2_slot_inorder_place_cluster_10_greedy_ver3_grasp_ver3,20260311223456,6,482.0,0.0
2x2_slot_inorder_place_cluster_10_greedy_ver3_grasp_ver3,20260311223500,5,312.0,0.0
2x2_slot_inorder_place_cluster_10_greedy_ver3_grasp_ver3,20260311223504,7,510.0,0.0
2x2_slot_inorder_place_cluster_10_greedy_ver3_grasp_ver3,20260311223507,10,637.0,0.0
2x2_slot_inorder_place_cluster_10_greedy_ver3_grasp_ver3,20260311223510,6,474.0,0.0
2x2_slot_inorder_place_cluster_10_greedy_ver3_grasp_ver3,20260311223512,13,803.0,0.0
2x2_slot_inorder_place_cluster_10_greedy_ver3_grasp_ver3,20260311223519,16,859.0,0.0
2x2_slot_inorder_place_cluster_10_greedy_ver3_grasp_ver3,20260311223523,9,637.0,0.0
2x2_slot_inorder_place_cluster_10_greedy_ver3_grasp_ver3,20260311223527,33,1540.0,0.0
2x2_slot_inorder_place_cluster_10_greedy_ver3_grasp_ver3,20260311223530,13,706.0,0.0
2x2_slot_inorder_place_cluster_10_greedy_ver3_grasp_ver3,20260311223540,13,763.0,0.0
2x2_slot_inorder_place_cluster_10_greedy_ver3_grasp_ver3,20260311223546,17,999.0,0.0
2x2_slot_inorder_place_cluster_10_greedy_ver3_grasp_ver3,20260311223551,10,721.0,0.0
2x2_slot_inorder_place_cluster_10_greedy_ver3_grasp_ver3,20260311223554,9,651.0,0.015625
2x2_slot_inorder_place_cluster_10_greedy_ver3_grasp_ver3,20260311223559,29,1672.0,0.0
2x2_slot_inorder_place_cluster_10_greedy_ver3_grasp_ver3,20260311223603,27,1463.0,0.0
2x2_slot_inorder_place_cluster_10_greedy_ver3_grasp_ver3,20260311223612,27,1393.0,0.0
2x2_slot_inorder_place_cluster_10_greedy_ver3_grasp_ver3,20260311223620,9,530.0,0.0
2x2_slot_inorder_place_cluster_10_greedy_ver3_grasp_ver3,20260311223624,5,306.0,0.0
2x2_slot_inorder_place_cluster_10_greedy_ver3_grasp_ver3,20260311223627,12,867.0,0.0
2x2_slot_inorder_place_cluster_10_greedy_ver3_grasp_ver3,20260311223631,7,514.0,0.0
2x2_slot_inorder_place_cluster_10_greedy_ver3_grasp_ver3,20260311223634,11,717.0,0.0
2x2_slot_inorder_place_cluster_10_greedy_ver3_grasp_ver3,20260311223639,32,1498.0,0.0
2x2_slot_inorder_place_cluster_10_greedy_ver3_grasp_ver3,20260311223644,7,514.0,0.0
2x2_slot_inorder_place_cluster_10_greedy_ver3_grasp_ver3,20260311223647,30,1502.0,0.0
2x2_slot_inorder_place_cluster_10_greedy_ver3_grasp_ver3,20260311223652,19,1321.0,0.0
2x2_slot_inorder_place_cluster_10_greedy_ver3_grasp_ver3,20260311223658,20,1129.0,0.0
2x2_slot_inorder_place_cluster_10_greedy_ver3_grasp_ver3,20260311223705,18,1171.0,0.0
2x2_slot_inorder_place_cluster_10_greedy_ver3_grasp_ver3,20260311223709,33,1702.0,0.0
2x2_slot_inorder_place_cluster_10_greedy_ver3_grasp_ver3,20260311223713,48,2480.0,0.0
2x2_slot_inorder_place_cluster_10_greedy_ver3_grasp_ver3,20260311223717,23,1329.0,0.015625
2x2_slot_inorder_place_cluster_10_greedy_ver3_grasp_ver3,20260311223723,22,1291.0,0.0
2x2_slot_inorder_place_cluster_10_greedy_ver3_grasp_ver3,20260311223731,44,2400.0,0.0
2x2_slot_inorder_place_cluster_10_greedy_ver3_grasp_ver3,20260311223734,20,1177.0,0.015625
2x2_slot_inorder_place_cluster_10_greedy_ver3_grasp_ver3,20260311223739,21,1329.0,0.0
2x2_slot_inorder_place_cluster_10_greedy_ver3_grasp_ver3,20260311223745,6,464.0,0.0
2x2_slot_inorder_place_cluster_10_greedy_ver3_grasp_ver3,20260311223747,28,1516.0,0.0
2x2_slot_inorder_place_cluster_10_greedy_ver3_grasp_ver3,20260311223755,18,965.0,0.0
2x2_slot_inorder_place_cluster_10_greedy_ver3_grasp_ver3,20260311223800,13,809.0,0.0
2x2_slot_inorder_place_cluster_10_greedy_ver3_grasp_ver3,20260311223804,33,1858.0,0.015625
2x2_slot_inorder_place_cluster_10_greedy_ver3_grasp_ver3,20260311223811,15,961.0,0.0
2x2_slot_inorder_place_cluster_10_greedy_ver3_grasp_ver3,20260311223816,3,282.0,0.0
2x2_slot_inorder_place_cluster_10_greedy_ver3_grasp_ver3,20260311223818,16,917.0,0.0
2x2_slot_inorder_place_cluster_10_greedy_ver3_grasp_ver3,20260311223824,18,931.0,0.0
2x2_slot_inorder_place_cluster_10_greedy_ver3_grasp_ver3,20260311223831,27,1545.0,0.0
2x2_slot_inorder_place_cluster_10_greedy_ver3_grasp_ver3,20260311223837,18,1033.0,0.0
2x2_slot_inorder_place_cluster_10_greedy_ver3_grasp_ver3,20260311223842,6,450.0,0.0
2x2_slot_inorder_place_cluster_10_greedy_ver3_grasp_ver3,20260311223845,10,709.0,0.015625
2x2_slot_inorder_place_cluster_10_greedy_ver3_grasp_ver3,20260311223849,20,1313.0,0.0
2x2_slot_inorder_place_cluster_10_greedy_ver3_grasp_ver3,20260311223855,12,843.0,0.0
2x2_slot_inorder_place_cluster_10_greedy_ver3_grasp_ver3,20260311223859,21,1207.0,0.0
2x2_slot_inorder_place_cluster_10_greedy_ver3_grasp_ver3,20260311223902,27,1593.0,0.0
2x2_slot_inorder_place_cluster_10_greedy_ver3_grasp_ver3,20260311223908,9,582.0,0.0
2x2_slot_inorder_place_cluster_10_greedy_ver3_grasp_ver3,20260311223912,11,737.0,0.0
2x2_slot_inorder_place_cluster_10_greedy_ver3_grasp_ver3,20260311223916,4,272.0,0.0
2x2_slot_inorder_place_cluster_10_greedy_ver3_grasp_ver3,20260311223918,25,1259.0,0.0
2x2_slot_inorder_place_cluster_10_greedy_ver3_grasp_ver3,20260311223922,20,979.0,0.0
2x2_slot_inorder_place_cluster_10_greedy_ver3_grasp_ver3,20260311223928,10,573.0,0.0
2x2_slot_inorder_place_cluster_10_greedy_ver3_grasp_ver3,20260311223931,36,2258.0,0.0
2x2_slot_inorder_place_cluster_10_greedy_ver3_grasp_ver3,20260311223939,27,1637.0,0.0
2x2_slot_inorder_place_cluster_10_greedy_ver3_grasp_ver3,20260311223947,13,823.0,0.0
2x2_slot_inorder_place_cluster_10_greedy_ver3_grasp_ver3,20260311223951,21,1351.0,0.015625
2x2_slot_inorder_place_cluster_10_greedy_ver3_grasp_ver3,20260311223955,30,1777.0,0.0
2x2_slot_inorder_place_cluster_10_greedy_ver3_grasp_ver3,20260311224000,10,587.0,0.0
2x2_slot_inorder_place_cluster_10_greedy_ver3_grasp_ver3,20260311224004,24,1155.0,0.0
2x2_slot_inorder_place_cluster_10_greedy_ver3_grasp_ver3,20260311224009,27,1469.0,0.0
2x2_slot_inorder_place_cluster_10_greedy_ver3_grasp_ver3,20260311224014,13,837.0,0.0
2x2_slot_inorder_place_cluster_10_greedy_ver3_grasp_ver3,20260311224018,37,1842.0,0.0
2x2_slot_inorder_place_cluster_10_greedy_ver3_grasp_ver3,20260311224028,7,444.0,0.0
2x2_slot_inorder_place_cluster_10_greedy_ver3_grasp_ver3,20260311224032,18,1035.0,0.0
2x2_slot_inorder_place_cluster_10_greedy_ver3_grasp_ver3,20260311224037,8,522.0,0.015625
2x2_slot_inorder_place_cluster_10_greedy_ver3_grasp_ver3,20260311224040,12,831.0,0.0
2x2_slot_inorder_place_cluster_10_greedy_ver3_grasp_ver3,20260311224044,27,1452.0,0.0
2x2_slot_inorder_place_cluster_10_greedy_ver3_grasp_ver3,20260311224050,23,1286.0,0.0
2x2_slot_inorder_place_cluster_10_greedy_ver3_grasp_ver3,20260311224056,28,1368.0,0.0
2x2_slot_inorder_place_cluster_10_greedy_ver3_greedy_ver3,20260311222940,4,228.0,0.0
2x2_slot_inorder_place_cluster_10_greedy_ver3_greedy_ver3,20260311222942,4,238.0,0.015625
2x2_slot_inorder_place_cluster_10_greedy_ver3_greedy_ver3,20260311222946,27,1623.0,0.0
2x2_slot_inorder_place_cluster_10_greedy_ver3_greedy_ver3,20260311222949,8,498.0,0.0
2x2_slot_inorder_place_cluster_10_greedy_ver3_greedy_ver3,20260311222952,23,1153.0,0.0
2x2_slot_inorder_place_cluster_10_greedy_ver3_greedy_ver3,20260311222954,10,613.0,0.0
2x2_slot_inorder_place_cluster_10_greedy_ver3_greedy_ver3,20260311222958,16,869.0,0.0
2x2_slot_inorder_place_cluster_10_greedy_ver3_greedy_ver3,20260311223000,10,687.0,0.0
2x2_slot_inorder_place_cluster_10_greedy_ver3_greedy_ver3,20260311223003,15,903.0,0.0
2x2_slot_inorder_place_cluster_10_greedy_ver3_greedy_ver3,20260311223007,13,859.0,0.0
2x2_slot_inorder_place_cluster_10_greedy_ver3_greedy_ver3,20260311223010,11,813.0,0.0
2x2_slot_inorder_place_cluster_10_greedy_ver3_greedy_ver3,20260311223013,14,859.0,0.0
2x2_slot_inorder_place_cluster_10_greedy_ver3_greedy_ver3,20260311223016,18,1377.0,0.0
2x2_slot_inorder_place_cluster_10_greedy_ver3_greedy_ver3,20260311223021,16,909.0,0.0
2x2_slot_inorder_place_cluster_10_greedy_ver3_greedy_ver3,20260311223026,15,885.0,0.0
2x2_slot_inorder_place_cluster_10_greedy_ver3_greedy_ver3,20260311223031,35,1638.0,0.0
2x2_slot_inorder_place_cluster_10_greedy_ver3_greedy_ver3,20260311223038,20,1021.0,0.0
2x2_slot_inorder_place_cluster_10_greedy_ver3_greedy_ver3,20260311223048,21,1249.0,0.0
2x2_slot_inorder_place_cluster_10_greedy_ver3_greedy_ver3,20260311223055,28,1330.0,0.015625
2x2_slot_inorder_place_cluster_10_greedy_ver3_greedy_ver3,20260311223100,11,733.0,0.0
2x2_slot_inorder_place_cluster_10_greedy_ver3_greedy_ver3,20260311223103,12,659.0,0.0
2x2_slot_inorder_place_cluster_10_greedy_ver3_greedy_ver3,20260311223106,18,1029.0,0.0
2x2_slot_inorder_place_cluster_10_greedy_ver3_greedy_ver3,20260311223109,8,486.0,0.0
2x2_slot_inorder_place_cluster_10_greedy_ver3_greedy_ver3,20260311223112,38,2000.0,0.015625
2x2_slot_inorder_place_cluster_10_greedy_ver3_greedy_ver3,20260311223116,12,737.0,0.0
2x2_slot_inorder_place_cluster_10_greedy_ver3_greedy_ver3,20260311223120,16,905.0,0.0
2x2_slot_inorder_place_cluster_10_greedy_ver3_greedy_ver3,20260311223123,18,923.0,0.0
2x2_slot_inorder_place_cluster_10_greedy_ver3_greedy_ver3,20260311223128,23,1416.0,0.0
2x2_slot_inorder_place_cluster_10_greedy_ver3_greedy_ver3,20260311223134,21,1403.0,0.0
2x2_slot_inorder_place_cluster_10_greedy_ver3_greedy_ver3,20260311223138,18,1059.0,0.0
2x2_slot_inorder_place_cluster_10_greedy_ver3_greedy_ver3,20260311223142,20,1379.0,0.0
2x2_slot_inorder_place_cluster_10_greedy_ver3_greedy_ver3,20260311223145,18,1201.0,0.0
2x2_slot_inorder_place_cluster_10_greedy_ver3_greedy_ver3,20260311223149,21,1239.0,0.0
2x2_slot_inorder_place_cluster_10_greedy_ver3_greedy_ver3,20260311223153,30,1610.0,0.0
2x2_slot_inorder_place_cluster_10_greedy_ver3_greedy_ver3,20260311223157,11,617.0,0.0
2x2_slot_inorder_place_cluster_10_greedy_ver3_greedy_ver3,20260311223159,4,242.0,0.0
2x2_slot_inorder_place_cluster_10_greedy_ver3_greedy_ver3,20260311223202,4,238.0,0.0
2x2_slot_inorder_place_cluster_10_greedy_ver3_greedy_ver3,20260311223205,37,1786.0,0.0
2x2_slot_inorder_place_cluster_10_greedy_ver3_greedy_ver3,20260311223208,32,1818.0,0.015625
2x2_slot_inorder_place_cluster_10_greedy_ver3_greedy_ver3,20260311223211,4,298.0,0.0
2x2_slot_inorder_place_cluster_10_greedy_ver3_greedy_ver3,20260311223213,10,645.0,0.0
2x2_slot_inorder_place_cluster_10_greedy_ver3_greedy_ver3,20260311223216,8,580.0,0.0
2x2_slot_inorder_place_cluster_10_greedy_ver3_greedy_ver3,20260311223219,15,943.0,0.0
2x2_slot_inorder_place_cluster_10_greedy_ver3_greedy_ver3,20260311223222,13,849.0,0.0
2x2_slot_inorder_place_cluster_10_greedy_ver3_greedy_ver3,20260311223224,14,837.0,0.0
2x2_slot_inorder_place_cluster_10_greedy_ver3_greedy_ver3,20260311223228,24,1220.0,0.0
2x2_slot_inorder_place_cluster_10_greedy_ver3_greedy_ver3,20260311223234,39,1788.0,0.0
2x2_slot_inorder_place_cluster_10_greedy_ver3_greedy_ver3,20260311223240,23,1215.0,0.0
2x2_slot_inorder_place_cluster_10_greedy_ver3_greedy_ver3,20260311223244,21,1341.0,0.015625
2x2_slot_inorder_place_cluster_10_greedy_ver3_greedy_ver3,20260311223247,23,1249.0,0.0
2x2_slot_inorder_place_cluster_10_greedy_ver3_greedy_ver3,20260311223250,17,971.0,0.0
2x2_slot_inorder_place_cluster_10_greedy_ver3_greedy_ver3,20260311223253,4,238.0,0.0
2x2_slot_inorder_place_cluster_10_greedy_ver3_greedy_ver3,20260311223255,15,939.0,0.0
2x2_slot_inorder_place_cluster_10_greedy_ver3_greedy_ver3,20260311223259,19,1023.0,0.0
2x2_slot_inorder_place_cluster_10_greedy_ver3_greedy_ver3,20260311223302,8,488.0,0.0
2x2_slot_inorder_place_cluster_10_greedy_ver3_greedy_ver3,20260311223304,15,767.0,0.0
2x2_slot_inorder_place_cluster_10_greedy_ver3_greedy_ver3,20260311223308,9,717.0,0.0
2x2_slot_inorder_place_cluster_10_greedy_ver3_greedy_ver3,20260311223311,48,2583.0,0.0
2x2_slot_inorder_place_cluster_10_greedy_ver3_greedy_ver3,20260311223315,13,907.0,0.0
2x2_slot_inorder_place_cluster_10_greedy_ver3_greedy_ver3,20260311223319,28,1557.0,0.0
2x2_slot_inorder_place_cluster_10_greedy_ver3_greedy_ver3,20260311223324,28,1754.0,0.0
2x2_slot_inorder_place_cluster_10_greedy_ver3_greedy_ver3,20260311223330,51,2610.0,0.0
2x2_slot_inorder_place_cluster_10_greedy_ver3_greedy_ver3,20260311223335,18,1083.0,0.0
2x2_slot_inorder_place_cluster_10_greedy_ver3_greedy_ver3,20260311223338,12,727.0,0.0
2x2_slot_inorder_place_cluster_10_greedy_ver3_greedy_ver3,20260311223341,9,504.0,0.0
2x2_slot_inorder_place_cluster_10_greedy_ver3_greedy_ver3,20260311223344,9,560.0,0.0
2x2_slot_inorder_place_cluster_10_greedy_ver3_greedy_ver3,20260311223347,11,611.0,0.0
2x2_slot_inorder_place_cluster_10_greedy_ver3_greedy_ver3,20260311223349,8,506.0,0.0
2x2_slot_inorder_place_cluster_10_greedy_ver3_greedy_ver3,20260311223353,10,597.0,0.0
2x2_slot_inorder_place_cluster_10_greedy_ver3_greedy_ver3,20260311223355,12,819.0,0.0
2x2_slot_inorder_place_cluster_10_greedy_ver3_greedy_ver3,20260311223358,27,1402.0,0.0
2x2_slot_inorder_place_cluster_10_greedy_ver3_greedy_ver3,20260311223402,14,1015.0,0.0
2x2_slot_inorder_place_cluster_10_greedy_ver3_greedy_ver3,20260311223406,13,749.0,0.0
2x2_slot_inorder_place_cluster_10_greedy_ver3_greedy_ver3,20260311223410,10,639.0,0.0
2x2_slot_inorder_place_cluster_10_greedy_ver3_greedy_ver3,20260311223413,19,1083.0,0.0
2x2_slot_inorder_place_cluster_10_greedy_ver3_greedy_ver3,20260311223416,8,404.0,0.015625
2x2_slot_inorder_place_cluster_10_greedy_ver3_greedy_ver3,20260311223421,12,659.0,0.0
2x2_slot_inorder_place_cluster_10_greedy_ver3_greedy_ver3,20260311223426,23,1037.0,0.0
2x2_slot_inorder_place_cluster_10_greedy_ver3_greedy_ver3,20260311223431,4,232.0,0.0
2x2_slot_inorder_place_cluster_10_greedy_ver3_greedy_ver3,20260311223435,24,1207.0,0.0
2x2_slot_inorder_place_cluster_10_greedy_ver3_greedy_ver3,20260311223443,41,2324.0,0.0
2x2_slot_inorder_place_cluster_10_greedy_ver3_greedy_ver3,20260311223450,17,1053.0,0.0
2x2_slot_inorder_place_cluster_10_greedy_ver3_greedy_ver3,20260311223454,14,667.0,0.0
2x2_slot_inorder_place_cluster_10_greedy_ver3_greedy_ver3,20260311223458,8,398.0,0.0
2x2_slot_inorder_place_cluster_10_greedy_ver3_greedy_ver3,20260311223502,6,348.0,0.0
2x2_slot_inorder_place_cluster_10_greedy_ver3_greedy_ver3,20260311223505,8,480.0,0.0
2x2_slot_inorder_place_cluster_10_greedy_ver3_greedy_ver3,20260311223508,10,587.0,0.0
2x2_slot_inorder_place_cluster_10_greedy_ver3_greedy_ver3,20260311223511,28,1423.0,0.0
2x2_slot_inorder_place_cluster_10_greedy_ver3_greedy_ver3,20260311223515,16,783.0,0.0
2x2_slot_inorder_place_cluster_10_greedy_ver3_greedy_ver3,20260311223521,16,969.0,0.015625
2x2_slot_inorder_place_cluster_10_greedy_ver3_greedy_ver3,20260311223525,10,675.0,0.0
2x2_slot_inorder_place_cluster_10_greedy_ver3_greedy_ver3,20260311223529,6,444.0,0.015625
2x2_slot_inorder_place_cluster_10_greedy_ver3_greedy_ver3,20260311223534,18,949.0,0.0
2x2_slot_inorder_place_cluster_10_greedy_ver3_greedy_ver3,20260311223542,37,1782.0,0.0
2x2_slot_inorder_place_cluster_10_greedy_ver3_greedy_ver3,20260311223548,24,1209.0,0.0
2x2_slot_inorder_place_cluster_10_greedy_ver3_greedy_ver3,20260311223552,17,975.0,0.0
2x2_slot_inorder_place_cluster_10_greedy_ver3_greedy_ver3,20260311223557,10,675.0,0.0
2x2_slot_inorder_place_cluster_10_greedy_ver3_greedy_ver3,20260311223601,8,478.0,0.0
2x2_slot_inorder_place_cluster_10_greedy_ver3_greedy_ver3,20260311223608,17,817.0,0.0
2x2_slot_inorder_place_cluster_10_greedy_ver3_greedy_ver3,20260311223616,26,1604.0,0.0
2x2_slot_inorder_place_cluster_10_greedy_ver3_greedy_ver3,20260311223621,8,442.0,0.0
2x2_slot_inorder_place_cluster_10_greedy_ver3_greedy_ver3,20260311223625,6,356.0,0.0
2x2_slot_inorder_place_cluster_10_greedy_ver3_greedy_ver3,20260311223629,32,1638.0,0.0
2x2_slot_inorder_place_cluster_10_greedy_ver3_greedy_ver3,20260311223633,8,484.0,0.0
2x2_slot_inorder_place_cluster_10_greedy_ver3_greedy_ver3,20260311223637,12,789.0,0.0
2x2_slot_inorder_place_cluster_10_greedy_ver3_greedy_ver3,20260311223641,25,1314.0,0.0
2x2_slot_inorder_place_cluster_10_greedy_ver3_greedy_ver3,20260311223645,16,961.0,0.0
2x2_slot_inorder_place_cluster_10_greedy_ver3_greedy_ver3,20260311223650,21,997.0,0.0
2x2_slot_inorder_place_cluster_10_greedy_ver3_greedy_ver3,20260311223655,32,1984.0,0.0
2x2_slot_inorder_place_cluster_10_greedy_ver3_greedy_ver3,20260311223701,43,2157.0,0.0
2x2_slot_inorder_place_cluster_10_greedy_ver3_greedy_ver3,20260311223706,8,470.0,0.0
2x2_slot_inorder_place_cluster_10_greedy_ver3_greedy_ver3,20260311223711,14,775.0,0.0
2x2_slot_inorder_place_cluster_10_greedy_ver3_greedy_ver3,20260311223715,17,973.0,0.0
2x2_slot_inorder_place_cluster_10_greedy_ver3_greedy_ver3,20260311223720,16,893.0,0.0
2x2_slot_inorder_place_cluster_10_greedy_ver3_greedy_ver3,20260311223727,61,2847.0,0.0
2x2_slot_inorder_place_cluster_10_greedy_ver3_greedy_ver3,20260311223732,5,414.0,0.0
2x2_slot_inorder_place_cluster_10_greedy_ver3_greedy_ver3,20260311223736,16,921.0,0.0
2x2_slot_inorder_place_cluster_10_greedy_ver3_greedy_ver3,20260311223742,24,1391.0,0.0
2x2_slot_inorder_place_cluster_10_greedy_ver3_greedy_ver3,20260311223746,15,921.0,0.0
2x2_slot_inorder_place_cluster_10_greedy_ver3_greedy_ver3,20260311223751,30,1450.0,0.0
2x2_slot_inorder_place_cluster_10_greedy_ver3_greedy_ver3,20260311223758,18,893.0,0.0
2x2_slot_inorder_place_cluster_10_greedy_ver3_greedy_ver3,20260311223802,14,721.0,0.0
2x2_slot_inorder_place_cluster_10_greedy_ver3_greedy_ver3,20260311223807,35,1752.0,0.0
2x2_slot_inorder_place_cluster_10_greedy_ver3_greedy_ver3,20260311223813,54,2589.0,0.0
2x2_slot_inorder_place_cluster_10_greedy_ver3_greedy_ver3,20260311223817,3,252.0,0.0
2x2_slot_inorder_place_cluster_10_greedy_ver3_greedy_ver3,20260311223821,18,967.0,0.0
2x2_slot_inorder_place_cluster_10_greedy_ver3_greedy_ver3,20260311223827,32,1524.0,0.0
2x2_slot_inorder_place_cluster_10_greedy_ver3_greedy_ver3,20260311223834,16,913.0,0.0
2x2_slot_inorder_place_cluster_10_greedy_ver3_greedy_ver3,20260311223839,19,1219.0,0.0
2x2_slot_inorder_place_cluster_10_greedy_ver3_greedy_ver3,20260311223844,6,326.0,0.0
2x2_slot_inorder_place_cluster_10_greedy_ver3_greedy_ver3,20260311223847,10,589.0,0.0
2x2_slot_inorder_place_cluster_10_greedy_ver3_greedy_ver3,20260311223852,23,1301.0,0.0
2x2_slot_inorder_place_cluster_10_greedy_ver3_greedy_ver3,20260311223857,12,713.0,0.0
2x2_slot_inorder_place_cluster_10_greedy_ver3_greedy_ver3,20260311223900,4,264.0,0.0
2x2_slot_inorder_place_cluster_10_greedy_ver3_greedy_ver3,20260311223905,35,1782.0,0.0
2x2_slot_inorder_place_cluster_10_greedy_ver3_greedy_ver3,20260311223910,12,709.0,0.015625
2x2_slot_inorder_place_cluster_10_greedy_ver3_greedy_ver3,20260311223914,12,731.0,0.0
2x2_slot_inorder_place_cluster_10_greedy_ver3_greedy_ver3,20260311223917,12,599.0,0.0
2x2_slot_inorder_place_cluster_10_greedy_ver3_greedy_ver3,20260311223920,14,765.0,0.0
2x2_slot_inorder_place_cluster_10_greedy_ver3_greedy_ver3,20260311223925,18,947.0,0.0
2x2_slot_inorder_place_cluster_10_greedy_ver3_greedy_ver3,20260311223930,27,1512.0,0.015625
2x2_slot_inorder_place_cluster_10_greedy_ver3_greedy_ver3,20260311223935,52,2560.0,0.0
2x2_slot_inorder_place_cluster_10_greedy_ver3_greedy_ver3,20260311223943,48,2307.0,0.0
2x2_slot_inorder_place_cluster_10_greedy_ver3_greedy_ver3,20260311223949,30,2006.0,0.0
2x2_slot_inorder_place_cluster_10_greedy_ver3_greedy_ver3,20260311223953,22,1281.0,0.0
2x2_slot_inorder_place_cluster_10_greedy_ver3_greedy_ver3,20260311223958,16,911.0,0.0
2x2_slot_inorder_place_cluster_10_greedy_ver3_greedy_ver3,20260311224002,10,539.0,0.0
2x2_slot_inorder_place_cluster_10_greedy_ver3_greedy_ver3,20260311224006,20,1001.0,0.0
2x2_slot_inorder_place_cluster_10_greedy_ver3_greedy_ver3,20260311224011,21,1235.0,0.0
2x2_slot_inorder_place_cluster_10_greedy_ver3_greedy_ver3,20260311224016,16,935.0,0.015625
2x2_slot_inorder_place_cluster_10_greedy_ver3_greedy_ver3,20260311224023,38,1740.0,0.0
2x2_slot_inorder_place_cluster_10_greedy_ver3_greedy_ver3,20260311224031,28,1424.0,0.0
2x2_slot_inorder_place_cluster_10_greedy_ver3_greedy_ver3,20260311224035,18,895.0,0.0
2x2_slot_inorder_place_cluster_10_greedy_ver3_greedy_ver3,20260311224038,18,993.0,0.0
2x2_slot_inorder_place_cluster_10_greedy_ver3_greedy_ver3,20260311224042,19,1047.0,0.0
2x2_slot_inorder_place_cluster_10_greedy_ver3_greedy_ver3,20260311224047,19,1083.0,0.0
2x2_slot_inorder_place_cluster_10_greedy_ver3_greedy_ver3,20260311224053,22,1245.0,0.0
2x2_slot_inorder_place_cluster_10_greedy_ver3_greedy_ver3,20260311224059,20,1023.0,0.0
2x2_slot_inorder_place_cluster_15_grasp_ver3_grasp_ver3,20260311223852,23,1301.0,0.0
2x2_slot_inorder_place_cluster_15_grasp_ver3_grasp_ver3,20260311223855,12,843.0,0.0
2x2_slot_inorder_place_cluster_15_grasp_ver3_grasp_ver3,20260311223858,11,803.0,0.0
2x2_slot_inorder_place_cluster_15_grasp_ver3_grasp_ver3,20260311223901,10,651.0,0.0
2x2_slot_inorder_place_cluster_15_grasp_ver3_grasp_ver3,20260311223905,35,1782.0,0.0
2x2_slot_inorder_place_cluster_15_grasp_ver3_grasp_ver3,20260311223908,9,582.0,0.0
2x2_slot_inorder_place_cluster_15_grasp_ver3_grasp_ver3,20260311223910,12,709.0,0.0
2x2_slot_inorder_place_cluster_15_grasp_ver3_grasp_ver3,20260311223913,11,695.0,0.0
2x2_slot_inorder_place_cluster_15_grasp_ver3_grasp_ver3,20260311223917,12,599.0,0.0
2x2_slot_inorder_place_cluster_15_grasp_ver3_grasp_ver3,20260311223921,7,542.0,0.0
2x2_slot_inorder_place_cluster_15_grasp_ver3_grasp_ver3,20260311223924,13,757.0,0.0
2x2_slot_inorder_place_cluster_15_grasp_ver3_grasp_ver3,20260311223930,27,1512.0,0.015625
2x2_slot_inorder_place_cluster_15_grasp_ver3_grasp_ver3,20260311223935,52,2560.0,0.0
2x2_slot_inorder_place_cluster_15_grasp_ver3_grasp_ver3,20260311223943,48,2307.0,0.0
2x2_slot_inorder_place_cluster_15_grasp_ver3_grasp_ver3,20260311223948,10,903.0,0.0
2x2_slot_inorder_place_cluster_15_grasp_ver3_grasp_ver3,20260311223951,21,1351.0,0.0
2x2_slot_inorder_place_cluster_15_grasp_ver3_grasp_ver3,20260311223955,30,1777.0,0.015625
2x2_slot_inorder_place_cluster_15_grasp_ver3_grasp_ver3,20260311224000,10,587.0,0.0
2x2_slot_inorder_place_cluster_15_grasp_ver3_grasp_ver3,20260311224003,4,310.0,0.015625
2x2_slot_inorder_place_cluster_15_grasp_ver3_grasp_ver3,20260311224005,3,294.0,0.0
2x2_slot_inorder_place_cluster_15_grasp_ver3_grasp_ver3,20260311224007,8,650.0,0.0
2x2_slot_inorder_place_cluster_15_grasp_ver3_grasp_ver3,20260311224011,21,1235.0,0.0
2x2_slot_inorder_place_cluster_15_grasp_ver3_grasp_ver3,20260311224013,2,260.0,0.0
2x2_slot_inorder_place_cluster_15_grasp_ver3_grasp_ver3,20260311224016,16,935.0,0.0
2x2_slot_inorder_place_cluster_15_grasp_ver3_grasp_ver3,20260311224019,6,496.0,0.0
2x2_slot_inorder_place_cluster_15_grasp_ver3_grasp_ver3,20260311224022,6,480.0,0.0
2x2_slot_inorder_place_cluster_15_grasp_ver3_grasp_ver3,20260311224024,24,1147.0,0.0
2x2_slot_inorder_place_cluster_15_grasp_ver3_grasp_ver3,20260311224031,28,1424.0,0.0
2x2_slot_inorder_place_cluster_15_grasp_ver3_grasp_ver3,20260311224036,11,611.0,0.0
2x2_slot_inorder_place_cluster_15_grasp_ver3_grasp_ver3,20260311224040,12,831.0,0.0
2x2_slot_inorder_place_cluster_15_grasp_ver3_grasp_ver3,20260311224042,19,1047.0,0.0
2x2_slot_inorder_place_cluster_15_grasp_ver3_grasp_ver3,20260311224046,2,252.0,0.015625
2x2_slot_inorder_place_cluster_15_grasp_ver3_grasp_ver3,20260311224049,3,312.0,0.0
2x2_slot_inorder_place_cluster_15_grasp_ver3_grasp_ver3,20260311224051,4,290.0,0.0
2x2_slot_inorder_place_cluster_15_grasp_ver3_grasp_ver3,20260311224053,22,1245.0,0.0
2x2_slot_inorder_place_cluster_15_grasp_ver3_grasp_ver3,20260311224056,28,1368.0,0.0
2x2_slot_inorder_place_cluster_15_grasp_ver3_grasp_ver3,20260311224100,9,657.0,0.0
2x2_slot_inorder_place_cluster_15_grasp_ver3_grasp_ver3,20260311224103,5,314.0,0.0
2x2_slot_inorder_place_cluster_15_grasp_ver3_grasp_ver3,20260311224106,10,561.0,0.0
2x2_slot_inorder_place_cluster_15_grasp_ver3_grasp_ver3,20260311224109,23,1077.0,0.0
2x2_slot_inorder_place_cluster_15_grasp_ver3_grasp_ver3,20260311224115,4,286.0,0.0
2x2_slot_inorder_place_cluster_15_grasp_ver3_grasp_ver3,20260311224118,15,949.0,0.0
2x2_slot_inorder_place_cluster_15_grasp_ver3_grasp_ver3,20260311224120,13,651.0,0.0
2x2_slot_inorder_place_cluster_15_grasp_ver3_grasp_ver3,20260311224122,20,1018.0,0.0
2x2_slot_inorder_place_cluster_15_grasp_ver3_grasp_ver3,20260311224128,3,300.0,0.0
2x2_slot_inorder_place_cluster_15_grasp_ver3_grasp_ver3,20260311224130,22,1145.0,0.0
2x2_slot_inorder_place_cluster_15_grasp_ver3_grasp_ver3,20260311224133,6,480.0,0.0
2x2_slot_inorder_place_cluster_15_grasp_ver3_grasp_ver3,20260311224136,11,769.0,0.0
2x2_slot_inorder_place_cluster_15_grasp_ver3_grasp_ver3,20260311224138,31,1715.0,0.0
2x2_slot_inorder_place_cluster_15_grasp_ver3_grasp_ver3,20260311224144,18,1017.0,0.0
2x2_slot_inorder_place_cluster_15_grasp_ver3_grasp_ver3,20260311224148,15,865.0,0.0
2x2_slot_inorder_place_cluster_15_grasp_ver3_grasp_ver3,20260311224152,18,1181.0,0.0
2x2_slot_inorder_place_cluster_15_grasp_ver3_grasp_ver3,20260311224155,4,306.0,0.0
2x2_slot_inorder_place_cluster_15_grasp_ver3_grasp_ver3,20260311224158,2,258.0,0.0
2x2_slot_inorder_place_cluster_15_grasp_ver3_grasp_ver3,20260311224201,16,939.0,0.0
2x2_slot_inorder_place_cluster_15_grasp_ver3_grasp_ver3,20260311224204,3,292.0,0.0
2x2_slot_inorder_place_cluster_15_grasp_ver3_grasp_ver3,20260311224206,33,2028.0,0.0
2x2_slot_inorder_place_cluster_15_grasp_ver3_grasp_ver3,20260311224213,27,1494.0,0.0
2x2_slot_inorder_place_cluster_15_grasp_ver3_grasp_ver3,20260311224215,7,530.0,0.0
2x2_slot_inorder_place_cluster_15_grasp_ver3_grasp_ver3,20260311224218,2,250.0,0.0
2x2_slot_inorder_place_cluster_15_grasp_ver3_grasp_ver3,20260311224221,9,503.0,0.0
2x2_slot_inorder_place_cluster_15_grasp_ver3_grasp_ver3,20260311224224,25,1523.0,0.0
2x2_slot_inorder_place_cluster_15_grasp_ver3_grasp_ver3,20260311224229,9,735.0,0.0
2x2_slot_inorder_place_cluster_15_grasp_ver3_grasp_ver3,20260311224232,14,831.0,0.0
2x2_slot_inorder_place_cluster_15_grasp_ver3_grasp_ver3,20260311224238,33,1824.0,0.0
2x2_slot_inorder_place_cluster_15_grasp_ver3_grasp_ver3,20260311224243,13,691.0,0.0
2x2_slot_inorder_place_cluster_15_grasp_ver3_grasp_ver3,20260311224249,12,799.0,0.0
2x2_slot_inorder_place_cluster_15_grasp_ver3_grasp_ver3,20260311224251,20,1355.0,0.0
2x2_slot_inorder_place_cluster_15_grasp_ver3_grasp_ver3,20260311224253,19,1075.0,0.0
2x2_slot_inorder_place_cluster_15_grasp_ver3_grasp_ver3,20260311224256,24,1239.0,0.0
2x2_slot_inorder_place_cluster_15_grasp_ver3_grasp_ver3,20260311224258,9,685.0,0.0
2x2_slot_inorder_place_cluster_15_grasp_ver3_grasp_ver3,20260311224302,10,585.0,0.0
2x2_slot_inorder_place_cluster_15_grasp_ver3_grasp_ver3,20260311224305,8,504.0,0.0
2x2_slot_inorder_place_cluster_15_grasp_ver3_grasp_ver3,20260311224309,12,763.0,0.0
2x2_slot_inorder_place_cluster_15_grasp_ver3_grasp_ver3,20260311224312,17,1155.0,0.0
2x2_slot_inorder_place_cluster_15_grasp_ver3_grasp_ver3,20260311224316,14,883.0,0.0
2x2_slot_inorder_place_cluster_15_grasp_ver3_grasp_ver3,20260311224322,26,1508.0,0.0
2x2_slot_inorder_place_cluster_15_grasp_ver3_grasp_ver3,20260311224327,14,797.0,0.0
2x2_slot_inorder_place_cluster_15_grasp_ver3_grasp_ver3,20260311224330,11,759.0,0.0
2x2_slot_inorder_place_cluster_15_grasp_ver3_grasp_ver3,20260311224334,7,468.0,0.015625
2x2_slot_inorder_place_cluster_15_grasp_ver3_grasp_ver3,20260311224338,23,1289.0,0.0
2x2_slot_inorder_place_cluster_15_grasp_ver3_grasp_ver3,20260311224345,34,1744.0,0.0
2x2_slot_inorder_place_cluster_15_grasp_ver3_grasp_ver3,20260311224352,7,446.0,0.0
2x2_slot_inorder_place_cluster_15_grasp_ver3_grasp_ver3,20260311224355,14,875.0,0.0
2x2_slot_inorder_place_cluster_15_grasp_ver3_grasp_ver3,20260311224358,17,899.0,0.0
2x2_slot_inorder_place_cluster_15_grasp_ver3_grasp_ver3,20260311224404,37,1954.0,0.0
2x2_slot_inorder_place_cluster_15_grasp_ver3_grasp_ver3,20260311224407,10,629.0,0.0
2x2_slot_inorder_place_cluster_15_grasp_ver3_grasp_ver3,20260311224410,9,574.0,0.0
2x2_slot_inorder_place_cluster_15_grasp_ver3_grasp_ver3,20260311224413,16,1031.0,0.0
2x2_slot_inorder_place_cluster_15_grasp_ver3_grasp_ver3,20260311224416,3,304.0,0.0
2x2_slot_inorder_place_cluster_15_grasp_ver3_grasp_ver3,20260311224418,9,500.0,0.0
2x2_slot_inorder_place_cluster_15_grasp_ver3_grasp_ver3,20260311224421,10,715.0,0.0
2x2_slot_inorder_place_cluster_15_grasp_ver3_grasp_ver3,20260311224424,17,945.0,0.0
2x2_slot_inorder_place_cluster_15_grasp_ver3_grasp_ver3,20260311224429,57,3071.0,0.015625
2x2_slot_inorder_place_cluster_15_grasp_ver3_grasp_ver3,20260311224440,23,1249.0,0.0
2x2_slot_inorder_place_cluster_15_grasp_ver3_grasp_ver3,20260311224445,7,512.0,0.0
2x2_slot_inorder_place_cluster_15_grasp_ver3_grasp_ver3,20260311224448,5,302.0,0.0
2x2_slot_inorder_place_cluster_15_grasp_ver3_grasp_ver3,20260311224452,16,901.0,0.0
2x2_slot_inorder_place_cluster_15_grasp_ver3_grasp_ver3,20260311224456,17,1119.0,0.0
2x2_slot_inorder_place_cluster_15_grasp_ver3_grasp_ver3,20260311224503,21,1351.0,0.0
2x2_slot_inorder_place_cluster_15_grasp_ver3_grasp_ver3,20260311224507,15,977.0,0.0
2x2_slot_inorder_place_cluster_15_grasp_ver3_grasp_ver3,20260311224511,11,577.0,0.0
2x2_slot_inorder_place_cluster_15_grasp_ver3_grasp_ver3,20260311224515,26,1445.0,0.015625
2x2_slot_inorder_place_cluster_15_grasp_ver3_grasp_ver3,20260311224521,13,957.0,0.0
2x2_slot_inorder_place_cluster_15_grasp_ver3_grasp_ver3,20260311224525,18,1207.0,0.0
2x2_slot_inorder_place_cluster_15_grasp_ver3_grasp_ver3,20260311224528,28,1538.0,0.0
2x2_slot_inorder_place_cluster_15_grasp_ver3_grasp_ver3,20260311224532,10,605.0,0.0
2x2_slot_inorder_place_cluster_15_grasp_ver3_grasp_ver3,20260311224537,25,1304.0,0.0
2x2_slot_inorder_place_cluster_15_grasp_ver3_grasp_ver3,20260311224545,9,681.0,0.015625
2x2_slot_inorder_place_cluster_15_grasp_ver3_grasp_ver3,20260311224548,40,2070.0,0.0
2x2_slot_inorder_place_cluster_15_grasp_ver3_grasp_ver3,20260311224557,36,2122.0,0.015625
2x2_slot_inorder_place_cluster_15_grasp_ver3_grasp_ver3,20260311224604,5,472.0,0.0
2x2_slot_inorder_place_cluster_15_grasp_ver3_grasp_ver3,20260311224606,15,921.0,0.0
2x2_slot_inorder_place_cluster_15_grasp_ver3_grasp_ver3,20260311224612,3,284.0,0.0
2x2_slot_inorder_place_cluster_15_grasp_ver3_grasp_ver3,20260311224614,35,2148.0,0.0
2x2_slot_inorder_place_cluster_15_grasp_ver3_grasp_ver3,20260311224620,11,641.0,0.0
2x2_slot_inorder_place_cluster_15_grasp_ver3_grasp_ver3,20260311224622,22,1154.0,0.0
2x2_slot_inorder_place_cluster_15_grasp_ver3_grasp_ver3,20260311224628,21,1113.0,0.0
2x2_slot_inorder_place_cluster_15_grasp_ver3_grasp_ver3,20260311224633,10,689.0,0.0
2x2_slot_inorder_place_cluster_15_grasp_ver3_grasp_ver3,20260311224637,32,1788.0,0.0
2x2_slot_inorder_place_cluster_15_grasp_ver3_grasp_ver3,20260311224644,14,867.0,0.015625
2x2_slot_inorder_place_cluster_15_grasp_ver3_grasp_ver3,20260311224649,3,272.0,0.0
2x2_slot_inorder_place_cluster_15_grasp_ver3_grasp_ver3,20260311224651,21,1157.0,0.0
2x2_slot_inorder_place_cluster_15_grasp_ver3_grasp_ver3,20260311224659,36,1883.0,0.0
2x2_slot_inorder_place_cluster_15_grasp_ver3_grasp_ver3,20260311224703,15,921.0,0.0
2x2_slot_inorder_place_cluster_15_grasp_ver3_grasp_ver3,20260311224708,6,548.0,0.0
2x2_slot_inorder_place_cluster_15_grasp_ver3_grasp_ver3,20260311224711,24,1206.0,0.0
2x2_slot_inorder_place_cluster_15_grasp_ver3_grasp_ver3,20260311224716,18,1027.0,0.0
2x2_slot_inorder_place_cluster_15_grasp_ver3_grasp_ver3,20260311224720,10,725.0,0.0
2x2_slot_inorder_place_cluster_15_grasp_ver3_grasp_ver3,20260311224723,7,476.0,0.0
2x2_slot_inorder_place_cluster_15_grasp_ver3_grasp_ver3,20260311224726,24,1279.0,0.0
2x2_slot_inorder_place_cluster_15_grasp_ver3_grasp_ver3,20260311224731,44,2533.0,0.0
2x2_slot_inorder_place_cluster_15_grasp_ver3_grasp_ver3,20260311224735,56,2933.0,0.0
2x2_slot_inorder_place_cluster_15_grasp_ver3_grasp_ver3,20260311224742,22,1228.0,0.0
2x2_slot_inorder_place_cluster_15_grasp_ver3_grasp_ver3,20260311224747,25,1401.0,0.015625
2x2_slot_inorder_place_cluster_15_grasp_ver3_grasp_ver3,20260311224753,21,1241.0,0.0
2x2_slot_inorder_place_cluster_15_grasp_ver3_grasp_ver3,20260311224800,42,2292.0,0.0
2x2_slot_inorder_place_cluster_15_grasp_ver3_grasp_ver3,20260311224807,4,272.0,0.0
2x2_slot_inorder_place_cluster_15_grasp_ver3_grasp_ver3,20260311224810,13,779.0,0.0
2x2_slot_inorder_place_cluster_15_grasp_ver3_grasp_ver3,20260311224814,13,853.0,0.0
2x2_slot_inorder_place_cluster_15_grasp_ver3_grasp_ver3,20260311224819,30,1532.0,0.0
2x2_slot_inorder_place_cluster_15_grasp_ver3_grasp_ver3,20260311224822,30,1778.0,0.0
2x2_slot_inorder_place_cluster_15_grasp_ver3_grasp_ver3,20260311224828,9,551.0,0.0
2x2_slot_inorder_place_cluster_15_grasp_ver3_grasp_ver3,20260311224832,29,1633.0,0.0
2x2_slot_inorder_place_cluster_15_grasp_ver3_grasp_ver3,20260311224839,19,1205.0,0.0
2x2_slot_inorder_place_cluster_15_grasp_ver3_grasp_ver3,20260311224846,25,1410.0,0.0
2x2_slot_inorder_place_cluster_15_grasp_ver3_grasp_ver3,20260311224853,8,502.0,0.0
2x2_slot_inorder_place_cluster_15_grasp_ver3_grasp_ver3,20260311224856,16,1029.0,0.0
2x2_slot_inorder_place_cluster_15_grasp_ver3_grasp_ver3,20260311224901,15,977.0,0.0
2x2_slot_inorder_place_cluster_15_grasp_ver3_grasp_ver3,20260311224907,19,1117.0,0.0
2x2_slot_inorder_place_cluster_15_grasp_ver3_greedy_ver3,20260311223853,4,228.0,0.0
2x2_slot_inorder_place_cluster_15_grasp_ver3_greedy_ver3,20260311223856,4,238.0,0.0
2x2_slot_inorder_place_cluster_15_grasp_ver3_greedy_ver3,20260311223859,21,1207.0,0.0
2x2_slot_inorder_place_cluster_15_grasp_ver3_greedy_ver3,20260311223903,16,941.0,0.015625
2x2_slot_inorder_place_cluster_15_grasp_ver3_greedy_ver3,20260311223906,8,478.0,0.0
2x2_slot_inorder_place_cluster_15_grasp_ver3_greedy_ver3,20260311223909,4,302.0,0.0
2x2_slot_inorder_place_cluster_15_grasp_ver3_greedy_ver3,20260311223911,6,460.0,0.0
2x2_slot_inorder_place_cluster_15_grasp_ver3_greedy_ver3,20260311223915,12,569.0,0.0
2x2_slot_inorder_place_cluster_15_grasp_ver3_greedy_ver3,20260311223918,25,1259.0,0.0
2x2_slot_inorder_place_cluster_15_grasp_ver3_greedy_ver3,20260311223922,20,979.0,0.015625
2x2_slot_inorder_place_cluster_15_grasp_ver3_greedy_ver3,20260311223927,16,903.0,0.0
2x2_slot_inorder_place_cluster_15_grasp_ver3_greedy_ver3,20260311223932,23,1213.0,0.0
2x2_slot_inorder_place_cluster_15_grasp_ver3_greedy_ver3,20260311223938,19,1021.0,0.0
2x2_slot_inorder_place_cluster_15_grasp_ver3_greedy_ver3,20260311223945,22,1031.0,0.0
2x2_slot_inorder_place_cluster_15_grasp_ver3_greedy_ver3,20260311223949,30,2006.0,0.0
2x2_slot_inorder_place_cluster_15_grasp_ver3_greedy_ver3,20260311223953,22,1281.0,0.0
2x2_slot_inorder_place_cluster_15_grasp_ver3_greedy_ver3,20260311223957,15,957.0,0.0
2x2_slot_inorder_place_cluster_15_grasp_ver3_greedy_ver3,20260311224001,8,478.0,0.0
2x2_slot_inorder_place_cluster_15_grasp_ver3_greedy_ver3,20260311224004,24,1155.0,0.0
2x2_slot_inorder_place_cluster_15_grasp_ver3_greedy_ver3,20260311224006,20,1001.0,0.0
2x2_slot_inorder_place_cluster_15_grasp_ver3_greedy_ver3,20260311224009,27,1469.0,0.0
2x2_slot_inorder_place_cluster_15_grasp_ver3_greedy_ver3,20260311224012,4,300.0,0.0
2x2_slot_inorder_place_cluster_15_grasp_ver3_greedy_ver3,20260311224015,4,238.0,0.0
2x2_slot_inorder_place_cluster_15_grasp_ver3_greedy_ver3,20260311224017,6,368.0,0.0
2x2_slot_inorder_place_cluster_15_grasp_ver3_greedy_ver3,20260311224021,6,414.0,0.0
2x2_slot_inorder_place_cluster_15_grasp_ver3_greedy_ver3,20260311224023,38,1740.0,0.0
2x2_slot_inorder_place_cluster_15_grasp_ver3_greedy_ver3,20260311224027,25,1355.0,0.0
2x2_slot_inorder_place_cluster_15_grasp_ver3_greedy_ver3,20260311224033,20,1115.0,0.0
2x2_slot_inorder_place_cluster_15_grasp_ver3_greedy_ver3,20260311224038,18,993.0,0.0
2x2_slot_inorder_place_cluster_15_grasp_ver3_greedy_ver3,20260311224041,6,460.0,0.015625
2x2_slot_inorder_place_cluster_15_grasp_ver3_greedy_ver3,20260311224044,27,1452.0,0.015625
2x2_slot_inorder_place_cluster_15_grasp_ver3_greedy_ver3,20260311224047,19,1083.0,0.0
2x2_slot_inorder_place_cluster_15_grasp_ver3_greedy_ver3,20260311224050,23,1286.0,0.0
2x2_slot_inorder_place_cluster_15_grasp_ver3_greedy_ver3,20260311224052,4,270.0,0.015625
2x2_slot_inorder_place_cluster_15_grasp_ver3_greedy_ver3,20260311224054,4,254.0,0.0
2x2_slot_inorder_place_cluster_15_grasp_ver3_greedy_ver3,20260311224058,13,749.0,0.0
2x2_slot_inorder_place_cluster_15_grasp_ver3_greedy_ver3,20260311224101,10,695.0,0.0
2x2_slot_inorder_place_cluster_15_grasp_ver3_greedy_ver3,20260311224105,6,444.0,0.0
2x2_slot_inorder_place_cluster_15_grasp_ver3_greedy_ver3,20260311224108,13,831.0,0.0
2x2_slot_inorder_place_cluster_15_grasp_ver3_greedy_ver3,20260311224112,28,1300.0,0.0
2x2_slot_inorder_place_cluster_15_grasp_ver3_greedy_ver3,20260311224116,16,981.0,0.0
2x2_slot_inorder_place_cluster_15_grasp_ver3_greedy_ver3,20260311224119,6,470.0,0.0
2x2_slot_inorder_place_cluster_15_grasp_ver3_greedy_ver3,20260311224121,4,274.0,0.0
2x2_slot_inorder_place_cluster_15_grasp_ver3_greedy_ver3,20260311224125,11,546.0,0.0
2x2_slot_inorder_place_cluster_15_grasp_ver3_greedy_ver3,20260311224129,12,743.0,0.0
2x2_slot_inorder_place_cluster_15_grasp_ver3_greedy_ver3,20260311224132,13,655.0,0.0
2x2_slot_inorder_place_cluster_15_grasp_ver3_greedy_ver3,20260311224134,14,737.0,0.0
2x2_slot_inorder_place_cluster_15_grasp_ver3_greedy_ver3,20260311224137,4,252.0,0.0
2x2_slot_inorder_place_cluster_15_grasp_ver3_greedy_ver3,20260311224141,22,1323.0,0.0
2x2_slot_inorder_place_cluster_15_grasp_ver3_greedy_ver3,20260311224146,17,943.0,0.015625
2x2_slot_inorder_place_cluster_15_grasp_ver3_greedy_ver3,20260311224149,15,989.0,0.0
2x2_slot_inorder_place_cluster_15_grasp_ver3_greedy_ver3,20260311224153,6,462.0,0.0
2x2_slot_inorder_place_cluster_15_grasp_ver3_greedy_ver3,20260311224156,8,496.0,0.0
2x2_slot_inorder_place_cluster_15_grasp_ver3_greedy_ver3,20260311224159,12,695.0,0.0
2x2_slot_inorder_place_cluster_15_grasp_ver3_greedy_ver3,20260311224202,8,500.0,0.015625
2x2_slot_inorder_place_cluster_15_grasp_ver3_greedy_ver3,20260311224205,22,1081.0,0.0
2x2_slot_inorder_place_cluster_15_grasp_ver3_greedy_ver3,20260311224209,39,2104.0,0.0
2x2_slot_inorder_place_cluster_15_grasp_ver3_greedy_ver3,20260311224214,6,460.0,0.0
2x2_slot_inorder_place_cluster_15_grasp_ver3_greedy_ver3,20260311224217,31,1630.0,0.0
2x2_slot_inorder_place_cluster_15_grasp_ver3_greedy_ver3,20260311224219,4,228.0,0.0
2x2_slot_inorder_place_cluster_15_grasp_ver3_greedy_ver3,20260311224222,20,1243.0,0.0
2x2_slot_inorder_place_cluster_15_grasp_ver3_greedy_ver3,20260311224227,22,1293.0,0.0
2x2_slot_inorder_place_cluster_15_grasp_ver3_greedy_ver3,20260311224230,23,1317.0,0.0
2x2_slot_inorder_place_cluster_15_grasp_ver3_greedy_ver3,20260311224235,31,1786.0,0.015625
2x2_slot_inorder_place_cluster_15_grasp_ver3_greedy_ver3,20260311224241,29,1586.0,0.0
2x2_slot_inorder_place_cluster_15_grasp_ver3_greedy_ver3,20260311224246,23,1156.0,0.0
2x2_slot_inorder_place_cluster_15_grasp_ver3_greedy_ver3,20260311224250,6,474.0,0.0
2x2_slot_inorder_place_cluster_15_grasp_ver3_greedy_ver3,20260311224252,4,290.0,0.0
2x2_slot_inorder_place_cluster_15_grasp_ver3_greedy_ver3,20260311224254,4,238.0,0.0
2x2_slot_inorder_place_cluster_15_grasp_ver3_greedy_ver3,20260311224257,4,270.0,0.0
2x2_slot_inorder_place_cluster_15_grasp_ver3_greedy_ver3,20260311224300,14,935.0,0.0
2x2_slot_inorder_place_cluster_15_grasp_ver3_greedy_ver3,20260311224304,21,1019.0,0.0
2x2_slot_inorder_place_cluster_15_grasp_ver3_greedy_ver3,20260311224307,10,649.0,0.0
2x2_slot_inorder_place_cluster_15_grasp_ver3_greedy_ver3,20260311224310,21,1157.0,0.0
2x2_slot_inorder_place_cluster_15_grasp_ver3_greedy_ver3,20260311224314,15,761.0,0.0
2x2_slot_inorder_place_cluster_15_grasp_ver3_greedy_ver3,20260311224319,14,787.0,0.015625
2x2_slot_inorder_place_cluster_15_grasp_ver3_greedy_ver3,20260311224325,24,1355.0,0.0
2x2_slot_inorder_place_cluster_15_grasp_ver3_greedy_ver3,20260311224328,11,613.0,0.015625
2x2_slot_inorder_place_cluster_15_grasp_ver3_greedy_ver3,20260311224332,10,695.0,0.0
2x2_slot_inorder_place_cluster_15_grasp_ver3_greedy_ver3,20260311224336,21,1137.0,0.0
2x2_slot_inorder_place_cluster_15_grasp_ver3_greedy_ver3,20260311224341,23,1387.0,0.0
2x2_slot_inorder_place_cluster_15_grasp_ver3_greedy_ver3,20260311224348,30,1980.0,0.0
2x2_slot_inorder_place_cluster_15_grasp_ver3_greedy_ver3,20260311224354,15,789.0,0.0
2x2_slot_inorder_place_cluster_15_grasp_ver3_greedy_ver3,20260311224356,8,466.0,0.0
2x2_slot_inorder_place_cluster_15_grasp_ver3_greedy_ver3,20260311224401,43,2002.0,0.0
2x2_slot_inorder_place_cluster_15_grasp_ver3_greedy_ver3,20260311224406,10,695.0,0.0
2x2_slot_inorder_place_cluster_15_grasp_ver3_greedy_ver3,20260311224409,11,663.0,0.0
2x2_slot_inorder_place_cluster_15_grasp_ver3_greedy_ver3,20260311224412,4,238.0,0.0
2x2_slot_inorder_place_cluster_15_grasp_ver3_greedy_ver3,20260311224414,6,460.0,0.0
2x2_slot_inorder_place_cluster_15_grasp_ver3_greedy_ver3,20260311224417,6,482.0,0.0
2x2_slot_inorder_place_cluster_15_grasp_ver3_greedy_ver3,20260311224420,11,579.0,0.0
2x2_slot_inorder_place_cluster_15_grasp_ver3_greedy_ver3,20260311224423,12,763.0,0.0
2x2_slot_inorder_place_cluster_15_grasp_ver3_greedy_ver3,20260311224427,10,572.0,0.0
2x2_slot_inorder_place_cluster_15_grasp_ver3_greedy_ver3,20260311224434,28,1429.0,0.0
2x2_slot_inorder_place_cluster_15_grasp_ver3_greedy_ver3,20260311224442,15,781.0,0.0
2x2_slot_inorder_place_cluster_15_grasp_ver3_greedy_ver3,20260311224446,28,1556.0,0.0
2x2_slot_inorder_place_cluster_15_grasp_ver3_greedy_ver3,20260311224450,6,352.0,0.0
2x2_slot_inorder_place_cluster_15_grasp_ver3_greedy_ver3,20260311224454,18,891.0,0.0
2x2_slot_inorder_place_cluster_15_grasp_ver3_greedy_ver3,20260311224459,16,947.0,0.0
2x2_slot_inorder_place_cluster_15_grasp_ver3_greedy_ver3,20260311224505,17,1117.0,0.0
2x2_slot_inorder_place_cluster_15_grasp_ver3_greedy_ver3,20260311224509,14,769.0,0.0
2x2_slot_inorder_place_cluster_15_grasp_ver3_greedy_ver3,20260311224513,16,1085.0,0.0
2x2_slot_inorder_place_cluster_15_grasp_ver3_greedy_ver3,20260311224518,27,1308.0,0.0
2x2_slot_inorder_place_cluster_15_grasp_ver3_greedy_ver3,20260311224522,22,1299.0,0.015625
2x2_slot_inorder_place_cluster_15_grasp_ver3_greedy_ver3,20260311224526,19,1007.0,0.0
2x2_slot_inorder_place_cluster_15_grasp_ver3_greedy_ver3,20260311224530,13,813.0,0.0
2x2_slot_inorder_place_cluster_15_grasp_ver3_greedy_ver3,20260311224535,12,569.0,0.0
2x2_slot_inorder_place_cluster_15_grasp_ver3_greedy_ver3,20260311224540,35,1732.0,0.0
2x2_slot_inorder_place_cluster_15_grasp_ver3_greedy_ver3,20260311224546,21,1275.0,0.0
2x2_slot_inorder_place_cluster_15_grasp_ver3_greedy_ver3,20260311224552,54,2502.0,0.0
2x2_slot_inorder_place_cluster_15_grasp_ver3_greedy_ver3,20260311224601,27,1383.0,0.0
2x2_slot_inorder_place_cluster_15_grasp_ver3_greedy_ver3,20260311224605,5,472.0,0.0
2x2_slot_inorder_place_cluster_15_grasp_ver3_greedy_ver3,20260311224609,16,879.0,0.0
2x2_slot_inorder_place_cluster_15_grasp_ver3_greedy_ver3,20260311224613,4,284.0,0.0
2x2_slot_inorder_place_cluster_15_grasp_ver3_greedy_ver3,20260311224617,23,1521.0,0.0
2x2_slot_inorder_place_cluster_15_grasp_ver3_greedy_ver3,20260311224621,6,412.0,0.0
2x2_slot_inorder_place_cluster_15_grasp_ver3_greedy_ver3,20260311224625,18,1023.0,0.0
2x2_slot_inorder_place_cluster_15_grasp_ver3_greedy_ver3,20260311224631,25,1315.0,0.0
2x2_slot_inorder_place_cluster_15_grasp_ver3_greedy_ver3,20260311224635,32,1744.0,0.0
2x2_slot_inorder_place_cluster_15_grasp_ver3_greedy_ver3,20260311224640,30,1444.0,0.0
2x2_slot_inorder_place_cluster_15_grasp_ver3_greedy_ver3,20260311224646,24,1328.0,0.0
2x2_slot_inorder_place_cluster_15_grasp_ver3_greedy_ver3,20260311224650,13,785.0,0.0
2x2_slot_inorder_place_cluster_15_grasp_ver3_greedy_ver3,20260311224655,38,1828.0,0.0
2x2_slot_inorder_place_cluster_15_grasp_ver3_greedy_ver3,20260311224701,12,717.0,0.0
2x2_slot_inorder_place_cluster_15_grasp_ver3_greedy_ver3,20260311224706,16,849.0,0.0
2x2_slot_inorder_place_cluster_15_grasp_ver3_greedy_ver3,20260311224710,12,853.0,0.0
2x2_slot_inorder_place_cluster_15_grasp_ver3_greedy_ver3,20260311224714,25,1134.0,0.0
2x2_slot_inorder_place_cluster_15_grasp_ver3_greedy_ver3,20260311224718,19,1143.0,0.015625
2x2_slot_inorder_place_cluster_15_grasp_ver3_greedy_ver3,20260311224721,14,949.0,0.0
2x2_slot_inorder_place_cluster_15_grasp_ver3_greedy_ver3,20260311224725,8,476.0,0.015625
2x2_slot_inorder_place_cluster_15_grasp_ver3_greedy_ver3,20260311224728,24,1431.0,0.0
2x2_slot_inorder_place_cluster_15_grasp_ver3_greedy_ver3,20260311224733,16,1029.0,0.0
2x2_slot_inorder_place_cluster_15_grasp_ver3_greedy_ver3,20260311224738,29,1469.0,0.0
2x2_slot_inorder_place_cluster_15_grasp_ver3_greedy_ver3,20260311224745,24,1463.0,0.0
2x2_slot_inorder_place_cluster_15_grasp_ver3_greedy_ver3,20260311224750,36,1926.0,0.0
2x2_slot_inorder_place_cluster_15_grasp_ver3_greedy_ver3,20260311224757,29,1176.0,0.0
2x2_slot_inorder_place_cluster_15_grasp_ver3_greedy_ver3,20260311224804,32,1742.0,0.0
2x2_slot_inorder_place_cluster_15_grasp_ver3_greedy_ver3,20260311224809,4,252.0,0.0
2x2_slot_inorder_place_cluster_15_grasp_ver3_greedy_ver3,20260311224812,14,749.0,0.0
2x2_slot_inorder_place_cluster_15_grasp_ver3_greedy_ver3,20260311224816,33,1770.0,0.0
2x2_slot_inorder_place_cluster_15_grasp_ver3_greedy_ver3,20260311224821,10,611.0,0.0
2x2_slot_inorder_place_cluster_15_grasp_ver3_greedy_ver3,20260311224825,12,595.0,0.015625
2x2_slot_inorder_place_cluster_15_grasp_ver3_greedy_ver3,20260311224830,10,531.0,0.0
2x2_slot_inorder_place_cluster_15_grasp_ver3_greedy_ver3,20260311224835,50,2426.0,0.0
2x2_slot_inorder_place_cluster_15_grasp_ver3_greedy_ver3,20260311224843,41,1950.0,0.0
2x2_slot_inorder_place_cluster_15_grasp_ver3_greedy_ver3,20260311224850,23,1188.0,0.015625
2x2_slot_inorder_place_cluster_15_grasp_ver3_greedy_ver3,20260311224855,13,831.0,0.0
2x2_slot_inorder_place_cluster_15_grasp_ver3_greedy_ver3,20260311224858,12,717.0,0.0
2x2_slot_inorder_place_cluster_15_grasp_ver3_greedy_ver3,20260311224904,16,869.0,0.015625
2x2_slot_inorder_place_cluster_15_grasp_ver3_greedy_ver3,20260311224910,21,1113.0,0.0
2x2_slot_inorder_place_cluster_15_greedy_ver3_grasp_ver3,20260311222745,2,258.0,0.0
2x2_slot_inorder_place_cluster_15_greedy_ver3_grasp_ver3,20260311222748,2,264.0,0.0
2x2_slot_inorder_place_cluster_15_greedy_ver3_grasp_ver3,20260311222751,6,472.0,0.0
2x2_slot_inorder_place_cluster_15_greedy_ver3_grasp_ver3,20260311222755,4,308.0,0.0
2x2_slot_inorder_place_cluster_15_greedy_ver3_grasp_ver3,20260311222757,7,504.0,0.0
2x2_slot_inorder_place_cluster_15_greedy_ver3_grasp_ver3,20260311222801,3,302.0,0.0
2x2_slot_inorder_place_cluster_15_greedy_ver3_grasp_ver3,20260311222803,8,526.0,0.0
2x2_slot_inorder_place_cluster_15_greedy_ver3_grasp_ver3,20260311222806,10,659.0,0.0
2x2_slot_inorder_place_cluster_15_greedy_ver3_grasp_ver3,20260311222810,12,837.0,0.0
2x2_slot_inorder_place_cluster_15_greedy_ver3_grasp_ver3,20260311222814,22,1051.0,0.0
2x2_slot_inorder_place_cluster_15_greedy_ver3_grasp_ver3,20260311222816,13,839.0,0.0
2x2_slot_inorder_place_cluster_15_greedy_ver3_grasp_ver3,20260311222820,44,2368.0,0.0
2x2_slot_inorder_place_cluster_15_greedy_ver3_grasp_ver3,20260311222831,16,1151.0,0.0
2x2_slot_inorder_place_cluster_15_greedy_ver3_grasp_ver3,20260311222837,18,1047.0,0.0
2x2_slot_inorder_place_cluster_15_greedy_ver3_grasp_ver3,20260311222843,4,308.0,0.0
2x2_slot_inorder_place_cluster_15_greedy_ver3_grasp_ver3,20260311222846,4,298.0,0.015625
2x2_slot_inorder_place_cluster_15_greedy_ver3_grasp_ver3,20260311222850,7,466.0,0.0
2x2_slot_inorder_place_cluster_15_greedy_ver3_grasp_ver3,20260311222855,3,298.0,0.0
2x2_slot_inorder_place_cluster_15_greedy_ver3_grasp_ver3,20260311222900,3,306.0,0.0
2x2_slot_inorder_place_cluster_15_greedy_ver3_grasp_ver3,20260311222903,21,1043.0,0.0
2x2_slot_inorder_place_cluster_15_greedy_ver3_grasp_ver3,20260311222911,8,590.0,0.0
2x2_slot_inorder_place_cluster_15_greedy_ver3_grasp_ver3,20260311222919,6,480.0,0.0
2x2_slot_inorder_place_cluster_15_greedy_ver3_grasp_ver3,20260311222926,12,857.0,0.0
2x2_slot_inorder_place_cluster_15_greedy_ver3_grasp_ver3,20260311222931,7,816.0,0.015625
2x2_slot_inorder_place_cluster_15_greedy_ver3_grasp_ver3,20260311222935,12,897.0,0.0
2x2_slot_inorder_place_cluster_15_greedy_ver3_grasp_ver3,20260311222939,10,535.0,0.0
2x2_slot_inorder_place_cluster_15_greedy_ver3_grasp_ver3,20260311222944,24,1263.0,0.0
2x2_slot_inorder_place_cluster_15_greedy_ver3_grasp_ver3,20260311222948,21,1375.0,0.0
2x2_slot_inorder_place_cluster_15_greedy_ver3_grasp_ver3,20260311222952,23,1153.0,0.0
2x2_slot_inorder_place_cluster_15_greedy_ver3_grasp_ver3,20260311222957,2,252.0,0.0
2x2_slot_inorder_place_cluster_15_greedy_ver3_grasp_ver3,20260311223000,10,687.0,0.0
2x2_slot_inorder_place_cluster_15_greedy_ver3_grasp_ver3,20260311223003,15,903.0,0.0
2x2_slot_inorder_place_cluster_15_greedy_ver3_grasp_ver3,20260311223006,3,310.0,0.0
2x2_slot_inorder_place_cluster_15_greedy_ver3_grasp_ver3,20260311223009,10,753.0,0.0
2x2_slot_inorder_place_cluster_15_greedy_ver3_grasp_ver3,20260311223012,6,490.0,0.0
2x2_slot_inorder_place_cluster_15_greedy_ver3_grasp_ver3,20260311223014,18,1405.0,0.0
2x2_slot_inorder_place_cluster_15_greedy_ver3_grasp_ver3,20260311223018,26,1277.0,0.0
2x2_slot_inorder_place_cluster_15_greedy_ver3_grasp_ver3,20260311223022,10,575.0,0.0
2x2_slot_inorder_place_cluster_15_greedy_ver3_grasp_ver3,20260311223026,15,885.0,0.0
2x2_slot_inorder_place_cluster_15_greedy_ver3_grasp_ver3,20260311223031,35,1638.0,0.0
2x2_slot_inorder_place_cluster_15_greedy_ver3_grasp_ver3,20260311223037,4,286.0,0.015625
2x2_slot_inorder_place_cluster_15_greedy_ver3_grasp_ver3,20260311223041,6,490.0,0.0
2x2_slot_inorder_place_cluster_15_greedy_ver3_grasp_ver3,20260311223044,19,1263.0,0.0
2x2_slot_inorder_place_cluster_15_greedy_ver3_grasp_ver3,20260311223047,3,310.0,0.0
2x2_slot_inorder_place_cluster_15_greedy_ver3_grasp_ver3,20260311223050,7,504.0,0.0
2x2_slot_inorder_place_cluster_15_greedy_ver3_grasp_ver3,20260311223054,4,306.0,0.0
2x2_slot_inorder_place_cluster_15_greedy_ver3_grasp_ver3,20260311223057,6,392.0,0.0
2x2_slot_inorder_place_cluster_15_greedy_ver3_grasp_ver3,20260311223101,6,496.0,0.0
2x2_slot_inorder_place_cluster_15_greedy_ver3_grasp_ver3,20260311223104,16,977.0,0.0
2x2_slot_inorder_place_cluster_15_greedy_ver3_grasp_ver3,20260311223108,34,1850.0,0.0
2x2_slot_inorder_place_cluster_15_greedy_ver3_grasp_ver3,20260311223115,9,469.0,0.0
2x2_slot_inorder_place_cluster_15_greedy_ver3_grasp_ver3,20260311223119,4,296.0,0.0
2x2_slot_inorder_place_cluster_15_greedy_ver3_grasp_ver3,20260311223121,12,679.0,0.0
2x2_slot_inorder_place_cluster_15_greedy_ver3_grasp_ver3,20260311223124,6,394.0,0.0
2x2_slot_inorder_place_cluster_15_greedy_ver3_grasp_ver3,20260311223128,23,1416.0,0.0
2x2_slot_inorder_place_cluster_15_greedy_ver3_grasp_ver3,20260311223131,8,496.0,0.0
2x2_slot_inorder_place_cluster_15_greedy_ver3_grasp_ver3,20260311223134,21,1403.0,0.0
2x2_slot_inorder_place_cluster_15_greedy_ver3_grasp_ver3,20260311223137,9,639.0,0.0
2x2_slot_inorder_place_cluster_15_greedy_ver3_grasp_ver3,20260311223140,11,633.0,0.0
2x2_slot_inorder_place_cluster_15_greedy_ver3_grasp_ver3,20260311223142,20,1379.0,0.0
2x2_slot_inorder_place_cluster_15_greedy_ver3_grasp_ver3,20260311223145,18,1201.0,0.0
2x2_slot_inorder_place_cluster_15_greedy_ver3_grasp_ver3,20260311223149,21,1239.0,0.0
2x2_slot_inorder_place_cluster_15_greedy_ver3_grasp_ver3,20260311223153,30,1610.0,0.015625
2x2_slot_inorder_place_cluster_15_greedy_ver3_grasp_ver3,20260311223158,31,1860.0,0.0
2x2_slot_inorder_place_cluster_15_greedy_ver3_grasp_ver3,20260311223205,37,1786.0,0.0
2x2_slot_inorder_place_cluster_15_greedy_ver3_grasp_ver3,20260311223210,12,689.0,0.0
2x2_slot_inorder_place_cluster_15_greedy_ver3_grasp_ver3,20260311223214,2,260.0,0.015625
2x2_slot_inorder_place_cluster_15_greedy_ver3_grasp_ver3,20260311223216,8,580.0,0.0
2x2_slot_inorder_place_cluster_15_greedy_ver3_grasp_ver3,20260311223219,15,943.0,0.0
2x2_slot_inorder_place_cluster_15_greedy_ver3_grasp_ver3,20260311223222,13,849.0,0.0
2x2_slot_inorder_place_cluster_15_greedy_ver3_grasp_ver3,20260311223225,20,1149.0,0.0
2x2_slot_inorder_place_cluster_15_greedy_ver3_grasp_ver3,20260311223228,24,1220.0,0.0
2x2_slot_inorder_place_cluster_15_greedy_ver3_grasp_ver3,20260311223231,8,510.0,0.0
2x2_slot_inorder_place_cluster_15_greedy_ver3_grasp_ver3,20260311223234,39,1788.0,0.0
2x2_slot_inorder_place_cluster_15_greedy_ver3_grasp_ver3,20260311223237,27,1332.0,0.0
2x2_slot_inorder_place_cluster_15_greedy_ver3_grasp_ver3,20260311223241,12,985.0,0.0
2x2_slot_inorder_place_cluster_15_greedy_ver3_grasp_ver3,20260311223244,21,1341.0,0.0
2x2_slot_inorder_place_cluster_15_greedy_ver3_grasp_ver3,20260311223250,17,971.0,0.0
2x2_slot_inorder_place_cluster_15_greedy_ver3_grasp_ver3,20260311223254,11,853.0,0.0
2x2_slot_inorder_place_cluster_15_greedy_ver3_grasp_ver3,20260311223257,17,1123.0,0.0
2x2_slot_inorder_place_cluster_15_greedy_ver3_grasp_ver3,20260311223301,13,771.0,0.0
2x2_slot_inorder_place_cluster_15_greedy_ver3_grasp_ver3,20260311223307,34,1792.0,0.0
2x2_slot_inorder_place_cluster_15_greedy_ver3_grasp_ver3,20260311223316,9,719.0,0.0
2x2_slot_inorder_place_cluster_15_greedy_ver3_grasp_ver3,20260311223319,28,1557.0,0.0
2x2_slot_inorder_place_cluster_15_greedy_ver3_grasp_ver3,20260311223323,5,316.0,0.0
2x2_slot_inorder_place_cluster_15_greedy_ver3_grasp_ver3,20260311223327,42,2082.0,0.015625
2x2_slot_inorder_place_cluster_15_greedy_ver3_grasp_ver3,20260311223330,51,2610.0,0.0
2x2_slot_inorder_place_cluster_15_greedy_ver3_grasp_ver3,20260311223335,18,1083.0,0.0
2x2_slot_inorder_place_cluster_15_greedy_ver3_grasp_ver3,20260311223337,9,604.0,0.0
2x2_slot_inorder_place_cluster_15_greedy_ver3_grasp_ver3,20260311223341,9,504.0,0.0
2x2_slot_inorder_place_cluster_15_greedy_ver3_grasp_ver3,20260311223344,9,560.0,0.0
2x2_slot_inorder_place_cluster_15_greedy_ver3_grasp_ver3,20260311223347,11,611.0,0.0
2x2_slot_inorder_place_cluster_15_greedy_ver3_grasp_ver3,20260311223350,17,987.0,0.0
2x2_slot_inorder_place_cluster_15_greedy_ver3_grasp_ver3,20260311223358,27,1402.0,0.0
2x2_slot_inorder_place_cluster_15_greedy_ver3_grasp_ver3,20260311223405,24,1165.0,0.0
2x2_slot_inorder_place_cluster_15_greedy_ver3_grasp_ver3,20260311223412,7,512.0,0.0
2x2_slot_inorder_place_cluster_15_greedy_ver3_grasp_ver3,20260311223415,10,672.0,0.0
2x2_slot_inorder_place_cluster_15_greedy_ver3_grasp_ver3,20260311223419,28,1577.0,0.0
2x2_slot_inorder_place_cluster_15_greedy_ver3_grasp_ver3,20260311223427,23,1371.0,0.0
2x2_slot_inorder_place_cluster_15_greedy_ver3_grasp_ver3,20260311223432,31,1880.0,0.0
2x2_slot_inorder_place_cluster_15_greedy_ver3_grasp_ver3,20260311223435,24,1207.0,0.015625
2x2_slot_inorder_place_cluster_15_greedy_ver3_grasp_ver3,20260311223438,57,3154.0,0.015625
2x2_slot_inorder_place_cluster_15_greedy_ver3_grasp_ver3,20260311223442,23,1375.0,0.0
2x2_slot_inorder_place_cluster_15_greedy_ver3_grasp_ver3,20260311223448,17,1123.0,0.0
2x2_slot_inorder_place_cluster_15_greedy_ver3_grasp_ver3,20260311223452,5,320.0,0.0
2x2_slot_inorder_place_cluster_15_greedy_ver3_grasp_ver3,20260311223455,8,508.0,0.0
2x2_slot_inorder_place_cluster_15_greedy_ver3_grasp_ver3,20260311223459,15,941.0,0.015625
2x2_slot_inorder_place_cluster_15_greedy_ver3_grasp_ver3,20260311223503,23,1273.0,0.0
2x2_slot_inorder_place_cluster_15_greedy_ver3_grasp_ver3,20260311223509,12,721.0,0.0
2x2_slot_inorder_place_cluster_15_greedy_ver3_grasp_ver3,20260311223514,25,1470.0,0.0
2x2_slot_inorder_place_cluster_15_greedy_ver3_grasp_ver3,20260311223522,27,1545.0,0.0
2x2_slot_inorder_place_cluster_15_greedy_ver3_grasp_ver3,20260311223531,5,392.0,0.0
2x2_slot_inorder_place_cluster_15_greedy_ver3_grasp_ver3,20260311223533,15,907.0,0.0
2x2_slot_inorder_place_cluster_15_greedy_ver3_grasp_ver3,20260311223540,13,763.0,0.0
2x2_slot_inorder_place_cluster_15_greedy_ver3_grasp_ver3,20260311223542,37,1782.0,0.0
2x2_slot_inorder_place_cluster_15_greedy_ver3_grasp_ver3,20260311223548,24,1209.0,0.0
2x2_slot_inorder_place_cluster_15_greedy_ver3_grasp_ver3,20260311223550,10,599.0,0.0
2x2_slot_inorder_place_cluster_15_greedy_ver3_grasp_ver3,20260311223555,23,1350.0,0.0
2x2_slot_inorder_place_cluster_15_greedy_ver3_grasp_ver3,20260311223603,27,1463.0,0.0
2x2_slot_inorder_place_cluster_15_greedy_ver3_grasp_ver3,20260311223607,32,1840.0,0.0
2x2_slot_inorder_place_cluster_15_greedy_ver3_grasp_ver3,20260311223615,15,989.0,0.015625
2x2_slot_inorder_place_cluster_15_greedy_ver3_grasp_ver3,20260311223620,9,530.0,0.0
2x2_slot_inorder_place_cluster_15_greedy_ver3_grasp_ver3,20260311223623,17,999.0,0.0
2x2_slot_inorder_place_cluster_15_greedy_ver3_grasp_ver3,20260311223629,32,1638.0,0.0
2x2_slot_inorder_place_cluster_15_greedy_ver3_grasp_ver3,20260311223636,15,939.0,0.015625
2x2_slot_inorder_place_cluster_15_greedy_ver3_grasp_ver3,20260311223641,25,1314.0,0.0
2x2_slot_inorder_place_cluster_15_greedy_ver3_grasp_ver3,20260311223645,16,961.0,0.0
2x2_slot_inorder_place_cluster_15_greedy_ver3_grasp_ver3,20260311223649,11,631.0,0.0
2x2_slot_inorder_place_cluster_15_greedy_ver3_grasp_ver3,20260311223653,16,1177.0,0.0
2x2_slot_inorder_place_cluster_15_greedy_ver3_grasp_ver3,20260311223657,5,332.0,0.0
2x2_slot_inorder_place_cluster_15_greedy_ver3_grasp_ver3,20260311223701,43,2157.0,0.0
2x2_slot_inorder_place_cluster_15_greedy_ver3_grasp_ver3,20260311223705,18,1171.0,0.0
2x2_slot_inorder_place_cluster_15_greedy_ver3_grasp_ver3,20260311223709,33,1702.0,0.0
2x2_slot_inorder_place_cluster_15_greedy_ver3_grasp_ver3,20260311223717,23,1329.0,0.0
2x2_slot_inorder_place_cluster_15_greedy_ver3_grasp_ver3,20260311223721,14,777.0,0.0
2x2_slot_inorder_place_cluster_15_greedy_ver3_grasp_ver3,20260311223727,61,2847.0,0.0
2x2_slot_inorder_place_cluster_15_greedy_ver3_grasp_ver3,20260311223735,32,1754.0,0.0
2x2_slot_inorder_place_cluster_15_greedy_ver3_grasp_ver3,20260311223742,24,1391.0,0.0
2x2_slot_inorder_place_cluster_15_greedy_ver3_grasp_ver3,20260311223744,13,779.0,0.0
2x2_slot_inorder_place_cluster_15_greedy_ver3_grasp_ver3,20260311223748,13,829.0,0.0
2x2_slot_inorder_place_cluster_15_greedy_ver3_grasp_ver3,20260311223752,10,651.0,0.0
2x2_slot_inorder_place_cluster_15_greedy_ver3_grasp_ver3,20260311223756,10,697.0,0.0
2x2_slot_inorder_place_cluster_15_greedy_ver3_grasp_ver3,20260311223800,13,809.0,0.0
2x2_slot_inorder_place_cluster_15_greedy_ver3_grasp_ver3,20260311223803,13,807.0,0.0
2x2_slot_inorder_place_cluster_15_greedy_ver3_grasp_ver3,20260311223808,45,2382.0,0.0
2x2_slot_inorder_place_cluster_15_greedy_ver3_grasp_ver3,20260311223819,25,1501.0,0.0
2x2_slot_inorder_place_cluster_15_greedy_ver3_grasp_ver3,20260311223825,8,502.0,0.0
2x2_slot_inorder_place_cluster_15_greedy_ver3_grasp_ver3,20260311223828,11,747.0,0.0
2x2_slot_inorder_place_cluster_15_greedy_ver3_grasp_ver3,20260311223833,20,1149.0,0.0
2x2_slot_inorder_place_cluster_15_greedy_ver3_grasp_ver3,20260311223838,19,1197.0,0.0
2x2_slot_inorder_place_cluster_15_greedy_ver3_greedy_ver3,20260311222746,32,1618.0,0.0
2x2_slot_inorder_place_cluster_15_greedy_ver3_greedy_ver3,20260311222749,4,238.0,0.0
2x2_slot_inorder_place_cluster_15_greedy_ver3_greedy_ver3,20260311222752,8,378.0,0.0
2x2_slot_inorder_place_cluster_15_greedy_ver3_greedy_ver3,20260311222756,19,1061.0,0.0
2x2_slot_inorder_place_cluster_15_greedy_ver3_greedy_ver3,20260311222759,8,484.0,0.0
2x2_slot_inorder_place_cluster_15_greedy_ver3_greedy_ver3,20260311222802,17,955.0,0.0
2x2_slot_inorder_place_cluster_15_greedy_ver3_greedy_ver3,20260311222805,18,863.0,0.0
2x2_slot_inorder_place_cluster_15_greedy_ver3_greedy_ver3,20260311222808,16,939.0,0.0
2x2_slot_inorder_place_cluster_15_greedy_ver3_greedy_ver3,20260311222812,18,1077.0,0.0
2x2_slot_inorder_place_cluster_15_greedy_ver3_greedy_ver3,20260311222815,6,470.0,0.0
2x2_slot_inorder_place_cluster_15_greedy_ver3_greedy_ver3,20260311222818,12,751.0,0.0
2x2_slot_inorder_place_cluster_15_greedy_ver3_greedy_ver3,20260311222825,26,1502.0,0.0
2x2_slot_inorder_place_cluster_15_greedy_ver3_greedy_ver3,20260311222834,22,1153.0,0.0
2x2_slot_inorder_place_cluster_15_greedy_ver3_greedy_ver3,20260311222840,18,961.0,0.0
2x2_slot_inorder_place_cluster_15_greedy_ver3_greedy_ver3,20260311222844,24,1118.0,0.0
2x2_slot_inorder_place_cluster_15_greedy_ver3_greedy_ver3,20260311222848,8,478.0,0.015625
2x2_slot_inorder_place_cluster_15_greedy_ver3_greedy_ver3,20260311222852,8,508.0,0.0
2x2_slot_inorder_place_cluster_15_greedy_ver3_greedy_ver3,20260311222857,4,298.0,0.0
2x2_slot_inorder_place_cluster_15_greedy_ver3_greedy_ver3,20260311222901,4,306.0,0.0
2x2_slot_inorder_place_cluster_15_greedy_ver3_greedy_ver3,20260311222907,8,452.0,0.0
2x2_slot_inorder_place_cluster_15_greedy_ver3_greedy_ver3,20260311222913,25,1114.0,0.0
2x2_slot_inorder_place_cluster_15_greedy_ver3_greedy_ver3,20260311222922,6,460.0,0.015625
2x2_slot_inorder_place_cluster_15_greedy_ver3_greedy_ver3,20260311222928,12,781.0,0.0
2x2_slot_inorder_place_cluster_15_greedy_ver3_greedy_ver3,20260311222933,7,660.0,0.0
2x2_slot_inorder_place_cluster_15_greedy_ver3_greedy_ver3,20260311222937,12,765.0,0.0
2x2_slot_inorder_place_cluster_15_greedy_ver3_greedy_ver3,20260311222941,13,835.0,0.0
2x2_slot_inorder_place_cluster_15_greedy_ver3_greedy_ver3,20260311222946,27,1623.0,0.0
2x2_slot_inorder_place_cluster_15_greedy_ver3_greedy_ver3,20260311222950,17,997.0,0.0
2x2_slot_inorder_place_cluster_15_greedy_ver3_greedy_ver3,20260311222955,19,1113.0,0.0
2x2_slot_inorder_place_cluster_15_greedy_ver3_greedy_ver3,20260311222958,16,869.0,0.0
2x2_slot_inorder_place_cluster_15_greedy_ver3_greedy_ver3,20260311223001,4,254.0,0.0
2x2_slot_inorder_place_cluster_15_greedy_ver3_greedy_ver3,20260311223004,6,348.0,0.0
2x2_slot_inorder_place_cluster_15_greedy_ver3_greedy_ver3,20260311223007,13,859.0,0.0
2x2_slot_inorder_place_cluster_15_greedy_ver3_greedy_ver3,20260311223010,11,813.0,0.015625
2x2_slot_inorder_place_cluster_15_greedy_ver3_greedy_ver3,20260311223013,14,859.0,0.0
2x2_slot_inorder_place_cluster_15_greedy_ver3_greedy_ver3,20260311223016,18,1377.0,0.0
2x2_slot_inorder_place_cluster_15_greedy_ver3_greedy_ver3,20260311223020,9,585.0,0.0
2x2_slot_inorder_place_cluster_15_greedy_ver3_greedy_ver3,20260311223024,22,1315.0,0.0
2x2_slot_inorder_place_cluster_15_greedy_ver3_greedy_ver3,20260311223028,21,959.0,0.0
2x2_slot_inorder_place_cluster_15_greedy_ver3_greedy_ver3,20260311223034,46,2184.0,0.0
2x2_slot_inorder_place_cluster_15_greedy_ver3_greedy_ver3,20260311223039,10,551.0,0.0
2x2_slot_inorder_place_cluster_15_greedy_ver3_greedy_ver3,20260311223043,6,470.0,0.0
2x2_slot_inorder_place_cluster_15_greedy_ver3_greedy_ver3,20260311223046,6,460.0,0.0
2x2_slot_inorder_place_cluster_15_greedy_ver3_greedy_ver3,20260311223049,4,310.0,0.0
2x2_slot_inorder_place_cluster_15_greedy_ver3_greedy_ver3,20260311223052,28,1600.0,0.0
2x2_slot_inorder_place_cluster_15_greedy_ver3_greedy_ver3,20260311223055,28,1330.0,0.0
2x2_slot_inorder_place_cluster_15_greedy_ver3_greedy_ver3,20260311223059,8,432.0,0.0
2x2_slot_inorder_place_cluster_15_greedy_ver3_greedy_ver3,20260311223103,12,659.0,0.0
2x2_slot_inorder_place_cluster_15_greedy_ver3_greedy_ver3,20260311223106,18,1029.0,0.0
2x2_slot_inorder_place_cluster_15_greedy_ver3_greedy_ver3,20260311223112,38,2000.0,0.0
2x2_slot_inorder_place_cluster_15_greedy_ver3_greedy_ver3,20260311223117,8,492.0,0.0
2x2_slot_inorder_place_cluster_15_greedy_ver3_greedy_ver3,20260311223120,16,905.0,0.0
2x2_slot_inorder_place_cluster_15_greedy_ver3_greedy_ver3,20260311223123,18,923.0,0.0
2x2_slot_inorder_place_cluster_15_greedy_ver3_greedy_ver3,20260311223126,8,448.0,0.0
2x2_slot_inorder_place_cluster_15_greedy_ver3_greedy_ver3,20260311223129,4,238.0,0.0
2x2_slot_inorder_place_cluster_15_greedy_ver3_greedy_ver3,20260311223132,24,1289.0,0.0
2x2_slot_inorder_place_cluster_15_greedy_ver3_greedy_ver3,20260311223135,6,472.0,0.0
2x2_slot_inorder_place_cluster_15_greedy_ver3_greedy_ver3,20260311223138,18,1059.0,0.0
2x2_slot_inorder_place_cluster_15_greedy_ver3_greedy_ver3,20260311223141,4,302.0,0.0
2x2_slot_inorder_place_cluster_15_greedy_ver3_greedy_ver3,20260311223144,18,995.0,0.0
2x2_slot_inorder_place_cluster_15_greedy_ver3_greedy_ver3,20260311223147,14,927.0,0.0
2x2_slot_inorder_place_cluster_15_greedy_ver3_greedy_ver3,20260311223151,30,1712.0,0.0
2x2_slot_inorder_place_cluster_15_greedy_ver3_greedy_ver3,20260311223155,28,1660.0,0.0
2x2_slot_inorder_place_cluster_15_greedy_ver3_greedy_ver3,20260311223201,44,2528.0,0.0
2x2_slot_inorder_place_cluster_15_greedy_ver3_greedy_ver3,20260311223208,32,1818.0,0.0
2x2_slot_inorder_place_cluster_15_greedy_ver3_greedy_ver3,20260311223212,18,1099.0,0.0
2x2_slot_inorder_place_cluster_15_greedy_ver3_greedy_ver3,20260311223215,10,583.0,0.0
2x2_slot_inorder_place_cluster_15_greedy_ver3_greedy_ver3,20260311223217,14,775.0,0.0
2x2_slot_inorder_place_cluster_15_greedy_ver3_greedy_ver3,20260311223221,10,595.0,0.0
2x2_slot_inorder_place_cluster_15_greedy_ver3_greedy_ver3,20260311223224,14,837.0,0.0
2x2_slot_inorder_place_cluster_15_greedy_ver3_greedy_ver3,20260311223227,6,474.0,0.0
2x2_slot_inorder_place_cluster_15_greedy_ver3_greedy_ver3,20260311223229,10,655.0,0.0
2x2_slot_inorder_place_cluster_15_greedy_ver3_greedy_ver3,20260311223232,8,460.0,0.0
2x2_slot_inorder_place_cluster_15_greedy_ver3_greedy_ver3,20260311223236,8,470.0,0.0
2x2_slot_inorder_place_cluster_15_greedy_ver3_greedy_ver3,20260311223239,10,607.0,0.0
2x2_slot_inorder_place_cluster_15_greedy_ver3_greedy_ver3,20260311223242,17,1125.0,0.0
2x2_slot_inorder_place_cluster_15_greedy_ver3_greedy_ver3,20260311223247,23,1249.0,0.015625
2x2_slot_inorder_place_cluster_15_greedy_ver3_greedy_ver3,20260311223252,14,769.0,0.0
2x2_slot_inorder_place_cluster_15_greedy_ver3_greedy_ver3,20260311223255,15,939.0,0.0
2x2_slot_inorder_place_cluster_15_greedy_ver3_greedy_ver3,20260311223259,19,1023.0,0.0
2x2_slot_inorder_place_cluster_15_greedy_ver3_greedy_ver3,20260311223304,15,767.0,0.0
2x2_slot_inorder_place_cluster_15_greedy_ver3_greedy_ver3,20260311223311,48,2583.0,0.0
2x2_slot_inorder_place_cluster_15_greedy_ver3_greedy_ver3,20260311223318,9,669.0,0.0
2x2_slot_inorder_place_cluster_15_greedy_ver3_greedy_ver3,20260311223321,12,651.0,0.0
2x2_slot_inorder_place_cluster_15_greedy_ver3_greedy_ver3,20260311223325,6,422.0,0.0
2x2_slot_inorder_place_cluster_15_greedy_ver3_greedy_ver3,20260311223328,8,460.0,0.0
2x2_slot_inorder_place_cluster_15_greedy_ver3_greedy_ver3,20260311223332,16,973.0,0.015625
2x2_slot_inorder_place_cluster_15_greedy_ver3_greedy_ver3,20260311223336,6,470.0,0.0
2x2_slot_inorder_place_cluster_15_greedy_ver3_greedy_ver3,20260311223338,12,727.0,0.015625
2x2_slot_inorder_place_cluster_15_greedy_ver3_greedy_ver3,20260311223342,13,685.0,0.0
2x2_slot_inorder_place_cluster_15_greedy_ver3_greedy_ver3,20260311223345,7,526.0,0.015625
2x2_slot_inorder_place_cluster_15_greedy_ver3_greedy_ver3,20260311223348,15,913.0,0.0
2x2_slot_inorder_place_cluster_15_greedy_ver3_greedy_ver3,20260311223354,26,1423.0,0.0
2x2_slot_inorder_place_cluster_15_greedy_ver3_greedy_ver3,20260311223401,17,1011.0,0.0
2x2_slot_inorder_place_cluster_15_greedy_ver3_greedy_ver3,20260311223408,36,2128.0,0.0
2x2_slot_inorder_place_cluster_15_greedy_ver3_greedy_ver3,20260311223413,19,1083.0,0.0
2x2_slot_inorder_place_cluster_15_greedy_ver3_greedy_ver3,20260311223417,6,442.0,0.0
2x2_slot_inorder_place_cluster_15_greedy_ver3_greedy_ver3,20260311223422,19,983.0,0.015625
2x2_slot_inorder_place_cluster_15_greedy_ver3_greedy_ver3,20260311223429,27,1403.0,0.015625
2x2_slot_inorder_place_cluster_15_greedy_ver3_greedy_ver3,20260311223433,12,835.0,0.0
2x2_slot_inorder_place_cluster_15_greedy_ver3_greedy_ver3,20260311223436,8,464.0,0.0
2x2_slot_inorder_place_cluster_15_greedy_ver3_greedy_ver3,20260311223440,14,827.0,0.0
2x2_slot_inorder_place_cluster_15_greedy_ver3_greedy_ver3,20260311223445,23,1215.0,0.0
2x2_slot_inorder_place_cluster_15_greedy_ver3_greedy_ver3,20260311223450,17,1053.0,0.015625
2x2_slot_inorder_place_cluster_15_greedy_ver3_greedy_ver3,20260311223454,14,667.0,0.0
2x2_slot_inorder_place_cluster_15_greedy_ver3_greedy_ver3,20260311223457,10,649.0,0.0
2x2_slot_inorder_place_cluster_15_greedy_ver3_greedy_ver3,20260311223501,15,841.0,0.0
2x2_slot_inorder_place_cluster_15_greedy_ver3_greedy_ver3,20260311223506,23,1239.0,0.0
2x2_slot_inorder_place_cluster_15_greedy_ver3_greedy_ver3,20260311223511,28,1423.0,0.0
2x2_slot_inorder_place_cluster_15_greedy_ver3_greedy_ver3,20260311223518,33,1668.0,0.0
2x2_slot_inorder_place_cluster_15_greedy_ver3_greedy_ver3,20260311223527,33,1540.0,0.015625
2x2_slot_inorder_place_cluster_15_greedy_ver3_greedy_ver3,20260311223532,5,392.0,0.0
2x2_slot_inorder_place_cluster_15_greedy_ver3_greedy_ver3,20260311223537,16,787.0,0.015625
2x2_slot_inorder_place_cluster_15_greedy_ver3_greedy_ver3,20260311223541,2,204.0,0.0
2x2_slot_inorder_place_cluster_15_greedy_ver3_greedy_ver3,20260311223545,21,1349.0,0.0
2x2_slot_inorder_place_cluster_15_greedy_ver3_greedy_ver3,20260311223549,6,444.0,0.0
2x2_slot_inorder_place_cluster_15_greedy_ver3_greedy_ver3,20260311223552,17,975.0,0.0
2x2_slot_inorder_place_cluster_15_greedy_ver3_greedy_ver3,20260311223559,29,1672.0,0.0
2x2_slot_inorder_place_cluster_15_greedy_ver3_greedy_ver3,20260311223604,10,617.0,0.0
2x2_slot_inorder_place_cluster_15_greedy_ver3_greedy_ver3,20260311223611,35,1718.0,0.0
2x2_slot_inorder_place_cluster_15_greedy_ver3_greedy_ver3,20260311223618,15,759.0,0.0
2x2_slot_inorder_place_cluster_15_greedy_ver3_greedy_ver3,20260311223622,3,242.0,0.0
2x2_slot_inorder_place_cluster_15_greedy_ver3_greedy_ver3,20260311223626,18,913.0,0.0
2x2_slot_inorder_place_cluster_15_greedy_ver3_greedy_ver3,20260311223632,27,1260.0,0.0
2x2_slot_inorder_place_cluster_15_greedy_ver3_greedy_ver3,20260311223639,32,1498.0,0.0
2x2_slot_inorder_place_cluster_15_greedy_ver3_greedy_ver3,20260311223643,10,653.0,0.0
2x2_slot_inorder_place_cluster_15_greedy_ver3_greedy_ver3,20260311223647,30,1502.0,0.0
2x2_slot_inorder_place_cluster_15_greedy_ver3_greedy_ver3,20260311223651,11,751.0,0.0
2x2_slot_inorder_place_cluster_15_greedy_ver3_greedy_ver3,20260311223655,32,1984.0,0.0
2x2_slot_inorder_place_cluster_15_greedy_ver3_greedy_ver3,20260311223659,6,348.0,0.0
2x2_slot_inorder_place_cluster_15_greedy_ver3_greedy_ver3,20260311223703,12,697.0,0.0
2x2_slot_inorder_place_cluster_15_greedy_ver3_greedy_ver3,20260311223707,16,1029.0,0.0
2x2_slot_inorder_place_cluster_15_greedy_ver3_greedy_ver3,20260311223713,48,2480.0,0.0
2x2_slot_inorder_place_cluster_15_greedy_ver3_greedy_ver3,20260311223719,13,745.0,0.0
2x2_slot_inorder_place_cluster_15_greedy_ver3_greedy_ver3,20260311223724,18,851.0,0.0
2x2_slot_inorder_place_cluster_15_greedy_ver3_greedy_ver3,20260311223731,44,2400.0,0.0
2x2_slot_inorder_place_cluster_15_greedy_ver3_greedy_ver3,20260311223738,28,1579.0,0.0
2x2_slot_inorder_place_cluster_15_greedy_ver3_greedy_ver3,20260311223743,3,242.0,0.015625
2x2_slot_inorder_place_cluster_15_greedy_ver3_greedy_ver3,20260311223746,15,921.0,0.0
2x2_slot_inorder_place_cluster_15_greedy_ver3_greedy_ver3,20260311223750,14,843.0,0.0
2x2_slot_inorder_place_cluster_15_greedy_ver3_greedy_ver3,20260311223754,10,661.0,0.0
2x2_slot_inorder_place_cluster_15_greedy_ver3_greedy_ver3,20260311223758,18,893.0,0.0
2x2_slot_inorder_place_cluster_15_greedy_ver3_greedy_ver3,20260311223802,14,721.0,0.0
2x2_slot_inorder_place_cluster_15_greedy_ver3_greedy_ver3,20260311223806,14,823.0,0.0
2x2_slot_inorder_place_cluster_15_greedy_ver3_greedy_ver3,20260311223813,54,2589.0,0.0
2x2_slot_inorder_place_cluster_15_greedy_ver3_greedy_ver3,20260311223822,24,1081.0,0.015625
2x2_slot_inorder_place_cluster_15_greedy_ver3_greedy_ver3,20260311223827,32,1524.0,0.0
2x2_slot_inorder_place_cluster_15_greedy_ver3_greedy_ver3,20260311223831,27,1545.0,0.0
2x2_slot_inorder_place_cluster_15_greedy_ver3_greedy_ver3,20260311223835,16,871.0,0.0
2x2_slot_inorder_place_cluster_15_greedy_ver3_greedy_ver3,20260311223841,20,937.0,0.0
2x2_slot_inorder_place_random_1_grasp_ver3_grasp_ver3,20260312180438,4,225.0,0.0
2x2_slot_inorder_place_random_1_grasp_ver3_grasp_ver3,20260312180441,2,255.0,0.0
2x2_slot_inorder_place_random_1_grasp_ver3_grasp_ver3,20260312180444,6,194.0,0.0
2x2_slot_inorder_place_random_1_grasp_ver3_grasp_ver3,20260312180448,10,512.0,0.0
2x2_slot_inorder_place_random_1_grasp_ver3_grasp_ver3,20260312180452,2,189.0,0.0
2x2_slot_inorder_place_random_1_grasp_ver3_grasp_ver3,20260312180455,4,299.0,0.0
2x2_slot_inorder_place_random_1_grasp_ver3_grasp_ver3,20260312180456,19,986.0,0.0
2x2_slot_inorder_place_random_1_grasp_ver3_grasp_ver3,20260312180458,4,269.0,0.0
2x2_slot_inorder_place_random_1_grasp_ver3_grasp_ver3,20260312180501,9,478.0,0.0
2x2_slot_inorder_place_random_1_grasp_ver3_grasp_ver3,20260312180507,5,261.0,0.0
2x2_slot_inorder_place_random_1_grasp_ver3_grasp_ver3,20260312180510,4,271.0,0.0
2x2_slot_inorder_place_random_1_grasp_ver3_grasp_ver3,20260312180513,5,277.0,0.0
2x2_slot_inorder_place_random_1_grasp_ver3_grasp_ver3,20260312180516,4,341.0,0.0
2x2_slot_inorder_place_random_1_grasp_ver3_grasp_ver3,20260312180520,2,179.0,0.0
2x2_slot_inorder_place_random_1_grasp_ver3_grasp_ver3,20260312180522,16,842.0,0.0
2x2_slot_inorder_place_random_1_grasp_ver3_grasp_ver3,20260312180529,12,716.0,0.0
2x2_slot_inorder_place_random_1_grasp_ver3_grasp_ver3,20260312180533,8,379.0,0.0
2x2_slot_inorder_place_random_1_grasp_ver3_grasp_ver3,20260312180536,6,395.0,0.0
2x2_slot_inorder_place_random_1_grasp_ver3_grasp_ver3,20260312180539,7,334.0,0.0
2x2_slot_inorder_place_random_1_grasp_ver3_grasp_ver3,20260312180543,4,285.0,0.0
2x2_slot_inorder_place_random_1_grasp_ver3_grasp_ver3,20260312180546,6,194.0,0.0
2x2_slot_inorder_place_random_1_grasp_ver3_grasp_ver3,20260312180550,7,313.0,0.015625
2x2_slot_inorder_place_random_1_grasp_ver3_grasp_ver3,20260312180553,8,441.0,0.0
2x2_slot_inorder_place_random_1_grasp_ver3_grasp_ver3,20260312180557,4,415.0,0.0
2x2_slot_inorder_place_random_1_grasp_ver3_grasp_ver3,20260312180558,15,914.0,0.0
2x2_slot_inorder_place_random_1_grasp_ver3_grasp_ver3,20260312180602,7,539.0,0.0
2x2_slot_inorder_place_random_1_grasp_ver3_grasp_ver3,20260312180605,5,435.0,0.0
2x2_slot_inorder_place_random_1_grasp_ver3_grasp_ver3,20260312180608,4,233.0,0.0
2x2_slot_inorder_place_random_1_grasp_ver3_grasp_ver3,20260312180612,10,462.0,0.0
2x2_slot_inorder_place_random_1_grasp_ver3_grasp_ver3,20260312180616,2,241.0,0.0
2x2_slot_inorder_place_random_1_grasp_ver3_grasp_ver3,20260312180618,4,263.0,0.0
2x2_slot_inorder_place_random_1_grasp_ver3_grasp_ver3,20260312180621,5,251.0,0.0
2x2_slot_inorder_place_random_1_grasp_ver3_grasp_ver3,20260312180625,9,442.0,0.0
2x2_slot_inorder_place_random_1_grasp_ver3_grasp_ver3,20260312180628,2,189.0,0.0
2x2_slot_inorder_place_random_1_grasp_ver3_grasp_ver3,20260312180630,24,1120.0,0.0
2x2_slot_inorder_place_random_1_grasp_ver3_grasp_ver3,20260312180636,2,239.0,0.0
2x2_slot_inorder_place_random_1_grasp_ver3_grasp_ver3,20260312180638,9,452.0,0.0
2x2_slot_inorder_place_random_1_grasp_ver3_grasp_ver3,20260312180643,17,1008.0,0.0
2x2_slot_inorder_place_random_1_grasp_ver3_grasp_ver3,20260312180647,8,342.0,0.0
2x2_slot_inorder_place_random_1_grasp_ver3_grasp_ver3,20260312180651,5,365.0,0.0
2x2_slot_inorder_place_random_1_grasp_ver3_grasp_ver3,20260312180654,10,498.0,0.0
2x2_slot_inorder_place_random_1_grasp_ver3_grasp_ver3,20260312180659,23,1198.0,0.0
2x2_slot_inorder_place_random_1_grasp_ver3_grasp_ver3,20260312180701,7,326.0,0.0
2x2_slot_inorder_place_random_1_grasp_ver3_grasp_ver3,20260312180706,4,355.0,0.015625
2x2_slot_inorder_place_random_1_grasp_ver3_grasp_ver3,20260312180709,5,323.0,0.015625
2x2_slot_inorder_place_random_1_grasp_ver3_grasp_ver3,20260312180712,4,247.0,0.0
2x2_slot_inorder_place_random_1_grasp_ver3_grasp_ver3,20260312180715,4,271.0,0.0
2x2_slot_inorder_place_random_1_grasp_ver3_grasp_ver3,20260312180719,12,800.0,0.0
2x2_slot_inorder_place_random_1_grasp_ver3_grasp_ver3,20260312180724,2,251.0,0.0
2x2_slot_inorder_place_random_1_grasp_ver3_grasp_ver3,20260312180726,5,289.0,0.0
2x2_slot_inorder_place_random_1_grasp_ver3_grasp_ver3,20260312180730,5,259.0,0.0
2x2_slot_inorder_place_random_1_grasp_ver3_grasp_ver3,20260312180731,7,324.0,0.0
2x2_slot_inorder_place_random_1_grasp_ver3_grasp_ver3,20260312180735,5,259.0,0.0
2x2_slot_inorder_place_random_1_grasp_ver3_grasp_ver3,20260312180738,7,332.0,0.0
2x2_slot_inorder_place_random_1_grasp_ver3_grasp_ver3,20260312180742,6,505.0,0.0
2x2_slot_inorder_place_random_1_grasp_ver3_grasp_ver3,20260312180745,7,328.0,0.0
2x2_slot_inorder_place_random_1_grasp_ver3_grasp_ver3,20260312180750,4,229.0,0.0
2x2_slot_inorder_place_random_1_grasp_ver3_grasp_ver3,20260312180753,11,578.0,0.0
2x2_slot_inorder_place_random_1_grasp_ver3_grasp_ver3,20260312180758,4,247.0,0.0
2x2_slot_inorder_place_random_1_grasp_ver3_grasp_ver3,20260312180759,16,798.0,0.0
2x2_slot_inorder_place_random_1_grasp_ver3_grasp_ver3,20260312180802,4,251.0,0.0
2x2_slot_inorder_place_random_1_grasp_ver3_grasp_ver3,20260312180806,10,468.0,0.0
2x2_slot_inorder_place_random_1_grasp_ver3_grasp_ver3,20260312180810,4,261.0,0.0
2x2_slot_inorder_place_random_1_grasp_ver3_grasp_ver3,20260312180813,7,336.0,0.0
2x2_slot_inorder_place_random_1_grasp_ver3_grasp_ver3,20260312180817,7,326.0,0.0
2x2_slot_inorder_place_random_1_grasp_ver3_grasp_ver3,20260312180821,14,950.0,0.0
2x2_slot_inorder_place_random_1_grasp_ver3_grasp_ver3,20260312180827,7,403.0,0.0
2x2_slot_inorder_place_random_1_grasp_ver3_grasp_ver3,20260312180830,19,848.0,0.0
2x2_slot_inorder_place_random_1_grasp_ver3_grasp_ver3,20260312180832,4,241.0,0.0
2x2_slot_inorder_place_random_1_grasp_ver3_grasp_ver3,20260312180835,4,217.0,0.0
2x2_slot_inorder_place_random_1_grasp_ver3_grasp_ver3,20260312180838,4,277.0,0.0
2x2_slot_inorder_place_random_1_grasp_ver3_grasp_ver3,20260312180841,12,622.0,0.0
2x2_slot_inorder_place_random_1_grasp_ver3_grasp_ver3,20260312180846,5,293.0,0.0
2x2_slot_inorder_place_random_1_grasp_ver3_grasp_ver3,20260312180849,15,904.0,0.0
2x2_slot_inorder_place_random_1_grasp_ver3_grasp_ver3,20260312180853,6,399.0,0.0
2x2_slot_inorder_place_random_1_grasp_ver3_grasp_ver3,20260312180855,4,245.0,0.0
2x2_slot_inorder_place_random_1_grasp_ver3_grasp_ver3,20260312180858,5,265.0,0.0
2x2_slot_inorder_place_random_1_grasp_ver3_grasp_ver3,20260312180901,11,468.0,0.0
2x2_slot_inorder_place_random_1_grasp_ver3_grasp_ver3,20260312180902,2,225.0,0.0
2x2_slot_inorder_place_random_1_grasp_ver3_grasp_ver3,20260312180905,4,287.0,0.015625
2x2_slot_inorder_place_random_1_grasp_ver3_grasp_ver3,20260312180908,5,263.0,0.0
2x2_slot_inorder_place_random_1_grasp_ver3_grasp_ver3,20260312180911,7,322.0,0.0
2x2_slot_inorder_place_random_1_grasp_ver3_grasp_ver3,20260312180915,7,338.0,0.0
2x2_slot_inorder_place_random_1_grasp_ver3_grasp_ver3,20260312180919,10,506.0,0.0
2x2_slot_inorder_place_random_1_grasp_ver3_grasp_ver3,20260312180924,4,291.0,0.0
2x2_slot_inorder_place_random_1_grasp_ver3_grasp_ver3,20260312180927,2,195.0,0.0
2x2_slot_inorder_place_random_1_grasp_ver3_grasp_ver3,20260312180930,6,445.0,0.0
2x2_slot_inorder_place_random_1_grasp_ver3_grasp_ver3,20260312180931,20,1030.0,0.0
2x2_slot_inorder_place_random_1_grasp_ver3_grasp_ver3,20260312180934,4,295.0,0.015625
2x2_slot_inorder_place_random_1_grasp_ver3_grasp_ver3,20260312180937,4,281.0,0.0
2x2_slot_inorder_place_random_1_grasp_ver3_grasp_ver3,20260312180940,7,334.0,0.0
2x2_slot_inorder_place_random_1_grasp_ver3_grasp_ver3,20260312180944,5,273.0,0.0
2x2_slot_inorder_place_random_1_grasp_ver3_grasp_ver3,20260312180947,16,722.0,0.0
2x2_slot_inorder_place_random_1_grasp_ver3_grasp_ver3,20260312180953,6,417.0,0.0
2x2_slot_inorder_place_random_1_grasp_ver3_grasp_ver3,20260312180956,12,634.0,0.0
2x2_slot_inorder_place_random_1_grasp_ver3_grasp_ver3,20260312181002,21,968.0,0.0
2x2_slot_inorder_place_random_1_grasp_ver3_grasp_ver3,20260312181004,20,1004.0,0.0
2x2_slot_inorder_place_random_1_grasp_ver3_grasp_ver3,20260312181013,2,241.0,0.0
2x2_slot_inorder_place_random_1_grasp_ver3_grasp_ver3,20260312181015,6,208.0,0.0
2x2_slot_inorder_place_random_1_grasp_ver3_grasp_ver3,20260312181019,10,514.0,0.0
2x2_slot_inorder_place_random_1_grasp_ver3_grasp_ver3,20260312181024,4,257.0,0.015625
2x2_slot_inorder_place_random_1_grasp_ver3_grasp_ver3,20260312181027,5,287.0,0.0
2x2_slot_inorder_place_random_1_grasp_ver3_grasp_ver3,20260312181030,7,324.0,0.0
2x2_slot_inorder_place_random_1_grasp_ver3_grasp_ver3,20260312181032,28,1206.0,0.0
2x2_slot_inorder_place_random_1_grasp_ver3_grasp_ver3,20260312181036,11,488.0,0.0
2x2_slot_inorder_place_random_1_grasp_ver3_grasp_ver3,20260312181042,6,186.0,0.0
2x2_slot_inorder_place_random_1_grasp_ver3_grasp_ver3,20260312181046,4,251.0,0.0
2x2_slot_inorder_place_random_1_grasp_ver3_grasp_ver3,20260312181049,12,726.0,0.0
2x2_slot_inorder_place_random_1_grasp_ver3_grasp_ver3,20260312181055,5,297.0,0.0
2x2_slot_inorder_place_random_1_grasp_ver3_grasp_ver3,20260312181058,9,448.0,0.015625
2x2_slot_inorder_place_random_1_grasp_ver3_grasp_ver3,20260312181103,15,924.0,0.0
2x2_slot_inorder_place_random_1_grasp_ver3_grasp_ver3,20260312181110,15,720.0,0.0
2x2_slot_inorder_place_random_1_grasp_ver3_grasp_ver3,20260312181116,9,478.0,0.0
2x2_slot_inorder_place_random_1_grasp_ver3_grasp_ver3,20260312181121,8,522.0,0.0
2x2_slot_inorder_place_random_1_grasp_ver3_grasp_ver3,20260312181125,5,269.0,0.0
2x2_slot_inorder_place_random_1_grasp_ver3_grasp_ver3,20260312181129,10,522.0,0.0
2x2_slot_inorder_place_random_1_grasp_ver3_grasp_ver3,20260312181133,2,239.0,0.0
2x2_slot_inorder_place_random_1_grasp_ver3_grasp_ver3,20260312181134,13,728.0,0.0
2x2_slot_inorder_place_random_1_grasp_ver3_grasp_ver3,20260312181139,5,259.0,0.0
2x2_slot_inorder_place_random_1_grasp_ver3_grasp_ver3,20260312181142,5,293.0,0.0
2x2_slot_inorder_place_random_1_grasp_ver3_grasp_ver3,20260312181145,12,596.0,0.015625
2x2_slot_inorder_place_random_1_grasp_ver3_grasp_ver3,20260312181152,7,392.0,0.0
2x2_slot_inorder_place_random_1_grasp_ver3_grasp_ver3,20260312181156,6,196.0,0.0
2x2_slot_inorder_place_random_1_grasp_ver3_grasp_ver3,20260312181159,6,192.0,0.0
2x2_slot_inorder_place_random_1_grasp_ver3_grasp_ver3,20260312181204,11,705.0,0.0
2x2_slot_inorder_place_random_1_grasp_ver3_grasp_ver3,20260312181205,6,399.0,0.0
2x2_slot_inorder_place_random_1_grasp_ver3_grasp_ver3,20260312181208,7,424.0,0.0
2x2_slot_inorder_place_random_1_grasp_ver3_grasp_ver3,20260312181212,5,283.0,0.0
2x2_slot_inorder_place_random_1_grasp_ver3_grasp_ver3,20260312181215,10,536.0,0.0
2x2_slot_inorder_place_random_1_grasp_ver3_grasp_ver3,20260312181220,4,283.0,0.0
2x2_slot_inorder_place_random_1_grasp_ver3_grasp_ver3,20260312181223,4,365.0,0.0
2x2_slot_inorder_place_random_1_grasp_ver3_grasp_ver3,20260312181226,9,522.0,0.0
2x2_slot_inorder_place_random_1_grasp_ver3_grasp_ver3,20260312181232,7,324.0,0.0
2x2_slot_inorder_place_random_1_grasp_ver3_grasp_ver3,20260312181235,7,332.0,0.0
2x2_slot_inorder_place_random_1_grasp_ver3_grasp_ver3,20260312181238,15,798.0,0.0
2x2_slot_inorder_place_random_1_grasp_ver3_grasp_ver3,20260312181242,5,279.0,0.015625
2x2_slot_inorder_place_random_1_grasp_ver3_grasp_ver3,20260312181244,4,271.0,0.0
2x2_slot_inorder_place_random_1_grasp_ver3_grasp_ver3,20260312181248,9,424.0,0.0
2x2_slot_inorder_place_random_1_grasp_ver3_grasp_ver3,20260312181252,7,324.0,0.0
2x2_slot_inorder_place_random_1_grasp_ver3_grasp_ver3,20260312181257,5,281.0,0.0
2x2_slot_inorder_place_random_1_grasp_ver3_grasp_ver3,20260312181300,14,686.0,0.0
2x2_slot_inorder_place_random_1_grasp_ver3_grasp_ver3,20260312181304,14,722.0,0.0
2x2_slot_inorder_place_random_1_grasp_ver3_grasp_ver3,20260312181307,12,642.0,0.0
2x2_slot_inorder_place_random_1_grasp_ver3_grasp_ver3,20260312181314,9,424.0,0.0
2x2_slot_inorder_place_random_1_grasp_ver3_grasp_ver3,20260312181319,9,448.0,0.0
2x2_slot_inorder_place_random_1_grasp_ver3_grasp_ver3,20260312181323,7,324.0,0.0
2x2_slot_inorder_place_random_1_grasp_ver3_grasp_ver3,20260312181327,8,528.0,0.0
2x2_slot_inorder_place_random_1_grasp_ver3_grasp_ver3,20260312181331,6,425.0,0.0
2x2_slot_inorder_place_random_1_grasp_ver3_grasp_ver3,20260312181334,11,464.0,0.0
2x2_slot_inorder_place_random_1_grasp_ver3_grasp_ver3,20260312181338,9,522.0,0.0
2x2_slot_inorder_place_random_1_grasp_ver3_grasp_ver3,20260312181342,6,196.0,0.0
2x2_slot_inorder_place_random_1_grasp_ver3_grasp_ver3,20260312181346,13,792.0,0.015625
2x2_slot_inorder_place_random_1_grasp_ver3_grasp_ver3,20260312181352,10,546.0,0.0
2x2_slot_inorder_place_random_1_grasp_ver3_grasp_ver3,20260312181357,2,227.0,0.0
2x2_slot_inorder_place_random_1_grasp_ver3_grasp_ver3,20260312181359,11,648.0,0.0
2x2_slot_inorder_place_random_1_grasp_ver3_grasp_ver3,20260312181404,9,438.0,0.0
2x2_slot_inorder_place_random_1_grasp_ver3_grasp_ver3,20260312181407,27,1056.0,0.0
2x2_slot_inorder_place_random_1_grasp_ver3_grasp_ver3,20260312181410,9,444.0,0.0
2x2_slot_inorder_place_random_1_grasp_ver3_grasp_ver3,20260312181415,10,526.0,0.015625
2x2_slot_inorder_place_random_1_grasp_ver3_grasp_ver3,20260312181420,4,259.0,0.0
2x2_slot_inorder_place_random_1_grasp_ver3_grasp_ver3,20260312181423,9,448.0,0.0
2x2_slot_inorder_place_random_1_grasp_ver3_grasp_ver3,20260312181427,8,553.0,0.0
2x2_slot_inorder_place_random_1_grasp_ver3_grasp_ver3,20260312181431,6,399.0,0.0
2x2_slot_inorder_place_random_1_grasp_ver3_grasp_ver3,20260312181433,4,257.0,0.0
2x2_slot_inorder_place_random_1_grasp_ver3_grasp_ver3,20260312181436,4,269.0,0.0
2x2_slot_inorder_place_random_1_grasp_ver3_grasp_ver3,20260312181437,16,772.0,0.0
2x2_slot_inorder_place_random_1_grasp_ver3_grasp_ver3,20260312181441,6,184.0,0.0
2x2_slot_inorder_place_random_1_grasp_ver3_grasp_ver3,20260312181445,20,1098.0,0.0
2x2_slot_inorder_place_random_1_grasp_ver3_grasp_ver3,20260312181450,5,281.0,0.0
2x2_slot_inorder_place_random_1_grasp_ver3_grasp_ver3,20260312181453,7,332.0,0.0
2x2_slot_inorder_place_random_1_grasp_ver3_grasp_ver3,20260312181457,11,498.0,0.0
2x2_slot_inorder_place_random_1_grasp_ver3_grasp_ver3,20260312181503,5,257.0,0.0
2x2_slot_inorder_place_random_1_grasp_ver3_grasp_ver3,20260312181506,14,706.0,0.0
2x2_slot_inorder_place_random_1_grasp_ver3_grasp_ver3,20260312181509,10,494.0,0.015625
2x2_slot_inorder_place_random_1_grasp_ver3_grasp_ver3,20260312181513,18,924.0,0.0
2x2_slot_inorder_place_random_1_grasp_ver3_grasp_ver3,20260312181519,4,241.0,0.0
2x2_slot_inorder_place_random_1_grasp_ver3_grasp_ver3,20260312181522,7,388.0,0.0
2x2_slot_inorder_place_random_1_grasp_ver3_grasp_ver3,20260312181526,7,338.0,0.0
2x2_slot_inorder_place_random_1_grasp_ver3_grasp_ver3,20260312181530,7,322.0,0.015625
2x2_slot_inorder_place_random_1_grasp_ver3_grasp_ver3,20260312181533,7,324.0,0.0
2x2_slot_inorder_place_random_1_grasp_ver3_grasp_ver3,20260312181537,9,448.0,0.0
2x2_slot_inorder_place_random_1_grasp_ver3_grasp_ver3,20260312181540,11,544.0,0.0
2x2_slot_inorder_place_random_1_grasp_ver3_grasp_ver3,20260312181545,9,452.0,0.0
2x2_slot_inorder_place_random_1_grasp_ver3_grasp_ver3,20260312181550,7,322.0,0.015625
2x2_slot_inorder_place_random_1_grasp_ver3_grasp_ver3,20260312181554,14,702.0,0.0
2x2_slot_inorder_place_random_1_grasp_ver3_grasp_ver3,20260312181557,4,243.0,0.0
2x2_slot_inorder_place_random_1_grasp_ver3_grasp_ver3,20260312181601,15,852.0,0.0
2x2_slot_inorder_place_random_1_grasp_ver3_grasp_ver3,20260312181608,32,1338.0,0.0
2x2_slot_inorder_place_random_1_grasp_ver3_grasp_ver3,20260312181611,8,468.0,0.0
2x2_slot_inorder_place_random_1_grasp_ver3_grasp_ver3,20260312181615,4,239.0,0.0
2x2_slot_inorder_place_random_1_grasp_ver3_grasp_ver3,20260312181618,8,468.0,0.0
2x2_slot_inorder_place_random_1_grasp_ver3_grasp_ver3,20260312181622,11,468.0,0.0
2x2_slot_inorder_place_random_1_grasp_ver3_grasp_ver3,20260312181627,4,257.0,0.0
2x2_slot_inorder_place_random_1_grasp_ver3_grasp_ver3,20260312181630,8,422.0,0.0
2x2_slot_inorder_place_random_1_grasp_ver3_grasp_ver3,20260312181635,10,494.0,0.0
2x2_slot_inorder_place_random_1_grasp_ver3_grasp_ver3,20260312181638,34,1426.0,0.0
2x2_slot_inorder_place_random_1_grasp_ver3_grasp_ver3,20260312181644,11,464.0,0.0
2x2_slot_inorder_place_random_1_grasp_ver3_greedy_ver3,20260312180440,16,732.0,0.0
2x2_slot_inorder_place_random_1_grasp_ver3_greedy_ver3,20260312180443,4,285.0,0.0
2x2_slot_inorder_place_random_1_grasp_ver3_greedy_ver3,20260312180446,17,752.0,0.0
2x2_slot_inorder_place_random_1_grasp_ver3_greedy_ver3,20260312180450,24,946.0,0.0
2x2_slot_inorder_place_random_1_grasp_ver3_greedy_ver3,20260312180453,5,289.0,0.0
2x2_slot_inorder_place_random_1_grasp_ver3_greedy_ver3,20260312180456,19,986.0,0.0
2x2_slot_inorder_place_random_1_grasp_ver3_greedy_ver3,20260312180457,4,391.0,0.0
2x2_slot_inorder_place_random_1_grasp_ver3_greedy_ver3,20260312180500,9,635.0,0.0
2x2_slot_inorder_place_random_1_grasp_ver3_greedy_ver3,20260312180504,23,1014.0,0.0
2x2_slot_inorder_place_random_1_grasp_ver3_greedy_ver3,20260312180508,14,661.0,0.0
2x2_slot_inorder_place_random_1_grasp_ver3_greedy_ver3,20260312180511,12,626.0,0.0
2x2_slot_inorder_place_random_1_grasp_ver3_greedy_ver3,20260312180515,10,525.0,0.0
2x2_slot_inorder_place_random_1_grasp_ver3_greedy_ver3,20260312180518,17,914.0,0.0
2x2_slot_inorder_place_random_1_grasp_ver3_greedy_ver3,20260312180521,5,279.0,0.0
2x2_slot_inorder_place_random_1_grasp_ver3_greedy_ver3,20260312180526,40,2033.0,0.0
2x2_slot_inorder_place_random_1_grasp_ver3_greedy_ver3,20260312180531,12,598.0,0.0
2x2_slot_inorder_place_random_1_grasp_ver3_greedy_ver3,20260312180534,18,972.0,0.0
2x2_slot_inorder_place_random_1_grasp_ver3_greedy_ver3,20260312180538,9,585.0,0.0
2x2_slot_inorder_place_random_1_grasp_ver3_greedy_ver3,20260312180541,18,798.0,0.0
2x2_slot_inorder_place_random_1_grasp_ver3_greedy_ver3,20260312180545,10,495.0,0.0
2x2_slot_inorder_place_random_1_grasp_ver3_greedy_ver3,20260312180548,17,748.0,0.0
2x2_slot_inorder_place_random_1_grasp_ver3_greedy_ver3,20260312180552,7,313.0,0.0
2x2_slot_inorder_place_random_1_grasp_ver3_greedy_ver3,20260312180555,15,668.0,0.0
2x2_slot_inorder_place_random_1_grasp_ver3_greedy_ver3,20260312180558,15,914.0,0.0
2x2_slot_inorder_place_random_1_grasp_ver3_greedy_ver3,20260312180600,18,902.0,0.0
2x2_slot_inorder_place_random_1_grasp_ver3_greedy_ver3,20260312180604,10,649.0,0.0
2x2_slot_inorder_place_random_1_grasp_ver3_greedy_ver3,20260312180607,6,615.0,0.0
2x2_slot_inorder_place_random_1_grasp_ver3_greedy_ver3,20260312180610,13,551.0,0.0
2x2_slot_inorder_place_random_1_grasp_ver3_greedy_ver3,20260312180614,20,1001.0,0.0
2x2_slot_inorder_place_random_1_grasp_ver3_greedy_ver3,20260312180617,5,371.0,0.0
2x2_slot_inorder_place_random_1_grasp_ver3_greedy_ver3,20260312180620,12,563.0,0.0
2x2_slot_inorder_place_random_1_grasp_ver3_greedy_ver3,20260312180623,14,651.0,0.0
2x2_slot_inorder_place_random_1_grasp_ver3_greedy_ver3,20260312180627,23,946.0,0.0
2x2_slot_inorder_place_random_1_grasp_ver3_greedy_ver3,20260312180629,5,289.0,0.0
2x2_slot_inorder_place_random_1_grasp_ver3_greedy_ver3,20260312180633,31,1378.0,0.0
2x2_slot_inorder_place_random_1_grasp_ver3_greedy_ver3,20260312180637,4,269.0,0.015625
2x2_slot_inorder_place_random_1_grasp_ver3_greedy_ver3,20260312180641,23,942.0,0.0
2x2_slot_inorder_place_random_1_grasp_ver3_greedy_ver3,20260312180645,20,1038.0,0.0
2x2_slot_inorder_place_random_1_grasp_ver3_greedy_ver3,20260312180649,12,732.0,0.0
2x2_slot_inorder_place_random_1_grasp_ver3_greedy_ver3,20260312180653,6,431.0,0.0
2x2_slot_inorder_place_random_1_grasp_ver3_greedy_ver3,20260312180657,23,944.0,0.0
2x2_slot_inorder_place_random_1_grasp_ver3_greedy_ver3,20260312180659,23,1198.0,0.0
2x2_slot_inorder_place_random_1_grasp_ver3_greedy_ver3,20260312180703,18,830.0,0.0
2x2_slot_inorder_place_random_1_grasp_ver3_greedy_ver3,20260312180707,14,896.0,0.0
2x2_slot_inorder_place_random_1_grasp_ver3_greedy_ver3,20260312180711,9,533.0,0.0
2x2_slot_inorder_place_random_1_grasp_ver3_greedy_ver3,20260312180714,12,547.0,0.0
2x2_slot_inorder_place_random_1_grasp_ver3_greedy_ver3,20260312180717,12,628.0,0.0
2x2_slot_inorder_place_random_1_grasp_ver3_greedy_ver3,20260312180721,25,1258.0,0.0
2x2_slot_inorder_place_random_1_grasp_ver3_greedy_ver3,20260312180725,5,291.0,0.0
2x2_slot_inorder_place_random_1_grasp_ver3_greedy_ver3,20260312180728,10,523.0,0.0
2x2_slot_inorder_place_random_1_grasp_ver3_greedy_ver3,20260312180729,14,628.0,0.0
2x2_slot_inorder_place_random_1_grasp_ver3_greedy_ver3,20260312180733,15,692.0,0.0
2x2_slot_inorder_place_random_1_grasp_ver3_greedy_ver3,20260312180737,14,659.0,0.0
2x2_slot_inorder_place_random_1_grasp_ver3_greedy_ver3,20260312180740,12,736.0,0.0
2x2_slot_inorder_place_random_1_grasp_ver3_greedy_ver3,20260312180744,9,655.0,0.0
2x2_slot_inorder_place_random_1_grasp_ver3_greedy_ver3,20260312180747,18,812.0,0.0
2x2_slot_inorder_place_random_1_grasp_ver3_greedy_ver3,20260312180751,13,563.0,0.0
2x2_slot_inorder_place_random_1_grasp_ver3_greedy_ver3,20260312180755,21,1025.0,0.0
2x2_slot_inorder_place_random_1_grasp_ver3_greedy_ver3,20260312180759,16,798.0,0.0
2x2_slot_inorder_place_random_1_grasp_ver3_greedy_ver3,20260312180800,13,672.0,0.0
2x2_slot_inorder_place_random_1_grasp_ver3_greedy_ver3,20260312180804,13,551.0,0.0
2x2_slot_inorder_place_random_1_grasp_ver3_greedy_ver3,20260312180807,23,964.0,0.0
2x2_slot_inorder_place_random_1_grasp_ver3_greedy_ver3,20260312180811,13,561.0,0.0
2x2_slot_inorder_place_random_1_grasp_ver3_greedy_ver3,20260312180815,15,696.0,0.0
2x2_slot_inorder_place_random_1_grasp_ver3_greedy_ver3,20260312180819,19,816.0,0.0
2x2_slot_inorder_place_random_1_grasp_ver3_greedy_ver3,20260312180823,28,1636.0,0.0
2x2_slot_inorder_place_random_1_grasp_ver3_greedy_ver3,20260312180828,19,1058.0,0.0
2x2_slot_inorder_place_random_1_grasp_ver3_greedy_ver3,20260312180830,19,848.0,0.0
2x2_slot_inorder_place_random_1_grasp_ver3_greedy_ver3,20260312180833,12,541.0,0.0
2x2_slot_inorder_place_random_1_grasp_ver3_greedy_ver3,20260312180836,13,551.0,0.0
2x2_slot_inorder_place_random_1_grasp_ver3_greedy_ver3,20260312180839,13,679.0,0.0
2x2_slot_inorder_place_random_1_grasp_ver3_greedy_ver3,20260312180843,24,1318.0,0.0
2x2_slot_inorder_place_random_1_grasp_ver3_greedy_ver3,20260312180847,8,373.0,0.0
2x2_slot_inorder_place_random_1_grasp_ver3_greedy_ver3,20260312180851,15,904.0,0.0
2x2_slot_inorder_place_random_1_grasp_ver3_greedy_ver3,20260312180854,6,399.0,0.0
2x2_slot_inorder_place_random_1_grasp_ver3_greedy_ver3,20260312180856,12,545.0,0.0
2x2_slot_inorder_place_random_1_grasp_ver3_greedy_ver3,20260312180859,14,668.0,0.015625
2x2_slot_inorder_place_random_1_grasp_ver3_greedy_ver3,20260312180901,11,468.0,0.0
2x2_slot_inorder_place_random_1_grasp_ver3_greedy_ver3,20260312180903,13,621.0,0.0
2x2_slot_inorder_place_random_1_grasp_ver3_greedy_ver3,20260312180906,9,449.0,0.0
2x2_slot_inorder_place_random_1_grasp_ver3_greedy_ver3,20260312180909,14,666.0,0.0
2x2_slot_inorder_place_random_1_grasp_ver3_greedy_ver3,20260312180913,19,788.0,0.0
2x2_slot_inorder_place_random_1_grasp_ver3_greedy_ver3,20260312180917,15,708.0,0.015625
2x2_slot_inorder_place_random_1_grasp_ver3_greedy_ver3,20260312180922,14,710.0,0.0
2x2_slot_inorder_place_random_1_grasp_ver3_greedy_ver3,20260312180925,10,411.0,0.0
2x2_slot_inorder_place_random_1_grasp_ver3_greedy_ver3,20260312180928,8,387.0,0.0
2x2_slot_inorder_place_random_1_grasp_ver3_greedy_ver3,20260312180931,20,1030.0,0.0
2x2_slot_inorder_place_random_1_grasp_ver3_greedy_ver3,20260312180933,13,555.0,0.0
2x2_slot_inorder_place_random_1_grasp_ver3_greedy_ver3,20260312180936,9,535.0,0.0
2x2_slot_inorder_place_random_1_grasp_ver3_greedy_ver3,20260312180939,9,469.0,0.0
2x2_slot_inorder_place_random_1_grasp_ver3_greedy_ver3,20260312180942,19,824.0,0.0
2x2_slot_inorder_place_random_1_grasp_ver3_greedy_ver3,20260312180946,10,507.0,0.0
2x2_slot_inorder_place_random_1_grasp_ver3_greedy_ver3,20260312180950,26,1030.0,0.0
2x2_slot_inorder_place_random_1_grasp_ver3_greedy_ver3,20260312180954,9,469.0,0.0
2x2_slot_inorder_place_random_1_grasp_ver3_greedy_ver3,20260312180959,22,1050.0,0.0
2x2_slot_inorder_place_random_1_grasp_ver3_greedy_ver3,20260312181002,21,968.0,0.0
2x2_slot_inorder_place_random_1_grasp_ver3_greedy_ver3,20260312181008,39,2041.0,0.0
2x2_slot_inorder_place_random_1_grasp_ver3_greedy_ver3,20260312181014,6,331.0,0.0
2x2_slot_inorder_place_random_1_grasp_ver3_greedy_ver3,20260312181017,18,818.0,0.0
2x2_slot_inorder_place_random_1_grasp_ver3_greedy_ver3,20260312181021,23,994.0,0.0
2x2_slot_inorder_place_random_1_grasp_ver3_greedy_ver3,20260312181025,13,557.0,0.0
2x2_slot_inorder_place_random_1_grasp_ver3_greedy_ver3,20260312181028,10,535.0,0.0
2x2_slot_inorder_place_random_1_grasp_ver3_greedy_ver3,20260312181032,28,1206.0,0.015625
2x2_slot_inorder_place_random_1_grasp_ver3_greedy_ver3,20260312181034,17,746.0,0.0
2x2_slot_inorder_place_random_1_grasp_ver3_greedy_ver3,20260312181039,28,1134.0,0.0
2x2_slot_inorder_place_random_1_grasp_ver3_greedy_ver3,20260312181044,17,732.0,0.0
2x2_slot_inorder_place_random_1_grasp_ver3_greedy_ver3,20260312181047,12,551.0,0.0
2x2_slot_inorder_place_random_1_grasp_ver3_greedy_ver3,20260312181052,26,1034.0,0.0
2x2_slot_inorder_place_random_1_grasp_ver3_greedy_ver3,20260312181056,11,547.0,0.0
2x2_slot_inorder_place_random_1_grasp_ver3_greedy_ver3,20260312181101,23,1002.0,0.0
2x2_slot_inorder_place_random_1_grasp_ver3_greedy_ver3,20260312181102,5,279.0,0.0
2x2_slot_inorder_place_random_1_grasp_ver3_greedy_ver3,20260312181106,23,970.0,0.0
2x2_slot_inorder_place_random_1_grasp_ver3_greedy_ver3,20260312181113,25,1236.0,0.0
2x2_slot_inorder_place_random_1_grasp_ver3_greedy_ver3,20260312181119,23,1048.0,0.0
2x2_slot_inorder_place_random_1_grasp_ver3_greedy_ver3,20260312181123,15,704.0,0.0
2x2_slot_inorder_place_random_1_grasp_ver3_greedy_ver3,20260312181127,15,811.0,0.0
2x2_slot_inorder_place_random_1_grasp_ver3_greedy_ver3,20260312181131,23,998.0,0.0
2x2_slot_inorder_place_random_1_grasp_ver3_greedy_ver3,20260312181134,13,728.0,0.015625
2x2_slot_inorder_place_random_1_grasp_ver3_greedy_ver3,20260312181136,21,948.0,0.0
2x2_slot_inorder_place_random_1_grasp_ver3_greedy_ver3,20260312181140,14,659.0,0.015625
2x2_slot_inorder_place_random_1_grasp_ver3_greedy_ver3,20260312181143,14,833.0,0.0
2x2_slot_inorder_place_random_1_grasp_ver3_greedy_ver3,20260312181148,34,1400.0,0.0
2x2_slot_inorder_place_random_1_grasp_ver3_greedy_ver3,20260312181154,12,512.0,0.0
2x2_slot_inorder_place_random_1_grasp_ver3_greedy_ver3,20260312181157,17,752.0,0.0
2x2_slot_inorder_place_random_1_grasp_ver3_greedy_ver3,20260312181201,20,814.0,0.0
2x2_slot_inorder_place_random_1_grasp_ver3_greedy_ver3,20260312181203,11,659.0,0.0
2x2_slot_inorder_place_random_1_grasp_ver3_greedy_ver3,20260312181206,9,549.0,0.0
2x2_slot_inorder_place_random_1_grasp_ver3_greedy_ver3,20260312181210,14,786.0,0.0
2x2_slot_inorder_place_random_1_grasp_ver3_greedy_ver3,20260312181213,14,628.0,0.0
2x2_slot_inorder_place_random_1_grasp_ver3_greedy_ver3,20260312181217,23,970.0,0.0
2x2_slot_inorder_place_random_1_grasp_ver3_greedy_ver3,20260312181221,9,447.0,0.0
2x2_slot_inorder_place_random_1_grasp_ver3_greedy_ver3,20260312181224,7,515.0,0.0
2x2_slot_inorder_place_random_1_grasp_ver3_greedy_ver3,20260312181228,20,904.0,0.0
2x2_slot_inorder_place_random_1_grasp_ver3_greedy_ver3,20260312181233,19,820.0,0.0
2x2_slot_inorder_place_random_1_grasp_ver3_greedy_ver3,20260312181236,15,702.0,0.0
2x2_slot_inorder_place_random_1_grasp_ver3_greedy_ver3,20260312181240,20,1048.0,0.0
2x2_slot_inorder_place_random_1_grasp_ver3_greedy_ver3,20260312181243,5,279.0,0.0
2x2_slot_inorder_place_random_1_grasp_ver3_greedy_ver3,20260312181246,9,447.0,0.0
2x2_slot_inorder_place_random_1_grasp_ver3_greedy_ver3,20260312181250,23,942.0,0.0
2x2_slot_inorder_place_random_1_grasp_ver3_greedy_ver3,20260312181254,22,956.0,0.0
2x2_slot_inorder_place_random_1_grasp_ver3_greedy_ver3,20260312181258,10,523.0,0.0
2x2_slot_inorder_place_random_1_grasp_ver3_greedy_ver3,20260312181302,14,686.0,0.0
2x2_slot_inorder_place_random_1_grasp_ver3_greedy_ver3,20260312181305,31,1288.0,0.0
2x2_slot_inorder_place_random_1_grasp_ver3_greedy_ver3,20260312181310,29,1452.0,0.0
2x2_slot_inorder_place_random_1_grasp_ver3_greedy_ver3,20260312181316,23,942.0,0.015625
2x2_slot_inorder_place_random_1_grasp_ver3_greedy_ver3,20260312181321,23,998.0,0.0
2x2_slot_inorder_place_random_1_grasp_ver3_greedy_ver3,20260312181325,18,778.0,0.0
2x2_slot_inorder_place_random_1_grasp_ver3_greedy_ver3,20260312181329,16,956.0,0.0
2x2_slot_inorder_place_random_1_grasp_ver3_greedy_ver3,20260312181333,8,515.0,0.0
2x2_slot_inorder_place_random_1_grasp_ver3_greedy_ver3,20260312181335,28,1112.0,0.0
2x2_slot_inorder_place_random_1_grasp_ver3_greedy_ver3,20260312181340,13,784.0,0.0
2x2_slot_inorder_place_random_1_grasp_ver3_greedy_ver3,20260312181344,18,792.0,0.0
2x2_slot_inorder_place_random_1_grasp_ver3_greedy_ver3,20260312181349,29,1304.0,0.0
2x2_slot_inorder_place_random_1_grasp_ver3_greedy_ver3,20260312181355,20,886.0,0.0
2x2_slot_inorder_place_random_1_grasp_ver3_greedy_ver3,20260312181358,5,357.0,0.0
2x2_slot_inorder_place_random_1_grasp_ver3_greedy_ver3,20260312181401,19,974.0,0.0
2x2_slot_inorder_place_random_1_grasp_ver3_greedy_ver3,20260312181407,27,1056.0,0.0
2x2_slot_inorder_place_random_1_grasp_ver3_greedy_ver3,20260312181409,13,561.0,0.0
2x2_slot_inorder_place_random_1_grasp_ver3_greedy_ver3,20260312181413,23,994.0,0.0
2x2_slot_inorder_place_random_1_grasp_ver3_greedy_ver3,20260312181417,23,946.0,0.0
2x2_slot_inorder_place_random_1_grasp_ver3_greedy_ver3,20260312181421,13,701.0,0.0
2x2_slot_inorder_place_random_1_grasp_ver3_greedy_ver3,20260312181425,23,998.0,0.0
2x2_slot_inorder_place_random_1_grasp_ver3_greedy_ver3,20260312181429,16,718.0,0.015625
2x2_slot_inorder_place_random_1_grasp_ver3_greedy_ver3,20260312181432,8,389.0,0.0
2x2_slot_inorder_place_random_1_grasp_ver3_greedy_ver3,20260312181434,12,557.0,0.015625
2x2_slot_inorder_place_random_1_grasp_ver3_greedy_ver3,20260312181437,16,772.0,0.0
2x2_slot_inorder_place_random_1_grasp_ver3_greedy_ver3,20260312181439,15,704.0,0.0
2x2_slot_inorder_place_random_1_grasp_ver3_greedy_ver3,20260312181443,17,732.0,0.0
2x2_slot_inorder_place_random_1_grasp_ver3_greedy_ver3,20260312181447,23,1224.0,0.0
2x2_slot_inorder_place_random_1_grasp_ver3_greedy_ver3,20260312181452,10,527.0,0.0
2x2_slot_inorder_place_random_1_grasp_ver3_greedy_ver3,20260312181455,19,822.0,0.0
2x2_slot_inorder_place_random_1_grasp_ver3_greedy_ver3,20260312181500,28,1114.0,0.0
2x2_slot_inorder_place_random_1_grasp_ver3_greedy_ver3,20260312181504,14,657.0,0.0
2x2_slot_inorder_place_random_1_grasp_ver3_greedy_ver3,20260312181508,19,1062.0,0.0
2x2_slot_inorder_place_random_1_grasp_ver3_greedy_ver3,20260312181511,23,942.0,0.0
2x2_slot_inorder_place_random_1_grasp_ver3_greedy_ver3,20260312181516,26,1472.0,0.0
2x2_slot_inorder_place_random_1_grasp_ver3_greedy_ver3,20260312181520,12,541.0,0.015625
2x2_slot_inorder_place_random_1_grasp_ver3_greedy_ver3,20260312181524,12,698.0,0.0
2x2_slot_inorder_place_random_1_grasp_ver3_greedy_ver3,20260312181528,15,708.0,0.0
2x2_slot_inorder_place_random_1_grasp_ver3_greedy_ver3,20260312181532,18,782.0,0.0
2x2_slot_inorder_place_random_1_grasp_ver3_greedy_ver3,20260312181535,18,784.0,0.015625
2x2_slot_inorder_place_random_1_grasp_ver3_greedy_ver3,20260312181538,23,998.0,0.0
2x2_slot_inorder_place_random_1_grasp_ver3_greedy_ver3,20260312181543,24,1124.0,0.015625
2x2_slot_inorder_place_random_1_grasp_ver3_greedy_ver3,20260312181547,24,976.0,0.0
2x2_slot_inorder_place_random_1_grasp_ver3_greedy_ver3,20260312181552,19,812.0,0.015625
2x2_slot_inorder_place_random_1_grasp_ver3_greedy_ver3,20260312181555,16,682.0,0.015625
2x2_slot_inorder_place_random_1_grasp_ver3_greedy_ver3,20260312181559,12,543.0,0.0
2x2_slot_inorder_place_random_1_grasp_ver3_greedy_ver3,20260312181604,32,1624.0,0.0
2x2_slot_inorder_place_random_1_grasp_ver3_greedy_ver3,20260312181608,32,1338.0,0.0
2x2_slot_inorder_place_random_1_grasp_ver3_greedy_ver3,20260312181613,18,794.0,0.0
2x2_slot_inorder_place_random_1_grasp_ver3_greedy_ver3,20260312181616,12,539.0,0.0
2x2_slot_inorder_place_random_1_grasp_ver3_greedy_ver3,20260312181620,12,718.0,0.0
2x2_slot_inorder_place_random_1_grasp_ver3_greedy_ver3,20260312181624,28,1114.0,0.0
2x2_slot_inorder_place_random_1_grasp_ver3_greedy_ver3,20260312181629,13,557.0,0.0
2x2_slot_inorder_place_random_1_grasp_ver3_greedy_ver3,20260312181633,22,926.0,0.0
2x2_slot_inorder_place_random_1_grasp_ver3_greedy_ver3,20260312181638,34,1426.0,0.0
2x2_slot_inorder_place_random_1_grasp_ver3_greedy_ver3,20260312181641,28,1132.0,0.0
2x2_slot_inorder_place_random_1_grasp_ver3_greedy_ver3,20260312181647,28,1112.0,0.0
2x2_slot_inorder_place_random_1_greedy_ver3_grasp_ver3,20260312175211,4,275.0,0.0
2x2_slot_inorder_place_random_1_greedy_ver3_grasp_ver3,20260312175212,14,662.0,0.0
2x2_slot_inorder_place_random_1_greedy_ver3_grasp_ver3,20260312175215,6,194.0,0.0
2x2_slot_inorder_place_random_1_greedy_ver3_grasp_ver3,20260312175219,10,512.0,0.0
2x2_slot_inorder_place_random_1_greedy_ver3_grasp_ver3,20260312175224,2,189.0,0.0
2x2_slot_inorder_place_random_1_greedy_ver3_grasp_ver3,20260312175226,6,517.0,0.0
2x2_slot_inorder_place_random_1_greedy_ver3_grasp_ver3,20260312175229,2,245.0,0.0
2x2_slot_inorder_place_random_1_greedy_ver3_grasp_ver3,20260312175231,4,269.0,0.0
2x2_slot_inorder_place_random_1_greedy_ver3_grasp_ver3,20260312175234,9,478.0,0.0
2x2_slot_inorder_place_random_1_greedy_ver3_grasp_ver3,20260312175240,5,261.0,0.0
2x2_slot_inorder_place_random_1_greedy_ver3_grasp_ver3,20260312175241,5,253.0,0.0
2x2_slot_inorder_place_random_1_greedy_ver3_grasp_ver3,20260312175245,4,283.0,0.0
2x2_slot_inorder_place_random_1_greedy_ver3_grasp_ver3,20260312175248,4,341.0,0.0
2x2_slot_inorder_place_random_1_greedy_ver3_grasp_ver3,20260312175252,2,179.0,0.0
2x2_slot_inorder_place_random_1_greedy_ver3_grasp_ver3,20260312175254,18,920.0,0.0
2x2_slot_inorder_place_random_1_greedy_ver3_grasp_ver3,20260312175303,15,844.0,0.0
2x2_slot_inorder_place_random_1_greedy_ver3_grasp_ver3,20260312175308,9,499.0,0.0
2x2_slot_inorder_place_random_1_greedy_ver3_grasp_ver3,20260312175311,6,395.0,0.0
2x2_slot_inorder_place_random_1_greedy_ver3_grasp_ver3,20260312175313,16,842.0,0.0
2x2_slot_inorder_place_random_1_greedy_ver3_grasp_ver3,20260312175317,4,285.0,0.0
2x2_slot_inorder_place_random_1_greedy_ver3_grasp_ver3,20260312175320,6,194.0,0.0
2x2_slot_inorder_place_random_1_greedy_ver3_grasp_ver3,20260312175324,7,313.0,0.0
2x2_slot_inorder_place_random_1_greedy_ver3_grasp_ver3,20260312175327,7,529.0,0.0
2x2_slot_inorder_place_random_1_greedy_ver3_grasp_ver3,20260312175330,12,824.0,0.0
2x2_slot_inorder_place_random_1_greedy_ver3_grasp_ver3,20260312175334,7,328.0,0.0
2x2_slot_inorder_place_random_1_greedy_ver3_grasp_ver3,20260312175338,4,229.0,0.0
2x2_slot_inorder_place_random_1_greedy_ver3_grasp_ver3,20260312175341,5,435.0,0.0
2x2_slot_inorder_place_random_1_greedy_ver3_grasp_ver3,20260312175344,17,724.0,0.015625
2x2_slot_inorder_place_random_1_greedy_ver3_grasp_ver3,20260312175345,5,281.0,0.0
2x2_slot_inorder_place_random_1_greedy_ver3_grasp_ver3,20260312175348,10,438.0,0.0
2x2_slot_inorder_place_random_1_greedy_ver3_grasp_ver3,20260312175353,4,263.0,0.0
2x2_slot_inorder_place_random_1_greedy_ver3_grasp_ver3,20260312175356,5,251.0,0.0
2x2_slot_inorder_place_random_1_greedy_ver3_grasp_ver3,20260312175359,9,442.0,0.0
2x2_slot_inorder_place_random_1_greedy_ver3_grasp_ver3,20260312175404,2,189.0,0.0
2x2_slot_inorder_place_random_1_greedy_ver3_grasp_ver3,20260312175406,9,448.0,0.0
2x2_slot_inorder_place_random_1_greedy_ver3_grasp_ver3,20260312175411,12,695.0,0.0
2x2_slot_inorder_place_random_1_greedy_ver3_grasp_ver3,20260312175414,13,674.0,0.0
2x2_slot_inorder_place_random_1_greedy_ver3_grasp_ver3,20260312175417,6,485.0,0.0
2x2_slot_inorder_place_random_1_greedy_ver3_grasp_ver3,20260312175420,8,334.0,0.0
2x2_slot_inorder_place_random_1_greedy_ver3_grasp_ver3,20260312175424,11,797.0,0.0
2x2_slot_inorder_place_random_1_greedy_ver3_grasp_ver3,20260312175427,10,498.0,0.0
2x2_slot_inorder_place_random_1_greedy_ver3_grasp_ver3,20260312175432,7,446.0,0.0
2x2_slot_inorder_place_random_1_greedy_ver3_grasp_ver3,20260312175436,7,326.0,0.0
2x2_slot_inorder_place_random_1_greedy_ver3_grasp_ver3,20260312175440,4,355.0,0.0
2x2_slot_inorder_place_random_1_greedy_ver3_grasp_ver3,20260312175444,5,323.0,0.0
2x2_slot_inorder_place_random_1_greedy_ver3_grasp_ver3,20260312175445,13,642.0,0.0
2x2_slot_inorder_place_random_1_greedy_ver3_grasp_ver3,20260312175448,4,273.0,0.0
2x2_slot_inorder_place_random_1_greedy_ver3_grasp_ver3,20260312175451,7,338.0,0.0
2x2_slot_inorder_place_random_1_greedy_ver3_grasp_ver3,20260312175455,9,476.0,0.0
2x2_slot_inorder_place_random_1_greedy_ver3_grasp_ver3,20260312175500,5,289.0,0.0
2x2_slot_inorder_place_random_1_greedy_ver3_grasp_ver3,20260312175503,5,259.0,0.015625
2x2_slot_inorder_place_random_1_greedy_ver3_grasp_ver3,20260312175506,7,328.0,0.0
2x2_slot_inorder_place_random_1_greedy_ver3_grasp_ver3,20260312175510,4,229.0,0.0
2x2_slot_inorder_place_random_1_greedy_ver3_grasp_ver3,20260312175513,7,332.0,0.0
2x2_slot_inorder_place_random_1_greedy_ver3_grasp_ver3,20260312175515,18,1106.0,0.0
2x2_slot_inorder_place_random_1_greedy_ver3_grasp_ver3,20260312175518,7,328.0,0.0
2x2_slot_inorder_place_random_1_greedy_ver3_grasp_ver3,20260312175522,4,229.0,0.0
2x2_slot_inorder_place_random_1_greedy_ver3_grasp_ver3,20260312175525,5,287.0,0.0
2x2_slot_inorder_place_random_1_greedy_ver3_grasp_ver3,20260312175528,7,324.0,0.0
2x2_slot_inorder_place_random_1_greedy_ver3_grasp_ver3,20260312175532,12,654.0,0.015625
2x2_slot_inorder_place_random_1_greedy_ver3_grasp_ver3,20260312175538,4,281.0,0.0
2x2_slot_inorder_place_random_1_greedy_ver3_grasp_ver3,20260312175541,7,324.0,0.0
2x2_slot_inorder_place_random_1_greedy_ver3_grasp_ver3,20260312175545,5,259.0,0.0
2x2_slot_inorder_place_random_1_greedy_ver3_grasp_ver3,20260312175546,21,988.0,0.0
2x2_slot_inorder_place_random_1_greedy_ver3_grasp_ver3,20260312175550,7,326.0,0.015625
2x2_slot_inorder_place_random_1_greedy_ver3_grasp_ver3,20260312175554,11,552.0,0.0
2x2_slot_inorder_place_random_1_greedy_ver3_grasp_ver3,20260312175559,13,930.0,0.0
2x2_slot_inorder_place_random_1_greedy_ver3_grasp_ver3,20260312175604,5,265.0,0.0
2x2_slot_inorder_place_random_1_greedy_ver3_grasp_ver3,20260312175607,4,241.0,0.0
2x2_slot_inorder_place_random_1_greedy_ver3_grasp_ver3,20260312175610,4,217.0,0.0
2x2_slot_inorder_place_random_1_greedy_ver3_grasp_ver3,20260312175613,13,851.0,0.0
2x2_slot_inorder_place_random_1_greedy_ver3_grasp_ver3,20260312175616,17,822.0,0.0
2x2_slot_inorder_place_random_1_greedy_ver3_grasp_ver3,20260312175618,7,334.0,0.0
2x2_slot_inorder_place_random_1_greedy_ver3_grasp_ver3,20260312175622,12,692.0,0.0
2x2_slot_inorder_place_random_1_greedy_ver3_grasp_ver3,20260312175628,2,217.0,0.0
2x2_slot_inorder_place_random_1_greedy_ver3_grasp_ver3,20260312175630,5,275.0,0.0
2x2_slot_inorder_place_random_1_greedy_ver3_grasp_ver3,20260312175633,4,235.0,0.015625
2x2_slot_inorder_place_random_1_greedy_ver3_grasp_ver3,20260312175637,8,481.0,0.0
2x2_slot_inorder_place_random_1_greedy_ver3_grasp_ver3,20260312175640,2,225.0,0.0
2x2_slot_inorder_place_random_1_greedy_ver3_grasp_ver3,20260312175642,6,182.0,0.0
2x2_slot_inorder_place_random_1_greedy_ver3_grasp_ver3,20260312175646,5,261.0,0.0
2x2_slot_inorder_place_random_1_greedy_ver3_grasp_ver3,20260312175648,5,281.0,0.0
2x2_slot_inorder_place_random_1_greedy_ver3_grasp_ver3,20260312175651,7,338.0,0.0
2x2_slot_inorder_place_random_1_greedy_ver3_grasp_ver3,20260312175654,7,332.0,0.0
2x2_slot_inorder_place_random_1_greedy_ver3_grasp_ver3,20260312175658,8,396.0,0.0
2x2_slot_inorder_place_random_1_greedy_ver3_grasp_ver3,20260312175703,2,195.0,0.0
2x2_slot_inorder_place_random_1_greedy_ver3_grasp_ver3,20260312175706,5,345.0,0.0
2x2_slot_inorder_place_random_1_greedy_ver3_grasp_ver3,20260312175709,4,285.0,0.0
2x2_slot_inorder_place_random_1_greedy_ver3_grasp_ver3,20260312175712,5,265.0,0.0
2x2_slot_inorder_place_random_1_greedy_ver3_grasp_ver3,20260312175715,4,281.0,0.0
2x2_slot_inorder_place_random_1_greedy_ver3_grasp_ver3,20260312175718,25,1106.0,0.0
2x2_slot_inorder_place_random_1_greedy_ver3_grasp_ver3,20260312175720,4,219.0,0.0
2x2_slot_inorder_place_random_1_greedy_ver3_grasp_ver3,20260312175723,6,403.0,0.0
2x2_slot_inorder_place_random_1_greedy_ver3_grasp_ver3,20260312175726,15,748.0,0.0
2x2_slot_inorder_place_random_1_greedy_ver3_grasp_ver3,20260312175733,9,442.0,0.0
2x2_slot_inorder_place_random_1_greedy_ver3_grasp_ver3,20260312175738,9,502.0,0.0
2x2_slot_inorder_place_random_1_greedy_ver3_grasp_ver3,20260312175743,11,548.0,0.0
2x2_slot_inorder_place_random_1_greedy_ver3_grasp_ver3,20260312175748,10,536.0,0.0
2x2_slot_inorder_place_random_1_greedy_ver3_grasp_ver3,20260312175753,6,208.0,0.0
2x2_slot_inorder_place_random_1_greedy_ver3_grasp_ver3,20260312175757,9,444.0,0.0
2x2_slot_inorder_place_random_1_greedy_ver3_grasp_ver3,20260312175801,4,287.0,0.0
2x2_slot_inorder_place_random_1_greedy_ver3_grasp_ver3,20260312175804,7,342.0,0.0
2x2_slot_inorder_place_random_1_greedy_ver3_grasp_ver3,20260312175808,4,223.0,0.015625
2x2_slot_inorder_place_random_1_greedy_ver3_grasp_ver3,20260312175812,6,194.0,0.0
2x2_slot_inorder_place_random_1_greedy_ver3_grasp_ver3,20260312175816,12,652.0,0.0
2x2_slot_inorder_place_random_1_greedy_ver3_grasp_ver3,20260312175820,6,186.0,0.0
2x2_slot_inorder_place_random_1_greedy_ver3_grasp_ver3,20260312175823,4,251.0,0.0
2x2_slot_inorder_place_random_1_greedy_ver3_grasp_ver3,20260312175827,11,596.0,0.0
2x2_slot_inorder_place_random_1_greedy_ver3_grasp_ver3,20260312175833,5,311.0,0.015625
2x2_slot_inorder_place_random_1_greedy_ver3_grasp_ver3,20260312175836,9,462.0,0.0
2x2_slot_inorder_place_random_1_greedy_ver3_grasp_ver3,20260312175841,2,179.0,0.0
2x2_slot_inorder_place_random_1_greedy_ver3_grasp_ver3,20260312175843,13,754.0,0.0
2x2_slot_inorder_place_random_1_greedy_ver3_grasp_ver3,20260312175849,13,814.0,0.0
2x2_slot_inorder_place_random_1_greedy_ver3_grasp_ver3,20260312175855,10,502.0,0.0
2x2_slot_inorder_place_random_1_greedy_ver3_grasp_ver3,20260312175859,8,522.0,0.015625
2x2_slot_inorder_place_random_1_greedy_ver3_grasp_ver3,20260312175903,5,269.0,0.0
2x2_slot_inorder_place_random_1_greedy_ver3_grasp_ver3,20260312175907,9,462.0,0.0
2x2_slot_inorder_place_random_1_greedy_ver3_grasp_ver3,20260312175911,2,179.0,0.0
2x2_slot_inorder_place_random_1_greedy_ver3_grasp_ver3,20260312175914,9,482.0,0.015625
2x2_slot_inorder_place_random_1_greedy_ver3_grasp_ver3,20260312175919,5,259.0,0.0
2x2_slot_inorder_place_random_1_greedy_ver3_grasp_ver3,20260312175920,19,892.0,0.0
2x2_slot_inorder_place_random_1_greedy_ver3_grasp_ver3,20260312175923,12,516.0,0.0
2x2_slot_inorder_place_random_1_greedy_ver3_grasp_ver3,20260312175930,7,336.0,0.0
2x2_slot_inorder_place_random_1_greedy_ver3_grasp_ver3,20260312175934,6,196.0,0.0
2x2_slot_inorder_place_random_1_greedy_ver3_grasp_ver3,20260312175938,6,192.0,0.0
2x2_slot_inorder_place_random_1_greedy_ver3_grasp_ver3,20260312175942,11,659.0,0.0
2x2_slot_inorder_place_random_1_greedy_ver3_grasp_ver3,20260312175945,6,399.0,0.0
2x2_slot_inorder_place_random_1_greedy_ver3_grasp_ver3,20260312175948,7,424.0,0.0
2x2_slot_inorder_place_random_1_greedy_ver3_grasp_ver3,20260312175950,19,1058.0,0.0
2x2_slot_inorder_place_random_1_greedy_ver3_grasp_ver3,20260312175954,7,334.0,0.0
2x2_slot_inorder_place_random_1_greedy_ver3_grasp_ver3,20260312175958,7,324.0,0.0
2x2_slot_inorder_place_random_1_greedy_ver3_grasp_ver3,20260312180002,4,365.0,0.0
2x2_slot_inorder_place_random_1_greedy_ver3_grasp_ver3,20260312180005,9,542.0,0.015625
2x2_slot_inorder_place_random_1_greedy_ver3_grasp_ver3,20260312180010,6,244.0,0.0
2x2_slot_inorder_place_random_1_greedy_ver3_grasp_ver3,20260312180014,7,336.0,0.0
2x2_slot_inorder_place_random_1_greedy_ver3_grasp_ver3,20260312180018,15,782.0,0.0
2x2_slot_inorder_place_random_1_greedy_ver3_grasp_ver3,20260312180021,2,229.0,0.0
2x2_slot_inorder_place_random_1_greedy_ver3_grasp_ver3,20260312180023,4,271.0,0.0
2x2_slot_inorder_place_random_1_greedy_ver3_grasp_ver3,20260312180026,10,494.0,0.0
2x2_slot_inorder_place_random_1_greedy_ver3_grasp_ver3,20260312180031,6,190.0,0.0
2x2_slot_inorder_place_random_1_greedy_ver3_grasp_ver3,20260312180035,5,277.0,0.0
2x2_slot_inorder_place_random_1_greedy_ver3_grasp_ver3,20260312180038,14,686.0,0.0
2x2_slot_inorder_place_random_1_greedy_ver3_grasp_ver3,20260312180042,14,722.0,0.0
2x2_slot_inorder_place_random_1_greedy_ver3_grasp_ver3,20260312180048,13,666.0,0.0
2x2_slot_inorder_place_random_1_greedy_ver3_grasp_ver3,20260312180053,10,494.0,0.0
2x2_slot_inorder_place_random_1_greedy_ver3_grasp_ver3,20260312180057,10,518.0,0.0
2x2_slot_inorder_place_random_1_greedy_ver3_grasp_ver3,20260312180102,7,324.0,0.0
2x2_slot_inorder_place_random_1_greedy_ver3_grasp_ver3,20260312180106,8,528.0,0.0
2x2_slot_inorder_place_random_1_greedy_ver3_grasp_ver3,20260312180110,6,425.0,0.0
2x2_slot_inorder_place_random_1_greedy_ver3_grasp_ver3,20260312180113,11,464.0,0.0
2x2_slot_inorder_place_random_1_greedy_ver3_grasp_ver3,20260312180119,9,522.0,0.0
2x2_slot_inorder_place_random_1_greedy_ver3_grasp_ver3,20260312180123,24,1028.0,0.0
2x2_slot_inorder_place_random_1_greedy_ver3_grasp_ver3,20260312180125,16,766.0,0.0
2x2_slot_inorder_place_random_1_greedy_ver3_grasp_ver3,20260312180132,9,468.0,0.0
2x2_slot_inorder_place_random_1_greedy_ver3_grasp_ver3,20260312180136,2,227.0,0.0
2x2_slot_inorder_place_random_1_greedy_ver3_grasp_ver3,20260312180139,11,648.0,0.0
2x2_slot_inorder_place_random_1_greedy_ver3_grasp_ver3,20260312180144,9,468.0,0.0
2x2_slot_inorder_place_random_1_greedy_ver3_grasp_ver3,20260312180149,4,229.0,0.0
2x2_slot_inorder_place_random_1_greedy_ver3_grasp_ver3,20260312180152,32,1376.0,0.0
2x2_slot_inorder_place_random_1_greedy_ver3_grasp_ver3,20260312180155,11,562.0,0.0
2x2_slot_inorder_place_random_1_greedy_ver3_grasp_ver3,20260312180200,4,229.0,0.0
2x2_slot_inorder_place_random_1_greedy_ver3_grasp_ver3,20260312180203,10,518.0,0.015625
2x2_slot_inorder_place_random_1_greedy_ver3_grasp_ver3,20260312180207,8,553.0,0.0
2x2_slot_inorder_place_random_1_greedy_ver3_grasp_ver3,20260312180211,6,399.0,0.0
2x2_slot_inorder_place_random_1_greedy_ver3_grasp_ver3,20260312180213,4,257.0,0.0
2x2_slot_inorder_place_random_1_greedy_ver3_grasp_ver3,20260312180216,4,269.0,0.0
2x2_slot_inorder_place_random_1_greedy_ver3_grasp_ver3,20260312180219,7,334.0,0.0
2x2_slot_inorder_place_random_1_greedy_ver3_grasp_ver3,20260312180223,6,184.0,0.0
2x2_slot_inorder_place_random_1_greedy_ver3_grasp_ver3,20260312180225,35,1536.0,0.0
2x2_slot_inorder_place_random_1_greedy_ver3_grasp_ver3,20260312180230,5,281.0,0.0
2x2_slot_inorder_place_random_1_greedy_ver3_grasp_ver3,20260312180233,7,332.0,0.0
2x2_slot_inorder_place_random_1_greedy_ver3_grasp_ver3,20260312180237,11,468.0,0.0
2x2_slot_inorder_place_random_1_greedy_ver3_grasp_ver3,20260312180243,5,257.0,0.015625
2x2_slot_inorder_place_random_1_greedy_ver3_grasp_ver3,20260312180246,14,706.0,0.0
2x2_slot_inorder_place_random_1_greedy_ver3_grasp_ver3,20260312180250,9,424.0,0.0
2x2_slot_inorder_place_random_1_greedy_ver3_grasp_ver3,20260312180255,18,924.0,0.0
2x2_slot_inorder_place_random_1_greedy_ver3_grasp_ver3,20260312180259,4,241.0,0.0
2x2_slot_inorder_place_random_1_greedy_ver3_grasp_ver3,20260312180302,6,258.0,0.0
2x2_slot_inorder_place_random_1_greedy_ver3_grasp_ver3,20260312180306,7,338.0,0.0
2x2_slot_inorder_place_random_1_greedy_ver3_grasp_ver3,20260312180310,7,322.0,0.0
2x2_slot_inorder_place_random_1_greedy_ver3_grasp_ver3,20260312180314,7,324.0,0.0
2x2_slot_inorder_place_random_1_greedy_ver3_grasp_ver3,20260312180318,9,448.0,0.0
2x2_slot_inorder_place_random_1_greedy_ver3_grasp_ver3,20260312180323,11,544.0,0.0
2x2_slot_inorder_place_random_1_greedy_ver3_grasp_ver3,20260312180326,9,462.0,0.0
2x2_slot_inorder_place_random_1_greedy_ver3_grasp_ver3,20260312180330,7,322.0,0.0
2x2_slot_inorder_place_random_1_greedy_ver3_grasp_ver3,20260312180334,14,702.0,0.0
2x2_slot_inorder_place_random_1_greedy_ver3_grasp_ver3,20260312180338,4,243.0,0.0
2x2_slot_inorder_place_random_1_greedy_ver3_grasp_ver3,20260312180341,16,768.0,0.0
2x2_slot_inorder_place_random_1_greedy_ver3_grasp_ver3,20260312180349,9,454.0,0.0
2x2_slot_inorder_place_random_1_greedy_ver3_grasp_ver3,20260312180354,7,332.0,0.0
2x2_slot_inorder_place_random_1_greedy_ver3_grasp_ver3,20260312180356,22,980.0,0.0
2x2_slot_inorder_place_random_1_greedy_ver3_grasp_ver3,20260312180359,8,468.0,0.0
2x2_slot_inorder_place_random_1_greedy_ver3_grasp_ver3,20260312180403,11,468.0,0.0
2x2_slot_inorder_place_random_1_greedy_ver3_grasp_ver3,20260312180408,4,257.0,0.015625
2x2_slot_inorder_place_random_1_greedy_ver3_grasp_ver3,20260312180411,8,422.0,0.015625
2x2_slot_inorder_place_random_1_greedy_ver3_grasp_ver3,20260312180416,12,504.0,0.015625
2x2_slot_inorder_place_random_1_greedy_ver3_grasp_ver3,20260312180421,11,484.0,0.015625
2x2_slot_inorder_place_random_1_greedy_ver3_grasp_ver3,20260312180427,11,464.0,0.0
2x2_slot_inorder_place_random_1_greedy_ver3_greedy_ver3,20260312175212,14,662.0,0.0
2x2_slot_inorder_place_random_1_greedy_ver3_greedy_ver3,20260312175213,8,465.0,0.0
2x2_slot_inorder_place_random_1_greedy_ver3_greedy_ver3,20260312175217,17,752.0,0.0
2x2_slot_inorder_place_random_1_greedy_ver3_greedy_ver3,20260312175221,24,946.0,0.0
2x2_slot_inorder_place_random_1_greedy_ver3_greedy_ver3,20260312175225,5,289.0,0.0
2x2_slot_inorder_place_random_1_greedy_ver3_greedy_ver3,20260312175228,13,807.0,0.0
2x2_slot_inorder_place_random_1_greedy_ver3_greedy_ver3,20260312175230,4,275.0,0.0
2x2_slot_inorder_place_random_1_greedy_ver3_greedy_ver3,20260312175233,9,635.0,0.0
2x2_slot_inorder_place_random_1_greedy_ver3_greedy_ver3,20260312175237,23,1014.0,0.0
2x2_slot_inorder_place_random_1_greedy_ver3_greedy_ver3,20260312175242,14,661.0,0.015625
2x2_slot_inorder_place_random_1_greedy_ver3_greedy_ver3,20260312175243,14,622.0,0.0
2x2_slot_inorder_place_random_1_greedy_ver3_greedy_ver3,20260312175247,9,457.0,0.0
2x2_slot_inorder_place_random_1_greedy_ver3_greedy_ver3,20260312175250,17,914.0,0.0
2x2_slot_inorder_place_random_1_greedy_ver3_greedy_ver3,20260312175253,5,279.0,0.0
2x2_slot_inorder_place_random_1_greedy_ver3_greedy_ver3,20260312175258,33,1627.0,0.0
2x2_slot_inorder_place_random_1_greedy_ver3_greedy_ver3,20260312175305,25,1258.0,0.0
2x2_slot_inorder_place_random_1_greedy_ver3_greedy_ver3,20260312175310,10,429.0,0.0
2x2_slot_inorder_place_random_1_greedy_ver3_greedy_ver3,20260312175313,16,842.0,0.0
2x2_slot_inorder_place_random_1_greedy_ver3_greedy_ver3,20260312175315,18,798.0,0.0
2x2_slot_inorder_place_random_1_greedy_ver3_greedy_ver3,20260312175318,10,495.0,0.0
2x2_slot_inorder_place_random_1_greedy_ver3_greedy_ver3,20260312175322,17,748.0,0.0
2x2_slot_inorder_place_random_1_greedy_ver3_greedy_ver3,20260312175325,7,313.0,0.0
2x2_slot_inorder_place_random_1_greedy_ver3_greedy_ver3,20260312175329,9,649.0,0.0
2x2_slot_inorder_place_random_1_greedy_ver3_greedy_ver3,20260312175332,12,824.0,0.0
2x2_slot_inorder_place_random_1_greedy_ver3_greedy_ver3,20260312175336,19,796.0,0.0
2x2_slot_inorder_place_random_1_greedy_ver3_greedy_ver3,20260312175339,13,563.0,0.0
2x2_slot_inorder_place_random_1_greedy_ver3_greedy_ver3,20260312175342,6,615.0,0.015625
2x2_slot_inorder_place_random_1_greedy_ver3_greedy_ver3,20260312175344,17,724.0,0.0
2x2_slot_inorder_place_random_1_greedy_ver3_greedy_ver3,20260312175347,8,411.0,0.0
2x2_slot_inorder_place_random_1_greedy_ver3_greedy_ver3,20260312175351,20,981.0,0.015625
2x2_slot_inorder_place_random_1_greedy_ver3_greedy_ver3,20260312175354,12,563.0,0.0
2x2_slot_inorder_place_random_1_greedy_ver3_greedy_ver3,20260312175357,14,651.0,0.0
2x2_slot_inorder_place_random_1_greedy_ver3_greedy_ver3,20260312175401,23,946.0,0.0
2x2_slot_inorder_place_random_1_greedy_ver3_greedy_ver3,20260312175405,5,289.0,0.0
2x2_slot_inorder_place_random_1_greedy_ver3_greedy_ver3,20260312175408,23,998.0,0.0
2x2_slot_inorder_place_random_1_greedy_ver3_greedy_ver3,20260312175412,12,693.0,0.0
2x2_slot_inorder_place_random_1_greedy_ver3_greedy_ver3,20260312175415,23,942.0,0.0
2x2_slot_inorder_place_random_1_greedy_ver3_greedy_ver3,20260312175419,8,523.0,0.0
2x2_slot_inorder_place_random_1_greedy_ver3_greedy_ver3,20260312175422,18,830.0,0.0
2x2_slot_inorder_place_random_1_greedy_ver3_greedy_ver3,20260312175426,12,881.0,0.0
2x2_slot_inorder_place_random_1_greedy_ver3_greedy_ver3,20260312175430,23,944.0,0.0
2x2_slot_inorder_place_random_1_greedy_ver3_greedy_ver3,20260312175434,16,886.0,0.0
2x2_slot_inorder_place_random_1_greedy_ver3_greedy_ver3,20260312175438,18,830.0,0.0
2x2_slot_inorder_place_random_1_greedy_ver3_greedy_ver3,20260312175442,14,896.0,0.0
2x2_slot_inorder_place_random_1_greedy_ver3_greedy_ver3,20260312175445,13,642.0,0.0
2x2_slot_inorder_place_random_1_greedy_ver3_greedy_ver3,20260312175446,13,557.0,0.0
2x2_slot_inorder_place_random_1_greedy_ver3_greedy_ver3,20260312175449,12,626.0,0.0
2x2_slot_inorder_place_random_1_greedy_ver3_greedy_ver3,20260312175453,15,648.0,0.0
2x2_slot_inorder_place_random_1_greedy_ver3_greedy_ver3,20260312175457,20,1022.0,0.0
2x2_slot_inorder_place_random_1_greedy_ver3_greedy_ver3,20260312175501,10,523.0,0.0
2x2_slot_inorder_place_random_1_greedy_ver3_greedy_ver3,20260312175504,14,662.0,0.0
2x2_slot_inorder_place_random_1_greedy_ver3_greedy_ver3,20260312175508,18,788.0,0.0
2x2_slot_inorder_place_random_1_greedy_ver3_greedy_ver3,20260312175512,13,563.0,0.0
2x2_slot_inorder_place_random_1_greedy_ver3_greedy_ver3,20260312175515,18,1106.0,0.0
2x2_slot_inorder_place_random_1_greedy_ver3_greedy_ver3,20260312175517,9,655.0,0.015625
2x2_slot_inorder_place_random_1_greedy_ver3_greedy_ver3,20260312175520,18,788.0,0.0
2x2_slot_inorder_place_random_1_greedy_ver3_greedy_ver3,20260312175524,13,563.0,0.0
2x2_slot_inorder_place_random_1_greedy_ver3_greedy_ver3,20260312175527,10,535.0,0.0
2x2_slot_inorder_place_random_1_greedy_ver3_greedy_ver3,20260312175530,19,814.0,0.0
2x2_slot_inorder_place_random_1_greedy_ver3_greedy_ver3,20260312175535,25,1215.0,0.0
2x2_slot_inorder_place_random_1_greedy_ver3_greedy_ver3,20260312175539,10,499.0,0.0
2x2_slot_inorder_place_random_1_greedy_ver3_greedy_ver3,20260312175543,15,634.0,0.0
2x2_slot_inorder_place_random_1_greedy_ver3_greedy_ver3,20260312175546,21,988.0,0.0
2x2_slot_inorder_place_random_1_greedy_ver3_greedy_ver3,20260312175548,15,706.0,0.015625
2x2_slot_inorder_place_random_1_greedy_ver3_greedy_ver3,20260312175552,19,816.0,0.0
2x2_slot_inorder_place_random_1_greedy_ver3_greedy_ver3,20260312175556,26,1326.0,0.0
2x2_slot_inorder_place_random_1_greedy_ver3_greedy_ver3,20260312175601,34,1912.0,0.0
2x2_slot_inorder_place_random_1_greedy_ver3_greedy_ver3,20260312175605,14,668.0,0.0
2x2_slot_inorder_place_random_1_greedy_ver3_greedy_ver3,20260312175609,12,541.0,0.0
2x2_slot_inorder_place_random_1_greedy_ver3_greedy_ver3,20260312175612,13,551.0,0.0
2x2_slot_inorder_place_random_1_greedy_ver3_greedy_ver3,20260312175615,13,851.0,0.0
2x2_slot_inorder_place_random_1_greedy_ver3_greedy_ver3,20260312175616,17,822.0,0.0
2x2_slot_inorder_place_random_1_greedy_ver3_greedy_ver3,20260312175620,19,928.0,0.0
2x2_slot_inorder_place_random_1_greedy_ver3_greedy_ver3,20260312175625,26,1384.0,0.0
2x2_slot_inorder_place_random_1_greedy_ver3_greedy_ver3,20260312175629,2,217.0,0.0
2x2_slot_inorder_place_random_1_greedy_ver3_greedy_ver3,20260312175631,10,515.0,0.0
2x2_slot_inorder_place_random_1_greedy_ver3_greedy_ver3,20260312175634,16,752.0,0.0
2x2_slot_inorder_place_random_1_greedy_ver3_greedy_ver3,20260312175638,7,403.0,0.0
2x2_slot_inorder_place_random_1_greedy_ver3_greedy_ver3,20260312175641,13,621.0,0.0
2x2_slot_inorder_place_random_1_greedy_ver3_greedy_ver3,20260312175644,17,744.0,0.0
2x2_slot_inorder_place_random_1_greedy_ver3_greedy_ver3,20260312175647,14,664.0,0.0
2x2_slot_inorder_place_random_1_greedy_ver3_greedy_ver3,20260312175649,11,489.0,0.015625
2x2_slot_inorder_place_random_1_greedy_ver3_greedy_ver3,20260312175652,15,708.0,0.0
2x2_slot_inorder_place_random_1_greedy_ver3_greedy_ver3,20260312175656,15,642.0,0.0
2x2_slot_inorder_place_random_1_greedy_ver3_greedy_ver3,20260312175701,14,616.0,0.0
2x2_slot_inorder_place_random_1_greedy_ver3_greedy_ver3,20260312175704,8,387.0,0.0
2x2_slot_inorder_place_random_1_greedy_ver3_greedy_ver3,20260312175707,15,792.0,0.0
2x2_slot_inorder_place_random_1_greedy_ver3_greedy_ver3,20260312175711,9,415.0,0.0
2x2_slot_inorder_place_random_1_greedy_ver3_greedy_ver3,20260312175714,14,665.0,0.0
2x2_slot_inorder_place_random_1_greedy_ver3_greedy_ver3,20260312175717,9,469.0,0.015625
2x2_slot_inorder_place_random_1_greedy_ver3_greedy_ver3,20260312175718,25,1106.0,0.0
2x2_slot_inorder_place_random_1_greedy_ver3_greedy_ver3,20260312175722,13,553.0,0.0
2x2_slot_inorder_place_random_1_greedy_ver3_greedy_ver3,20260312175725,7,335.0,0.0
2x2_slot_inorder_place_random_1_greedy_ver3_greedy_ver3,20260312175730,33,1334.0,0.0
2x2_slot_inorder_place_random_1_greedy_ver3_greedy_ver3,20260312175735,23,946.0,0.0
2x2_slot_inorder_place_random_1_greedy_ver3_greedy_ver3,20260312175740,16,688.0,0.0
2x2_slot_inorder_place_random_1_greedy_ver3_greedy_ver3,20260312175746,34,1631.0,0.0
2x2_slot_inorder_place_random_1_greedy_ver3_greedy_ver3,20260312175750,23,1131.0,0.0
2x2_slot_inorder_place_random_1_greedy_ver3_greedy_ver3,20260312175755,18,818.0,0.0
2x2_slot_inorder_place_random_1_greedy_ver3_greedy_ver3,20260312175759,23,994.0,0.0
2x2_slot_inorder_place_random_1_greedy_ver3_greedy_ver3,20260312175803,9,413.0,0.0
2x2_slot_inorder_place_random_1_greedy_ver3_greedy_ver3,20260312175806,18,806.0,0.0
2x2_slot_inorder_place_random_1_greedy_ver3_greedy_ver3,20260312175810,16,724.0,0.0
2x2_slot_inorder_place_random_1_greedy_ver3_greedy_ver3,20260312175814,17,746.0,0.015625
2x2_slot_inorder_place_random_1_greedy_ver3_greedy_ver3,20260312175818,28,1134.0,0.0
2x2_slot_inorder_place_random_1_greedy_ver3_greedy_ver3,20260312175821,17,732.0,0.0
2x2_slot_inorder_place_random_1_greedy_ver3_greedy_ver3,20260312175825,12,551.0,0.0
2x2_slot_inorder_place_random_1_greedy_ver3_greedy_ver3,20260312175829,26,1034.0,0.0
2x2_slot_inorder_place_random_1_greedy_ver3_greedy_ver3,20260312175834,11,547.0,0.0
2x2_slot_inorder_place_random_1_greedy_ver3_greedy_ver3,20260312175839,23,1002.0,0.0
2x2_slot_inorder_place_random_1_greedy_ver3_greedy_ver3,20260312175842,5,279.0,0.0
2x2_slot_inorder_place_random_1_greedy_ver3_greedy_ver3,20260312175846,23,970.0,0.015625
2x2_slot_inorder_place_random_1_greedy_ver3_greedy_ver3,20260312175851,24,1188.0,0.015625
2x2_slot_inorder_place_random_1_greedy_ver3_greedy_ver3,20260312175857,23,968.0,0.0
2x2_slot_inorder_place_random_1_greedy_ver3_greedy_ver3,20260312175901,15,704.0,0.0
2x2_slot_inorder_place_random_1_greedy_ver3_greedy_ver3,20260312175905,15,811.0,0.0
2x2_slot_inorder_place_random_1_greedy_ver3_greedy_ver3,20260312175909,23,1002.0,0.0
2x2_slot_inorder_place_random_1_greedy_ver3_greedy_ver3,20260312175912,5,279.0,0.0
2x2_slot_inorder_place_random_1_greedy_ver3_greedy_ver3,20260312175916,21,948.0,0.0
2x2_slot_inorder_place_random_1_greedy_ver3_greedy_ver3,20260312175920,19,892.0,0.0
2x2_slot_inorder_place_random_1_greedy_ver3_greedy_ver3,20260312175921,14,833.0,0.0
2x2_slot_inorder_place_random_1_greedy_ver3_greedy_ver3,20260312175926,34,1402.0,0.0
2x2_slot_inorder_place_random_1_greedy_ver3_greedy_ver3,20260312175932,18,802.0,0.0
2x2_slot_inorder_place_random_1_greedy_ver3_greedy_ver3,20260312175936,17,752.0,0.0
2x2_slot_inorder_place_random_1_greedy_ver3_greedy_ver3,20260312175940,20,814.0,0.0
2x2_slot_inorder_place_random_1_greedy_ver3_greedy_ver3,20260312175944,11,659.0,0.0
2x2_slot_inorder_place_random_1_greedy_ver3_greedy_ver3,20260312175947,9,549.0,0.0
2x2_slot_inorder_place_random_1_greedy_ver3_greedy_ver3,20260312175950,19,1058.0,0.0
2x2_slot_inorder_place_random_1_greedy_ver3_greedy_ver3,20260312175952,14,628.0,0.0
2x2_slot_inorder_place_random_1_greedy_ver3_greedy_ver3,20260312175956,15,644.0,0.015625
2x2_slot_inorder_place_random_1_greedy_ver3_greedy_ver3,20260312180000,19,814.0,0.0
2x2_slot_inorder_place_random_1_greedy_ver3_greedy_ver3,20260312180003,7,515.0,0.0
2x2_slot_inorder_place_random_1_greedy_ver3_greedy_ver3,20260312180007,20,904.0,0.0
2x2_slot_inorder_place_random_1_greedy_ver3_greedy_ver3,20260312180012,17,748.0,0.0
2x2_slot_inorder_place_random_1_greedy_ver3_greedy_ver3,20260312180016,15,706.0,0.0
2x2_slot_inorder_place_random_1_greedy_ver3_greedy_ver3,20260312180020,20,1052.0,0.0
2x2_slot_inorder_place_random_1_greedy_ver3_greedy_ver3,20260312180022,5,359.0,0.0
2x2_slot_inorder_place_random_1_greedy_ver3_greedy_ver3,20260312180025,9,447.0,0.0
2x2_slot_inorder_place_random_1_greedy_ver3_greedy_ver3,20260312180028,23,942.0,0.0
2x2_slot_inorder_place_random_1_greedy_ver3_greedy_ver3,20260312180033,20,892.0,0.0
2x2_slot_inorder_place_random_1_greedy_ver3_greedy_ver3,20260312180037,10,523.0,0.0
2x2_slot_inorder_place_random_1_greedy_ver3_greedy_ver3,20260312180040,14,686.0,0.0
2x2_slot_inorder_place_random_1_greedy_ver3_greedy_ver3,20260312180045,31,1288.0,0.0
2x2_slot_inorder_place_random_1_greedy_ver3_greedy_ver3,20260312180051,29,1452.0,0.0
2x2_slot_inorder_place_random_1_greedy_ver3_greedy_ver3,20260312180055,23,942.0,0.0
2x2_slot_inorder_place_random_1_greedy_ver3_greedy_ver3,20260312180100,23,998.0,0.0
2x2_slot_inorder_place_random_1_greedy_ver3_greedy_ver3,20260312180104,18,778.0,0.0
2x2_slot_inorder_place_random_1_greedy_ver3_greedy_ver3,20260312180108,16,956.0,0.0
2x2_slot_inorder_place_random_1_greedy_ver3_greedy_ver3,20260312180112,8,515.0,0.0
2x2_slot_inorder_place_random_1_greedy_ver3_greedy_ver3,20260312180116,28,1112.0,0.0
2x2_slot_inorder_place_random_1_greedy_ver3_greedy_ver3,20260312180121,13,784.0,0.0
2x2_slot_inorder_place_random_1_greedy_ver3_greedy_ver3,20260312180123,24,1028.0,0.0
2x2_slot_inorder_place_random_1_greedy_ver3_greedy_ver3,20260312180128,26,1086.0,0.0
2x2_slot_inorder_place_random_1_greedy_ver3_greedy_ver3,20260312180134,24,1076.0,0.0
2x2_slot_inorder_place_random_1_greedy_ver3_greedy_ver3,20260312180138,5,357.0,0.0
2x2_slot_inorder_place_random_1_greedy_ver3_greedy_ver3,20260312180141,19,974.0,0.0
2x2_slot_inorder_place_random_1_greedy_ver3_greedy_ver3,20260312180146,23,952.0,0.0
2x2_slot_inorder_place_random_1_greedy_ver3_greedy_ver3,20260312180150,13,561.0,0.0
2x2_slot_inorder_place_random_1_greedy_ver3_greedy_ver3,20260312180152,32,1376.0,0.0
2x2_slot_inorder_place_random_1_greedy_ver3_greedy_ver3,20260312180157,23,1052.0,0.0
2x2_slot_inorder_place_random_1_greedy_ver3_greedy_ver3,20260312180201,13,561.0,0.0
2x2_slot_inorder_place_random_1_greedy_ver3_greedy_ver3,20260312180205,23,998.0,0.0
2x2_slot_inorder_place_random_1_greedy_ver3_greedy_ver3,20260312180209,16,718.0,0.0
2x2_slot_inorder_place_random_1_greedy_ver3_greedy_ver3,20260312180212,8,389.0,0.0
2x2_slot_inorder_place_random_1_greedy_ver3_greedy_ver3,20260312180214,12,557.0,0.0
2x2_slot_inorder_place_random_1_greedy_ver3_greedy_ver3,20260312180217,9,449.0,0.0
2x2_slot_inorder_place_random_1_greedy_ver3_greedy_ver3,20260312180221,15,704.0,0.0
2x2_slot_inorder_place_random_1_greedy_ver3_greedy_ver3,20260312180225,35,1536.0,0.0
2x2_slot_inorder_place_random_1_greedy_ver3_greedy_ver3,20260312180227,23,1224.0,0.0
2x2_slot_inorder_place_random_1_greedy_ver3_greedy_ver3,20260312180232,10,527.0,0.0
2x2_slot_inorder_place_random_1_greedy_ver3_greedy_ver3,20260312180235,19,822.0,0.0
2x2_slot_inorder_place_random_1_greedy_ver3_greedy_ver3,20260312180240,28,1114.0,0.0
2x2_slot_inorder_place_random_1_greedy_ver3_greedy_ver3,20260312180244,14,657.0,0.0
2x2_slot_inorder_place_random_1_greedy_ver3_greedy_ver3,20260312180248,19,1062.0,0.0
2x2_slot_inorder_place_random_1_greedy_ver3_greedy_ver3,20260312180253,23,942.0,0.0
2x2_slot_inorder_place_random_1_greedy_ver3_greedy_ver3,20260312180256,26,1472.0,0.0
2x2_slot_inorder_place_random_1_greedy_ver3_greedy_ver3,20260312180301,12,541.0,0.0
2x2_slot_inorder_place_random_1_greedy_ver3_greedy_ver3,20260312180304,12,698.0,0.0
2x2_slot_inorder_place_random_1_greedy_ver3_greedy_ver3,20260312180308,15,708.0,0.0
2x2_slot_inorder_place_random_1_greedy_ver3_greedy_ver3,20260312180312,18,782.0,0.0
2x2_slot_inorder_place_random_1_greedy_ver3_greedy_ver3,20260312180316,18,784.0,0.015625
2x2_slot_inorder_place_random_1_greedy_ver3_greedy_ver3,20260312180320,23,998.0,0.0
2x2_slot_inorder_place_random_1_greedy_ver3_greedy_ver3,20260312180325,24,1094.0,0.0
2x2_slot_inorder_place_random_1_greedy_ver3_greedy_ver3,20260312180328,24,976.0,0.0
2x2_slot_inorder_place_random_1_greedy_ver3_greedy_ver3,20260312180332,19,812.0,0.0
2x2_slot_inorder_place_random_1_greedy_ver3_greedy_ver3,20260312180336,16,682.0,0.0
2x2_slot_inorder_place_random_1_greedy_ver3_greedy_ver3,20260312180340,12,543.0,0.0
2x2_slot_inorder_place_random_1_greedy_ver3_greedy_ver3,20260312180345,32,1624.0,0.0
2x2_slot_inorder_place_random_1_greedy_ver3_greedy_ver3,20260312180351,23,1002.0,0.0
2x2_slot_inorder_place_random_1_greedy_ver3_greedy_ver3,20260312180356,22,980.0,0.0
2x2_slot_inorder_place_random_1_greedy_ver3_greedy_ver3,20260312180357,12,539.0,0.0
2x2_slot_inorder_place_random_1_greedy_ver3_greedy_ver3,20260312180401,12,718.0,0.0
2x2_slot_inorder_place_random_1_greedy_ver3_greedy_ver3,20260312180405,28,1114.0,0.0
2x2_slot_inorder_place_random_1_greedy_ver3_greedy_ver3,20260312180410,13,557.0,0.015625
2x2_slot_inorder_place_random_1_greedy_ver3_greedy_ver3,20260312180414,22,876.0,0.0
2x2_slot_inorder_place_random_1_greedy_ver3_greedy_ver3,20260312180419,23,942.0,0.0
2x2_slot_inorder_place_random_1_greedy_ver3_greedy_ver3,20260312180424,28,1132.0,0.0
2x2_slot_inorder_place_random_1_greedy_ver3_greedy_ver3,20260312180428,28,1112.0,0.0
2x2_slot_inorder_place_random_5_grasp_ver3_grasp_ver3,20260310130349,2,205.0,0.0
2x2_slot_inorder_place_random_5_grasp_ver3_grasp_ver3,20260310130352,2,269.0,0.0
2x2_slot_inorder_place_random_5_grasp_ver3_grasp_ver3,20260310130354,2,211.0,0.015625
2x2_slot_inorder_place_random_5_grasp_ver3_grasp_ver3,20260310130356,7,336.0,0.0
2x2_slot_inorder_place_random_5_grasp_ver3_grasp_ver3,20260310130400,4,321.0,0.0
2x2_slot_inorder_place_random_5_grasp_ver3_grasp_ver3,20260310130403,2,315.0,0.0
2x2_slot_inorder_place_random_5_grasp_ver3_grasp_ver3,20260310130407,4,235.0,0.0
2x2_slot_inorder_place_random_5_grasp_ver3_grasp_ver3,20260310130410,2,209.0,0.0
2x2_slot_inorder_place_random_5_grasp_ver3_grasp_ver3,20260310130413,5,293.0,0.0
2x2_slot_inorder_place_random_5_grasp_ver3_grasp_ver3,20260310130416,6,256.0,0.0
2x2_slot_inorder_place_random_5_grasp_ver3_grasp_ver3,20260310130419,9,484.0,0.0
2x2_slot_inorder_place_random_5_grasp_ver3_grasp_ver3,20260310130424,16,916.0,0.0
2x2_slot_inorder_place_random_5_grasp_ver3_grasp_ver3,20260310130432,11,646.0,0.0
2x2_slot_inorder_place_random_5_grasp_ver3_grasp_ver3,20260310130436,14,760.0,0.0
2x2_slot_inorder_place_random_5_grasp_ver3_grasp_ver3,20260310130442,2,279.0,0.0
2x2_slot_inorder_place_random_5_grasp_ver3_grasp_ver3,20260310130444,2,255.0,0.0
2x2_slot_inorder_place_random_5_grasp_ver3_grasp_ver3,20260310130446,7,623.0,0.0
2x2_slot_inorder_place_random_5_grasp_ver3_grasp_ver3,20260310130449,8,411.0,0.0
2x2_slot_inorder_place_random_5_grasp_ver3_grasp_ver3,20260310130452,6,198.0,0.0
2x2_slot_inorder_place_random_5_grasp_ver3_grasp_ver3,20260310130456,10,768.0,0.0
2x2_slot_inorder_place_random_5_grasp_ver3_grasp_ver3,20260310130459,2,213.0,0.0
2x2_slot_inorder_place_random_5_grasp_ver3_grasp_ver3,20260310130501,10,492.0,0.0
2x2_slot_inorder_place_random_5_grasp_ver3_grasp_ver3,20260310130506,4,259.0,0.0
2x2_slot_inorder_place_random_5_grasp_ver3_grasp_ver3,20260310130509,5,309.0,0.0
2x2_slot_inorder_place_random_5_grasp_ver3_grasp_ver3,20260310130512,4,259.0,0.0
2x2_slot_inorder_place_random_5_grasp_ver3_grasp_ver3,20260310130516,5,267.0,0.0
2x2_slot_inorder_place_random_5_grasp_ver3_grasp_ver3,20260310130519,2,177.0,0.0
2x2_slot_inorder_place_random_5_grasp_ver3_grasp_ver3,20260310130521,10,607.0,0.0
2x2_slot_inorder_place_random_5_grasp_ver3_grasp_ver3,20260310130524,4,395.0,0.0
2x2_slot_inorder_place_random_5_grasp_ver3_grasp_ver3,20260310130527,21,1024.0,0.0
2x2_slot_inorder_place_random_5_grasp_ver3_grasp_ver3,20260310130532,12,746.0,0.0
2x2_slot_inorder_place_random_5_grasp_ver3_grasp_ver3,20260310130537,3,249.0,0.0
2x2_slot_inorder_place_random_5_grasp_ver3_grasp_ver3,20260310130539,8,414.0,0.0
2x2_slot_inorder_place_random_5_grasp_ver3_grasp_ver3,20260310130543,10,514.0,0.0
2x2_slot_inorder_place_random_5_grasp_ver3_grasp_ver3,20260310130549,4,345.0,0.0
2x2_slot_inorder_place_random_5_grasp_ver3_grasp_ver3,20260310130552,6,439.0,0.0
2x2_slot_inorder_place_random_5_grasp_ver3_grasp_ver3,20260310130555,5,293.0,0.0
2x2_slot_inorder_place_random_5_grasp_ver3_grasp_ver3,20260310130559,2,277.0,0.0
2x2_slot_inorder_place_random_5_grasp_ver3_grasp_ver3,20260310130601,2,195.0,0.0
2x2_slot_inorder_place_random_5_grasp_ver3_grasp_ver3,20260310130603,2,215.0,0.0
2x2_slot_inorder_place_random_5_grasp_ver3_grasp_ver3,20260310130605,5,285.0,0.0
2x2_slot_inorder_place_random_5_grasp_ver3_grasp_ver3,20260310130608,3,275.0,0.0
2x2_slot_inorder_place_random_5_grasp_ver3_grasp_ver3,20260310130610,9,462.0,0.0
2x2_slot_inorder_place_random_5_grasp_ver3_grasp_ver3,20260310130614,7,406.0,0.0
2x2_slot_inorder_place_random_5_grasp_ver3_grasp_ver3,20260310130618,2,195.0,0.0
2x2_slot_inorder_place_random_5_grasp_ver3_grasp_ver3,20260310130622,2,265.0,0.0
2x2_slot_inorder_place_random_5_grasp_ver3_grasp_ver3,20260310130624,4,231.0,0.0
2x2_slot_inorder_place_random_5_grasp_ver3_grasp_ver3,20260310130627,3,275.0,0.0
2x2_slot_inorder_place_random_5_grasp_ver3_grasp_ver3,20260310130629,22,1096.0,0.0
2x2_slot_inorder_place_random_5_grasp_ver3_grasp_ver3,20260310130636,8,456.0,0.0
2x2_slot_inorder_place_random_5_grasp_ver3_grasp_ver3,20260310130641,5,281.0,0.0
2x2_slot_inorder_place_random_5_grasp_ver3_grasp_ver3,20260310130644,7,334.0,0.0
2x2_slot_inorder_place_random_5_grasp_ver3_grasp_ver3,20260310130648,5,249.0,0.015625
2x2_slot_inorder_place_random_5_grasp_ver3_grasp_ver3,20260310130651,7,322.0,0.0
2x2_slot_inorder_place_random_5_grasp_ver3_grasp_ver3,20260310130706,12,820.0,0.0
2x2_slot_inorder_place_random_5_grasp_ver3_grasp_ver3,20260310130712,5,265.0,0.0
2x2_slot_inorder_place_random_5_grasp_ver3_grasp_ver3,20260310130715,17,808.0,0.0
2x2_slot_inorder_place_random_5_grasp_ver3_grasp_ver3,20260310130723,6,351.0,0.0
2x2_slot_inorder_place_random_5_grasp_ver3_grasp_ver3,20260310130745,4,249.0,0.0
2x2_slot_inorder_place_random_5_grasp_ver3_grasp_ver3,20260310130751,13,894.0,0.0
2x2_slot_inorder_place_random_5_grasp_ver3_grasp_ver3,20260310130756,5,283.0,0.0
2x2_slot_inorder_place_random_5_grasp_ver3_grasp_ver3,20260310130801,8,507.0,0.0
2x2_slot_inorder_place_random_5_grasp_ver3_grasp_ver3,20260310130806,4,307.0,0.0
2x2_slot_inorder_place_random_5_grasp_ver3_grasp_ver3,20260310130811,5,285.0,0.0
2x2_slot_inorder_place_random_5_grasp_ver3_grasp_ver3,20260310130815,8,454.0,0.0
2x2_slot_inorder_place_random_5_grasp_ver3_grasp_ver3,20260310130822,2,271.0,0.0
2x2_slot_inorder_place_random_5_grasp_ver3_grasp_ver3,20260310130824,2,215.0,0.015625
2x2_slot_inorder_place_random_5_grasp_ver3_grasp_ver3,20260310130827,2,205.0,0.0
2x2_slot_inorder_place_random_5_grasp_ver3_grasp_ver3,20260310130830,5,281.0,0.0
2x2_slot_inorder_place_random_5_grasp_ver3_grasp_ver3,20260310130833,2,197.0,0.0
2x2_slot_inorder_place_random_5_grasp_ver3_grasp_ver3,20260310130836,2,205.0,0.0
2x2_slot_inorder_place_random_5_grasp_ver3_grasp_ver3,20260310130839,7,422.0,0.0
2x2_slot_inorder_place_random_5_grasp_ver3_grasp_ver3,20260310130843,2,265.0,0.0
2x2_slot_inorder_place_random_5_grasp_ver3_grasp_ver3,20260310130846,4,259.0,0.0
2x2_slot_inorder_place_random_5_grasp_ver3_grasp_ver3,20260310130850,9,608.0,0.0
2x2_slot_inorder_place_random_5_grasp_ver3_grasp_ver3,20260310130856,4,285.0,0.0
2x2_slot_inorder_place_random_5_grasp_ver3_grasp_ver3,20260310130859,4,291.0,0.0
2x2_slot_inorder_place_random_5_grasp_ver3_grasp_ver3,20260310130903,5,279.0,0.0
2x2_slot_inorder_place_random_5_grasp_ver3_grasp_ver3,20260310130919,4,305.0,0.0
2x2_slot_inorder_place_random_5_grasp_ver3_grasp_ver3,20260310130924,4,249.0,0.0
2x2_slot_inorder_place_random_5_grasp_ver3_grasp_ver3,20260310130927,8,426.0,0.0
2x2_slot_inorder_place_random_5_grasp_ver3_grasp_ver3,20260310130934,8,534.0,0.0
2x2_slot_inorder_place_random_5_grasp_ver3_grasp_ver3,20260310130938,21,1068.0,0.0
2x2_slot_inorder_place_random_5_grasp_ver3_grasp_ver3,20260310130948,6,244.0,0.0
2x2_slot_inorder_place_random_5_grasp_ver3_grasp_ver3,20260310130952,9,424.0,0.0
2x2_slot_inorder_place_random_5_grasp_ver3_grasp_ver3,20260310130956,4,257.0,0.0
2x2_slot_inorder_place_random_5_grasp_ver3_grasp_ver3,20260310130959,4,283.0,0.0
2x2_slot_inorder_place_random_5_grasp_ver3_grasp_ver3,20260310131008,7,332.0,0.0
2x2_slot_inorder_place_random_5_grasp_ver3_grasp_ver3,20260310131018,4,243.0,0.0
2x2_slot_inorder_place_random_5_grasp_ver3_grasp_ver3,20260310131023,7,324.0,0.0
2x2_slot_inorder_place_random_5_grasp_ver3_grasp_ver3,20260310131038,2,259.0,0.0
2x2_slot_inorder_place_random_5_grasp_ver3_grasp_ver3,20260310131044,14,836.0,0.0
2x2_slot_inorder_place_random_5_grasp_ver3_grasp_ver3,20260310131055,5,279.0,0.0
2x2_slot_inorder_place_random_5_grasp_ver3_grasp_ver3,20260310131058,9,502.0,0.015625
2x2_slot_inorder_place_random_5_grasp_ver3_grasp_ver3,20260310131103,5,267.0,0.0
2x2_slot_inorder_place_random_5_grasp_ver3_grasp_ver3,20260310131106,7,342.0,0.0
2x2_slot_inorder_place_random_5_grasp_ver3_grasp_ver3,20260310131110,4,279.0,0.0
2x2_slot_inorder_place_random_5_grasp_ver3_grasp_ver3,20260310131114,17,774.0,0.0
2x2_slot_inorder_place_random_5_grasp_ver3_grasp_ver3,20260310131130,4,319.0,0.0
2x2_slot_inorder_place_random_5_grasp_ver3_grasp_ver3,20260310131132,5,257.0,0.015625
2x2_slot_inorder_place_random_5_grasp_ver3_grasp_ver3,20260310131135,4,283.0,0.0
2x2_slot_inorder_place_random_5_grasp_ver3_grasp_ver3,20260310131138,9,458.0,0.0
2x2_slot_inorder_place_random_5_grasp_ver3_grasp_ver3,20260310131143,2,247.0,0.0
2x2_slot_inorder_place_random_5_grasp_ver3_grasp_ver3,20260310131146,17,838.0,0.0
2x2_slot_inorder_place_random_5_grasp_ver3_grasp_ver3,20260310131154,7,326.0,0.0
2x2_slot_inorder_place_random_5_grasp_ver3_grasp_ver3,20260310131159,6,196.0,0.0
2x2_slot_inorder_place_random_5_grasp_ver3_grasp_ver3,20260310131203,7,406.0,0.0
2x2_slot_inorder_place_random_5_grasp_ver3_grasp_ver3,20260310131207,12,654.0,0.0
2x2_slot_inorder_place_random_5_grasp_ver3_grasp_ver3,20260310131212,10,639.0,0.0
2x2_slot_inorder_place_random_5_grasp_ver3_grasp_ver3,20260310131215,5,285.0,0.015625
2x2_slot_inorder_place_random_5_grasp_ver3_grasp_ver3,20260310131218,6,192.0,0.0
2x2_slot_inorder_place_random_5_grasp_ver3_grasp_ver3,20260310131222,3,255.0,0.0
2x2_slot_inorder_place_random_5_grasp_ver3_grasp_ver3,20260310131224,4,405.0,0.0
2x2_slot_inorder_place_random_5_grasp_ver3_grasp_ver3,20260310131227,4,239.0,0.0
2x2_slot_inorder_place_random_5_grasp_ver3_grasp_ver3,20260310131231,13,532.0,0.0
2x2_slot_inorder_place_random_5_grasp_ver3_grasp_ver3,20260310131239,14,712.0,0.0
2x2_slot_inorder_place_random_5_grasp_ver3_grasp_ver3,20260310131243,8,493.0,0.0
2x2_slot_inorder_place_random_5_grasp_ver3_grasp_ver3,20260310131246,4,281.0,0.0
2x2_slot_inorder_place_random_5_grasp_ver3_grasp_ver3,20260310131249,4,237.0,0.0
2x2_slot_inorder_place_random_5_grasp_ver3_grasp_ver3,20260310131252,5,273.0,0.0
2x2_slot_inorder_place_random_5_grasp_ver3_grasp_ver3,20260310131255,14,682.0,0.0
2x2_slot_inorder_place_random_5_grasp_ver3_grasp_ver3,20260310131259,16,784.0,0.0
2x2_slot_inorder_place_random_5_grasp_ver3_grasp_ver3,20260310131307,14,598.0,0.0
2x2_slot_inorder_place_random_5_grasp_ver3_grasp_ver3,20260310131312,9,424.0,0.0
2x2_slot_inorder_place_random_5_grasp_ver3_grasp_ver3,20260310131317,9,448.0,0.0
2x2_slot_inorder_place_random_5_grasp_ver3_grasp_ver3,20260310131321,14,818.0,0.0
2x2_slot_inorder_place_random_5_grasp_ver3_grasp_ver3,20260310131327,2,249.0,0.0
2x2_slot_inorder_place_random_5_grasp_ver3_grasp_ver3,20260310131329,18,1014.0,0.0
2x2_slot_inorder_place_random_5_grasp_ver3_grasp_ver3,20260310131337,9,538.0,0.0
2x2_slot_inorder_place_random_5_grasp_ver3_grasp_ver3,20260310131341,6,256.0,0.0
2x2_slot_inorder_place_random_5_grasp_ver3_grasp_ver3,20260310131345,14,816.0,0.015625
2x2_slot_inorder_place_random_5_grasp_ver3_grasp_ver3,20260310131351,10,562.0,0.0
2x2_slot_inorder_place_random_5_grasp_ver3_grasp_ver3,20260310131356,2,237.0,0.0
2x2_slot_inorder_place_random_5_grasp_ver3_grasp_ver3,20260310131358,11,694.0,0.0
2x2_slot_inorder_place_random_5_grasp_ver3_grasp_ver3,20260310131403,10,552.0,0.0
2x2_slot_inorder_place_random_5_grasp_ver3_grasp_ver3,20260310131407,4,251.0,0.0
2x2_slot_inorder_place_random_5_grasp_ver3_grasp_ver3,20260310131412,9,424.0,0.0
2x2_slot_inorder_place_random_5_grasp_ver3_grasp_ver3,20260310131416,9,488.0,0.0
2x2_slot_inorder_place_random_5_grasp_ver3_grasp_ver3,20260310131421,4,271.0,0.0
2x2_slot_inorder_place_random_5_grasp_ver3_grasp_ver3,20260310131424,9,428.0,0.0
2x2_slot_inorder_place_random_5_grasp_ver3_grasp_ver3,20260310131428,8,533.0,0.0
2x2_slot_inorder_place_random_5_grasp_ver3_grasp_ver3,20260310131431,6,389.0,0.0
2x2_slot_inorder_place_random_5_grasp_ver3_grasp_ver3,20260310131434,6,256.0,0.0
2x2_slot_inorder_place_random_5_grasp_ver3_grasp_ver3,20260310131438,7,364.0,0.0
2x2_slot_inorder_place_random_5_grasp_ver3_grasp_ver3,20260310131444,6,248.0,0.0
2x2_slot_inorder_place_random_5_grasp_ver3_grasp_ver3,20260310131448,20,1148.0,0.0
2x2_slot_inorder_place_random_5_grasp_ver3_grasp_ver3,20260310131453,9,554.0,0.0
2x2_slot_inorder_place_random_5_grasp_ver3_grasp_ver3,20260310131456,2,197.0,0.0
2x2_slot_inorder_place_random_5_grasp_ver3_grasp_ver3,20260310131458,11,554.0,0.0
2x2_slot_inorder_place_random_5_grasp_ver3_grasp_ver3,20260310131504,18,996.0,0.0
2x2_slot_inorder_place_random_5_grasp_ver3_grasp_ver3,20260310131510,10,484.0,0.0
2x2_slot_inorder_place_random_5_grasp_ver3_grasp_ver3,20260310131514,18,942.0,0.015625
2x2_slot_inorder_place_random_5_grasp_ver3_grasp_ver3,20260310131521,4,281.0,0.0
2x2_slot_inorder_place_random_5_grasp_ver3_grasp_ver3,20260310131524,7,452.0,0.0
2x2_slot_inorder_place_random_5_grasp_ver3_grasp_ver3,20260310131527,7,344.0,0.0
2x2_slot_inorder_place_random_5_grasp_ver3_grasp_ver3,20260310131531,7,382.0,0.0
2x2_slot_inorder_place_random_5_grasp_ver3_grasp_ver3,20260310131535,8,478.0,0.0
2x2_slot_inorder_place_random_5_grasp_ver3_grasp_ver3,20260310131539,10,486.0,0.0
2x2_slot_inorder_place_random_5_grasp_ver3_grasp_ver3,20260310131543,6,347.0,0.0
2x2_slot_inorder_place_random_5_grasp_ver3_grasp_ver3,20260310131546,10,552.0,0.0
2x2_slot_inorder_place_random_5_grasp_ver3_grasp_ver3,20260310131552,3,249.0,0.0
2x2_slot_inorder_place_random_5_grasp_ver3_grasp_ver3,20260310131554,14,842.0,0.0
2x2_slot_inorder_place_random_5_grasp_ver3_grasp_ver3,20260310131558,4,243.0,0.0
2x2_slot_inorder_place_random_5_grasp_ver3_grasp_ver3,20260310131601,22,942.0,0.0
2x2_slot_inorder_place_random_5_grasp_ver3_grasp_ver3,20260310131611,5,267.0,0.0
2x2_slot_inorder_place_random_5_grasp_ver3_grasp_ver3,20260310131614,4,269.0,0.0
2x2_slot_inorder_place_random_5_grasp_ver3_grasp_ver3,20260310131617,8,352.0,0.0
2x2_slot_inorder_place_random_5_grasp_ver3_grasp_ver3,20260310131620,11,524.0,0.0
2x2_slot_inorder_place_random_5_grasp_ver3_grasp_ver3,20260310131627,8,474.0,0.0
2x2_slot_inorder_place_random_5_grasp_ver3_grasp_ver3,20260310131632,9,504.0,0.0
2x2_slot_inorder_place_random_5_grasp_ver3_grasp_ver3,20260310131636,11,514.0,0.015625
2x2_slot_inorder_place_random_5_grasp_ver3_grasp_ver3,20260310131642,11,554.0,0.0
2x2_slot_inorder_place_random_5_grasp_ver3_greedy_ver3,20260310130350,8,397.0,0.015625
2x2_slot_inorder_place_random_5_grasp_ver3_greedy_ver3,20260310130353,4,299.0,0.0
2x2_slot_inorder_place_random_5_grasp_ver3_greedy_ver3,20260310130355,13,607.0,0.0
2x2_slot_inorder_place_random_5_grasp_ver3_greedy_ver3,20260310130358,15,786.0,0.0
2x2_slot_inorder_place_random_5_grasp_ver3_greedy_ver3,20260310130401,17,912.0,0.0
2x2_slot_inorder_place_random_5_grasp_ver3_greedy_ver3,20260310130404,12,777.0,0.0
2x2_slot_inorder_place_random_5_grasp_ver3_greedy_ver3,20260310130408,16,750.0,0.0
2x2_slot_inorder_place_random_5_grasp_ver3_greedy_ver3,20260310130411,8,401.0,0.0
2x2_slot_inorder_place_random_5_grasp_ver3_greedy_ver3,20260310130414,10,477.0,0.0
2x2_slot_inorder_place_random_5_grasp_ver3_greedy_ver3,20260310130417,13,706.0,0.0
2x2_slot_inorder_place_random_5_grasp_ver3_greedy_ver3,20260310130421,21,970.0,0.0
2x2_slot_inorder_place_random_5_grasp_ver3_greedy_ver3,20260310130427,31,1643.0,0.0
2x2_slot_inorder_place_random_5_grasp_ver3_greedy_ver3,20260310130433,20,1026.0,0.0
2x2_slot_inorder_place_random_5_grasp_ver3_greedy_ver3,20260310130438,23,960.0,0.0
2x2_slot_inorder_place_random_5_grasp_ver3_greedy_ver3,20260310130443,5,359.0,0.0
2x2_slot_inorder_place_random_5_grasp_ver3_greedy_ver3,20260310130445,4,285.0,0.0
2x2_slot_inorder_place_random_5_grasp_ver3_greedy_ver3,20260310130447,13,863.0,0.0
2x2_slot_inorder_place_random_5_grasp_ver3_greedy_ver3,20260310130450,16,746.0,0.0
2x2_slot_inorder_place_random_5_grasp_ver3_greedy_ver3,20260310130454,12,610.0,0.0
2x2_slot_inorder_place_random_5_grasp_ver3_greedy_ver3,20260310130458,11,840.0,0.0
2x2_slot_inorder_place_random_5_grasp_ver3_greedy_ver3,20260310130500,2,213.0,0.0
2x2_slot_inorder_place_random_5_grasp_ver3_greedy_ver3,20260310130504,23,1133.0,0.0
2x2_slot_inorder_place_random_5_grasp_ver3_greedy_ver3,20260310130507,13,663.0,0.0
2x2_slot_inorder_place_random_5_grasp_ver3_greedy_ver3,20260310130510,8,495.0,0.0
2x2_slot_inorder_place_random_5_grasp_ver3_greedy_ver3,20260310130514,9,447.0,0.0
2x2_slot_inorder_place_random_5_grasp_ver3_greedy_ver3,20260310130517,11,503.0,0.0
2x2_slot_inorder_place_random_5_grasp_ver3_greedy_ver3,20260310130520,5,277.0,0.0
2x2_slot_inorder_place_random_5_grasp_ver3_greedy_ver3,20260310130522,21,1032.0,0.0
2x2_slot_inorder_place_random_5_grasp_ver3_greedy_ver3,20260310130525,6,395.0,0.0
2x2_slot_inorder_place_random_5_grasp_ver3_greedy_ver3,20260310130529,23,1110.0,0.015625
2x2_slot_inorder_place_random_5_grasp_ver3_greedy_ver3,20260310130534,18,1002.0,0.0
2x2_slot_inorder_place_random_5_grasp_ver3_greedy_ver3,20260310130538,6,329.0,0.0
2x2_slot_inorder_place_random_5_grasp_ver3_greedy_ver3,20260310130541,20,1082.0,0.0
2x2_slot_inorder_place_random_5_grasp_ver3_greedy_ver3,20260310130545,26,1196.0,0.0
2x2_slot_inorder_place_random_5_grasp_ver3_greedy_ver3,20260310130550,14,930.0,0.0
2x2_slot_inorder_place_random_5_grasp_ver3_greedy_ver3,20260310130553,16,856.0,0.0
2x2_slot_inorder_place_random_5_grasp_ver3_greedy_ver3,20260310130557,11,543.0,0.0
2x2_slot_inorder_place_random_5_grasp_ver3_greedy_ver3,20260310130600,4,307.0,0.015625
2x2_slot_inorder_place_random_5_grasp_ver3_greedy_ver3,20260310130602,8,423.0,0.0
2x2_slot_inorder_place_random_5_grasp_ver3_greedy_ver3,20260310130604,8,475.0,0.0
2x2_slot_inorder_place_random_5_grasp_ver3_greedy_ver3,20260310130607,10,495.0,0.0
2x2_slot_inorder_place_random_5_grasp_ver3_greedy_ver3,20260310130609,6,355.0,0.0
2x2_slot_inorder_place_random_5_grasp_ver3_greedy_ver3,20260310130612,24,1248.0,0.0
2x2_slot_inorder_place_random_5_grasp_ver3_greedy_ver3,20260310130616,19,808.0,0.0
2x2_slot_inorder_place_random_5_grasp_ver3_greedy_ver3,20260310130620,8,423.0,0.0
2x2_slot_inorder_place_random_5_grasp_ver3_greedy_ver3,20260310130623,4,295.0,0.0
2x2_slot_inorder_place_random_5_grasp_ver3_greedy_ver3,20260310130625,13,629.0,0.0
2x2_slot_inorder_place_random_5_grasp_ver3_greedy_ver3,20260310130628,6,355.0,0.0
2x2_slot_inorder_place_random_5_grasp_ver3_greedy_ver3,20260310130632,37,1759.0,0.0
2x2_slot_inorder_place_random_5_grasp_ver3_greedy_ver3,20260310130639,25,1142.0,0.0
2x2_slot_inorder_place_random_5_grasp_ver3_greedy_ver3,20260310130643,10,521.0,0.0
2x2_slot_inorder_place_random_5_grasp_ver3_greedy_ver3,20260310130646,19,812.0,0.0
2x2_slot_inorder_place_random_5_grasp_ver3_greedy_ver3,20260310130650,11,491.0,0.0
2x2_slot_inorder_place_random_5_grasp_ver3_greedy_ver3,20260310130704,19,844.0,0.0
2x2_slot_inorder_place_random_5_grasp_ver3_greedy_ver3,20260310130708,29,1480.0,0.0
2x2_slot_inorder_place_random_5_grasp_ver3_greedy_ver3,20260310130713,14,665.0,0.0
2x2_slot_inorder_place_random_5_grasp_ver3_greedy_ver3,20260310130718,35,1884.0,0.0
2x2_slot_inorder_place_random_5_grasp_ver3_greedy_ver3,20260310130730,10,591.0,0.0
2x2_slot_inorder_place_random_5_grasp_ver3_greedy_ver3,20260310130749,13,651.0,0.0
2x2_slot_inorder_place_random_5_grasp_ver3_greedy_ver3,20260310130753,25,1482.0,0.0
2x2_slot_inorder_place_random_5_grasp_ver3_greedy_ver3,20260310130758,14,666.0,0.0
2x2_slot_inorder_place_random_5_grasp_ver3_greedy_ver3,20260310130803,11,637.0,0.0
2x2_slot_inorder_place_random_5_grasp_ver3_greedy_ver3,20260310130809,7,393.0,0.0
2x2_slot_inorder_place_random_5_grasp_ver3_greedy_ver3,20260310130813,10,535.0,0.0
2x2_slot_inorder_place_random_5_grasp_ver3_greedy_ver3,20260310130819,19,976.0,0.0
2x2_slot_inorder_place_random_5_grasp_ver3_greedy_ver3,20260310130823,4,301.0,0.015625
2x2_slot_inorder_place_random_5_grasp_ver3_greedy_ver3,20260310130825,13,611.0,0.0
2x2_slot_inorder_place_random_5_grasp_ver3_greedy_ver3,20260310130828,8,397.0,0.015625
2x2_slot_inorder_place_random_5_grasp_ver3_greedy_ver3,20260310130831,11,503.0,0.0
2x2_slot_inorder_place_random_5_grasp_ver3_greedy_ver3,20260310130835,8,457.0,0.0
2x2_slot_inorder_place_random_5_grasp_ver3_greedy_ver3,20260310130837,8,443.0,0.015625
2x2_slot_inorder_place_random_5_grasp_ver3_greedy_ver3,20260310130841,19,844.0,0.015625
2x2_slot_inorder_place_random_5_grasp_ver3_greedy_ver3,20260310130845,4,295.0,0.0
2x2_slot_inorder_place_random_5_grasp_ver3_greedy_ver3,20260310130848,13,559.0,0.0
2x2_slot_inorder_place_random_5_grasp_ver3_greedy_ver3,20260310130853,19,902.0,0.0
2x2_slot_inorder_place_random_5_grasp_ver3_greedy_ver3,20260310130858,13,647.0,0.0
2x2_slot_inorder_place_random_5_grasp_ver3_greedy_ver3,20260310130901,9,479.0,0.0
2x2_slot_inorder_place_random_5_grasp_ver3_greedy_ver3,20260310130917,10,535.0,0.0
2x2_slot_inorder_place_random_5_grasp_ver3_greedy_ver3,20260310130922,7,405.0,0.0
2x2_slot_inorder_place_random_5_grasp_ver3_greedy_ver3,20260310130926,12,549.0,0.0
2x2_slot_inorder_place_random_5_grasp_ver3_greedy_ver3,20260310130930,16,822.0,0.015625
2x2_slot_inorder_place_random_5_grasp_ver3_greedy_ver3,20260310130935,14,676.0,0.0
2x2_slot_inorder_place_random_5_grasp_ver3_greedy_ver3,20260310130943,39,1831.0,0.0
2x2_slot_inorder_place_random_5_grasp_ver3_greedy_ver3,20260310130949,24,1088.0,0.0
2x2_slot_inorder_place_random_5_grasp_ver3_greedy_ver3,20260310130954,23,972.0,0.0
2x2_slot_inorder_place_random_5_grasp_ver3_greedy_ver3,20260310130958,13,557.0,0.0
2x2_slot_inorder_place_random_5_grasp_ver3_greedy_ver3,20260310131002,12,598.0,0.0
2x2_slot_inorder_place_random_5_grasp_ver3_greedy_ver3,20260310131011,18,786.0,0.0
2x2_slot_inorder_place_random_5_grasp_ver3_greedy_ver3,20260310131019,16,770.0,0.0
2x2_slot_inorder_place_random_5_grasp_ver3_greedy_ver3,20260310131024,15,624.0,0.0
2x2_slot_inorder_place_random_5_grasp_ver3_greedy_ver3,20260310131039,5,299.0,0.0
2x2_slot_inorder_place_random_5_grasp_ver3_greedy_ver3,20260310131051,32,1290.0,0.0
2x2_slot_inorder_place_random_5_grasp_ver3_greedy_ver3,20260310131056,10,503.0,0.015625
2x2_slot_inorder_place_random_5_grasp_ver3_greedy_ver3,20260310131100,19,866.0,0.0
2x2_slot_inorder_place_random_5_grasp_ver3_greedy_ver3,20260310131105,15,797.0,0.015625
2x2_slot_inorder_place_random_5_grasp_ver3_greedy_ver3,20260310131108,19,820.0,0.0
2x2_slot_inorder_place_random_5_grasp_ver3_greedy_ver3,20260310131112,12,622.0,0.0
2x2_slot_inorder_place_random_5_grasp_ver3_greedy_ver3,20260310131126,30,1478.0,0.0
2x2_slot_inorder_place_random_5_grasp_ver3_greedy_ver3,20260310131131,5,279.0,0.0
2x2_slot_inorder_place_random_5_grasp_ver3_greedy_ver3,20260310131133,14,657.0,0.0
2x2_slot_inorder_place_random_5_grasp_ver3_greedy_ver3,20260310131136,12,650.0,0.0
2x2_slot_inorder_place_random_5_grasp_ver3_greedy_ver3,20260310131141,26,1231.0,0.0
2x2_slot_inorder_place_random_5_grasp_ver3_greedy_ver3,20260310131144,4,277.0,0.0
2x2_slot_inorder_place_random_5_grasp_ver3_greedy_ver3,20260310131150,48,2301.0,0.0
2x2_slot_inorder_place_random_5_grasp_ver3_greedy_ver3,20260310131157,11,512.0,0.0
2x2_slot_inorder_place_random_5_grasp_ver3_greedy_ver3,20260310131201,17,766.0,0.0
2x2_slot_inorder_place_random_5_grasp_ver3_greedy_ver3,20260310131205,20,948.0,0.0
2x2_slot_inorder_place_random_5_grasp_ver3_greedy_ver3,20260310131209,19,1008.0,0.0
2x2_slot_inorder_place_random_5_grasp_ver3_greedy_ver3,20260310131213,11,589.0,0.0
2x2_slot_inorder_place_random_5_grasp_ver3_greedy_ver3,20260310131216,13,626.0,0.0
2x2_slot_inorder_place_random_5_grasp_ver3_greedy_ver3,20260310131220,18,800.0,0.0
2x2_slot_inorder_place_random_5_grasp_ver3_greedy_ver3,20260310131223,6,335.0,0.0
2x2_slot_inorder_place_random_5_grasp_ver3_greedy_ver3,20260310131225,7,525.0,0.015625
2x2_slot_inorder_place_random_5_grasp_ver3_greedy_ver3,20260310131230,13,669.0,0.0
2x2_slot_inorder_place_random_5_grasp_ver3_greedy_ver3,20260310131235,30,1294.0,0.0
2x2_slot_inorder_place_random_5_grasp_ver3_greedy_ver3,20260310131241,22,856.0,0.0
2x2_slot_inorder_place_random_5_grasp_ver3_greedy_ver3,20260310131245,10,669.0,0.0
2x2_slot_inorder_place_random_5_grasp_ver3_greedy_ver3,20260310131248,9,411.0,0.0
2x2_slot_inorder_place_random_5_grasp_ver3_greedy_ver3,20260310131250,16,756.0,0.0
2x2_slot_inorder_place_random_5_grasp_ver3_greedy_ver3,20260310131254,10,511.0,0.0
2x2_slot_inorder_place_random_5_grasp_ver3_greedy_ver3,20260310131257,14,682.0,0.0
2x2_slot_inorder_place_random_5_grasp_ver3_greedy_ver3,20260310131303,35,1607.0,0.0
2x2_slot_inorder_place_random_5_grasp_ver3_greedy_ver3,20260310131310,25,1098.0,0.0
2x2_slot_inorder_place_random_5_grasp_ver3_greedy_ver3,20260310131314,23,972.0,0.0
2x2_slot_inorder_place_random_5_grasp_ver3_greedy_ver3,20260310131319,23,984.0,0.0
2x2_slot_inorder_place_random_5_grasp_ver3_greedy_ver3,20260310131324,30,1496.0,0.0
2x2_slot_inorder_place_random_5_grasp_ver3_greedy_ver3,20260310131328,4,279.0,0.0
2x2_slot_inorder_place_random_5_grasp_ver3_greedy_ver3,20260310131332,36,1625.0,0.015625
2x2_slot_inorder_place_random_5_grasp_ver3_greedy_ver3,20260310131339,13,764.0,0.0
2x2_slot_inorder_place_random_5_grasp_ver3_greedy_ver3,20260310131343,18,784.0,0.015625
2x2_slot_inorder_place_random_5_grasp_ver3_greedy_ver3,20260310131348,30,1434.0,0.0
2x2_slot_inorder_place_random_5_grasp_ver3_greedy_ver3,20260310131353,20,842.0,0.0
2x2_slot_inorder_place_random_5_grasp_ver3_greedy_ver3,20260310131357,5,367.0,0.0
2x2_slot_inorder_place_random_5_grasp_ver3_greedy_ver3,20260310131400,19,1132.0,0.0
2x2_slot_inorder_place_random_5_grasp_ver3_greedy_ver3,20260310131405,23,1012.0,0.0
2x2_slot_inorder_place_random_5_grasp_ver3_greedy_ver3,20260310131410,13,551.0,0.015625
2x2_slot_inorder_place_random_5_grasp_ver3_greedy_ver3,20260310131414,23,956.0,0.0
2x2_slot_inorder_place_random_5_grasp_ver3_greedy_ver3,20260310131418,24,1124.0,0.0
2x2_slot_inorder_place_random_5_grasp_ver3_greedy_ver3,20260310131422,9,565.0,0.0
2x2_slot_inorder_place_random_5_grasp_ver3_greedy_ver3,20260310131426,23,962.0,0.015625
2x2_slot_inorder_place_random_5_grasp_ver3_greedy_ver3,20260310131430,16,870.0,0.0
2x2_slot_inorder_place_random_5_grasp_ver3_greedy_ver3,20260310131432,8,379.0,0.0
2x2_slot_inorder_place_random_5_grasp_ver3_greedy_ver3,20260310131436,17,770.0,0.0
2x2_slot_inorder_place_random_5_grasp_ver3_greedy_ver3,20260310131440,15,668.0,0.0
2x2_slot_inorder_place_random_5_grasp_ver3_greedy_ver3,20260310131446,17,754.0,0.0
2x2_slot_inorder_place_random_5_grasp_ver3_greedy_ver3,20260310131450,23,1244.0,0.0
2x2_slot_inorder_place_random_5_grasp_ver3_greedy_ver3,20260310131454,15,636.0,0.0
2x2_slot_inorder_place_random_5_grasp_ver3_greedy_ver3,20260310131457,8,457.0,0.0
2x2_slot_inorder_place_random_5_grasp_ver3_greedy_ver3,20260310131501,28,1132.0,0.0
2x2_slot_inorder_place_random_5_grasp_ver3_greedy_ver3,20260310131507,32,1578.0,0.0
2x2_slot_inorder_place_random_5_grasp_ver3_greedy_ver3,20260310131512,16,644.0,0.0
2x2_slot_inorder_place_random_5_grasp_ver3_greedy_ver3,20260310131518,26,1500.0,0.0
2x2_slot_inorder_place_random_5_grasp_ver3_greedy_ver3,20260310131522,12,551.0,0.0
2x2_slot_inorder_place_random_5_grasp_ver3_greedy_ver3,20260310131525,12,708.0,0.015625
2x2_slot_inorder_place_random_5_grasp_ver3_greedy_ver3,20260310131529,15,692.0,0.0
2x2_slot_inorder_place_random_5_grasp_ver3_greedy_ver3,20260310131533,18,804.0,0.0
2x2_slot_inorder_place_random_5_grasp_ver3_greedy_ver3,20260310131537,18,808.0,0.0
2x2_slot_inorder_place_random_5_grasp_ver3_greedy_ver3,20260310131541,23,952.0,0.0
2x2_slot_inorder_place_random_5_grasp_ver3_greedy_ver3,20260310131545,9,507.0,0.0
2x2_slot_inorder_place_random_5_grasp_ver3_greedy_ver3,20260310131548,24,1022.0,0.0
2x2_slot_inorder_place_random_5_grasp_ver3_greedy_ver3,20260310131553,6,329.0,0.0
2x2_slot_inorder_place_random_5_grasp_ver3_greedy_ver3,20260310131556,16,790.0,0.0
2x2_slot_inorder_place_random_5_grasp_ver3_greedy_ver3,20260310131559,12,603.0,0.0
2x2_slot_inorder_place_random_5_grasp_ver3_greedy_ver3,20260310131606,43,1810.0,0.0
2x2_slot_inorder_place_random_5_grasp_ver3_greedy_ver3,20260310131612,11,557.0,0.0
2x2_slot_inorder_place_random_5_grasp_ver3_greedy_ver3,20260310131615,12,599.0,0.0
2x2_slot_inorder_place_random_5_grasp_ver3_greedy_ver3,20260310131618,12,710.0,0.0
2x2_slot_inorder_place_random_5_grasp_ver3_greedy_ver3,20260310131624,28,1178.0,0.0
2x2_slot_inorder_place_random_5_grasp_ver3_greedy_ver3,20260310131629,22,964.0,0.0
2x2_slot_inorder_place_random_5_grasp_ver3_greedy_ver3,20260310131634,23,1074.0,0.0
2x2_slot_inorder_place_random_5_grasp_ver3_greedy_ver3,20260310131639,28,1122.0,0.0
2x2_slot_inorder_place_random_5_grasp_ver3_greedy_ver3,20260310131644,28,1176.0,0.0
2x2_slot_inorder_place_random_5_greedy_ver3_grasp_ver3,20260310125239,2,259.0,0.0
2x2_slot_inorder_place_random_5_greedy_ver3_grasp_ver3,20260310125241,8,522.0,0.015625
2x2_slot_inorder_place_random_5_greedy_ver3_grasp_ver3,20260310125245,4,277.0,0.0
2x2_slot_inorder_place_random_5_greedy_ver3_grasp_ver3,20260310125248,4,221.0,0.0
2x2_slot_inorder_place_random_5_greedy_ver3_grasp_ver3,20260310125251,7,366.0,0.0
2x2_slot_inorder_place_random_5_greedy_ver3_grasp_ver3,20260310125254,2,209.0,0.0
2x2_slot_inorder_place_random_5_greedy_ver3_grasp_ver3,20260310125258,4,319.0,0.0
2x2_slot_inorder_place_random_5_greedy_ver3_grasp_ver3,20260310125301,5,301.0,0.0
2x2_slot_inorder_place_random_5_greedy_ver3_grasp_ver3,20260310125304,7,324.0,0.0
2x2_slot_inorder_place_random_5_greedy_ver3_grasp_ver3,20260310125308,6,244.0,0.0
2x2_slot_inorder_place_random_5_greedy_ver3_grasp_ver3,20260310125311,11,638.0,0.0
2x2_slot_inorder_place_random_5_greedy_ver3_grasp_ver3,20260310125316,16,962.0,0.015625
2x2_slot_inorder_place_random_5_greedy_ver3_grasp_ver3,20260310125322,14,748.0,0.0
2x2_slot_inorder_place_random_5_greedy_ver3_grasp_ver3,20260310125327,18,930.0,0.0
2x2_slot_inorder_place_random_5_greedy_ver3_grasp_ver3,20260310125334,3,247.0,0.0
2x2_slot_inorder_place_random_5_greedy_ver3_grasp_ver3,20260310125336,2,255.0,0.0
2x2_slot_inorder_place_random_5_greedy_ver3_grasp_ver3,20260310125338,4,625.0,0.0
2x2_slot_inorder_place_random_5_greedy_ver3_grasp_ver3,20260310125341,9,524.0,0.0
2x2_slot_inorder_place_random_5_greedy_ver3_grasp_ver3,20260310125345,12,686.0,0.0
2x2_slot_inorder_place_random_5_greedy_ver3_grasp_ver3,20260310125348,10,554.0,0.0
2x2_slot_inorder_place_random_5_greedy_ver3_grasp_ver3,20260310125352,5,293.0,0.0
2x2_slot_inorder_place_random_5_greedy_ver3_grasp_ver3,20260310125354,2,223.0,0.0
2x2_slot_inorder_place_random_5_greedy_ver3_grasp_ver3,20260310125356,4,271.0,0.0
2x2_slot_inorder_place_random_5_greedy_ver3_grasp_ver3,20260310125359,4,273.0,0.0
2x2_slot_inorder_place_random_5_greedy_ver3_grasp_ver3,20260310125402,14,804.0,0.0
2x2_slot_inorder_place_random_5_greedy_ver3_grasp_ver3,20260310125408,5,265.0,0.0
2x2_slot_inorder_place_random_5_greedy_ver3_grasp_ver3,20260310125411,2,177.0,0.0
2x2_slot_inorder_place_random_5_greedy_ver3_grasp_ver3,20260310125413,4,241.0,0.0
2x2_slot_inorder_place_random_5_greedy_ver3_grasp_ver3,20260310125416,4,425.0,0.0
2x2_slot_inorder_place_random_5_greedy_ver3_grasp_ver3,20260310125419,15,830.0,0.0
2x2_slot_inorder_place_random_5_greedy_ver3_grasp_ver3,20260310125422,16,934.0,0.0
2x2_slot_inorder_place_random_5_greedy_ver3_grasp_ver3,20260310125426,6,152.0,0.0
2x2_slot_inorder_place_random_5_greedy_ver3_grasp_ver3,20260310125430,8,562.0,0.0
2x2_slot_inorder_place_random_5_greedy_ver3_grasp_ver3,20260310125434,10,562.0,0.0
2x2_slot_inorder_place_random_5_greedy_ver3_grasp_ver3,20260310125439,4,315.0,0.0
2x2_slot_inorder_place_random_5_greedy_ver3_grasp_ver3,20260310125443,7,378.0,0.0
2x2_slot_inorder_place_random_5_greedy_ver3_grasp_ver3,20260310125446,7,326.0,0.0
2x2_slot_inorder_place_random_5_greedy_ver3_grasp_ver3,20260310125449,2,205.0,0.0
2x2_slot_inorder_place_random_5_greedy_ver3_grasp_ver3,20260310125452,4,239.0,0.0
2x2_slot_inorder_place_random_5_greedy_ver3_grasp_ver3,20260310125455,2,277.0,0.0
2x2_slot_inorder_place_random_5_greedy_ver3_grasp_ver3,20260310125457,5,281.0,0.0
2x2_slot_inorder_place_random_5_greedy_ver3_grasp_ver3,20260310125459,5,303.0,0.0
2x2_slot_inorder_place_random_5_greedy_ver3_grasp_ver3,20260310125502,2,205.0,0.0
2x2_slot_inorder_place_random_5_greedy_ver3_grasp_ver3,20260310125504,11,678.0,0.0
2x2_slot_inorder_place_random_5_greedy_ver3_grasp_ver3,20260310125508,2,255.0,0.0
2x2_slot_inorder_place_random_5_greedy_ver3_grasp_ver3,20260310125512,3,275.0,0.015625
2x2_slot_inorder_place_random_5_greedy_ver3_grasp_ver3,20260310125514,2,205.0,0.0
2x2_slot_inorder_place_random_5_greedy_ver3_grasp_ver3,20260310125516,2,205.0,0.0
2x2_slot_inorder_place_random_5_greedy_ver3_grasp_ver3,20260310125518,17,713.0,0.0
2x2_slot_inorder_place_random_5_greedy_ver3_grasp_ver3,20260310125523,17,1104.0,0.0
2x2_slot_inorder_place_random_5_greedy_ver3_grasp_ver3,20260310125529,5,281.0,0.0
2x2_slot_inorder_place_random_5_greedy_ver3_grasp_ver3,20260310125532,7,338.0,0.0
2x2_slot_inorder_place_random_5_greedy_ver3_grasp_ver3,20260310125536,4,219.0,0.0
2x2_slot_inorder_place_random_5_greedy_ver3_grasp_ver3,20260310125539,7,392.0,0.0
2x2_slot_inorder_place_random_5_greedy_ver3_grasp_ver3,20260310125544,5,255.0,0.0
2x2_slot_inorder_place_random_5_greedy_ver3_grasp_ver3,20260310125547,11,600.0,0.0
2x2_slot_inorder_place_random_5_greedy_ver3_grasp_ver3,20260310125552,13,678.0,0.0
2x2_slot_inorder_place_random_5_greedy_ver3_grasp_ver3,20260310125556,8,601.0,0.0
2x2_slot_inorder_place_random_5_greedy_ver3_grasp_ver3,20260310125559,4,247.0,0.0
2x2_slot_inorder_place_random_5_greedy_ver3_grasp_ver3,20260310125602,9,507.0,0.0
2x2_slot_inorder_place_random_5_greedy_ver3_grasp_ver3,20260310125605,10,671.0,0.0
2x2_slot_inorder_place_random_5_greedy_ver3_grasp_ver3,20260310125608,9,675.0,0.0
2x2_slot_inorder_place_random_5_greedy_ver3_grasp_ver3,20260310125611,4,277.0,0.0
2x2_slot_inorder_place_random_5_greedy_ver3_grasp_ver3,20260310125614,9,534.0,0.015625
2x2_slot_inorder_place_random_5_greedy_ver3_grasp_ver3,20260310125620,6,216.0,0.0
2x2_slot_inorder_place_random_5_greedy_ver3_grasp_ver3,20260310125623,2,225.0,0.0
2x2_slot_inorder_place_random_5_greedy_ver3_grasp_ver3,20260310125626,4,259.0,0.0
2x2_slot_inorder_place_random_5_greedy_ver3_grasp_ver3,20260310125629,4,277.0,0.0
2x2_slot_inorder_place_random_5_greedy_ver3_grasp_ver3,20260310125632,7,338.0,0.0
2x2_slot_inorder_place_random_5_greedy_ver3_grasp_ver3,20260310125636,2,257.0,0.0
2x2_slot_inorder_place_random_5_greedy_ver3_grasp_ver3,20260310125638,2,205.0,0.0
2x2_slot_inorder_place_random_5_greedy_ver3_grasp_ver3,20260310125640,4,279.0,0.0
2x2_slot_inorder_place_random_5_greedy_ver3_grasp_ver3,20260310125643,5,305.0,0.0
2x2_slot_inorder_place_random_5_greedy_ver3_grasp_ver3,20260310125646,8,514.0,0.0
2x2_slot_inorder_place_random_5_greedy_ver3_grasp_ver3,20260310125651,7,438.0,0.0
2x2_slot_inorder_place_random_5_greedy_ver3_grasp_ver3,20260310125655,6,154.0,0.0
2x2_slot_inorder_place_random_5_greedy_ver3_grasp_ver3,20260310125658,4,291.0,0.0
2x2_slot_inorder_place_random_5_greedy_ver3_grasp_ver3,20260310125701,5,289.0,0.0
2x2_slot_inorder_place_random_5_greedy_ver3_grasp_ver3,20260310125704,5,257.0,0.015625
2x2_slot_inorder_place_random_5_greedy_ver3_grasp_ver3,20260310125707,4,227.0,0.0
2x2_slot_inorder_place_random_5_greedy_ver3_grasp_ver3,20260310125711,8,424.0,0.0
2x2_slot_inorder_place_random_5_greedy_ver3_grasp_ver3,20260310125714,13,798.0,0.0
2x2_slot_inorder_place_random_5_greedy_ver3_grasp_ver3,20260310125720,10,546.0,0.0
2x2_slot_inorder_place_random_5_greedy_ver3_grasp_ver3,20260310125727,22,1024.0,0.0
2x2_slot_inorder_place_random_5_greedy_ver3_grasp_ver3,20260310125735,9,424.0,0.015625
2x2_slot_inorder_place_random_5_greedy_ver3_grasp_ver3,20260310125739,4,273.0,0.0
2x2_slot_inorder_place_random_5_greedy_ver3_grasp_ver3,20260310125742,7,434.0,0.0
2x2_slot_inorder_place_random_5_greedy_ver3_grasp_ver3,20260310125746,4,223.0,0.0
2x2_slot_inorder_place_random_5_greedy_ver3_grasp_ver3,20260310125749,4,243.0,0.0
2x2_slot_inorder_place_random_5_greedy_ver3_grasp_ver3,20260310125753,6,184.0,0.0
2x2_slot_inorder_place_random_5_greedy_ver3_grasp_ver3,20260310125758,3,259.0,0.0
2x2_slot_inorder_place_random_5_greedy_ver3_grasp_ver3,20260310125800,8,472.0,0.0
2x2_slot_inorder_place_random_5_greedy_ver3_grasp_ver3,20260310125805,7,324.0,0.015625
2x2_slot_inorder_place_random_5_greedy_ver3_grasp_ver3,20260310125808,9,492.0,0.0
2x2_slot_inorder_place_random_5_greedy_ver3_grasp_ver3,20260310125813,7,394.0,0.0
2x2_slot_inorder_place_random_5_greedy_ver3_grasp_ver3,20260310125817,18,906.0,0.015625
2x2_slot_inorder_place_random_5_greedy_ver3_grasp_ver3,20260310125824,7,354.0,0.0
2x2_slot_inorder_place_random_5_greedy_ver3_grasp_ver3,20260310125828,11,636.0,0.0
2x2_slot_inorder_place_random_5_greedy_ver3_grasp_ver3,20260310125834,6,397.0,0.0
2x2_slot_inorder_place_random_5_greedy_ver3_grasp_ver3,20260310125837,5,253.0,0.0
2x2_slot_inorder_place_random_5_greedy_ver3_grasp_ver3,20260310125840,7,382.0,0.0
2x2_slot_inorder_place_random_5_greedy_ver3_grasp_ver3,20260310125844,9,520.0,0.0
2x2_slot_inorder_place_random_5_greedy_ver3_grasp_ver3,20260310125848,3,253.0,0.015625
2x2_slot_inorder_place_random_5_greedy_ver3_grasp_ver3,20260310125851,12,506.0,0.0
2x2_slot_inorder_place_random_5_greedy_ver3_grasp_ver3,20260310125857,13,688.0,0.0
2x2_slot_inorder_place_random_5_greedy_ver3_grasp_ver3,20260310125903,6,196.0,0.015625
2x2_slot_inorder_place_random_5_greedy_ver3_grasp_ver3,20260310125908,7,332.0,0.0
2x2_slot_inorder_place_random_5_greedy_ver3_grasp_ver3,20260310125912,15,822.0,0.0
2x2_slot_inorder_place_random_5_greedy_ver3_grasp_ver3,20260310125917,7,429.0,0.0
2x2_slot_inorder_place_random_5_greedy_ver3_grasp_ver3,20260310125920,9,570.0,0.0
2x2_slot_inorder_place_random_5_greedy_ver3_grasp_ver3,20260310125924,4,297.0,0.0
2x2_slot_inorder_place_random_5_greedy_ver3_grasp_ver3,20260310125927,4,217.0,0.0
2x2_slot_inorder_place_random_5_greedy_ver3_grasp_ver3,20260310125930,4,405.0,0.0
2x2_slot_inorder_place_random_5_greedy_ver3_grasp_ver3,20260310125932,4,265.0,0.0
2x2_slot_inorder_place_random_5_greedy_ver3_grasp_ver3,20260310125935,11,538.0,0.0
2x2_slot_inorder_place_random_5_greedy_ver3_grasp_ver3,20260310125941,16,788.0,0.015625
2x2_slot_inorder_place_random_5_greedy_ver3_grasp_ver3,20260310125947,4,253.0,0.0
2x2_slot_inorder_place_random_5_greedy_ver3_grasp_ver3,20260310125950,4,281.0,0.0
2x2_slot_inorder_place_random_5_greedy_ver3_grasp_ver3,20260310125953,4,227.0,0.0
2x2_slot_inorder_place_random_5_greedy_ver3_grasp_ver3,20260310125956,5,273.0,0.0
2x2_slot_inorder_place_random_5_greedy_ver3_grasp_ver3,20260310125959,14,712.0,0.0
2x2_slot_inorder_place_random_5_greedy_ver3_grasp_ver3,20260310130003,19,976.0,0.0
2x2_slot_inorder_place_random_5_greedy_ver3_grasp_ver3,20260310130010,9,428.0,0.0
2x2_slot_inorder_place_random_5_greedy_ver3_grasp_ver3,20260310130016,9,442.0,0.0
2x2_slot_inorder_place_random_5_greedy_ver3_grasp_ver3,20260310130020,9,438.0,0.0
2x2_slot_inorder_place_random_5_greedy_ver3_grasp_ver3,20260310130025,12,734.0,0.0
2x2_slot_inorder_place_random_5_greedy_ver3_grasp_ver3,20260310130030,3,259.0,0.0
2x2_slot_inorder_place_random_5_greedy_ver3_grasp_ver3,20260310130032,18,934.0,0.0
2x2_slot_inorder_place_random_5_greedy_ver3_grasp_ver3,20260310130039,9,508.0,0.015625
2x2_slot_inorder_place_random_5_greedy_ver3_grasp_ver3,20260310130043,6,186.0,0.0
2x2_slot_inorder_place_random_5_greedy_ver3_grasp_ver3,20260310130048,14,786.0,0.0
2x2_slot_inorder_place_random_5_greedy_ver3_grasp_ver3,20260310130054,9,456.0,0.0
2x2_slot_inorder_place_random_5_greedy_ver3_grasp_ver3,20260310130059,2,237.0,0.0
2x2_slot_inorder_place_random_5_greedy_ver3_grasp_ver3,20260310130101,11,584.0,0.0
2x2_slot_inorder_place_random_5_greedy_ver3_grasp_ver3,20260310130106,10,622.0,0.0
2x2_slot_inorder_place_random_5_greedy_ver3_grasp_ver3,20260310130110,4,211.0,0.0
2x2_slot_inorder_place_random_5_greedy_ver3_grasp_ver3,20260310130113,9,424.0,0.0
2x2_slot_inorder_place_random_5_greedy_ver3_grasp_ver3,20260310130119,10,498.0,0.0
2x2_slot_inorder_place_random_5_greedy_ver3_grasp_ver3,20260310130124,4,219.0,0.015625
2x2_slot_inorder_place_random_5_greedy_ver3_grasp_ver3,20260310130126,10,494.0,0.0
2x2_slot_inorder_place_random_5_greedy_ver3_grasp_ver3,20260310130131,8,533.0,0.0
2x2_slot_inorder_place_random_5_greedy_ver3_grasp_ver3,20260310130134,6,389.0,0.0
2x2_slot_inorder_place_random_5_greedy_ver3_grasp_ver3,20260310130136,6,184.0,0.0
2x2_slot_inorder_place_random_5_greedy_ver3_grasp_ver3,20260310130140,7,438.0,0.015625
2x2_slot_inorder_place_random_5_greedy_ver3_grasp_ver3,20260310130144,6,248.0,0.0
2x2_slot_inorder_place_random_5_greedy_ver3_grasp_ver3,20260310130147,20,1076.0,0.0
2x2_slot_inorder_place_random_5_greedy_ver3_grasp_ver3,20260310130154,8,498.0,0.0
2x2_slot_inorder_place_random_5_greedy_ver3_grasp_ver3,20260310130158,2,197.0,0.0
2x2_slot_inorder_place_random_5_greedy_ver3_grasp_ver3,20260310130200,11,508.0,0.0
2x2_slot_inorder_place_random_5_greedy_ver3_grasp_ver3,20260310130205,17,848.0,0.0
2x2_slot_inorder_place_random_5_greedy_ver3_grasp_ver3,20260310130211,6,252.0,0.0
2x2_slot_inorder_place_random_5_greedy_ver3_grasp_ver3,20260310130214,18,1032.0,0.0
2x2_slot_inorder_place_random_5_greedy_ver3_grasp_ver3,20260310130219,4,251.0,0.0
2x2_slot_inorder_place_random_5_greedy_ver3_grasp_ver3,20260310130222,7,430.0,0.0
2x2_slot_inorder_place_random_5_greedy_ver3_grasp_ver3,20260310130227,7,354.0,0.0
2x2_slot_inorder_place_random_5_greedy_ver3_grasp_ver3,20260310130231,8,504.0,0.0
2x2_slot_inorder_place_random_5_greedy_ver3_grasp_ver3,20260310130235,7,438.0,0.0
2x2_slot_inorder_place_random_5_greedy_ver3_grasp_ver3,20260310130238,10,522.0,0.0
2x2_slot_inorder_place_random_5_greedy_ver3_grasp_ver3,20260310130243,6,387.0,0.0
2x2_slot_inorder_place_random_5_greedy_ver3_grasp_ver3,20260310130246,9,522.0,0.0
2x2_slot_inorder_place_random_5_greedy_ver3_grasp_ver3,20260310130251,2,247.0,0.0
2x2_slot_inorder_place_random_5_greedy_ver3_grasp_ver3,20260310130253,14,702.0,0.0
2x2_slot_inorder_place_random_5_greedy_ver3_grasp_ver3,20260310130256,4,243.0,0.0
2x2_slot_inorder_place_random_5_greedy_ver3_grasp_ver3,20260310130301,20,1106.0,0.0
2x2_slot_inorder_place_random_5_greedy_ver3_grasp_ver3,20260310130309,5,287.0,0.0
2x2_slot_inorder_place_random_5_greedy_ver3_grasp_ver3,20260310130312,4,239.0,0.0
2x2_slot_inorder_place_random_5_greedy_ver3_grasp_ver3,20260310130315,8,422.0,0.0
2x2_slot_inorder_place_random_5_greedy_ver3_grasp_ver3,20260310130319,12,588.0,0.0
2x2_slot_inorder_place_random_5_greedy_ver3_grasp_ver3,20260310130324,8,430.0,0.0
2x2_slot_inorder_place_random_5_greedy_ver3_grasp_ver3,20260310130329,9,504.0,0.0
2x2_slot_inorder_place_random_5_greedy_ver3_grasp_ver3,20260310130334,11,484.0,0.0
2x2_slot_inorder_place_random_5_greedy_ver3_grasp_ver3,20260310130340,11,494.0,0.0
2x2_slot_inorder_place_random_5_greedy_ver3_greedy_ver3,20260310125240,4,289.0,0.0
2x2_slot_inorder_place_random_5_greedy_ver3_greedy_ver3,20260310125243,17,920.0,0.0
2x2_slot_inorder_place_random_5_greedy_ver3_greedy_ver3,20260310125246,12,678.0,0.0
2x2_slot_inorder_place_random_5_greedy_ver3_greedy_ver3,20260310125249,13,601.0,0.0
2x2_slot_inorder_place_random_5_greedy_ver3_greedy_ver3,20260310125252,19,822.0,0.0
2x2_slot_inorder_place_random_5_greedy_ver3_greedy_ver3,20260310125256,8,443.0,0.0
2x2_slot_inorder_place_random_5_greedy_ver3_greedy_ver3,20260310125259,13,582.0,0.0
2x2_slot_inorder_place_random_5_greedy_ver3_greedy_ver3,20260310125302,11,509.0,0.0
2x2_slot_inorder_place_random_5_greedy_ver3_greedy_ver3,20260310125306,18,964.0,0.0
2x2_slot_inorder_place_random_5_greedy_ver3_greedy_ver3,20260310125309,13,708.0,0.0
2x2_slot_inorder_place_random_5_greedy_ver3_greedy_ver3,20260310125313,26,1196.0,0.0
2x2_slot_inorder_place_random_5_greedy_ver3_greedy_ver3,20260310125319,28,1374.0,0.0
2x2_slot_inorder_place_random_5_greedy_ver3_greedy_ver3,20260310125324,30,1430.0,0.0
2x2_slot_inorder_place_random_5_greedy_ver3_greedy_ver3,20260310125331,32,1452.0,0.0
2x2_slot_inorder_place_random_5_greedy_ver3_greedy_ver3,20260310125335,6,327.0,0.0
2x2_slot_inorder_place_random_5_greedy_ver3_greedy_ver3,20260310125337,4,285.0,0.0
2x2_slot_inorder_place_random_5_greedy_ver3_greedy_ver3,20260310125339,10,845.0,0.0
2x2_slot_inorder_place_random_5_greedy_ver3_greedy_ver3,20260310125342,21,1002.0,0.0
2x2_slot_inorder_place_random_5_greedy_ver3_greedy_ver3,20260310125346,15,776.0,0.0
2x2_slot_inorder_place_random_5_greedy_ver3_greedy_ver3,20260310125350,17,810.0,0.0
2x2_slot_inorder_place_random_5_greedy_ver3_greedy_ver3,20260310125353,5,293.0,0.0
2x2_slot_inorder_place_random_5_greedy_ver3_greedy_ver3,20260310125355,13,619.0,0.0
2x2_slot_inorder_place_random_5_greedy_ver3_greedy_ver3,20260310125357,13,653.0,0.0
2x2_slot_inorder_place_random_5_greedy_ver3_greedy_ver3,20260310125400,9,539.0,0.0
2x2_slot_inorder_place_random_5_greedy_ver3_greedy_ver3,20260310125406,25,1165.0,0.0
2x2_slot_inorder_place_random_5_greedy_ver3_greedy_ver3,20260310125409,14,678.0,0.0
2x2_slot_inorder_place_random_5_greedy_ver3_greedy_ver3,20260310125412,5,277.0,0.0
2x2_slot_inorder_place_random_5_greedy_ver3_greedy_ver3,20260310125414,17,762.0,0.0
2x2_slot_inorder_place_random_5_greedy_ver3_greedy_ver3,20260310125417,6,425.0,0.015625
2x2_slot_inorder_place_random_5_greedy_ver3_greedy_ver3,20260310125420,16,912.0,0.0
2x2_slot_inorder_place_random_5_greedy_ver3_greedy_ver3,20260310125424,23,1100.0,0.0
2x2_slot_inorder_place_random_5_greedy_ver3_greedy_ver3,20260310125428,9,304.0,0.0
2x2_slot_inorder_place_random_5_greedy_ver3_greedy_ver3,20260310125432,20,1112.0,0.0
2x2_slot_inorder_place_random_5_greedy_ver3_greedy_ver3,20260310125437,23,974.0,0.0
2x2_slot_inorder_place_random_5_greedy_ver3_greedy_ver3,20260310125441,14,914.0,0.0
2x2_slot_inorder_place_random_5_greedy_ver3_greedy_ver3,20260310125444,14,688.0,0.0
2x2_slot_inorder_place_random_5_greedy_ver3_greedy_ver3,20260310125448,15,626.0,0.015625
2x2_slot_inorder_place_random_5_greedy_ver3_greedy_ver3,20260310125450,8,443.0,0.0
2x2_slot_inorder_place_random_5_greedy_ver3_greedy_ver3,20260310125453,12,588.0,0.0
2x2_slot_inorder_place_random_5_greedy_ver3_greedy_ver3,20260310125456,4,307.0,0.0
2x2_slot_inorder_place_random_5_greedy_ver3_greedy_ver3,20260310125458,10,491.0,0.0
2x2_slot_inorder_place_random_5_greedy_ver3_greedy_ver3,20260310125501,14,673.0,0.0
2x2_slot_inorder_place_random_5_greedy_ver3_greedy_ver3,20260310125503,8,465.0,0.0
2x2_slot_inorder_place_random_5_greedy_ver3_greedy_ver3,20260310125506,29,1506.0,0.0
2x2_slot_inorder_place_random_5_greedy_ver3_greedy_ver3,20260310125511,4,285.0,0.0
2x2_slot_inorder_place_random_5_greedy_ver3_greedy_ver3,20260310125513,6,355.0,0.0
2x2_slot_inorder_place_random_5_greedy_ver3_greedy_ver3,20260310125515,8,465.0,0.0
2x2_slot_inorder_place_random_5_greedy_ver3_greedy_ver3,20260310125517,8,443.0,0.0
2x2_slot_inorder_place_random_5_greedy_ver3_greedy_ver3,20260310125520,25,1191.0,0.015625
2x2_slot_inorder_place_random_5_greedy_ver3_greedy_ver3,20260310125526,26,1250.0,0.0
2x2_slot_inorder_place_random_5_greedy_ver3_greedy_ver3,20260310125531,10,521.0,0.0
2x2_slot_inorder_place_random_5_greedy_ver3_greedy_ver3,20260310125534,19,838.0,0.0
2x2_slot_inorder_place_random_5_greedy_ver3_greedy_ver3,20260310125537,13,551.0,0.0
2x2_slot_inorder_place_random_5_greedy_ver3_greedy_ver3,20260310125540,19,842.0,0.0
2x2_slot_inorder_place_random_5_greedy_ver3_greedy_ver3,20260310125545,14,626.0,0.0
2x2_slot_inorder_place_random_5_greedy_ver3_greedy_ver3,20260310125549,21,1012.0,0.015625
2x2_slot_inorder_place_random_5_greedy_ver3_greedy_ver3,20260310125554,31,1732.0,0.0
2x2_slot_inorder_place_random_5_greedy_ver3_greedy_ver3,20260310125558,13,915.0,0.0
2x2_slot_inorder_place_random_5_greedy_ver3_greedy_ver3,20260310125601,13,651.0,0.0
2x2_slot_inorder_place_random_5_greedy_ver3_greedy_ver3,20260310125603,12,645.0,0.0
2x2_slot_inorder_place_random_5_greedy_ver3_greedy_ver3,20260310125606,13,785.0,0.0
2x2_slot_inorder_place_random_5_greedy_ver3_greedy_ver3,20260310125609,15,888.0,0.0
2x2_slot_inorder_place_random_5_greedy_ver3_greedy_ver3,20260310125612,7,393.0,0.0
2x2_slot_inorder_place_random_5_greedy_ver3_greedy_ver3,20260310125617,19,1002.0,0.0
2x2_slot_inorder_place_random_5_greedy_ver3_greedy_ver3,20260310125622,14,768.0,0.0
2x2_slot_inorder_place_random_5_greedy_ver3_greedy_ver3,20260310125624,13,665.0,0.0
2x2_slot_inorder_place_random_5_greedy_ver3_greedy_ver3,20260310125627,12,559.0,0.0
2x2_slot_inorder_place_random_5_greedy_ver3_greedy_ver3,20260310125630,12,612.0,0.0
2x2_slot_inorder_place_random_5_greedy_ver3_greedy_ver3,20260310125634,16,674.0,0.0
2x2_slot_inorder_place_random_5_greedy_ver3_greedy_ver3,20260310125637,5,297.0,0.0
2x2_slot_inorder_place_random_5_greedy_ver3_greedy_ver3,20260310125639,8,397.0,0.0
2x2_slot_inorder_place_random_5_greedy_ver3_greedy_ver3,20260310125641,9,409.0,0.0
2x2_slot_inorder_place_random_5_greedy_ver3_greedy_ver3,20260310125644,10,491.0,0.0
2x2_slot_inorder_place_random_5_greedy_ver3_greedy_ver3,20260310125648,17,782.0,0.015625
2x2_slot_inorder_place_random_5_greedy_ver3_greedy_ver3,20260310125653,19,940.0,0.0
2x2_slot_inorder_place_random_5_greedy_ver3_greedy_ver3,20260310125657,12,543.0,0.0
2x2_slot_inorder_place_random_5_greedy_ver3_greedy_ver3,20260310125700,9,479.0,0.0
2x2_slot_inorder_place_random_5_greedy_ver3_greedy_ver3,20260310125703,10,501.0,0.0
2x2_slot_inorder_place_random_5_greedy_ver3_greedy_ver3,20260310125706,14,657.0,0.0
2x2_slot_inorder_place_random_5_greedy_ver3_greedy_ver3,20260310125709,16,772.0,0.0
2x2_slot_inorder_place_random_5_greedy_ver3_greedy_ver3,20260310125713,12,504.0,0.0
2x2_slot_inorder_place_random_5_greedy_ver3_greedy_ver3,20260310125717,21,920.0,0.0
2x2_slot_inorder_place_random_5_greedy_ver3_greedy_ver3,20260310125724,23,1188.0,0.0
2x2_slot_inorder_place_random_5_greedy_ver3_greedy_ver3,20260310125731,41,1787.0,0.0
2x2_slot_inorder_place_random_5_greedy_ver3_greedy_ver3,20260310125737,23,942.0,0.0
2x2_slot_inorder_place_random_5_greedy_ver3_greedy_ver3,20260310125741,9,413.0,0.015625
2x2_slot_inorder_place_random_5_greedy_ver3_greedy_ver3,20260310125744,18,840.0,0.015625
2x2_slot_inorder_place_random_5_greedy_ver3_greedy_ver3,20260310125747,16,744.0,0.0
2x2_slot_inorder_place_random_5_greedy_ver3_greedy_ver3,20260310125751,16,836.0,0.0
2x2_slot_inorder_place_random_5_greedy_ver3_greedy_ver3,20260310125754,14,654.0,0.0
2x2_slot_inorder_place_random_5_greedy_ver3_greedy_ver3,20260310125759,6,339.0,0.0
2x2_slot_inorder_place_random_5_greedy_ver3_greedy_ver3,20260310125802,25,1040.0,0.0
2x2_slot_inorder_place_random_5_greedy_ver3_greedy_ver3,20260310125806,12,632.0,0.0
2x2_slot_inorder_place_random_5_greedy_ver3_greedy_ver3,20260310125811,23,1006.0,0.0
2x2_slot_inorder_place_random_5_greedy_ver3_greedy_ver3,20260310125815,16,732.0,0.0
2x2_slot_inorder_place_random_5_greedy_ver3_greedy_ver3,20260310125820,31,1336.0,0.0
2x2_slot_inorder_place_random_5_greedy_ver3_greedy_ver3,20260310125826,15,634.0,0.0
2x2_slot_inorder_place_random_5_greedy_ver3_greedy_ver3,20260310125832,23,1042.0,0.0
2x2_slot_inorder_place_random_5_greedy_ver3_greedy_ver3,20260310125836,10,437.0,0.015625
2x2_slot_inorder_place_random_5_greedy_ver3_greedy_ver3,20260310125838,14,670.0,0.0
2x2_slot_inorder_place_random_5_greedy_ver3_greedy_ver3,20260310125842,18,798.0,0.0
2x2_slot_inorder_place_random_5_greedy_ver3_greedy_ver3,20260310125846,15,754.0,0.0
2x2_slot_inorder_place_random_5_greedy_ver3_greedy_ver3,20260310125849,4,313.0,0.015625
2x2_slot_inorder_place_random_5_greedy_ver3_greedy_ver3,20260310125854,34,1456.0,0.0
2x2_slot_inorder_place_random_5_greedy_ver3_greedy_ver3,20260310125900,32,1616.0,0.0
2x2_slot_inorder_place_random_5_greedy_ver3_greedy_ver3,20260310125906,17,766.0,0.0
2x2_slot_inorder_place_random_5_greedy_ver3_greedy_ver3,20260310125910,20,904.0,0.015625
2x2_slot_inorder_place_random_5_greedy_ver3_greedy_ver3,20260310125914,19,1074.0,0.0
2x2_slot_inorder_place_random_5_greedy_ver3_greedy_ver3,20260310125918,11,503.0,0.0
2x2_slot_inorder_place_random_5_greedy_ver3_greedy_ver3,20260310125921,14,660.0,0.0
2x2_slot_inorder_place_random_5_greedy_ver3_greedy_ver3,20260310125925,9,435.0,0.0
2x2_slot_inorder_place_random_5_greedy_ver3_greedy_ver3,20260310125928,13,567.0,0.0
2x2_slot_inorder_place_random_5_greedy_ver3_greedy_ver3,20260310125931,7,405.0,0.0
2x2_slot_inorder_place_random_5_greedy_ver3_greedy_ver3,20260310125934,13,669.0,0.0
2x2_slot_inorder_place_random_5_greedy_ver3_greedy_ver3,20260310125939,18,842.0,0.0
2x2_slot_inorder_place_random_5_greedy_ver3_greedy_ver3,20260310125944,23,1020.0,0.0
2x2_slot_inorder_place_random_5_greedy_ver3_greedy_ver3,20260310125948,13,582.0,0.0
2x2_slot_inorder_place_random_5_greedy_ver3_greedy_ver3,20260310125952,9,457.0,0.0
2x2_slot_inorder_place_random_5_greedy_ver3_greedy_ver3,20260310125954,16,772.0,0.0
2x2_slot_inorder_place_random_5_greedy_ver3_greedy_ver3,20260310125958,10,511.0,0.0
2x2_slot_inorder_place_random_5_greedy_ver3_greedy_ver3,20260310130001,14,682.0,0.0
2x2_slot_inorder_place_random_5_greedy_ver3_greedy_ver3,20260310130006,37,1827.0,0.0
2x2_slot_inorder_place_random_5_greedy_ver3_greedy_ver3,20260310130013,23,1024.0,0.015625
2x2_slot_inorder_place_random_5_greedy_ver3_greedy_ver3,20260310130018,23,972.0,0.0
2x2_slot_inorder_place_random_5_greedy_ver3_greedy_ver3,20260310130023,23,998.0,0.015625
2x2_slot_inorder_place_random_5_greedy_ver3_greedy_ver3,20260310130028,28,1454.0,0.0
2x2_slot_inorder_place_random_5_greedy_ver3_greedy_ver3,20260310130031,6,339.0,0.0
2x2_slot_inorder_place_random_5_greedy_ver3_greedy_ver3,20260310130036,36,1553.0,0.0
2x2_slot_inorder_place_random_5_greedy_ver3_greedy_ver3,20260310130041,13,758.0,0.0
2x2_slot_inorder_place_random_5_greedy_ver3_greedy_ver3,20260310130046,18,754.0,0.0
2x2_slot_inorder_place_random_5_greedy_ver3_greedy_ver3,20260310130051,27,1168.0,0.0
2x2_slot_inorder_place_random_5_greedy_ver3_greedy_ver3,20260310130057,24,1088.0,0.0
2x2_slot_inorder_place_random_5_greedy_ver3_greedy_ver3,20260310130100,5,367.0,0.0
2x2_slot_inorder_place_random_5_greedy_ver3_greedy_ver3,20260310130103,19,964.0,0.0
2x2_slot_inorder_place_random_5_greedy_ver3_greedy_ver3,20260310130108,23,962.0,0.0
2x2_slot_inorder_place_random_5_greedy_ver3_greedy_ver3,20260310130112,13,569.0,0.0
2x2_slot_inorder_place_random_5_greedy_ver3_greedy_ver3,20260310130116,23,1002.0,0.015625
2x2_slot_inorder_place_random_5_greedy_ver3_greedy_ver3,20260310130121,23,1142.0,0.015625
2x2_slot_inorder_place_random_5_greedy_ver3_greedy_ver3,20260310130125,13,551.0,0.0
2x2_slot_inorder_place_random_5_greedy_ver3_greedy_ver3,20260310130129,23,944.0,0.0
2x2_slot_inorder_place_random_5_greedy_ver3_greedy_ver3,20260310130132,16,768.0,0.0
2x2_slot_inorder_place_random_5_greedy_ver3_greedy_ver3,20260310130135,8,379.0,0.015625
2x2_slot_inorder_place_random_5_greedy_ver3_greedy_ver3,20260310130138,17,746.0,0.0
2x2_slot_inorder_place_random_5_greedy_ver3_greedy_ver3,20260310130142,15,704.0,0.0
2x2_slot_inorder_place_random_5_greedy_ver3_greedy_ver3,20260310130146,17,754.0,0.0
2x2_slot_inorder_place_random_5_greedy_ver3_greedy_ver3,20260310130150,23,1332.0,0.015625
2x2_slot_inorder_place_random_5_greedy_ver3_greedy_ver3,20260310130156,15,670.0,0.0
2x2_slot_inorder_place_random_5_greedy_ver3_greedy_ver3,20260310130159,8,457.0,0.0
2x2_slot_inorder_place_random_5_greedy_ver3_greedy_ver3,20260310130203,28,1132.0,0.0
2x2_slot_inorder_place_random_5_greedy_ver3_greedy_ver3,20260310130208,28,1306.0,0.0
2x2_slot_inorder_place_random_5_greedy_ver3_greedy_ver3,20260310130212,14,642.0,0.015625
2x2_slot_inorder_place_random_5_greedy_ver3_greedy_ver3,20260310130217,26,1374.0,0.0
2x2_slot_inorder_place_random_5_greedy_ver3_greedy_ver3,20260310130221,12,613.0,0.0
2x2_slot_inorder_place_random_5_greedy_ver3_greedy_ver3,20260310130224,12,698.0,0.0
2x2_slot_inorder_place_random_5_greedy_ver3_greedy_ver3,20260310130229,15,628.0,0.0
2x2_slot_inorder_place_random_5_greedy_ver3_greedy_ver3,20260310130233,18,804.0,0.0
2x2_slot_inorder_place_random_5_greedy_ver3_greedy_ver3,20260310130236,18,802.0,0.0
2x2_slot_inorder_place_random_5_greedy_ver3_greedy_ver3,20260310130241,23,982.0,0.0
2x2_slot_inorder_place_random_5_greedy_ver3_greedy_ver3,20260310130244,9,599.0,0.0
2x2_slot_inorder_place_random_5_greedy_ver3_greedy_ver3,20260310130248,24,1050.0,0.0
2x2_slot_inorder_place_random_5_greedy_ver3_greedy_ver3,20260310130252,5,287.0,0.0
2x2_slot_inorder_place_random_5_greedy_ver3_greedy_ver3,20260310130255,16,722.0,0.0
2x2_slot_inorder_place_random_5_greedy_ver3_greedy_ver3,20260310130258,12,603.0,0.0
2x2_slot_inorder_place_random_5_greedy_ver3_greedy_ver3,20260310130305,38,1823.0,0.0
2x2_slot_inorder_place_random_5_greedy_ver3_greedy_ver3,20260310130311,12,579.0,0.0
2x2_slot_inorder_place_random_5_greedy_ver3_greedy_ver3,20260310130314,12,539.0,0.0
2x2_slot_inorder_place_random_5_greedy_ver3_greedy_ver3,20260310130317,12,730.0,0.0
2x2_slot_inorder_place_random_5_greedy_ver3_greedy_ver3,20260310130321,28,1164.0,0.0
2x2_slot_inorder_place_random_5_greedy_ver3_greedy_ver3,20260310130326,22,900.0,0.0
2x2_slot_inorder_place_random_5_greedy_ver3_greedy_ver3,20260310130331,23,982.0,0.0
2x2_slot_inorder_place_random_5_greedy_ver3_greedy_ver3,20260310130337,28,1172.0,0.015625
2x2_slot_inorder_place_random_5_greedy_ver3_greedy_ver3,20260310130343,28,1142.0,0.0
2x2_slot_inorder_place_random_10_grasp_ver3_grasp_ver3,20260311230415,2,295.0,0.0
2x2_slot_inorder_place_random_10_grasp_ver3_grasp_ver3,20260311230418,17,970.0,0.0
2x2_slot_inorder_place_random_10_grasp_ver3_grasp_ver3,20260311230420,5,377.0,0.0
2x2_slot_inorder_place_random_10_grasp_ver3_grasp_ver3,20260311230424,4,289.0,0.0
2x2_slot_inorder_place_random_10_grasp_ver3_grasp_ver3,20260311230428,2,199.0,0.0
2x2_slot_inorder_place_random_10_grasp_ver3_grasp_ver3,20260311230432,7,424.0,0.0
2x2_slot_inorder_place_random_10_grasp_ver3_grasp_ver3,20260311230436,3,265.0,0.0
2x2_slot_inorder_place_random_10_grasp_ver3_grasp_ver3,20260311230439,6,316.0,0.0
2x2_slot_inorder_place_random_10_grasp_ver3_grasp_ver3,20260311230443,12,592.0,0.0
2x2_slot_inorder_place_random_10_grasp_ver3_grasp_ver3,20260311230447,7,362.0,0.0
2x2_slot_inorder_place_random_10_grasp_ver3_grasp_ver3,20260311230452,12,670.0,0.0
2x2_slot_inorder_place_random_10_grasp_ver3_grasp_ver3,20260311230456,14,632.0,0.0
2x2_slot_inorder_place_random_10_grasp_ver3_grasp_ver3,20260311230459,14,660.0,0.0
2x2_slot_inorder_place_random_10_grasp_ver3_grasp_ver3,20260311230502,13,792.0,0.0
2x2_slot_inorder_place_random_10_grasp_ver3_grasp_ver3,20260311230505,8,411.0,0.0
2x2_slot_inorder_place_random_10_grasp_ver3_grasp_ver3,20260311230508,9,486.0,0.0
2x2_slot_inorder_place_random_10_grasp_ver3_grasp_ver3,20260311230515,15,800.0,0.015625
2x2_slot_inorder_place_random_10_grasp_ver3_grasp_ver3,20260311230523,12,642.0,0.0
2x2_slot_inorder_place_random_10_grasp_ver3_grasp_ver3,20260311230528,30,1596.0,0.015625
2x2_slot_inorder_place_random_10_grasp_ver3_grasp_ver3,20260311230534,11,731.0,0.0
2x2_slot_inorder_place_random_10_grasp_ver3_grasp_ver3,20260311230538,21,1086.0,0.0
2x2_slot_inorder_place_random_10_grasp_ver3_grasp_ver3,20260311230543,22,1160.0,0.0
2x2_slot_inorder_place_random_10_grasp_ver3_grasp_ver3,20260311230546,14,674.0,0.015625
2x2_slot_inorder_place_random_10_grasp_ver3_grasp_ver3,20260311230549,2,275.0,0.0
2x2_slot_inorder_place_random_10_grasp_ver3_grasp_ver3,20260311230551,10,466.0,0.0
2x2_slot_inorder_place_random_10_grasp_ver3_grasp_ver3,20260311230554,5,257.0,0.015625
2x2_slot_inorder_place_random_10_grasp_ver3_grasp_ver3,20260311230558,5,261.0,0.0
2x2_slot_inorder_place_random_10_grasp_ver3_grasp_ver3,20260311230601,45,2125.0,0.0
2x2_slot_inorder_place_random_10_grasp_ver3_grasp_ver3,20260311230605,10,528.0,0.015625
2x2_slot_inorder_place_random_10_grasp_ver3_grasp_ver3,20260311230610,3,281.0,0.0
2x2_slot_inorder_place_random_10_grasp_ver3_grasp_ver3,20260311230612,9,386.0,0.015625
2x2_slot_inorder_place_random_10_grasp_ver3_grasp_ver3,20260311230615,22,1052.0,0.0
2x2_slot_inorder_place_random_10_grasp_ver3_grasp_ver3,20260311230620,4,355.0,0.0
2x2_slot_inorder_place_random_10_grasp_ver3_grasp_ver3,20260311230622,13,758.0,0.0
2x2_slot_inorder_place_random_10_grasp_ver3_grasp_ver3,20260311230627,18,828.0,0.0
2x2_slot_inorder_place_random_10_grasp_ver3_grasp_ver3,20260311230631,6,236.0,0.0
2x2_slot_inorder_place_random_10_grasp_ver3_grasp_ver3,20260311230633,23,1178.0,0.0
2x2_slot_inorder_place_random_10_grasp_ver3_grasp_ver3,20260311230638,2,205.0,0.0
2x2_slot_inorder_place_random_10_grasp_ver3_grasp_ver3,20260311230641,21,1016.0,0.0
2x2_slot_inorder_place_random_10_grasp_ver3_grasp_ver3,20260311230643,2,195.0,0.0
2x2_slot_inorder_place_random_10_grasp_ver3_grasp_ver3,20260311230646,4,269.0,0.0
2x2_slot_inorder_place_random_10_grasp_ver3_grasp_ver3,20260311230649,2,263.0,0.0
2x2_slot_inorder_place_random_10_grasp_ver3_grasp_ver3,20260311230651,9,495.0,0.0
2x2_slot_inorder_place_random_10_grasp_ver3_grasp_ver3,20260311230653,4,287.0,0.0
2x2_slot_inorder_place_random_10_grasp_ver3_grasp_ver3,20260311230656,2,269.0,0.0
2x2_slot_inorder_place_random_10_grasp_ver3_grasp_ver3,20260311230659,20,1094.0,0.015625
2x2_slot_inorder_place_random_10_grasp_ver3_grasp_ver3,20260311230703,9,528.0,0.0
2x2_slot_inorder_place_random_10_grasp_ver3_grasp_ver3,20260311230707,16,832.0,0.0
2x2_slot_inorder_place_random_10_grasp_ver3_grasp_ver3,20260311230714,4,303.0,0.0
2x2_slot_inorder_place_random_10_grasp_ver3_grasp_ver3,20260311230719,3,265.0,0.0
2x2_slot_inorder_place_random_10_grasp_ver3_grasp_ver3,20260311230722,14,570.0,0.0
2x2_slot_inorder_place_random_10_grasp_ver3_grasp_ver3,20260311230726,2,183.0,0.0
2x2_slot_inorder_place_random_10_grasp_ver3_grasp_ver3,20260311230728,2,213.0,0.015625
2x2_slot_inorder_place_random_10_grasp_ver3_grasp_ver3,20260311230731,11,700.0,0.0
2x2_slot_inorder_place_random_10_grasp_ver3_grasp_ver3,20260311230734,3,265.0,0.0
2x2_slot_inorder_place_random_10_grasp_ver3_grasp_ver3,20260311230736,20,1260.0,0.0
2x2_slot_inorder_place_random_10_grasp_ver3_grasp_ver3,20260311230743,21,1038.0,0.0
2x2_slot_inorder_place_random_10_grasp_ver3_grasp_ver3,20260311230746,8,511.0,0.0
2x2_slot_inorder_place_random_10_grasp_ver3_grasp_ver3,20260311230749,16,890.0,0.0
2x2_slot_inorder_place_random_10_grasp_ver3_grasp_ver3,20260311230753,13,838.0,0.0
2x2_slot_inorder_place_random_10_grasp_ver3_grasp_ver3,20260311230759,18,894.0,0.0
2x2_slot_inorder_place_random_10_grasp_ver3_grasp_ver3,20260311230804,19,920.0,0.0
2x2_slot_inorder_place_random_10_grasp_ver3_grasp_ver3,20260311230808,23,1052.0,0.0
2x2_slot_inorder_place_random_10_grasp_ver3_grasp_ver3,20260311230812,2,267.0,0.0
2x2_slot_inorder_place_random_10_grasp_ver3_grasp_ver3,20260311230815,2,213.0,0.0
2x2_slot_inorder_place_random_10_grasp_ver3_grasp_ver3,20260311230817,2,205.0,0.0
2x2_slot_inorder_place_random_10_grasp_ver3_grasp_ver3,20260311230820,2,195.0,0.0
2x2_slot_inorder_place_random_10_grasp_ver3_grasp_ver3,20260311230823,6,403.0,0.0
2x2_slot_inorder_place_random_10_grasp_ver3_grasp_ver3,20260311230825,13,704.0,0.0
2x2_slot_inorder_place_random_10_grasp_ver3_grasp_ver3,20260311230828,25,1074.0,0.0
2x2_slot_inorder_place_random_10_grasp_ver3_grasp_ver3,20260311230831,6,435.0,0.0
2x2_slot_inorder_place_random_10_grasp_ver3_grasp_ver3,20260311230834,9,464.0,0.0
2x2_slot_inorder_place_random_10_grasp_ver3_grasp_ver3,20260311230840,8,394.0,0.0
2x2_slot_inorder_place_random_10_grasp_ver3_grasp_ver3,20260311230843,5,301.0,0.0
2x2_slot_inorder_place_random_10_grasp_ver3_grasp_ver3,20260311230846,4,335.0,0.0
2x2_slot_inorder_place_random_10_grasp_ver3_grasp_ver3,20260311230849,4,231.0,0.0
2x2_slot_inorder_place_random_10_grasp_ver3_grasp_ver3,20260311230853,10,506.0,0.0
2x2_slot_inorder_place_random_10_grasp_ver3_grasp_ver3,20260311230859,36,1665.0,0.0
2x2_slot_inorder_place_random_10_grasp_ver3_grasp_ver3,20260311230903,11,488.0,0.0
2x2_slot_inorder_place_random_10_grasp_ver3_grasp_ver3,20260311230905,41,1728.0,0.0
2x2_slot_inorder_place_random_10_grasp_ver3_grasp_ver3,20260311230914,16,854.0,0.0
2x2_slot_inorder_place_random_10_grasp_ver3_grasp_ver3,20260311230921,7,412.0,0.015625
2x2_slot_inorder_place_random_10_grasp_ver3_grasp_ver3,20260311230925,2,197.0,0.0
2x2_slot_inorder_place_random_10_grasp_ver3_grasp_ver3,20260311230928,8,463.0,0.0
2x2_slot_inorder_place_random_10_grasp_ver3_grasp_ver3,20260311230930,2,255.0,0.015625
2x2_slot_inorder_place_random_10_grasp_ver3_grasp_ver3,20260311230933,22,968.0,0.0
2x2_slot_inorder_place_random_10_grasp_ver3_grasp_ver3,20260311230936,4,291.0,0.0
2x2_slot_inorder_place_random_10_grasp_ver3_grasp_ver3,20260311230939,2,249.0,0.0
2x2_slot_inorder_place_random_10_grasp_ver3_grasp_ver3,20260311230941,14,782.0,0.0
2x2_slot_inorder_place_random_10_grasp_ver3_grasp_ver3,20260311230949,24,1070.0,0.015625
2x2_slot_inorder_place_random_10_grasp_ver3_grasp_ver3,20260311230952,5,267.0,0.0
2x2_slot_inorder_place_random_10_grasp_ver3_grasp_ver3,20260311230955,26,1336.0,0.0
2x2_slot_inorder_place_random_10_grasp_ver3_grasp_ver3,20260311230958,39,1812.0,0.0
2x2_slot_inorder_place_random_10_grasp_ver3_grasp_ver3,20260311231002,32,1513.0,0.0
2x2_slot_inorder_place_random_10_grasp_ver3_grasp_ver3,20260311231011,12,760.0,0.015625
2x2_slot_inorder_place_random_10_grasp_ver3_grasp_ver3,20260311231016,4,267.0,0.0
2x2_slot_inorder_place_random_10_grasp_ver3_grasp_ver3,20260311231019,5,293.0,0.0
2x2_slot_inorder_place_random_10_grasp_ver3_grasp_ver3,20260311231022,31,1348.0,0.015625
2x2_slot_inorder_place_random_10_grasp_ver3_grasp_ver3,20260311231026,27,1266.0,0.0
2x2_slot_inorder_place_random_10_grasp_ver3_grasp_ver3,20260311231035,6,256.0,0.0
2x2_slot_inorder_place_random_10_grasp_ver3_grasp_ver3,20260311231039,8,264.0,0.0
2x2_slot_inorder_place_random_10_grasp_ver3_grasp_ver3,20260311231042,4,287.0,0.0
2x2_slot_inorder_place_random_10_grasp_ver3_grasp_ver3,20260311231046,5,297.0,0.0
2x2_slot_inorder_place_random_10_grasp_ver3_grasp_ver3,20260311231049,10,480.0,0.015625
2x2_slot_inorder_place_random_10_grasp_ver3_grasp_ver3,20260311231053,14,774.0,0.015625
2x2_slot_inorder_place_random_10_grasp_ver3_grasp_ver3,20260311231058,39,1797.0,0.0
2x2_slot_inorder_place_random_10_grasp_ver3_grasp_ver3,20260311231102,15,752.0,0.0
2x2_slot_inorder_place_random_10_grasp_ver3_grasp_ver3,20260311231105,37,1898.0,0.0
2x2_slot_inorder_place_random_10_grasp_ver3_grasp_ver3,20260311231113,26,1046.0,0.0
2x2_slot_inorder_place_random_10_grasp_ver3_grasp_ver3,20260311231118,35,1624.0,0.015625
2x2_slot_inorder_place_random_10_grasp_ver3_grasp_ver3,20260311231123,4,289.0,0.0
2x2_slot_inorder_place_random_10_grasp_ver3_grasp_ver3,20260311231126,7,328.0,0.0
2x2_slot_inorder_place_random_10_grasp_ver3_grasp_ver3,20260311231131,14,732.0,0.0
2x2_slot_inorder_place_random_10_grasp_ver3_grasp_ver3,20260311231135,18,888.0,0.0
2x2_slot_inorder_place_random_10_grasp_ver3_grasp_ver3,20260311231143,21,984.0,0.0
2x2_slot_inorder_place_random_10_grasp_ver3_grasp_ver3,20260311231148,6,389.0,0.0
2x2_slot_inorder_place_random_10_grasp_ver3_grasp_ver3,20260311231150,9,428.0,0.0
2x2_slot_inorder_place_random_10_grasp_ver3_grasp_ver3,20260311231155,14,848.0,0.0
2x2_slot_inorder_place_random_10_grasp_ver3_grasp_ver3,20260311231201,2,239.0,0.0
2x2_slot_inorder_place_random_10_grasp_ver3_grasp_ver3,20260311231203,17,766.0,0.0
2x2_slot_inorder_place_random_10_grasp_ver3_grasp_ver3,20260311231211,22,1144.0,0.0
2x2_slot_inorder_place_random_10_grasp_ver3_grasp_ver3,20260311231217,6,337.0,0.0
2x2_slot_inorder_place_random_10_grasp_ver3_grasp_ver3,20260311231220,22,1009.0,0.0
2x2_slot_inorder_place_random_10_grasp_ver3_grasp_ver3,20260311231227,10,566.0,0.015625
2x2_slot_inorder_place_random_10_grasp_ver3_grasp_ver3,20260311231232,2,237.0,0.0
2x2_slot_inorder_place_random_10_grasp_ver3_grasp_ver3,20260311231234,11,564.0,0.0
2x2_slot_inorder_place_random_10_grasp_ver3_grasp_ver3,20260311231240,39,1783.0,0.0
2x2_slot_inorder_place_random_10_grasp_ver3_grasp_ver3,20260311231247,10,492.0,0.015625
2x2_slot_inorder_place_random_10_grasp_ver3_grasp_ver3,20260311231252,8,418.0,0.0
2x2_slot_inorder_place_random_10_grasp_ver3_grasp_ver3,20260311231257,5,251.0,0.0
2x2_slot_inorder_place_random_10_grasp_ver3_grasp_ver3,20260311231301,7,364.0,0.0
2x2_slot_inorder_place_random_10_grasp_ver3_grasp_ver3,20260311231305,15,744.0,0.0
2x2_slot_inorder_place_random_10_grasp_ver3_grasp_ver3,20260311231310,7,324.0,0.0
2x2_slot_inorder_place_random_10_grasp_ver3_grasp_ver3,20260311231314,2,199.0,0.0
2x2_slot_inorder_place_random_10_grasp_ver3_grasp_ver3,20260311231317,20,1032.0,0.0
2x2_slot_inorder_place_random_10_grasp_ver3_grasp_ver3,20260311231323,6,349.0,0.0
2x2_slot_inorder_place_random_10_grasp_ver3_grasp_ver3,20260311231327,8,458.0,0.0
2x2_slot_inorder_place_random_10_grasp_ver3_grasp_ver3,20260311231331,17,617.0,0.0
2x2_slot_inorder_place_random_10_grasp_ver3_grasp_ver3,20260311231334,77,3488.0,0.0
2x2_slot_inorder_place_random_10_grasp_ver3_grasp_ver3,20260311231339,9,544.0,0.0
2x2_slot_inorder_place_random_10_grasp_ver3_grasp_ver3,20260311231344,7,329.0,0.0
2x2_slot_inorder_place_random_10_grasp_ver3_grasp_ver3,20260311231347,23,1314.0,0.0
2x2_slot_inorder_place_random_10_grasp_ver3_grasp_ver3,20260311231355,14,674.0,0.0
2x2_slot_inorder_place_random_10_grasp_ver3_grasp_ver3,20260311231402,100,4845.0,0.015625
2x2_slot_inorder_place_random_10_grasp_ver3_grasp_ver3,20260311231406,8,502.0,0.0
2x2_slot_inorder_place_random_10_grasp_ver3_grasp_ver3,20260311231410,9,464.0,0.0
2x2_slot_inorder_place_random_10_grasp_ver3_grasp_ver3,20260311231415,6,377.0,0.0
2x2_slot_inorder_place_random_10_grasp_ver3_grasp_ver3,20260311231418,14,816.0,0.0
2x2_slot_inorder_place_random_10_grasp_ver3_grasp_ver3,20260311231424,11,651.0,0.0
2x2_slot_inorder_place_random_10_grasp_ver3_grasp_ver3,20260311231427,8,454.0,0.015625
2x2_slot_inorder_place_random_10_grasp_ver3_grasp_ver3,20260311231432,19,948.0,0.0
2x2_slot_inorder_place_random_10_grasp_ver3_grasp_ver3,20260311231440,12,742.0,0.015625
2x2_slot_inorder_place_random_10_grasp_ver3_grasp_ver3,20260311231444,8,422.0,0.0
2x2_slot_inorder_place_random_10_grasp_ver3_grasp_ver3,20260311231448,18,866.0,0.015625
2x2_slot_inorder_place_random_10_grasp_ver3_grasp_ver3,20260311231451,8,458.0,0.0
2x2_slot_inorder_place_random_10_grasp_ver3_grasp_ver3,20260311231455,9,452.0,0.0
2x2_slot_inorder_place_random_10_grasp_ver3_grasp_ver3,20260311231501,16,816.0,0.0
2x2_slot_inorder_place_random_10_grasp_ver3_grasp_ver3,20260311231508,11,494.0,0.0
2x2_slot_inorder_place_random_10_grasp_ver3_greedy_ver3,20260311230416,21,1232.0,0.0
2x2_slot_inorder_place_random_10_grasp_ver3_greedy_ver3,20260311230419,4,297.0,0.0
2x2_slot_inorder_place_random_10_grasp_ver3_greedy_ver3,20260311230423,14,651.0,0.015625
2x2_slot_inorder_place_random_10_grasp_ver3_greedy_ver3,20260311230426,8,443.0,0.0
2x2_slot_inorder_place_random_10_grasp_ver3_greedy_ver3,20260311230429,23,1482.0,0.0
2x2_slot_inorder_place_random_10_grasp_ver3_greedy_ver3,20260311230434,19,892.0,0.0
2x2_slot_inorder_place_random_10_grasp_ver3_greedy_ver3,20260311230437,9,485.0,0.0
2x2_slot_inorder_place_random_10_grasp_ver3_greedy_ver3,20260311230441,18,988.0,0.0
2x2_slot_inorder_place_random_10_grasp_ver3_greedy_ver3,20260311230445,8,603.0,0.0
2x2_slot_inorder_place_random_10_grasp_ver3_greedy_ver3,20260311230449,18,924.0,0.0
2x2_slot_inorder_place_random_10_grasp_ver3_greedy_ver3,20260311230454,20,1008.0,0.0
2x2_slot_inorder_place_random_10_grasp_ver3_greedy_ver3,20260311230458,13,667.0,0.0
2x2_slot_inorder_place_random_10_grasp_ver3_greedy_ver3,20260311230501,4,295.0,0.0
2x2_slot_inorder_place_random_10_grasp_ver3_greedy_ver3,20260311230503,7,585.0,0.0
2x2_slot_inorder_place_random_10_grasp_ver3_greedy_ver3,20260311230506,18,820.0,0.015625
2x2_slot_inorder_place_random_10_grasp_ver3_greedy_ver3,20260311230511,19,872.0,0.015625
2x2_slot_inorder_place_random_10_grasp_ver3_greedy_ver3,20260311230518,34,1750.0,0.015625
2x2_slot_inorder_place_random_10_grasp_ver3_greedy_ver3,20260311230525,11,620.0,0.0
2x2_slot_inorder_place_random_10_grasp_ver3_greedy_ver3,20260311230531,27,1326.0,0.0
2x2_slot_inorder_place_random_10_grasp_ver3_greedy_ver3,20260311230536,17,994.0,0.0
2x2_slot_inorder_place_random_10_grasp_ver3_greedy_ver3,20260311230540,29,1372.0,0.0
2x2_slot_inorder_place_random_10_grasp_ver3_greedy_ver3,20260311230544,12,713.0,0.0
2x2_slot_inorder_place_random_10_grasp_ver3_greedy_ver3,20260311230547,13,645.0,0.0
2x2_slot_inorder_place_random_10_grasp_ver3_greedy_ver3,20260311230550,15,660.0,0.0
2x2_slot_inorder_place_random_10_grasp_ver3_greedy_ver3,20260311230553,31,1350.0,0.0
2x2_slot_inorder_place_random_10_grasp_ver3_greedy_ver3,20260311230556,39,1959.0,0.0
2x2_slot_inorder_place_random_10_grasp_ver3_greedy_ver3,20260311230600,11,541.0,0.015625
2x2_slot_inorder_place_random_10_grasp_ver3_greedy_ver3,20260311230603,7,515.0,0.0
2x2_slot_inorder_place_random_10_grasp_ver3_greedy_ver3,20260311230607,12,658.0,0.015625
2x2_slot_inorder_place_random_10_grasp_ver3_greedy_ver3,20260311230611,6,431.0,0.0
2x2_slot_inorder_place_random_10_grasp_ver3_greedy_ver3,20260311230613,14,696.0,0.0
2x2_slot_inorder_place_random_10_grasp_ver3_greedy_ver3,20260311230617,29,1346.0,0.015625
2x2_slot_inorder_place_random_10_grasp_ver3_greedy_ver3,20260311230621,8,555.0,0.0
2x2_slot_inorder_place_random_10_grasp_ver3_greedy_ver3,20260311230625,18,882.0,0.0
2x2_slot_inorder_place_random_10_grasp_ver3_greedy_ver3,20260311230629,18,924.0,0.0
2x2_slot_inorder_place_random_10_grasp_ver3_greedy_ver3,20260311230632,8,423.0,0.0
2x2_slot_inorder_place_random_10_grasp_ver3_greedy_ver3,20260311230636,27,1356.0,0.0
2x2_slot_inorder_place_random_10_grasp_ver3_greedy_ver3,20260311230639,20,890.0,0.0
2x2_slot_inorder_place_random_10_grasp_ver3_greedy_ver3,20260311230642,6,355.0,0.0
2x2_slot_inorder_place_random_10_grasp_ver3_greedy_ver3,20260311230644,8,423.0,0.0
2x2_slot_inorder_place_random_10_grasp_ver3_greedy_ver3,20260311230647,13,639.0,0.0
2x2_slot_inorder_place_random_10_grasp_ver3_greedy_ver3,20260311230650,7,403.0,0.0
2x2_slot_inorder_place_random_10_grasp_ver3_greedy_ver3,20260311230652,17,926.0,0.0
2x2_slot_inorder_place_random_10_grasp_ver3_greedy_ver3,20260311230655,35,1577.0,0.015625
2x2_slot_inorder_place_random_10_grasp_ver3_greedy_ver3,20260311230658,4,299.0,0.0
2x2_slot_inorder_place_random_10_grasp_ver3_greedy_ver3,20260311230701,13,692.0,0.0
2x2_slot_inorder_place_random_10_grasp_ver3_greedy_ver3,20260311230705,15,850.0,0.0
2x2_slot_inorder_place_random_10_grasp_ver3_greedy_ver3,20260311230711,45,2109.0,0.0
2x2_slot_inorder_place_random_10_grasp_ver3_greedy_ver3,20260311230716,12,573.0,0.0
2x2_slot_inorder_place_random_10_grasp_ver3_greedy_ver3,20260311230720,10,520.0,0.0
2x2_slot_inorder_place_random_10_grasp_ver3_greedy_ver3,20260311230724,18,786.0,0.0
2x2_slot_inorder_place_random_10_grasp_ver3_greedy_ver3,20260311230727,12,580.0,0.0
2x2_slot_inorder_place_random_10_grasp_ver3_greedy_ver3,20260311230730,13,643.0,0.0
2x2_slot_inorder_place_random_10_grasp_ver3_greedy_ver3,20260311230732,8,443.0,0.0
2x2_slot_inorder_place_random_10_grasp_ver3_greedy_ver3,20260311230735,26,1300.0,0.0
2x2_slot_inorder_place_random_10_grasp_ver3_greedy_ver3,20260311230739,38,2008.0,0.0
2x2_slot_inorder_place_random_10_grasp_ver3_greedy_ver3,20260311230744,13,635.0,0.0
2x2_slot_inorder_place_random_10_grasp_ver3_greedy_ver3,20260311230748,10,591.0,0.0
2x2_slot_inorder_place_random_10_grasp_ver3_greedy_ver3,20260311230751,18,1030.0,0.0
2x2_slot_inorder_place_random_10_grasp_ver3_greedy_ver3,20260311230756,16,1000.0,0.0
2x2_slot_inorder_place_random_10_grasp_ver3_greedy_ver3,20260311230801,42,1955.0,0.0
2x2_slot_inorder_place_random_10_grasp_ver3_greedy_ver3,20260311230806,21,990.0,0.0
2x2_slot_inorder_place_random_10_grasp_ver3_greedy_ver3,20260311230810,12,572.0,0.0
2x2_slot_inorder_place_random_10_grasp_ver3_greedy_ver3,20260311230813,4,297.0,0.0
2x2_slot_inorder_place_random_10_grasp_ver3_greedy_ver3,20260311230816,39,1739.0,0.0
2x2_slot_inorder_place_random_10_grasp_ver3_greedy_ver3,20260311230818,8,397.0,0.0
2x2_slot_inorder_place_random_10_grasp_ver3_greedy_ver3,20260311230821,8,423.0,0.015625
2x2_slot_inorder_place_random_10_grasp_ver3_greedy_ver3,20260311230824,12,552.0,0.015625
2x2_slot_inorder_place_random_10_grasp_ver3_greedy_ver3,20260311230827,13,559.0,0.0
2x2_slot_inorder_place_random_10_grasp_ver3_greedy_ver3,20260311230830,6,329.0,0.0
2x2_slot_inorder_place_random_10_grasp_ver3_greedy_ver3,20260311230832,21,988.0,0.0
2x2_slot_inorder_place_random_10_grasp_ver3_greedy_ver3,20260311230837,14,694.0,0.0
2x2_slot_inorder_place_random_10_grasp_ver3_greedy_ver3,20260311230841,24,1156.0,0.0
2x2_slot_inorder_place_random_10_grasp_ver3_greedy_ver3,20260311230844,30,1258.0,0.0
2x2_slot_inorder_place_random_10_grasp_ver3_greedy_ver3,20260311230848,6,425.0,0.0
2x2_slot_inorder_place_random_10_grasp_ver3_greedy_ver3,20260311230851,16,748.0,0.0
2x2_slot_inorder_place_random_10_grasp_ver3_greedy_ver3,20260311230856,38,1585.0,0.0
2x2_slot_inorder_place_random_10_grasp_ver3_greedy_ver3,20260311230901,9,423.0,0.0
2x2_slot_inorder_place_random_10_grasp_ver3_greedy_ver3,20260311230904,4,297.0,0.0
2x2_slot_inorder_place_random_10_grasp_ver3_greedy_ver3,20260311230909,49,2039.0,0.0
2x2_slot_inorder_place_random_10_grasp_ver3_greedy_ver3,20260311230917,42,1909.0,0.0
2x2_slot_inorder_place_random_10_grasp_ver3_greedy_ver3,20260311230923,28,1158.0,0.0
2x2_slot_inorder_place_random_10_grasp_ver3_greedy_ver3,20260311230926,27,1152.0,0.0
2x2_slot_inorder_place_random_10_grasp_ver3_greedy_ver3,20260311230929,24,1108.0,0.0
2x2_slot_inorder_place_random_10_grasp_ver3_greedy_ver3,20260311230931,10,510.0,0.0
2x2_slot_inorder_place_random_10_grasp_ver3_greedy_ver3,20260311230934,11,499.0,0.0
2x2_slot_inorder_place_random_10_grasp_ver3_greedy_ver3,20260311230937,30,1302.0,0.0
2x2_slot_inorder_place_random_10_grasp_ver3_greedy_ver3,20260311230940,12,554.0,0.0
2x2_slot_inorder_place_random_10_grasp_ver3_greedy_ver3,20260311230945,34,1492.0,0.0
2x2_slot_inorder_place_random_10_grasp_ver3_greedy_ver3,20260311230950,10,479.0,0.0
2x2_slot_inorder_place_random_10_grasp_ver3_greedy_ver3,20260311230953,17,804.0,0.0
2x2_slot_inorder_place_random_10_grasp_ver3_greedy_ver3,20260311230957,13,667.0,0.0
2x2_slot_inorder_place_random_10_grasp_ver3_greedy_ver3,20260311231000,9,413.0,0.0
2x2_slot_inorder_place_random_10_grasp_ver3_greedy_ver3,20260311231006,33,1471.0,0.0
2x2_slot_inorder_place_random_10_grasp_ver3_greedy_ver3,20260311231013,22,952.0,0.0
2x2_slot_inorder_place_random_10_grasp_ver3_greedy_ver3,20260311231017,13,637.0,0.0
2x2_slot_inorder_place_random_10_grasp_ver3_greedy_ver3,20260311231021,11,493.0,0.0
2x2_slot_inorder_place_random_10_grasp_ver3_greedy_ver3,20260311231024,12,648.0,0.0
2x2_slot_inorder_place_random_10_grasp_ver3_greedy_ver3,20260311231030,49,2329.0,0.0
2x2_slot_inorder_place_random_10_grasp_ver3_greedy_ver3,20260311231037,22,968.0,0.0
2x2_slot_inorder_place_random_10_grasp_ver3_greedy_ver3,20260311231040,16,724.0,0.0
2x2_slot_inorder_place_random_10_grasp_ver3_greedy_ver3,20260311231044,15,686.0,0.0
2x2_slot_inorder_place_random_10_grasp_ver3_greedy_ver3,20260311231047,30,1429.0,0.0
2x2_slot_inorder_place_random_10_grasp_ver3_greedy_ver3,20260311231051,19,874.0,0.0
2x2_slot_inorder_place_random_10_grasp_ver3_greedy_ver3,20260311231056,20,954.0,0.015625
2x2_slot_inorder_place_random_10_grasp_ver3_greedy_ver3,20260311231100,13,597.0,0.0
2x2_slot_inorder_place_random_10_grasp_ver3_greedy_ver3,20260311231103,13,669.0,0.0
2x2_slot_inorder_place_random_10_grasp_ver3_greedy_ver3,20260311231108,32,1465.0,0.015625
2x2_slot_inorder_place_random_10_grasp_ver3_greedy_ver3,20260311231115,18,842.0,0.0
2x2_slot_inorder_place_random_10_grasp_ver3_greedy_ver3,20260311231120,20,1038.0,0.0
2x2_slot_inorder_place_random_10_grasp_ver3_greedy_ver3,20260311231124,33,1382.0,0.0
2x2_slot_inorder_place_random_10_grasp_ver3_greedy_ver3,20260311231129,19,818.0,0.0
2x2_slot_inorder_place_random_10_grasp_ver3_greedy_ver3,20260311231133,14,686.0,0.0
2x2_slot_inorder_place_random_10_grasp_ver3_greedy_ver3,20260311231138,40,1899.0,0.0
2x2_slot_inorder_place_random_10_grasp_ver3_greedy_ver3,20260311231145,27,1182.0,0.0
2x2_slot_inorder_place_random_10_grasp_ver3_greedy_ver3,20260311231149,14,594.0,0.0
2x2_slot_inorder_place_random_10_grasp_ver3_greedy_ver3,20260311231152,23,1004.0,0.015625
2x2_slot_inorder_place_random_10_grasp_ver3_greedy_ver3,20260311231158,36,1883.0,0.0
2x2_slot_inorder_place_random_10_grasp_ver3_greedy_ver3,20260311231202,10,522.0,0.0
2x2_slot_inorder_place_random_10_grasp_ver3_greedy_ver3,20260311231207,44,1859.0,0.0
2x2_slot_inorder_place_random_10_grasp_ver3_greedy_ver3,20260311231214,26,1132.0,0.0
2x2_slot_inorder_place_random_10_grasp_ver3_greedy_ver3,20260311231219,10,489.0,0.0
2x2_slot_inorder_place_random_10_grasp_ver3_greedy_ver3,20260311231224,34,1501.0,0.0
2x2_slot_inorder_place_random_10_grasp_ver3_greedy_ver3,20260311231229,20,886.0,0.0
2x2_slot_inorder_place_random_10_grasp_ver3_greedy_ver3,20260311231233,12,614.0,0.0
2x2_slot_inorder_place_random_10_grasp_ver3_greedy_ver3,20260311231237,22,878.0,0.0
2x2_slot_inorder_place_random_10_grasp_ver3_greedy_ver3,20260311231243,38,1777.0,0.0
2x2_slot_inorder_place_random_10_grasp_ver3_greedy_ver3,20260311231249,23,1036.0,0.0
2x2_slot_inorder_place_random_10_grasp_ver3_greedy_ver3,20260311231255,22,1038.0,0.0
2x2_slot_inorder_place_random_10_grasp_ver3_greedy_ver3,20260311231259,11,489.0,0.0
2x2_slot_inorder_place_random_10_grasp_ver3_greedy_ver3,20260311231303,19,844.0,0.0
2x2_slot_inorder_place_random_10_grasp_ver3_greedy_ver3,20260311231307,79,3812.0,0.0
2x2_slot_inorder_place_random_10_grasp_ver3_greedy_ver3,20260311231312,15,692.0,0.0
2x2_slot_inorder_place_random_10_grasp_ver3_greedy_ver3,20260311231315,8,459.0,0.015625
2x2_slot_inorder_place_random_10_grasp_ver3_greedy_ver3,20260311231320,27,1296.0,0.0
2x2_slot_inorder_place_random_10_grasp_ver3_greedy_ver3,20260311231325,13,729.0,0.0
2x2_slot_inorder_place_random_10_grasp_ver3_greedy_ver3,20260311231329,22,1086.0,0.0
2x2_slot_inorder_place_random_10_grasp_ver3_greedy_ver3,20260311231332,8,447.0,0.0
2x2_slot_inorder_place_random_10_grasp_ver3_greedy_ver3,20260311231336,22,1100.0,0.0
2x2_slot_inorder_place_random_10_grasp_ver3_greedy_ver3,20260311231341,19,958.0,0.0
2x2_slot_inorder_place_random_10_grasp_ver3_greedy_ver3,20260311231345,10,399.0,0.0
2x2_slot_inorder_place_random_10_grasp_ver3_greedy_ver3,20260311231351,38,1745.0,0.0
2x2_slot_inorder_place_random_10_grasp_ver3_greedy_ver3,20260311231358,27,1168.0,0.0
2x2_slot_inorder_place_random_10_grasp_ver3_greedy_ver3,20260311231404,18,782.0,0.0
2x2_slot_inorder_place_random_10_grasp_ver3_greedy_ver3,20260311231408,18,784.0,0.0
2x2_slot_inorder_place_random_10_grasp_ver3_greedy_ver3,20260311231413,23,998.0,0.0
2x2_slot_inorder_place_random_10_grasp_ver3_greedy_ver3,20260311231417,158,7494.0,0.015625
2x2_slot_inorder_place_random_10_grasp_ver3_greedy_ver3,20260311231421,27,1176.0,0.0
2x2_slot_inorder_place_random_10_grasp_ver3_greedy_ver3,20260311231425,13,527.0,0.0
2x2_slot_inorder_place_random_10_grasp_ver3_greedy_ver3,20260311231430,25,1148.0,0.0
2x2_slot_inorder_place_random_10_grasp_ver3_greedy_ver3,20260311231436,30,1314.0,0.015625
2x2_slot_inorder_place_random_10_grasp_ver3_greedy_ver3,20260311231442,26,1074.0,0.0
2x2_slot_inorder_place_random_10_grasp_ver3_greedy_ver3,20260311231446,12,730.0,0.0
2x2_slot_inorder_place_random_10_grasp_ver3_greedy_ver3,20260311231450,23,1110.0,0.0
2x2_slot_inorder_place_random_10_grasp_ver3_greedy_ver3,20260311231453,36,1588.0,0.0
2x2_slot_inorder_place_random_10_grasp_ver3_greedy_ver3,20260311231458,33,1473.0,0.0
2x2_slot_inorder_place_random_10_grasp_ver3_greedy_ver3,20260311231504,28,1154.0,0.0
2x2_slot_inorder_place_random_10_grasp_ver3_greedy_ver3,20260311231511,28,1184.0,0.0
2x2_slot_inorder_place_random_10_greedy_ver3_grasp_ver3,20260311225241,2,203.0,0.0
2x2_slot_inorder_place_random_10_greedy_ver3_grasp_ver3,20260311225244,16,666.0,0.0
2x2_slot_inorder_place_random_10_greedy_ver3_grasp_ver3,20260311225247,10,482.0,0.0
2x2_slot_inorder_place_random_10_greedy_ver3_grasp_ver3,20260311225251,4,267.0,0.0
2x2_slot_inorder_place_random_10_greedy_ver3_grasp_ver3,20260311225253,6,327.0,0.0
2x2_slot_inorder_place_random_10_greedy_ver3_grasp_ver3,20260311225256,4,289.0,0.0
2x2_slot_inorder_place_random_10_greedy_ver3_grasp_ver3,20260311225259,16,1026.0,0.0
2x2_slot_inorder_place_random_10_greedy_ver3_grasp_ver3,20260311225303,16,980.0,0.0
2x2_slot_inorder_place_random_10_greedy_ver3_grasp_ver3,20260311225306,5,289.0,0.0
2x2_slot_inorder_place_random_10_greedy_ver3_grasp_ver3,20260311225309,5,295.0,0.0
2x2_slot_inorder_place_random_10_greedy_ver3_grasp_ver3,20260311225313,2,265.0,0.0
2x2_slot_inorder_place_random_10_greedy_ver3_grasp_ver3,20260311225315,4,269.0,0.0
2x2_slot_inorder_place_random_10_greedy_ver3_grasp_ver3,20260311225318,16,1092.0,0.0
2x2_slot_inorder_place_random_10_greedy_ver3_grasp_ver3,20260311225322,10,496.0,0.015625
2x2_slot_inorder_place_random_10_greedy_ver3_grasp_ver3,20260311225327,6,345.0,0.0
2x2_slot_inorder_place_random_10_greedy_ver3_grasp_ver3,20260311225331,20,970.0,0.0
2x2_slot_inorder_place_random_10_greedy_ver3_grasp_ver3,20260311225336,15,844.0,0.0
2x2_slot_inorder_place_random_10_greedy_ver3_grasp_ver3,20260311225345,27,1210.0,0.0
2x2_slot_inorder_place_random_10_greedy_ver3_grasp_ver3,20260311225352,11,686.0,0.0
2x2_slot_inorder_place_random_10_greedy_ver3_grasp_ver3,20260311225358,9,620.0,0.0
2x2_slot_inorder_place_random_10_greedy_ver3_grasp_ver3,20260311225402,2,211.0,0.015625
2x2_slot_inorder_place_random_10_greedy_ver3_grasp_ver3,20260311225406,4,257.0,0.0
2x2_slot_inorder_place_random_10_greedy_ver3_grasp_ver3,20260311225409,4,259.0,0.0
2x2_slot_inorder_place_random_10_greedy_ver3_grasp_ver3,20260311225413,4,271.0,0.0
2x2_slot_inorder_place_random_10_greedy_ver3_grasp_ver3,20260311225416,22,1104.0,0.0
2x2_slot_inorder_place_random_10_greedy_ver3_grasp_ver3,20260311225421,5,271.0,0.0
2x2_slot_inorder_place_random_10_greedy_ver3_grasp_ver3,20260311225425,4,385.0,0.015625
2x2_slot_inorder_place_random_10_greedy_ver3_grasp_ver3,20260311225430,37,1714.0,0.0
2x2_slot_inorder_place_random_10_greedy_ver3_grasp_ver3,20260311225436,15,812.0,0.0
2x2_slot_inorder_place_random_10_greedy_ver3_grasp_ver3,20260311225441,21,996.0,0.0
2x2_slot_inorder_place_random_10_greedy_ver3_grasp_ver3,20260311225445,22,976.0,0.015625
2x2_slot_inorder_place_random_10_greedy_ver3_grasp_ver3,20260311225449,14,676.0,0.0
2x2_slot_inorder_place_random_10_greedy_ver3_grasp_ver3,20260311225453,17,820.0,0.0
2x2_slot_inorder_place_random_10_greedy_ver3_grasp_ver3,20260311225458,7,330.0,0.015625
2x2_slot_inorder_place_random_10_greedy_ver3_grasp_ver3,20260311225502,7,414.0,0.0
2x2_slot_inorder_place_random_10_greedy_ver3_grasp_ver3,20260311225506,2,195.0,0.015625
2x2_slot_inorder_place_random_10_greedy_ver3_grasp_ver3,20260311225509,2,205.0,0.0
2x2_slot_inorder_place_random_10_greedy_ver3_grasp_ver3,20260311225513,4,239.0,0.0
2x2_slot_inorder_place_random_10_greedy_ver3_grasp_ver3,20260311225517,6,393.0,0.0
2x2_slot_inorder_place_random_10_greedy_ver3_grasp_ver3,20260311225520,2,263.0,0.0
2x2_slot_inorder_place_random_10_greedy_ver3_grasp_ver3,20260311225523,23,1046.0,0.0
2x2_slot_inorder_place_random_10_greedy_ver3_grasp_ver3,20260311225526,3,265.0,0.0
2x2_slot_inorder_place_random_10_greedy_ver3_grasp_ver3,20260311225529,5,303.0,0.0
2x2_slot_inorder_place_random_10_greedy_ver3_grasp_ver3,20260311225533,2,205.0,0.0
2x2_slot_inorder_place_random_10_greedy_ver3_grasp_ver3,20260311225535,2,215.0,0.0
2x2_slot_inorder_place_random_10_greedy_ver3_grasp_ver3,20260311225538,8,382.0,0.0
2x2_slot_inorder_place_random_10_greedy_ver3_grasp_ver3,20260311225543,29,1499.0,0.0
2x2_slot_inorder_place_random_10_greedy_ver3_grasp_ver3,20260311225550,11,522.0,0.0
2x2_slot_inorder_place_random_10_greedy_ver3_grasp_ver3,20260311225556,7,446.0,0.015625
2x2_slot_inorder_place_random_10_greedy_ver3_grasp_ver3,20260311225558,13,688.0,0.0
2x2_slot_inorder_place_random_10_greedy_ver3_grasp_ver3,20260311225601,4,237.0,0.0
2x2_slot_inorder_place_random_10_greedy_ver3_grasp_ver3,20260311225605,2,253.0,0.0
2x2_slot_inorder_place_random_10_greedy_ver3_grasp_ver3,20260311225607,2,213.0,0.0
2x2_slot_inorder_place_random_10_greedy_ver3_grasp_ver3,20260311225610,13,672.0,0.0
2x2_slot_inorder_place_random_10_greedy_ver3_grasp_ver3,20260311225614,5,263.0,0.0
2x2_slot_inorder_place_random_10_greedy_ver3_grasp_ver3,20260311225617,2,211.0,0.015625
2x2_slot_inorder_place_random_10_greedy_ver3_grasp_ver3,20260311225620,11,590.0,0.0
2x2_slot_inorder_place_random_10_greedy_ver3_grasp_ver3,20260311225623,9,665.0,0.0
2x2_slot_inorder_place_random_10_greedy_ver3_grasp_ver3,20260311225626,19,1004.0,0.0
2x2_slot_inorder_place_random_10_greedy_ver3_grasp_ver3,20260311225630,10,558.0,0.0
2x2_slot_inorder_place_random_10_greedy_ver3_grasp_ver3,20260311225636,18,870.0,0.0
2x2_slot_inorder_place_random_10_greedy_ver3_grasp_ver3,20260311225641,15,868.0,0.0
2x2_slot_inorder_place_random_10_greedy_ver3_grasp_ver3,20260311225647,4,317.0,0.0
2x2_slot_inorder_place_random_10_greedy_ver3_grasp_ver3,20260311225651,17,844.0,0.015625
2x2_slot_inorder_place_random_10_greedy_ver3_grasp_ver3,20260311225653,2,195.0,0.0
2x2_slot_inorder_place_random_10_greedy_ver3_grasp_ver3,20260311225656,4,291.0,0.0
2x2_slot_inorder_place_random_10_greedy_ver3_grasp_ver3,20260311225700,8,526.0,0.0
2x2_slot_inorder_place_random_10_greedy_ver3_grasp_ver3,20260311225702,4,253.0,0.0
2x2_slot_inorder_place_random_10_greedy_ver3_grasp_ver3,20260311225705,5,277.0,0.0
2x2_slot_inorder_place_random_10_greedy_ver3_grasp_ver3,20260311225708,3,283.0,0.0
2x2_slot_inorder_place_random_10_greedy_ver3_grasp_ver3,20260311225711,42,1981.0,0.0
2x2_slot_inorder_place_random_10_greedy_ver3_grasp_ver3,20260311225714,5,345.0,0.0
2x2_slot_inorder_place_random_10_greedy_ver3_grasp_ver3,20260311225718,6,315.0,0.0
2x2_slot_inorder_place_random_10_greedy_ver3_grasp_ver3,20260311225722,5,291.0,0.0
2x2_slot_inorder_place_random_10_greedy_ver3_grasp_ver3,20260311225726,8,472.0,0.0
2x2_slot_inorder_place_random_10_greedy_ver3_grasp_ver3,20260311225729,4,233.0,0.0
2x2_slot_inorder_place_random_10_greedy_ver3_grasp_ver3,20260311225733,8,374.0,0.0
2x2_slot_inorder_place_random_10_greedy_ver3_grasp_ver3,20260311225737,25,1372.0,0.0
2x2_slot_inorder_place_random_10_greedy_ver3_grasp_ver3,20260311225744,5,277.0,0.0
2x2_slot_inorder_place_random_10_greedy_ver3_grasp_ver3,20260311225747,17,846.0,0.0
2x2_slot_inorder_place_random_10_greedy_ver3_grasp_ver3,20260311225753,25,1166.0,0.0
2x2_slot_inorder_place_random_10_greedy_ver3_grasp_ver3,20260311225803,17,754.0,0.0
2x2_slot_inorder_place_random_10_greedy_ver3_grasp_ver3,20260311225807,2,211.0,0.0
2x2_slot_inorder_place_random_10_greedy_ver3_grasp_ver3,20260311225810,4,229.0,0.0
2x2_slot_inorder_place_random_10_greedy_ver3_grasp_ver3,20260311225814,4,277.0,0.0
2x2_slot_inorder_place_random_10_greedy_ver3_grasp_ver3,20260311225817,28,1326.0,0.0
2x2_slot_inorder_place_random_10_greedy_ver3_grasp_ver3,20260311225820,7,402.0,0.0
2x2_slot_inorder_place_random_10_greedy_ver3_grasp_ver3,20260311225824,3,259.0,0.0
2x2_slot_inorder_place_random_10_greedy_ver3_grasp_ver3,20260311225826,9,474.0,0.0
2x2_slot_inorder_place_random_10_greedy_ver3_grasp_ver3,20260311225832,7,440.0,0.0
2x2_slot_inorder_place_random_10_greedy_ver3_grasp_ver3,20260311225836,5,267.0,0.0
2x2_slot_inorder_place_random_10_greedy_ver3_grasp_ver3,20260311225839,4,263.0,0.0
2x2_slot_inorder_place_random_10_greedy_ver3_grasp_ver3,20260311225842,14,732.0,0.0
2x2_slot_inorder_place_random_10_greedy_ver3_grasp_ver3,20260311225851,27,1268.0,0.0
2x2_slot_inorder_place_random_10_greedy_ver3_grasp_ver3,20260311225856,26,1242.0,0.0
2x2_slot_inorder_place_random_10_greedy_ver3_grasp_ver3,20260311225901,5,287.0,0.0
2x2_slot_inorder_place_random_10_greedy_ver3_grasp_ver3,20260311225905,10,548.0,0.0
2x2_slot_inorder_place_random_10_greedy_ver3_grasp_ver3,20260311225908,4,287.0,0.0
2x2_slot_inorder_place_random_10_greedy_ver3_grasp_ver3,20260311225911,12,576.0,0.0
2x2_slot_inorder_place_random_10_greedy_ver3_grasp_ver3,20260311225920,12,570.0,0.0
2x2_slot_inorder_place_random_10_greedy_ver3_grasp_ver3,20260311225928,17,970.0,0.015625
2x2_slot_inorder_place_random_10_greedy_ver3_grasp_ver3,20260311225932,4,287.0,0.0
2x2_slot_inorder_place_random_10_greedy_ver3_grasp_ver3,20260311225936,7,437.0,0.0
2x2_slot_inorder_place_random_10_greedy_ver3_grasp_ver3,20260311225940,4,301.0,0.0
2x2_slot_inorder_place_random_10_greedy_ver3_grasp_ver3,20260311225943,22,1030.0,0.0
2x2_slot_inorder_place_random_10_greedy_ver3_grasp_ver3,20260311225947,44,2181.0,0.0
2x2_slot_inorder_place_random_10_greedy_ver3_grasp_ver3,20260311225952,10,482.0,0.0
2x2_slot_inorder_place_random_10_greedy_ver3_grasp_ver3,20260311225955,11,532.0,0.0
2x2_slot_inorder_place_random_10_greedy_ver3_grasp_ver3,20260311230000,13,746.0,0.0
2x2_slot_inorder_place_random_10_greedy_ver3_grasp_ver3,20260311230005,10,536.0,0.0
2x2_slot_inorder_place_random_10_greedy_ver3_grasp_ver3,20260311230012,10,508.0,0.015625
2x2_slot_inorder_place_random_10_greedy_ver3_grasp_ver3,20260311230016,35,1637.0,0.0
2x2_slot_inorder_place_random_10_greedy_ver3_grasp_ver3,20260311230020,14,612.0,0.0
2x2_slot_inorder_place_random_10_greedy_ver3_grasp_ver3,20260311230025,9,458.0,0.0
2x2_slot_inorder_place_random_10_greedy_ver3_grasp_ver3,20260311230030,16,902.0,0.0
2x2_slot_inorder_place_random_10_greedy_ver3_grasp_ver3,20260311230038,6,389.0,0.0
2x2_slot_inorder_place_random_10_greedy_ver3_grasp_ver3,20260311230040,10,508.0,0.0
2x2_slot_inorder_place_random_10_greedy_ver3_grasp_ver3,20260311230045,13,756.0,0.0
2x2_slot_inorder_place_random_10_greedy_ver3_grasp_ver3,20260311230051,3,249.0,0.0
2x2_slot_inorder_place_random_10_greedy_ver3_grasp_ver3,20260311230054,18,994.0,0.0
2x2_slot_inorder_place_random_10_greedy_ver3_grasp_ver3,20260311230101,12,680.0,0.0
2x2_slot_inorder_place_random_10_greedy_ver3_grasp_ver3,20260311230106,6,377.0,0.0
2x2_slot_inorder_place_random_10_greedy_ver3_grasp_ver3,20260311230110,18,886.0,0.0
2x2_slot_inorder_place_random_10_greedy_ver3_grasp_ver3,20260311230117,10,584.0,0.0
2x2_slot_inorder_place_random_10_greedy_ver3_grasp_ver3,20260311230122,7,476.0,0.0
2x2_slot_inorder_place_random_10_greedy_ver3_grasp_ver3,20260311230125,9,542.0,0.0
2x2_slot_inorder_place_random_10_greedy_ver3_grasp_ver3,20260311230130,17,872.0,0.0
2x2_slot_inorder_place_random_10_greedy_ver3_grasp_ver3,20260311230137,23,1240.0,0.0
2x2_slot_inorder_place_random_10_greedy_ver3_grasp_ver3,20260311230142,10,498.0,0.0
2x2_slot_inorder_place_random_10_greedy_ver3_grasp_ver3,20260311230148,24,1136.0,0.0
2x2_slot_inorder_place_random_10_greedy_ver3_grasp_ver3,20260311230151,22,1118.0,0.0
2x2_slot_inorder_place_random_10_greedy_ver3_grasp_ver3,20260311230154,16,892.0,0.0
2x2_slot_inorder_place_random_10_greedy_ver3_grasp_ver3,20260311230200,7,324.0,0.0
2x2_slot_inorder_place_random_10_greedy_ver3_grasp_ver3,20260311230204,2,199.0,0.0
2x2_slot_inorder_place_random_10_greedy_ver3_grasp_ver3,20260311230207,29,1578.0,0.0
2x2_slot_inorder_place_random_10_greedy_ver3_grasp_ver3,20260311230213,4,219.0,0.0
2x2_slot_inorder_place_random_10_greedy_ver3_grasp_ver3,20260311230217,10,578.0,0.0
2x2_slot_inorder_place_random_10_greedy_ver3_grasp_ver3,20260311230221,10,548.0,0.0
2x2_slot_inorder_place_random_10_greedy_ver3_grasp_ver3,20260311230223,15,672.0,0.0
2x2_slot_inorder_place_random_10_greedy_ver3_grasp_ver3,20260311230228,20,966.0,0.0
2x2_slot_inorder_place_random_10_greedy_ver3_grasp_ver3,20260311230233,11,554.0,0.0
2x2_slot_inorder_place_random_10_greedy_ver3_grasp_ver3,20260311230237,23,1178.0,0.0
2x2_slot_inorder_place_random_10_greedy_ver3_grasp_ver3,20260311230245,15,698.0,0.0
2x2_slot_inorder_place_random_10_greedy_ver3_grasp_ver3,20260311230253,7,414.0,0.0
2x2_slot_inorder_place_random_10_greedy_ver3_grasp_ver3,20260311230257,8,324.0,0.015625
2x2_slot_inorder_place_random_10_greedy_ver3_grasp_ver3,20260311230302,11,510.0,0.0
2x2_slot_inorder_place_random_10_greedy_ver3_grasp_ver3,20260311230307,14,802.0,0.0
2x2_slot_inorder_place_random_10_greedy_ver3_grasp_ver3,20260311230311,9,472.0,0.0
2x2_slot_inorder_place_random_10_greedy_ver3_grasp_ver3,20260311230316,26,1252.0,0.0
2x2_slot_inorder_place_random_10_greedy_ver3_grasp_ver3,20260311230321,7,332.0,0.0
2x2_slot_inorder_place_random_10_greedy_ver3_grasp_ver3,20260311230325,21,1046.0,0.0
2x2_slot_inorder_place_random_10_greedy_ver3_grasp_ver3,20260311230335,4,269.0,0.0
2x2_slot_inorder_place_random_10_greedy_ver3_grasp_ver3,20260311230338,8,440.0,0.0
2x2_slot_inorder_place_random_10_greedy_ver3_grasp_ver3,20260311230342,7,440.0,0.0
2x2_slot_inorder_place_random_10_greedy_ver3_grasp_ver3,20260311230345,8,356.0,0.0
2x2_slot_inorder_place_random_10_greedy_ver3_grasp_ver3,20260311230349,23,1094.0,0.0
2x2_slot_inorder_place_random_10_greedy_ver3_grasp_ver3,20260311230354,11,494.0,0.0
2x2_slot_inorder_place_random_10_greedy_ver3_grasp_ver3,20260311230400,11,474.0,0.0
2x2_slot_inorder_place_random_10_greedy_ver3_greedy_ver3,20260311225242,13,688.0,0.0
2x2_slot_inorder_place_random_10_greedy_ver3_greedy_ver3,20260311225245,8,443.0,0.0
2x2_slot_inorder_place_random_10_greedy_ver3_greedy_ver3,20260311225248,21,1026.0,0.0
2x2_slot_inorder_place_random_10_greedy_ver3_greedy_ver3,20260311225252,13,619.0,0.015625
2x2_slot_inorder_place_random_10_greedy_ver3_greedy_ver3,20260311225255,11,661.0,0.015625
2x2_slot_inorder_place_random_10_greedy_ver3_greedy_ver3,20260311225257,19,1098.0,0.0
2x2_slot_inorder_place_random_10_greedy_ver3_greedy_ver3,20260311225301,22,1132.0,0.0
2x2_slot_inorder_place_random_10_greedy_ver3_greedy_ver3,20260311225304,12,767.0,0.015625
2x2_slot_inorder_place_random_10_greedy_ver3_greedy_ver3,20260311225307,11,511.0,0.015625
2x2_slot_inorder_place_random_10_greedy_ver3_greedy_ver3,20260311225311,28,1464.0,0.0
2x2_slot_inorder_place_random_10_greedy_ver3_greedy_ver3,20260311225314,46,2229.0,0.0
2x2_slot_inorder_place_random_10_greedy_ver3_greedy_ver3,20260311225317,12,539.0,0.0
2x2_slot_inorder_place_random_10_greedy_ver3_greedy_ver3,20260311225320,7,705.0,0.015625
2x2_slot_inorder_place_random_10_greedy_ver3_greedy_ver3,20260311225325,19,888.0,0.0
2x2_slot_inorder_place_random_10_greedy_ver3_greedy_ver3,20260311225329,14,672.0,0.0
2x2_slot_inorder_place_random_10_greedy_ver3_greedy_ver3,20260311225334,15,848.0,0.0
2x2_slot_inorder_place_random_10_greedy_ver3_greedy_ver3,20260311225340,27,1388.0,0.0
2x2_slot_inorder_place_random_10_greedy_ver3_greedy_ver3,20260311225348,23,1174.0,0.0
2x2_slot_inorder_place_random_10_greedy_ver3_greedy_ver3,20260311225355,24,1270.0,0.0
2x2_slot_inorder_place_random_10_greedy_ver3_greedy_ver3,20260311225400,6,365.0,0.0
2x2_slot_inorder_place_random_10_greedy_ver3_greedy_ver3,20260311225403,23,1122.0,0.0
2x2_slot_inorder_place_random_10_greedy_ver3_greedy_ver3,20260311225407,26,1160.0,0.0
2x2_slot_inorder_place_random_10_greedy_ver3_greedy_ver3,20260311225411,12,559.0,0.0
2x2_slot_inorder_place_random_10_greedy_ver3_greedy_ver3,20260311225414,14,776.0,0.0
2x2_slot_inorder_place_random_10_greedy_ver3_greedy_ver3,20260311225419,14,668.0,0.0
2x2_slot_inorder_place_random_10_greedy_ver3_greedy_ver3,20260311225423,19,784.0,0.0
2x2_slot_inorder_place_random_10_greedy_ver3_greedy_ver3,20260311225427,10,528.0,0.015625
2x2_slot_inorder_place_random_10_greedy_ver3_greedy_ver3,20260311225433,23,1269.0,0.0
2x2_slot_inorder_place_random_10_greedy_ver3_greedy_ver3,20260311225438,18,1010.0,0.015625
2x2_slot_inorder_place_random_10_greedy_ver3_greedy_ver3,20260311225443,14,708.0,0.0
2x2_slot_inorder_place_random_10_greedy_ver3_greedy_ver3,20260311225446,15,1014.0,0.0
2x2_slot_inorder_place_random_10_greedy_ver3_greedy_ver3,20260311225451,11,698.0,0.0
2x2_slot_inorder_place_random_10_greedy_ver3_greedy_ver3,20260311225455,12,620.0,0.0
2x2_slot_inorder_place_random_10_greedy_ver3_greedy_ver3,20260311225500,16,718.0,0.0
2x2_slot_inorder_place_random_10_greedy_ver3_greedy_ver3,20260311225504,13,659.0,0.0
2x2_slot_inorder_place_random_10_greedy_ver3_greedy_ver3,20260311225508,8,387.0,0.0
2x2_slot_inorder_place_random_10_greedy_ver3_greedy_ver3,20260311225511,8,443.0,0.0
2x2_slot_inorder_place_random_10_greedy_ver3_greedy_ver3,20260311225515,14,716.0,0.0
2x2_slot_inorder_place_random_10_greedy_ver3_greedy_ver3,20260311225519,4,303.0,0.0
2x2_slot_inorder_place_random_10_greedy_ver3_greedy_ver3,20260311225521,13,681.0,0.0
2x2_slot_inorder_place_random_10_greedy_ver3_greedy_ver3,20260311225525,10,497.0,0.0
2x2_slot_inorder_place_random_10_greedy_ver3_greedy_ver3,20260311225528,39,1915.0,0.0
2x2_slot_inorder_place_random_10_greedy_ver3_greedy_ver3,20260311225531,14,685.0,0.0
2x2_slot_inorder_place_random_10_greedy_ver3_greedy_ver3,20260311225534,8,465.0,0.0
2x2_slot_inorder_place_random_10_greedy_ver3_greedy_ver3,20260311225537,8,475.0,0.0
2x2_slot_inorder_place_random_10_greedy_ver3_greedy_ver3,20260311225540,24,935.0,0.0
2x2_slot_inorder_place_random_10_greedy_ver3_greedy_ver3,20260311225546,25,1278.0,0.0
2x2_slot_inorder_place_random_10_greedy_ver3_greedy_ver3,20260311225553,44,2175.0,0.0
2x2_slot_inorder_place_random_10_greedy_ver3_greedy_ver3,20260311225557,6,355.0,0.0
2x2_slot_inorder_place_random_10_greedy_ver3_greedy_ver3,20260311225600,24,1070.0,0.015625
2x2_slot_inorder_place_random_10_greedy_ver3_greedy_ver3,20260311225603,16,790.0,0.0
2x2_slot_inorder_place_random_10_greedy_ver3_greedy_ver3,20260311225606,5,293.0,0.0
2x2_slot_inorder_place_random_10_greedy_ver3_greedy_ver3,20260311225609,13,643.0,0.0
2x2_slot_inorder_place_random_10_greedy_ver3_greedy_ver3,20260311225612,14,665.0,0.0
2x2_slot_inorder_place_random_10_greedy_ver3_greedy_ver3,20260311225615,11,489.0,0.0
2x2_slot_inorder_place_random_10_greedy_ver3_greedy_ver3,20260311225618,17,808.0,0.0
2x2_slot_inorder_place_random_10_greedy_ver3_greedy_ver3,20260311225621,10,575.0,0.0
2x2_slot_inorder_place_random_10_greedy_ver3_greedy_ver3,20260311225625,11,709.0,0.0
2x2_slot_inorder_place_random_10_greedy_ver3_greedy_ver3,20260311225628,14,722.0,0.0
2x2_slot_inorder_place_random_10_greedy_ver3_greedy_ver3,20260311225633,47,2248.0,0.0
2x2_slot_inorder_place_random_10_greedy_ver3_greedy_ver3,20260311225638,44,2121.0,0.015625
2x2_slot_inorder_place_random_10_greedy_ver3_greedy_ver3,20260311225644,37,1776.0,0.0
2x2_slot_inorder_place_random_10_greedy_ver3_greedy_ver3,20260311225649,14,764.0,0.0
2x2_slot_inorder_place_random_10_greedy_ver3_greedy_ver3,20260311225652,8,397.0,0.0
2x2_slot_inorder_place_random_10_greedy_ver3_greedy_ver3,20260311225655,8,387.0,0.0
2x2_slot_inorder_place_random_10_greedy_ver3_greedy_ver3,20260311225658,9,461.0,0.0
2x2_slot_inorder_place_random_10_greedy_ver3_greedy_ver3,20260311225701,4,287.0,0.0
2x2_slot_inorder_place_random_10_greedy_ver3_greedy_ver3,20260311225703,24,1196.0,0.0
2x2_slot_inorder_place_random_10_greedy_ver3_greedy_ver3,20260311225707,33,1564.0,0.0
2x2_slot_inorder_place_random_10_greedy_ver3_greedy_ver3,20260311225709,9,479.0,0.0
2x2_slot_inorder_place_random_10_greedy_ver3_greedy_ver3,20260311225713,11,507.0,0.0
2x2_slot_inorder_place_random_10_greedy_ver3_greedy_ver3,20260311225716,34,1735.0,0.0
2x2_slot_inorder_place_random_10_greedy_ver3_greedy_ver3,20260311225720,9,354.0,0.0
2x2_slot_inorder_place_random_10_greedy_ver3_greedy_ver3,20260311225724,10,501.0,0.0
2x2_slot_inorder_place_random_10_greedy_ver3_greedy_ver3,20260311225727,14,665.0,0.0
2x2_slot_inorder_place_random_10_greedy_ver3_greedy_ver3,20260311225730,16,744.0,0.0
2x2_slot_inorder_place_random_10_greedy_ver3_greedy_ver3,20260311225735,13,560.0,0.0
2x2_slot_inorder_place_random_10_greedy_ver3_greedy_ver3,20260311225741,21,966.0,0.0
2x2_slot_inorder_place_random_10_greedy_ver3_greedy_ver3,20260311225745,5,287.0,0.0
2x2_slot_inorder_place_random_10_greedy_ver3_greedy_ver3,20260311225750,41,1793.0,0.0
2x2_slot_inorder_place_random_10_greedy_ver3_greedy_ver3,20260311225758,42,1814.0,0.0
2x2_slot_inorder_place_random_10_greedy_ver3_greedy_ver3,20260311225805,35,1597.0,0.0
2x2_slot_inorder_place_random_10_greedy_ver3_greedy_ver3,20260311225808,13,641.0,0.0
2x2_slot_inorder_place_random_10_greedy_ver3_greedy_ver3,20260311225812,16,734.0,0.0
2x2_slot_inorder_place_random_10_greedy_ver3_greedy_ver3,20260311225815,9,453.0,0.0
2x2_slot_inorder_place_random_10_greedy_ver3_greedy_ver3,20260311225819,9,427.0,0.0
2x2_slot_inorder_place_random_10_greedy_ver3_greedy_ver3,20260311225822,20,984.0,0.0
2x2_slot_inorder_place_random_10_greedy_ver3_greedy_ver3,20260311225825,24,998.0,0.0
2x2_slot_inorder_place_random_10_greedy_ver3_greedy_ver3,20260311225828,25,1144.0,0.0
2x2_slot_inorder_place_random_10_greedy_ver3_greedy_ver3,20260311225834,13,624.0,0.0
2x2_slot_inorder_place_random_10_greedy_ver3_greedy_ver3,20260311225837,10,515.0,0.0
2x2_slot_inorder_place_random_10_greedy_ver3_greedy_ver3,20260311225841,25,1092.0,0.0
2x2_slot_inorder_place_random_10_greedy_ver3_greedy_ver3,20260311225846,36,1695.0,0.0
2x2_slot_inorder_place_random_10_greedy_ver3_greedy_ver3,20260311225853,25,1084.0,0.015625
2x2_slot_inorder_place_random_10_greedy_ver3_greedy_ver3,20260311225859,22,974.0,0.0
2x2_slot_inorder_place_random_10_greedy_ver3_greedy_ver3,20260311225903,14,691.0,0.0
2x2_slot_inorder_place_random_10_greedy_ver3_greedy_ver3,20260311225906,10,479.0,0.0
2x2_slot_inorder_place_random_10_greedy_ver3_greedy_ver3,20260311225909,12,618.0,0.0
2x2_slot_inorder_place_random_10_greedy_ver3_greedy_ver3,20260311225915,31,1422.0,0.015625
2x2_slot_inorder_place_random_10_greedy_ver3_greedy_ver3,20260311225923,30,1567.0,0.0
2x2_slot_inorder_place_random_10_greedy_ver3_greedy_ver3,20260311225930,16,722.0,0.0
2x2_slot_inorder_place_random_10_greedy_ver3_greedy_ver3,20260311225934,9,417.0,0.0
2x2_slot_inorder_place_random_10_greedy_ver3_greedy_ver3,20260311225938,9,489.0,0.0
2x2_slot_inorder_place_random_10_greedy_ver3_greedy_ver3,20260311225941,9,423.0,0.0
2x2_slot_inorder_place_random_10_greedy_ver3_greedy_ver3,20260311225945,13,714.0,0.0
2x2_slot_inorder_place_random_10_greedy_ver3_greedy_ver3,20260311225949,24,1184.0,0.0
2x2_slot_inorder_place_random_10_greedy_ver3_greedy_ver3,20260311225954,24,1016.0,0.0
2x2_slot_inorder_place_random_10_greedy_ver3_greedy_ver3,20260311225958,18,916.0,0.0
2x2_slot_inorder_place_random_10_greedy_ver3_greedy_ver3,20260311230003,18,906.0,0.0
2x2_slot_inorder_place_random_10_greedy_ver3_greedy_ver3,20260311230009,31,1381.0,0.0
2x2_slot_inorder_place_random_10_greedy_ver3_greedy_ver3,20260311230014,27,1228.0,0.0
2x2_slot_inorder_place_random_10_greedy_ver3_greedy_ver3,20260311230018,18,844.0,0.0
2x2_slot_inorder_place_random_10_greedy_ver3_greedy_ver3,20260311230022,65,2921.0,0.0
2x2_slot_inorder_place_random_10_greedy_ver3_greedy_ver3,20260311230027,23,976.0,0.0
2x2_slot_inorder_place_random_10_greedy_ver3_greedy_ver3,20260311230033,34,1662.0,0.0
2x2_slot_inorder_place_random_10_greedy_ver3_greedy_ver3,20260311230039,23,934.0,0.015625
2x2_slot_inorder_place_random_10_greedy_ver3_greedy_ver3,20260311230043,23,954.0,0.0
2x2_slot_inorder_place_random_10_greedy_ver3_greedy_ver3,20260311230048,28,1394.0,0.0
2x2_slot_inorder_place_random_10_greedy_ver3_greedy_ver3,20260311230052,6,329.0,0.0
2x2_slot_inorder_place_random_10_greedy_ver3_greedy_ver3,20260311230057,36,1477.0,0.0
2x2_slot_inorder_place_random_10_greedy_ver3_greedy_ver3,20260311230104,29,1286.0,0.0
2x2_slot_inorder_place_random_10_greedy_ver3_greedy_ver3,20260311230108,10,597.0,0.0
2x2_slot_inorder_place_random_10_greedy_ver3_greedy_ver3,20260311230113,28,1227.0,0.0
2x2_slot_inorder_place_random_10_greedy_ver3_greedy_ver3,20260311230119,24,1072.0,0.0
2x2_slot_inorder_place_random_10_greedy_ver3_greedy_ver3,20260311230123,5,367.0,0.0
2x2_slot_inorder_place_random_10_greedy_ver3_greedy_ver3,20260311230127,24,1088.0,0.0
2x2_slot_inorder_place_random_10_greedy_ver3_greedy_ver3,20260311230133,46,2227.0,0.0
2x2_slot_inorder_place_random_10_greedy_ver3_greedy_ver3,20260311230140,23,972.0,0.0
2x2_slot_inorder_place_random_10_greedy_ver3_greedy_ver3,20260311230145,23,1108.0,0.0
2x2_slot_inorder_place_random_10_greedy_ver3_greedy_ver3,20260311230149,13,551.0,0.0
2x2_slot_inorder_place_random_10_greedy_ver3_greedy_ver3,20260311230152,11,527.0,0.0
2x2_slot_inorder_place_random_10_greedy_ver3_greedy_ver3,20260311230157,30,1268.0,0.0
2x2_slot_inorder_place_random_10_greedy_ver3_greedy_ver3,20260311230202,19,844.0,0.0
2x2_slot_inorder_place_random_10_greedy_ver3_greedy_ver3,20260311230205,14,699.0,0.0
2x2_slot_inorder_place_random_10_greedy_ver3_greedy_ver3,20260311230210,27,1408.0,0.0
2x2_slot_inorder_place_random_10_greedy_ver3_greedy_ver3,20260311230215,19,854.0,0.015625
2x2_slot_inorder_place_random_10_greedy_ver3_greedy_ver3,20260311230219,16,744.0,0.0
2x2_slot_inorder_place_random_10_greedy_ver3_greedy_ver3,20260311230222,8,447.0,0.0
2x2_slot_inorder_place_random_10_greedy_ver3_greedy_ver3,20260311230225,18,782.0,0.0
2x2_slot_inorder_place_random_10_greedy_ver3_greedy_ver3,20260311230230,23,1132.0,0.0
2x2_slot_inorder_place_random_10_greedy_ver3_greedy_ver3,20260311230235,10,489.0,0.015625
2x2_slot_inorder_place_random_10_greedy_ver3_greedy_ver3,20260311230241,52,2565.0,0.0
2x2_slot_inorder_place_random_10_greedy_ver3_greedy_ver3,20260311230248,27,1372.0,0.0
2x2_slot_inorder_place_random_10_greedy_ver3_greedy_ver3,20260311230255,35,1684.0,0.0
2x2_slot_inorder_place_random_10_greedy_ver3_greedy_ver3,20260311230300,21,944.0,0.015625
2x2_slot_inorder_place_random_10_greedy_ver3_greedy_ver3,20260311230305,23,1068.0,0.0
2x2_slot_inorder_place_random_10_greedy_ver3_greedy_ver3,20260311230309,9,497.0,0.0
2x2_slot_inorder_place_random_10_greedy_ver3_greedy_ver3,20260311230313,28,1152.0,0.0
2x2_slot_inorder_place_random_10_greedy_ver3_greedy_ver3,20260311230318,25,1122.0,0.0
2x2_slot_inorder_place_random_10_greedy_ver3_greedy_ver3,20260311230323,18,812.0,0.0
2x2_slot_inorder_place_random_10_greedy_ver3_greedy_ver3,20260311230330,46,2239.0,0.0
2x2_slot_inorder_place_random_10_greedy_ver3_greedy_ver3,20260311230336,28,1226.0,0.0
2x2_slot_inorder_place_random_10_greedy_ver3_greedy_ver3,20260311230340,25,1330.0,0.0
2x2_slot_inorder_place_random_10_greedy_ver3_greedy_ver3,20260311230343,19,820.0,0.0
2x2_slot_inorder_place_random_10_greedy_ver3_greedy_ver3,20260311230347,19,734.0,0.0
2x2_slot_inorder_place_random_10_greedy_ver3_greedy_ver3,20260311230352,27,1112.0,0.0
2x2_slot_inorder_place_random_10_greedy_ver3_greedy_ver3,20260311230357,28,1156.0,0.0
2x2_slot_inorder_place_random_10_greedy_ver3_greedy_ver3,20260311230404,28,1122.0,0.0
2x2_slot_inorder_place_random_15_grasp_ver3_grasp_ver3,20260311230101,12,680.0,0.015625
2x2_slot_inorder_place_random_15_grasp_ver3_grasp_ver3,20260311230104,29,1286.0,0.0
2x2_slot_inorder_place_random_15_grasp_ver3_grasp_ver3,20260311230107,2,213.0,0.0
2x2_slot_inorder_place_random_15_grasp_ver3_grasp_ver3,20260311230110,18,886.0,0.0
2x2_slot_inorder_place_random_15_grasp_ver3_grasp_ver3,20260311230113,28,1227.0,0.0
2x2_slot_inorder_place_random_15_grasp_ver3_grasp_ver3,20260311230115,2,209.0,0.0
2x2_slot_inorder_place_random_15_grasp_ver3_grasp_ver3,20260311230118,4,275.0,0.0
2x2_slot_inorder_place_random_15_grasp_ver3_grasp_ver3,20260311230122,7,476.0,0.0
2x2_slot_inorder_place_random_15_grasp_ver3_grasp_ver3,20260311230126,3,265.0,0.0
2x2_slot_inorder_place_random_15_grasp_ver3_grasp_ver3,20260311230128,6,268.0,0.0
2x2_slot_inorder_place_random_15_grasp_ver3_grasp_ver3,20260311230133,46,2227.0,0.0
2x2_slot_inorder_place_random_15_grasp_ver3_grasp_ver3,20260311230137,23,1240.0,0.0
2x2_slot_inorder_place_random_15_grasp_ver3_grasp_ver3,20260311230146,11,648.0,0.0
2x2_slot_inorder_place_random_15_grasp_ver3_grasp_ver3,20260311230151,22,1118.0,0.0
2x2_slot_inorder_place_random_15_grasp_ver3_grasp_ver3,20260311230156,13,832.0,0.0
2x2_slot_inorder_place_random_15_grasp_ver3_grasp_ver3,20260311230202,19,844.0,0.0
2x2_slot_inorder_place_random_15_grasp_ver3_grasp_ver3,20260311230205,14,699.0,0.0
2x2_slot_inorder_place_random_15_grasp_ver3_grasp_ver3,20260311230208,2,259.0,0.0
2x2_slot_inorder_place_random_15_grasp_ver3_grasp_ver3,20260311230211,2,223.0,0.0
2x2_slot_inorder_place_random_15_grasp_ver3_grasp_ver3,20260311230214,2,213.0,0.0
2x2_slot_inorder_place_random_15_grasp_ver3_grasp_ver3,20260311230217,10,578.0,0.0
2x2_slot_inorder_place_random_15_grasp_ver3_grasp_ver3,20260311230220,4,345.0,0.0
2x2_slot_inorder_place_random_15_grasp_ver3_grasp_ver3,20260311230223,15,672.0,0.0
2x2_slot_inorder_place_random_15_grasp_ver3_grasp_ver3,20260311230226,2,195.0,0.0
2x2_slot_inorder_place_random_15_grasp_ver3_grasp_ver3,20260311230229,4,365.0,0.0
2x2_slot_inorder_place_random_15_grasp_ver3_grasp_ver3,20260311230233,11,554.0,0.0
2x2_slot_inorder_place_random_15_grasp_ver3_grasp_ver3,20260311230236,16,938.0,0.0
2x2_slot_inorder_place_random_15_grasp_ver3_grasp_ver3,20260311230241,52,2565.0,0.0
2x2_slot_inorder_place_random_15_grasp_ver3_grasp_ver3,20260311230247,9,486.0,0.015625
2x2_slot_inorder_place_random_15_grasp_ver3_grasp_ver3,20260311230251,2,263.0,0.0
2x2_slot_inorder_place_random_15_grasp_ver3_grasp_ver3,20260311230254,4,339.0,0.015625
2x2_slot_inorder_place_random_15_grasp_ver3_grasp_ver3,20260311230257,8,324.0,0.0
2x2_slot_inorder_place_random_15_grasp_ver3_grasp_ver3,20260311230300,21,944.0,0.0
2x2_slot_inorder_place_random_15_grasp_ver3_grasp_ver3,20260311230302,11,510.0,0.0
2x2_slot_inorder_place_random_15_grasp_ver3_grasp_ver3,20260311230306,2,207.0,0.0
2x2_slot_inorder_place_random_15_grasp_ver3_grasp_ver3,20260311230308,4,345.0,0.0
2x2_slot_inorder_place_random_15_grasp_ver3_grasp_ver3,20260311230312,2,207.0,0.0
2x2_slot_inorder_place_random_15_grasp_ver3_grasp_ver3,20260311230314,5,267.0,0.0
2x2_slot_inorder_place_random_15_grasp_ver3_grasp_ver3,20260311230318,25,1122.0,0.0
2x2_slot_inorder_place_random_15_grasp_ver3_grasp_ver3,20260311230322,10,586.0,0.0
2x2_slot_inorder_place_random_15_grasp_ver3_grasp_ver3,20260311230327,3,271.0,0.0
2x2_slot_inorder_place_random_15_grasp_ver3_grasp_ver3,20260311230330,46,2239.0,0.0
2x2_slot_inorder_place_random_15_grasp_ver3_grasp_ver3,20260311230333,10,430.0,0.0
2x2_slot_inorder_place_random_15_grasp_ver3_grasp_ver3,20260311230339,4,245.0,0.0
2x2_slot_inorder_place_random_15_grasp_ver3_grasp_ver3,20260311230342,7,440.0,0.0
2x2_slot_inorder_place_random_15_grasp_ver3_grasp_ver3,20260311230344,4,271.0,0.0
2x2_slot_inorder_place_random_15_grasp_ver3_grasp_ver3,20260311230347,19,734.0,0.0
2x2_slot_inorder_place_random_15_grasp_ver3_grasp_ver3,20260311230351,2,205.0,0.0
2x2_slot_inorder_place_random_15_grasp_ver3_grasp_ver3,20260311230353,3,265.0,0.0
2x2_slot_inorder_place_random_15_grasp_ver3_grasp_ver3,20260311230356,9,580.0,0.0
2x2_slot_inorder_place_random_15_grasp_ver3_grasp_ver3,20260311230401,4,307.0,0.0
2x2_slot_inorder_place_random_15_grasp_ver3_grasp_ver3,20260311230405,3,267.0,0.0
2x2_slot_inorder_place_random_15_grasp_ver3_grasp_ver3,20260311230407,8,555.0,0.0
2x2_slot_inorder_place_random_15_grasp_ver3_grasp_ver3,20260311230410,2,203.0,0.0
2x2_slot_inorder_place_random_15_grasp_ver3_grasp_ver3,20260311230413,2,221.0,0.0
2x2_slot_inorder_place_random_15_grasp_ver3_grasp_ver3,20260311230416,21,1232.0,0.0
2x2_slot_inorder_place_random_15_grasp_ver3_grasp_ver3,20260311230420,5,377.0,0.0
2x2_slot_inorder_place_random_15_grasp_ver3_grasp_ver3,20260311230424,4,289.0,0.0
2x2_slot_inorder_place_random_15_grasp_ver3_grasp_ver3,20260311230429,23,1482.0,0.0
2x2_slot_inorder_place_random_15_grasp_ver3_grasp_ver3,20260311230437,9,485.0,0.0
2x2_slot_inorder_place_random_15_grasp_ver3_grasp_ver3,20260311230439,6,316.0,0.0
2x2_slot_inorder_place_random_15_grasp_ver3_grasp_ver3,20260311230443,12,592.0,0.0
2x2_slot_inorder_place_random_15_grasp_ver3_grasp_ver3,20260311230446,7,404.0,0.0
2x2_slot_inorder_place_random_15_grasp_ver3_grasp_ver3,20260311230450,10,628.0,0.0
2x2_slot_inorder_place_random_15_grasp_ver3_grasp_ver3,20260311230456,14,632.0,0.0
2x2_slot_inorder_place_random_15_grasp_ver3_grasp_ver3,20260311230502,13,792.0,0.0
2x2_slot_inorder_place_random_15_grasp_ver3_grasp_ver3,20260311230506,18,820.0,0.0
2x2_slot_inorder_place_random_15_grasp_ver3_grasp_ver3,20260311230508,9,486.0,0.0
2x2_slot_inorder_place_random_15_grasp_ver3_grasp_ver3,20260311230511,19,872.0,0.0
2x2_slot_inorder_place_random_15_grasp_ver3_grasp_ver3,20260311230513,3,269.0,0.0
2x2_slot_inorder_place_random_15_grasp_ver3_grasp_ver3,20260311230515,15,800.0,0.0
2x2_slot_inorder_place_random_15_grasp_ver3_grasp_ver3,20260311230519,2,195.0,0.0
2x2_slot_inorder_place_random_15_grasp_ver3_grasp_ver3,20260311230521,5,309.0,0.0
2x2_slot_inorder_place_random_15_grasp_ver3_grasp_ver3,20260311230526,8,484.0,0.015625
2x2_slot_inorder_place_random_15_grasp_ver3_grasp_ver3,20260311230530,13,642.0,0.0
2x2_slot_inorder_place_random_15_grasp_ver3_grasp_ver3,20260311230536,17,994.0,0.0
2x2_slot_inorder_place_random_15_grasp_ver3_grasp_ver3,20260311230540,29,1372.0,0.0
2x2_slot_inorder_place_random_15_grasp_ver3_grasp_ver3,20260311230545,4,249.0,0.0
2x2_slot_inorder_place_random_15_grasp_ver3_grasp_ver3,20260311230548,5,299.0,0.0
2x2_slot_inorder_place_random_15_grasp_ver3_grasp_ver3,20260311230551,10,466.0,0.0
2x2_slot_inorder_place_random_15_grasp_ver3_grasp_ver3,20260311230556,39,1959.0,0.0
2x2_slot_inorder_place_random_15_grasp_ver3_grasp_ver3,20260311230606,9,478.0,0.0
2x2_slot_inorder_place_random_15_grasp_ver3_grasp_ver3,20260311230611,6,431.0,0.015625
2x2_slot_inorder_place_random_15_grasp_ver3_grasp_ver3,20260311230613,14,696.0,0.0
2x2_slot_inorder_place_random_15_grasp_ver3_grasp_ver3,20260311230617,29,1346.0,0.0
2x2_slot_inorder_place_random_15_grasp_ver3_grasp_ver3,20260311230622,13,758.0,0.0
2x2_slot_inorder_place_random_15_grasp_ver3_grasp_ver3,20260311230626,5,283.0,0.0
2x2_slot_inorder_place_random_15_grasp_ver3_grasp_ver3,20260311230629,18,924.0,0.0
2x2_slot_inorder_place_random_15_grasp_ver3_grasp_ver3,20260311230631,6,236.0,0.0
2x2_slot_inorder_place_random_15_grasp_ver3_grasp_ver3,20260311230634,2,211.0,0.0
2x2_slot_inorder_place_random_15_grasp_ver3_grasp_ver3,20260311230637,7,370.0,0.0
2x2_slot_inorder_place_random_15_grasp_ver3_grasp_ver3,20260311230641,21,1016.0,0.015625
2x2_slot_inorder_place_random_15_grasp_ver3_grasp_ver3,20260311230650,7,403.0,0.0
2x2_slot_inorder_place_random_15_grasp_ver3_grasp_ver3,20260311230652,17,926.0,0.0
2x2_slot_inorder_place_random_15_grasp_ver3_grasp_ver3,20260311230659,20,1094.0,0.0
2x2_slot_inorder_place_random_15_grasp_ver3_grasp_ver3,20260311230704,4,245.0,0.0
2x2_slot_inorder_place_random_15_grasp_ver3_grasp_ver3,20260311230708,4,293.0,0.0
2x2_slot_inorder_place_random_15_grasp_ver3_grasp_ver3,20260311230711,45,2109.0,0.0
2x2_slot_inorder_place_random_15_grasp_ver3_grasp_ver3,20260311230720,10,520.0,0.0
2x2_slot_inorder_place_random_15_grasp_ver3_grasp_ver3,20260311230723,4,313.0,0.0
2x2_slot_inorder_place_random_15_grasp_ver3_grasp_ver3,20260311230727,12,580.0,0.0
2x2_slot_inorder_place_random_15_grasp_ver3_grasp_ver3,20260311230731,11,700.0,0.015625
2x2_slot_inorder_place_random_15_grasp_ver3_grasp_ver3,20260311230735,26,1300.0,0.0
2x2_slot_inorder_place_random_15_grasp_ver3_grasp_ver3,20260311230742,4,271.0,0.0
2x2_slot_inorder_place_random_15_grasp_ver3_grasp_ver3,20260311230745,4,285.0,0.0
2x2_slot_inorder_place_random_15_grasp_ver3_grasp_ver3,20260311230749,16,890.0,0.0
2x2_slot_inorder_place_random_15_grasp_ver3_grasp_ver3,20260311230752,11,504.0,0.0
2x2_slot_inorder_place_random_15_grasp_ver3_grasp_ver3,20260311230759,18,894.0,0.0
2x2_slot_inorder_place_random_15_grasp_ver3_grasp_ver3,20260311230804,19,920.0,0.0
2x2_slot_inorder_place_random_15_grasp_ver3_grasp_ver3,20260311230808,23,1052.0,0.0
2x2_slot_inorder_place_random_15_grasp_ver3_grasp_ver3,20260311230816,39,1739.0,0.0
2x2_slot_inorder_place_random_15_grasp_ver3_grasp_ver3,20260311230823,6,403.0,0.0
2x2_slot_inorder_place_random_15_grasp_ver3_grasp_ver3,20260311230825,13,704.0,0.0
2x2_slot_inorder_place_random_15_grasp_ver3_grasp_ver3,20260311230830,6,329.0,0.0
2x2_slot_inorder_place_random_15_grasp_ver3_grasp_ver3,20260311230833,13,804.0,0.0
2x2_slot_inorder_place_random_15_grasp_ver3_grasp_ver3,20260311230839,2,239.0,0.0
2x2_slot_inorder_place_random_15_grasp_ver3_grasp_ver3,20260311230841,24,1156.0,0.0
2x2_slot_inorder_place_random_15_grasp_ver3_grasp_ver3,20260311230847,12,578.0,0.0
2x2_slot_inorder_place_random_15_grasp_ver3_grasp_ver3,20260311230852,5,267.0,0.0
2x2_slot_inorder_place_random_15_grasp_ver3_grasp_ver3,20260311230856,38,1585.0,0.0
2x2_slot_inorder_place_random_15_grasp_ver3_grasp_ver3,20260311230903,11,488.0,0.0
2x2_slot_inorder_place_random_15_grasp_ver3_grasp_ver3,20260311230908,2,227.0,0.0
2x2_slot_inorder_place_random_15_grasp_ver3_grasp_ver3,20260311230910,11,518.0,0.0
2x2_slot_inorder_place_random_15_grasp_ver3_grasp_ver3,20260311230917,42,1909.0,0.0
2x2_slot_inorder_place_random_15_grasp_ver3_grasp_ver3,20260311230923,28,1158.0,0.0
2x2_slot_inorder_place_random_15_grasp_ver3_grasp_ver3,20260311230928,8,463.0,0.0
2x2_slot_inorder_place_random_15_grasp_ver3_grasp_ver3,20260311230931,10,510.0,0.015625
2x2_slot_inorder_place_random_15_grasp_ver3_grasp_ver3,20260311230935,9,380.0,0.015625
2x2_slot_inorder_place_random_15_grasp_ver3_grasp_ver3,20260311230940,12,554.0,0.0
2x2_slot_inorder_place_random_15_grasp_ver3_grasp_ver3,20260311230943,4,297.0,0.0
2x2_slot_inorder_place_random_15_grasp_ver3_grasp_ver3,20260311230947,7,334.0,0.0
2x2_slot_inorder_place_random_15_grasp_ver3_grasp_ver3,20260311230951,9,408.0,0.015625
2x2_slot_inorder_place_random_15_grasp_ver3_grasp_ver3,20260311230955,26,1336.0,0.0
2x2_slot_inorder_place_random_15_grasp_ver3_grasp_ver3,20260311231002,32,1513.0,0.0
2x2_slot_inorder_place_random_15_grasp_ver3_grasp_ver3,20260311231007,10,648.0,0.0
2x2_slot_inorder_place_random_15_grasp_ver3_grasp_ver3,20260311231012,16,784.0,0.0
2x2_slot_inorder_place_random_15_grasp_ver3_grasp_ver3,20260311231018,14,694.0,0.0
2x2_slot_inorder_place_random_15_grasp_ver3_grasp_ver3,20260311231025,2,187.0,0.0
2x2_slot_inorder_place_random_15_grasp_ver3_grasp_ver3,20260311231027,7,414.0,0.0
2x2_slot_inorder_place_random_15_grasp_ver3_grasp_ver3,20260311231032,7,404.0,0.0
2x2_slot_inorder_place_random_15_grasp_ver3_grasp_ver3,20260311231036,5,261.0,0.0
2x2_slot_inorder_place_random_15_grasp_ver3_grasp_ver3,20260311231039,8,264.0,0.0
2x2_slot_inorder_place_random_15_grasp_ver3_grasp_ver3,20260311231044,15,686.0,0.0
2x2_slot_inorder_place_random_15_grasp_ver3_grasp_ver3,20260311231047,30,1429.0,0.0
2x2_slot_inorder_place_random_15_grasp_ver3_grasp_ver3,20260311231055,18,890.0,0.0
2x2_slot_inorder_place_random_15_grasp_ver3_grasp_ver3,20260311231102,15,752.0,0.0
2x2_slot_inorder_place_random_15_grasp_ver3_grasp_ver3,20260311231108,32,1465.0,0.0
2x2_slot_inorder_place_random_15_grasp_ver3_grasp_ver3,20260311231111,8,514.0,0.0
2x2_slot_inorder_place_random_15_grasp_ver3_grasp_ver3,20260311231116,10,492.0,0.0
2x2_slot_inorder_place_random_15_grasp_ver3_grasp_ver3,20260311231121,11,508.0,0.0
2x2_slot_inorder_place_random_15_grasp_ver3_greedy_ver3,20260311230102,12,783.0,0.0
2x2_slot_inorder_place_random_15_grasp_ver3_greedy_ver3,20260311230105,17,990.0,0.0
2x2_slot_inorder_place_random_15_grasp_ver3_greedy_ver3,20260311230109,13,609.0,0.0
2x2_slot_inorder_place_random_15_grasp_ver3_greedy_ver3,20260311230111,8,405.0,0.0
2x2_slot_inorder_place_random_15_grasp_ver3_greedy_ver3,20260311230114,4,287.0,0.0
2x2_slot_inorder_place_random_15_grasp_ver3_greedy_ver3,20260311230116,8,401.0,0.0
2x2_slot_inorder_place_random_15_grasp_ver3_greedy_ver3,20260311230121,13,575.0,0.0
2x2_slot_inorder_place_random_15_grasp_ver3_greedy_ver3,20260311230124,19,1058.0,0.0
2x2_slot_inorder_place_random_15_grasp_ver3_greedy_ver3,20260311230127,24,1088.0,0.0
2x2_slot_inorder_place_random_15_grasp_ver3_greedy_ver3,20260311230131,17,810.0,0.0
2x2_slot_inorder_place_random_15_grasp_ver3_greedy_ver3,20260311230135,16,766.0,0.0
2x2_slot_inorder_place_random_15_grasp_ver3_greedy_ver3,20260311230141,33,1431.0,0.0
2x2_slot_inorder_place_random_15_grasp_ver3_greedy_ver3,20260311230148,24,1136.0,0.0
2x2_slot_inorder_place_random_15_grasp_ver3_greedy_ver3,20260311230153,32,1424.0,0.0
2x2_slot_inorder_place_random_15_grasp_ver3_greedy_ver3,20260311230159,20,1219.0,0.0
2x2_slot_inorder_place_random_15_grasp_ver3_greedy_ver3,20260311230203,6,590.0,0.0
2x2_slot_inorder_place_random_15_grasp_ver3_greedy_ver3,20260311230207,29,1578.0,0.0
2x2_slot_inorder_place_random_15_grasp_ver3_greedy_ver3,20260311230209,4,289.0,0.0
2x2_slot_inorder_place_random_15_grasp_ver3_greedy_ver3,20260311230212,13,619.0,0.0
2x2_slot_inorder_place_random_15_grasp_ver3_greedy_ver3,20260311230215,19,854.0,0.0
2x2_slot_inorder_place_random_15_grasp_ver3_greedy_ver3,20260311230219,16,744.0,0.0
2x2_slot_inorder_place_random_15_grasp_ver3_greedy_ver3,20260311230221,10,548.0,0.0
2x2_slot_inorder_place_random_15_grasp_ver3_greedy_ver3,20260311230224,16,776.0,0.0
2x2_slot_inorder_place_random_15_grasp_ver3_greedy_ver3,20260311230228,20,966.0,0.0
2x2_slot_inorder_place_random_15_grasp_ver3_greedy_ver3,20260311230231,10,587.0,0.0
2x2_slot_inorder_place_random_15_grasp_ver3_greedy_ver3,20260311230234,8,475.0,0.0
2x2_slot_inorder_place_random_15_grasp_ver3_greedy_ver3,20260311230239,18,956.0,0.015625
2x2_slot_inorder_place_random_15_grasp_ver3_greedy_ver3,20260311230244,18,768.0,0.0
2x2_slot_inorder_place_random_15_grasp_ver3_greedy_ver3,20260311230249,15,824.0,0.015625
2x2_slot_inorder_place_random_15_grasp_ver3_greedy_ver3,20260311230252,4,293.0,0.0
2x2_slot_inorder_place_random_15_grasp_ver3_greedy_ver3,20260311230255,35,1684.0,0.0
2x2_slot_inorder_place_random_15_grasp_ver3_greedy_ver3,20260311230258,4,293.0,0.0
2x2_slot_inorder_place_random_15_grasp_ver3_greedy_ver3,20260311230301,6,355.0,0.0
2x2_slot_inorder_place_random_15_grasp_ver3_greedy_ver3,20260311230304,8,465.0,0.0
2x2_slot_inorder_place_random_15_grasp_ver3_greedy_ver3,20260311230307,14,802.0,0.0
2x2_slot_inorder_place_random_15_grasp_ver3_greedy_ver3,20260311230310,10,645.0,0.0
2x2_slot_inorder_place_random_15_grasp_ver3_greedy_ver3,20260311230313,28,1152.0,0.0
2x2_slot_inorder_place_random_15_grasp_ver3_greedy_ver3,20260311230316,26,1252.0,0.0
2x2_slot_inorder_place_random_15_grasp_ver3_greedy_ver3,20260311230320,19,1100.0,0.0
2x2_slot_inorder_place_random_15_grasp_ver3_greedy_ver3,20260311230324,26,1392.0,0.0
2x2_slot_inorder_place_random_15_grasp_ver3_greedy_ver3,20260311230328,13,789.0,0.0
2x2_slot_inorder_place_random_15_grasp_ver3_greedy_ver3,20260311230332,8,537.0,0.0
2x2_slot_inorder_place_random_15_grasp_ver3_greedy_ver3,20260311230336,28,1226.0,0.0
2x2_slot_inorder_place_random_15_grasp_ver3_greedy_ver3,20260311230340,25,1330.0,0.0
2x2_slot_inorder_place_random_15_grasp_ver3_greedy_ver3,20260311230343,19,820.0,0.0
2x2_slot_inorder_place_random_15_grasp_ver3_greedy_ver3,20260311230346,9,431.0,0.0
2x2_slot_inorder_place_random_15_grasp_ver3_greedy_ver3,20260311230349,23,1094.0,0.0
2x2_slot_inorder_place_random_15_grasp_ver3_greedy_ver3,20260311230352,27,1112.0,0.015625
2x2_slot_inorder_place_random_15_grasp_ver3_greedy_ver3,20260311230355,6,345.0,0.0
2x2_slot_inorder_place_random_15_grasp_ver3_greedy_ver3,20260311230358,18,970.0,0.0
2x2_slot_inorder_place_random_15_grasp_ver3_greedy_ver3,20260311230403,12,671.0,0.0
2x2_slot_inorder_place_random_15_grasp_ver3_greedy_ver3,20260311230406,6,347.0,0.0
2x2_slot_inorder_place_random_15_grasp_ver3_greedy_ver3,20260311230409,13,821.0,0.0
2x2_slot_inorder_place_random_15_grasp_ver3_greedy_ver3,20260311230411,8,423.0,0.0
2x2_slot_inorder_place_random_15_grasp_ver3_greedy_ver3,20260311230414,13,617.0,0.0
2x2_slot_inorder_place_random_15_grasp_ver3_greedy_ver3,20260311230418,17,970.0,0.0
2x2_slot_inorder_place_random_15_grasp_ver3_greedy_ver3,20260311230423,14,651.0,0.0
2x2_slot_inorder_place_random_15_grasp_ver3_greedy_ver3,20260311230427,4,289.0,0.0
2x2_slot_inorder_place_random_15_grasp_ver3_greedy_ver3,20260311230433,36,1828.0,0.0
2x2_slot_inorder_place_random_15_grasp_ver3_greedy_ver3,20260311230438,6,347.0,0.0
2x2_slot_inorder_place_random_15_grasp_ver3_greedy_ver3,20260311230440,8,443.0,0.0
2x2_slot_inorder_place_random_15_grasp_ver3_greedy_ver3,20260311230444,11,647.0,0.0
2x2_slot_inorder_place_random_15_grasp_ver3_greedy_ver3,20260311230448,18,864.0,0.0
2x2_slot_inorder_place_random_15_grasp_ver3_greedy_ver3,20260311230453,22,1192.0,0.0
2x2_slot_inorder_place_random_15_grasp_ver3_greedy_ver3,20260311230459,14,660.0,0.0
2x2_slot_inorder_place_random_15_grasp_ver3_greedy_ver3,20260311230504,11,498.0,0.0
2x2_slot_inorder_place_random_15_grasp_ver3_greedy_ver3,20260311230507,4,295.0,0.0
2x2_slot_inorder_place_random_15_grasp_ver3_greedy_ver3,20260311230509,8,387.0,0.0
2x2_slot_inorder_place_random_15_grasp_ver3_greedy_ver3,20260311230512,8,475.0,0.0
2x2_slot_inorder_place_random_15_grasp_ver3_greedy_ver3,20260311230514,6,349.0,0.015625
2x2_slot_inorder_place_random_15_grasp_ver3_greedy_ver3,20260311230517,13,609.0,0.0
2x2_slot_inorder_place_random_15_grasp_ver3_greedy_ver3,20260311230520,8,423.0,0.0
2x2_slot_inorder_place_random_15_grasp_ver3_greedy_ver3,20260311230524,10,551.0,0.0
2x2_slot_inorder_place_random_15_grasp_ver3_greedy_ver3,20260311230528,30,1596.0,0.0
2x2_slot_inorder_place_random_15_grasp_ver3_greedy_ver3,20260311230533,14,632.0,0.0
2x2_slot_inorder_place_random_15_grasp_ver3_greedy_ver3,20260311230538,21,1086.0,0.0
2x2_slot_inorder_place_random_15_grasp_ver3_greedy_ver3,20260311230543,22,1160.0,0.0
2x2_slot_inorder_place_random_15_grasp_ver3_greedy_ver3,20260311230546,14,674.0,0.0
2x2_slot_inorder_place_random_15_grasp_ver3_greedy_ver3,20260311230550,15,660.0,0.0
2x2_slot_inorder_place_random_15_grasp_ver3_greedy_ver3,20260311230553,31,1350.0,0.0
2x2_slot_inorder_place_random_15_grasp_ver3_greedy_ver3,20260311230601,45,2125.0,0.015625
2x2_slot_inorder_place_random_15_grasp_ver3_greedy_ver3,20260311230608,24,1004.0,0.0
2x2_slot_inorder_place_random_15_grasp_ver3_greedy_ver3,20260311230612,9,386.0,0.0
2x2_slot_inorder_place_random_15_grasp_ver3_greedy_ver3,20260311230615,22,1052.0,0.0
2x2_slot_inorder_place_random_15_grasp_ver3_greedy_ver3,20260311230619,24,1144.0,0.0
2x2_slot_inorder_place_random_15_grasp_ver3_greedy_ver3,20260311230624,10,535.0,0.0
2x2_slot_inorder_place_random_15_grasp_ver3_greedy_ver3,20260311230627,18,828.0,0.0
2x2_slot_inorder_place_random_15_grasp_ver3_greedy_ver3,20260311230630,4,299.0,0.0
2x2_slot_inorder_place_random_15_grasp_ver3_greedy_ver3,20260311230633,23,1178.0,0.0
2x2_slot_inorder_place_random_15_grasp_ver3_greedy_ver3,20260311230636,27,1356.0,0.0
2x2_slot_inorder_place_random_15_grasp_ver3_greedy_ver3,20260311230639,20,890.0,0.0
2x2_slot_inorder_place_random_15_grasp_ver3_greedy_ver3,20260311230645,30,1422.0,0.0
2x2_slot_inorder_place_random_15_grasp_ver3_greedy_ver3,20260311230651,9,495.0,0.0
2x2_slot_inorder_place_random_15_grasp_ver3_greedy_ver3,20260311230655,35,1577.0,0.0
2x2_slot_inorder_place_random_15_grasp_ver3_greedy_ver3,20260311230702,22,1056.0,0.0
2x2_slot_inorder_place_random_15_grasp_ver3_greedy_ver3,20260311230706,18,848.0,0.0
2x2_slot_inorder_place_random_15_grasp_ver3_greedy_ver3,20260311230710,9,423.0,0.0
2x2_slot_inorder_place_random_15_grasp_ver3_greedy_ver3,20260311230715,41,1956.0,0.0
2x2_slot_inorder_place_random_15_grasp_ver3_greedy_ver3,20260311230722,14,570.0,0.0
2x2_slot_inorder_place_random_15_grasp_ver3_greedy_ver3,20260311230725,8,557.0,0.0
2x2_slot_inorder_place_random_15_grasp_ver3_greedy_ver3,20260311230729,19,824.0,0.0
2x2_slot_inorder_place_random_15_grasp_ver3_greedy_ver3,20260311230733,11,604.0,0.0
2x2_slot_inorder_place_random_15_grasp_ver3_greedy_ver3,20260311230738,27,1134.0,0.0
2x2_slot_inorder_place_random_15_grasp_ver3_greedy_ver3,20260311230743,21,1038.0,0.0
2x2_slot_inorder_place_random_15_grasp_ver3_greedy_ver3,20260311230747,9,449.0,0.0
2x2_slot_inorder_place_random_15_grasp_ver3_greedy_ver3,20260311230750,14,666.0,0.015625
2x2_slot_inorder_place_random_15_grasp_ver3_greedy_ver3,20260311230755,25,1074.0,0.0
2x2_slot_inorder_place_random_15_grasp_ver3_greedy_ver3,20260311230801,42,1955.0,0.0
2x2_slot_inorder_place_random_15_grasp_ver3_greedy_ver3,20260311230806,21,990.0,0.0
2x2_slot_inorder_place_random_15_grasp_ver3_greedy_ver3,20260311230811,35,1518.0,0.0
2x2_slot_inorder_place_random_15_grasp_ver3_greedy_ver3,20260311230819,35,1386.0,0.0
2x2_slot_inorder_place_random_15_grasp_ver3_greedy_ver3,20260311230824,12,552.0,0.0
2x2_slot_inorder_place_random_15_grasp_ver3_greedy_ver3,20260311230828,25,1074.0,0.0
2x2_slot_inorder_place_random_15_grasp_ver3_greedy_ver3,20260311230832,21,988.0,0.0
2x2_slot_inorder_place_random_15_grasp_ver3_greedy_ver3,20260311230836,30,1550.0,0.0
2x2_slot_inorder_place_random_15_grasp_ver3_greedy_ver3,20260311230840,8,394.0,0.0
2x2_slot_inorder_place_random_15_grasp_ver3_greedy_ver3,20260311230844,30,1258.0,0.0
2x2_slot_inorder_place_random_15_grasp_ver3_greedy_ver3,20260311230850,21,1052.0,0.0
2x2_slot_inorder_place_random_15_grasp_ver3_greedy_ver3,20260311230854,10,499.0,0.015625
2x2_slot_inorder_place_random_15_grasp_ver3_greedy_ver3,20260311230859,36,1665.0,0.0
2x2_slot_inorder_place_random_15_grasp_ver3_greedy_ver3,20260311230905,41,1728.0,0.0
2x2_slot_inorder_place_random_15_grasp_ver3_greedy_ver3,20260311230909,49,2039.0,0.0
2x2_slot_inorder_place_random_15_grasp_ver3_greedy_ver3,20260311230913,22,952.0,0.0
2x2_slot_inorder_place_random_15_grasp_ver3_greedy_ver3,20260311230920,31,1496.0,0.015625
2x2_slot_inorder_place_random_15_grasp_ver3_greedy_ver3,20260311230926,27,1152.0,0.0
2x2_slot_inorder_place_random_15_grasp_ver3_greedy_ver3,20260311230929,24,1108.0,0.0
2x2_slot_inorder_place_random_15_grasp_ver3_greedy_ver3,20260311230933,22,968.0,0.0
2x2_slot_inorder_place_random_15_grasp_ver3_greedy_ver3,20260311230937,30,1302.0,0.0
2x2_slot_inorder_place_random_15_grasp_ver3_greedy_ver3,20260311230942,13,641.0,0.0
2x2_slot_inorder_place_random_15_grasp_ver3_greedy_ver3,20260311230945,34,1492.0,0.0
2x2_slot_inorder_place_random_15_grasp_ver3_greedy_ver3,20260311230949,24,1070.0,0.0
2x2_slot_inorder_place_random_15_grasp_ver3_greedy_ver3,20260311230953,17,804.0,0.0
2x2_slot_inorder_place_random_15_grasp_ver3_greedy_ver3,20260311230958,39,1812.0,0.0
2x2_slot_inorder_place_random_15_grasp_ver3_greedy_ver3,20260311231004,24,1392.0,0.015625
2x2_slot_inorder_place_random_15_grasp_ver3_greedy_ver3,20260311231009,18,884.0,0.0
2x2_slot_inorder_place_random_15_grasp_ver3_greedy_ver3,20260311231015,33,1372.0,0.0
2x2_slot_inorder_place_random_15_grasp_ver3_greedy_ver3,20260311231022,31,1348.0,0.0
2x2_slot_inorder_place_random_15_grasp_ver3_greedy_ver3,20260311231026,27,1266.0,0.0
2x2_slot_inorder_place_random_15_grasp_ver3_greedy_ver3,20260311231029,18,782.0,0.0
2x2_slot_inorder_place_random_15_grasp_ver3_greedy_ver3,20260311231034,18,802.0,0.0
2x2_slot_inorder_place_random_15_grasp_ver3_greedy_ver3,20260311231037,22,968.0,0.0
2x2_slot_inorder_place_random_15_grasp_ver3_greedy_ver3,20260311231041,21,904.0,0.0
2x2_slot_inorder_place_random_15_grasp_ver3_greedy_ver3,20260311231045,9,499.0,0.0
2x2_slot_inorder_place_random_15_grasp_ver3_greedy_ver3,20260311231050,28,1246.0,0.0
2x2_slot_inorder_place_random_15_grasp_ver3_greedy_ver3,20260311231058,39,1797.0,0.0
2x2_slot_inorder_place_random_15_grasp_ver3_greedy_ver3,20260311231105,37,1898.0,0.015625
2x2_slot_inorder_place_random_15_grasp_ver3_greedy_ver3,20260311231110,13,597.0,0.0
2x2_slot_inorder_place_random_15_grasp_ver3_greedy_ver3,20260311231113,26,1046.0,0.0
2x2_slot_inorder_place_random_15_grasp_ver3_greedy_ver3,20260311231118,35,1624.0,0.015625
2x2_slot_inorder_place_random_15_grasp_ver3_greedy_ver3,20260311231124,33,1382.0,0.0
2x2_slot_inorder_place_random_15_greedy_ver3_grasp_ver3,20260311224921,2,203.0,0.0
2x2_slot_inorder_place_random_15_greedy_ver3_grasp_ver3,20260311224924,2,209.0,0.0
2x2_slot_inorder_place_random_15_greedy_ver3_grasp_ver3,20260311224927,14,736.0,0.015625
2x2_slot_inorder_place_random_15_greedy_ver3_grasp_ver3,20260311224930,2,223.0,0.0
2x2_slot_inorder_place_random_15_greedy_ver3_grasp_ver3,20260311224933,4,253.0,0.015625
2x2_slot_inorder_place_random_15_greedy_ver3_grasp_ver3,20260311224936,15,1007.0,0.0
2x2_slot_inorder_place_random_15_greedy_ver3_grasp_ver3,20260311224939,4,309.0,0.0
2x2_slot_inorder_place_random_15_greedy_ver3_grasp_ver3,20260311224942,9,536.0,0.015625
2x2_slot_inorder_place_random_15_greedy_ver3_grasp_ver3,20260311224945,5,335.0,0.0
2x2_slot_inorder_place_random_15_greedy_ver3_grasp_ver3,20260311224949,3,275.0,0.0
2x2_slot_inorder_place_random_15_greedy_ver3_grasp_ver3,20260311224952,8,462.0,0.0
2x2_slot_inorder_place_random_15_greedy_ver3_grasp_ver3,20260311224957,19,1122.0,0.0
2x2_slot_inorder_place_random_15_greedy_ver3_grasp_ver3,20260311225007,11,648.0,0.0
2x2_slot_inorder_place_random_15_greedy_ver3_grasp_ver3,20260311225012,13,740.0,0.0
2x2_slot_inorder_place_random_15_greedy_ver3_grasp_ver3,20260311225016,2,223.0,0.0
2x2_slot_inorder_place_random_15_greedy_ver3_grasp_ver3,20260311225019,2,213.0,0.015625
2x2_slot_inorder_place_random_15_greedy_ver3_grasp_ver3,20260311225022,4,281.0,0.0
2x2_slot_inorder_place_random_15_greedy_ver3_grasp_ver3,20260311225025,2,263.0,0.0
2x2_slot_inorder_place_random_15_greedy_ver3_grasp_ver3,20260311225027,2,271.0,0.0
2x2_slot_inorder_place_random_15_greedy_ver3_grasp_ver3,20260311225029,9,538.0,0.0
2x2_slot_inorder_place_random_15_greedy_ver3_grasp_ver3,20260311225033,29,1672.0,0.0
2x2_slot_inorder_place_random_15_greedy_ver3_grasp_ver3,20260311225037,13,779.0,0.0
2x2_slot_inorder_place_random_15_greedy_ver3_grasp_ver3,20260311225039,8,492.0,0.0
2x2_slot_inorder_place_random_15_greedy_ver3_grasp_ver3,20260311225043,4,615.0,0.015625
2x2_slot_inorder_place_random_15_greedy_ver3_grasp_ver3,20260311225047,18,1036.0,0.0
2x2_slot_inorder_place_random_15_greedy_ver3_grasp_ver3,20260311225052,20,1161.0,0.015625
2x2_slot_inorder_place_random_15_greedy_ver3_grasp_ver3,20260311225057,20,1088.0,0.015625
2x2_slot_inorder_place_random_15_greedy_ver3_grasp_ver3,20260311225101,15,862.0,0.0
2x2_slot_inorder_place_random_15_greedy_ver3_grasp_ver3,20260311225105,49,2191.0,0.0
2x2_slot_inorder_place_random_15_greedy_ver3_grasp_ver3,20260311225111,2,197.0,0.015625
2x2_slot_inorder_place_random_15_greedy_ver3_grasp_ver3,20260311225113,29,1246.0,0.0
2x2_slot_inorder_place_random_15_greedy_ver3_grasp_ver3,20260311225116,4,283.0,0.0
2x2_slot_inorder_place_random_15_greedy_ver3_grasp_ver3,20260311225120,2,275.0,0.0
2x2_slot_inorder_place_random_15_greedy_ver3_grasp_ver3,20260311225122,5,279.0,0.0
2x2_slot_inorder_place_random_15_greedy_ver3_grasp_ver3,20260311225125,3,275.0,0.0
2x2_slot_inorder_place_random_15_greedy_ver3_grasp_ver3,20260311225128,26,1326.0,0.0
2x2_slot_inorder_place_random_15_greedy_ver3_grasp_ver3,20260311225131,10,518.0,0.0
2x2_slot_inorder_place_random_15_greedy_ver3_grasp_ver3,20260311225134,23,1249.0,0.0
2x2_slot_inorder_place_random_15_greedy_ver3_grasp_ver3,20260311225138,5,313.0,0.0
2x2_slot_inorder_place_random_15_greedy_ver3_grasp_ver3,20260311225142,10,620.0,0.0
2x2_slot_inorder_place_random_15_greedy_ver3_grasp_ver3,20260311225148,3,271.0,0.0
2x2_slot_inorder_place_random_15_greedy_ver3_grasp_ver3,20260311225152,3,275.0,0.0
2x2_slot_inorder_place_random_15_greedy_ver3_grasp_ver3,20260311225154,3,265.0,0.0
2x2_slot_inorder_place_random_15_greedy_ver3_grasp_ver3,20260311225157,2,275.0,0.0
2x2_slot_inorder_place_random_15_greedy_ver3_grasp_ver3,20260311225200,5,349.0,0.0
2x2_slot_inorder_place_random_15_greedy_ver3_grasp_ver3,20260311225204,22,1263.0,0.0
2x2_slot_inorder_place_random_15_greedy_ver3_grasp_ver3,20260311225207,16,820.0,0.0
2x2_slot_inorder_place_random_15_greedy_ver3_grasp_ver3,20260311225212,12,749.0,0.0
2x2_slot_inorder_place_random_15_greedy_ver3_grasp_ver3,20260311225215,8,402.0,0.0
2x2_slot_inorder_place_random_15_greedy_ver3_grasp_ver3,20260311225220,15,948.0,0.0
2x2_slot_inorder_place_random_15_greedy_ver3_grasp_ver3,20260311225226,4,259.0,0.0
2x2_slot_inorder_place_random_15_greedy_ver3_grasp_ver3,20260311225230,2,211.0,0.0
2x2_slot_inorder_place_random_15_greedy_ver3_grasp_ver3,20260311225232,2,225.0,0.0
2x2_slot_inorder_place_random_15_greedy_ver3_grasp_ver3,20260311225235,4,237.0,0.0
2x2_slot_inorder_place_random_15_greedy_ver3_grasp_ver3,20260311225239,2,207.0,0.0
2x2_slot_inorder_place_random_15_greedy_ver3_grasp_ver3,20260311225242,13,688.0,0.0
2x2_slot_inorder_place_random_15_greedy_ver3_grasp_ver3,20260311225246,3,277.0,0.0
2x2_slot_inorder_place_random_15_greedy_ver3_grasp_ver3,20260311225248,21,1026.0,0.0
2x2_slot_inorder_place_random_15_greedy_ver3_grasp_ver3,20260311225251,4,267.0,0.0
2x2_slot_inorder_place_random_15_greedy_ver3_grasp_ver3,20260311225254,8,489.0,0.0
2x2_slot_inorder_place_random_15_greedy_ver3_grasp_ver3,20260311225257,19,1098.0,0.015625
2x2_slot_inorder_place_random_15_greedy_ver3_grasp_ver3,20260311225301,22,1132.0,0.0
2x2_slot_inorder_place_random_15_greedy_ver3_grasp_ver3,20260311225305,11,606.0,0.0
2x2_slot_inorder_place_random_15_greedy_ver3_grasp_ver3,20260311225311,28,1464.0,0.0
2x2_slot_inorder_place_random_15_greedy_ver3_grasp_ver3,20260311225318,16,1092.0,0.0
2x2_slot_inorder_place_random_15_greedy_ver3_grasp_ver3,20260311225324,4,251.0,0.0
2x2_slot_inorder_place_random_15_greedy_ver3_grasp_ver3,20260311225327,6,345.0,0.0
2x2_slot_inorder_place_random_15_greedy_ver3_grasp_ver3,20260311225330,2,195.0,0.0
2x2_slot_inorder_place_random_15_greedy_ver3_grasp_ver3,20260311225333,4,263.0,0.0
2x2_slot_inorder_place_random_15_greedy_ver3_grasp_ver3,20260311225337,5,279.0,0.0
2x2_slot_inorder_place_random_15_greedy_ver3_grasp_ver3,20260311225341,3,279.0,0.0
2x2_slot_inorder_place_random_15_greedy_ver3_grasp_ver3,20260311225343,5,285.0,0.0
2x2_slot_inorder_place_random_15_greedy_ver3_grasp_ver3,20260311225347,4,259.0,0.0
2x2_slot_inorder_place_random_15_greedy_ver3_grasp_ver3,20260311225351,4,295.0,0.0
2x2_slot_inorder_place_random_15_greedy_ver3_grasp_ver3,20260311225355,24,1270.0,0.0
2x2_slot_inorder_place_random_15_greedy_ver3_grasp_ver3,20260311225358,9,620.0,0.0
2x2_slot_inorder_place_random_15_greedy_ver3_grasp_ver3,20260311225403,23,1122.0,0.0
2x2_slot_inorder_place_random_15_greedy_ver3_grasp_ver3,20260311225410,5,279.0,0.0
2x2_slot_inorder_place_random_15_greedy_ver3_grasp_ver3,20260311225414,14,776.0,0.0
2x2_slot_inorder_place_random_15_greedy_ver3_grasp_ver3,20260311225417,6,194.0,0.0
2x2_slot_inorder_place_random_15_greedy_ver3_grasp_ver3,20260311225423,19,784.0,0.0
2x2_slot_inorder_place_random_15_greedy_ver3_grasp_ver3,20260311225430,37,1714.0,0.0
2x2_slot_inorder_place_random_15_greedy_ver3_grasp_ver3,20260311225439,4,239.0,0.0
2x2_slot_inorder_place_random_15_greedy_ver3_grasp_ver3,20260311225443,14,708.0,0.0
2x2_slot_inorder_place_random_15_greedy_ver3_grasp_ver3,20260311225447,4,251.0,0.0
2x2_slot_inorder_place_random_15_greedy_ver3_grasp_ver3,20260311225451,11,698.0,0.0
2x2_slot_inorder_place_random_15_greedy_ver3_grasp_ver3,20260311225456,7,328.0,0.0
2x2_slot_inorder_place_random_15_greedy_ver3_grasp_ver3,20260311225502,7,414.0,0.0
2x2_slot_inorder_place_random_15_greedy_ver3_grasp_ver3,20260311225505,5,285.0,0.0
2x2_slot_inorder_place_random_15_greedy_ver3_grasp_ver3,20260311225510,4,247.0,0.0
2x2_slot_inorder_place_random_15_greedy_ver3_grasp_ver3,20260311225515,14,716.0,0.0
2x2_slot_inorder_place_random_15_greedy_ver3_grasp_ver3,20260311225518,4,279.0,0.0
2x2_slot_inorder_place_random_15_greedy_ver3_grasp_ver3,20260311225523,23,1046.0,0.0
2x2_slot_inorder_place_random_15_greedy_ver3_grasp_ver3,20260311225536,8,510.0,0.015625
2x2_slot_inorder_place_random_15_greedy_ver3_grasp_ver3,20260311225543,29,1499.0,0.0
2x2_slot_inorder_place_random_15_greedy_ver3_grasp_ver3,20260311225551,4,245.0,0.0
2x2_slot_inorder_place_random_15_greedy_ver3_grasp_ver3,20260311225556,7,446.0,0.0
2x2_slot_inorder_place_random_15_greedy_ver3_grasp_ver3,20260311225600,24,1070.0,0.0
2x2_slot_inorder_place_random_15_greedy_ver3_grasp_ver3,20260311225610,13,672.0,0.0
2x2_slot_inorder_place_random_15_greedy_ver3_grasp_ver3,20260311225616,7,457.0,0.0
2x2_slot_inorder_place_random_15_greedy_ver3_grasp_ver3,20260311225620,11,590.0,0.0
2x2_slot_inorder_place_random_15_greedy_ver3_grasp_ver3,20260311225624,6,288.0,0.0
2x2_slot_inorder_place_random_15_greedy_ver3_grasp_ver3,20260311225629,19,966.0,0.0
2x2_slot_inorder_place_random_15_greedy_ver3_grasp_ver3,20260311225636,18,870.0,0.0
2x2_slot_inorder_place_random_15_greedy_ver3_grasp_ver3,20260311225640,4,255.0,0.0
2x2_slot_inorder_place_random_15_greedy_ver3_grasp_ver3,20260311225644,37,1776.0,0.0
2x2_slot_inorder_place_random_15_greedy_ver3_grasp_ver3,20260311225649,14,764.0,0.0
2x2_slot_inorder_place_random_15_greedy_ver3_grasp_ver3,20260311225654,18,782.0,0.0
2x2_slot_inorder_place_random_15_greedy_ver3_grasp_ver3,20260311225700,8,526.0,0.0
2x2_slot_inorder_place_random_15_greedy_ver3_grasp_ver3,20260311225707,33,1564.0,0.0
2x2_slot_inorder_place_random_15_greedy_ver3_grasp_ver3,20260311225716,34,1735.0,0.0
2x2_slot_inorder_place_random_15_greedy_ver3_grasp_ver3,20260311225725,3,267.0,0.0
2x2_slot_inorder_place_random_15_greedy_ver3_grasp_ver3,20260311225728,10,518.0,0.0
2x2_slot_inorder_place_random_15_greedy_ver3_grasp_ver3,20260311225734,2,189.0,0.0
2x2_slot_inorder_place_random_15_greedy_ver3_grasp_ver3,20260311225737,25,1372.0,0.0
2x2_slot_inorder_place_random_15_greedy_ver3_grasp_ver3,20260311225744,5,277.0,0.0
2x2_slot_inorder_place_random_15_greedy_ver3_grasp_ver3,20260311225747,17,846.0,0.0
2x2_slot_inorder_place_random_15_greedy_ver3_grasp_ver3,20260311225752,17,842.0,0.0
2x2_slot_inorder_place_random_15_greedy_ver3_grasp_ver3,20260311225801,5,277.0,0.0
2x2_slot_inorder_place_random_15_greedy_ver3_grasp_ver3,20260311225805,35,1597.0,0.0
2x2_slot_inorder_place_random_15_greedy_ver3_grasp_ver3,20260311225813,9,468.0,0.0
2x2_slot_inorder_place_random_15_greedy_ver3_grasp_ver3,20260311225820,7,402.0,0.0
2x2_slot_inorder_place_random_15_greedy_ver3_grasp_ver3,20260311225822,20,984.0,0.0
2x2_slot_inorder_place_random_15_greedy_ver3_grasp_ver3,20260311225829,16,838.0,0.0
2x2_slot_inorder_place_random_15_greedy_ver3_grasp_ver3,20260311225838,10,494.0,0.0
2x2_slot_inorder_place_random_15_greedy_ver3_grasp_ver3,20260311225844,5,303.0,0.0
2x2_slot_inorder_place_random_15_greedy_ver3_grasp_ver3,20260311225848,6,230.0,0.0
2x2_slot_inorder_place_random_15_greedy_ver3_grasp_ver3,20260311225853,25,1084.0,0.0
2x2_slot_inorder_place_random_15_greedy_ver3_grasp_ver3,20260311225858,13,602.0,0.0
2x2_slot_inorder_place_random_15_greedy_ver3_grasp_ver3,20260311225902,4,267.0,0.0
2x2_slot_inorder_place_random_15_greedy_ver3_grasp_ver3,20260311225905,10,548.0,0.0
2x2_slot_inorder_place_random_15_greedy_ver3_grasp_ver3,20260311225910,9,368.0,0.0
2x2_slot_inorder_place_random_15_greedy_ver3_grasp_ver3,20260311225914,24,1282.0,0.0
2x2_slot_inorder_place_random_15_greedy_ver3_grasp_ver3,20260311225922,9,516.0,0.0
2x2_slot_inorder_place_random_15_greedy_ver3_grasp_ver3,20260311225928,17,970.0,0.0
2x2_slot_inorder_place_random_15_greedy_ver3_grasp_ver3,20260311225935,28,1234.0,0.0
2x2_slot_inorder_place_random_15_greedy_ver3_grasp_ver3,20260311225943,22,1030.0,0.0
2x2_slot_inorder_place_random_15_greedy_ver3_grasp_ver3,20260311225950,2,227.0,0.0
2x2_slot_inorder_place_random_15_greedy_ver3_grasp_ver3,20260311225952,10,482.0,0.015625
2x2_slot_inorder_place_random_15_greedy_ver3_grasp_ver3,20260311225956,7,334.0,0.0
2x2_slot_inorder_place_random_15_greedy_ver3_grasp_ver3,20260311230001,5,291.0,0.0
2x2_slot_inorder_place_random_15_greedy_ver3_grasp_ver3,20260311230004,6,204.0,0.0
2x2_slot_inorder_place_random_15_greedy_ver3_grasp_ver3,20260311230009,31,1381.0,0.0
2x2_slot_inorder_place_random_15_greedy_ver3_grasp_ver3,20260311230012,10,508.0,0.0
2x2_slot_inorder_place_random_15_greedy_ver3_grasp_ver3,20260311230016,35,1637.0,0.0
2x2_slot_inorder_place_random_15_greedy_ver3_grasp_ver3,20260311230028,12,586.0,0.0
2x2_slot_inorder_place_random_15_greedy_ver3_grasp_ver3,20260311230034,4,255.0,0.0
2x2_slot_inorder_place_random_15_greedy_ver3_grasp_ver3,20260311230037,8,522.0,0.0
2x2_slot_inorder_place_random_15_greedy_ver3_grasp_ver3,20260311230041,12,704.0,0.0
2x2_slot_inorder_place_random_15_greedy_ver3_grasp_ver3,20260311230046,11,498.0,0.0
2x2_slot_inorder_place_random_15_greedy_ver3_greedy_ver3,20260311224922,30,1276.0,0.0
2x2_slot_inorder_place_random_15_greedy_ver3_greedy_ver3,20260311224925,12,663.0,0.0
2x2_slot_inorder_place_random_15_greedy_ver3_greedy_ver3,20260311224928,16,818.0,0.0
2x2_slot_inorder_place_random_15_greedy_ver3_greedy_ver3,20260311224931,13,663.0,0.0
2x2_slot_inorder_place_random_15_greedy_ver3_greedy_ver3,20260311224935,12,553.0,0.0
2x2_slot_inorder_place_random_15_greedy_ver3_greedy_ver3,20260311224937,4,297.0,0.0
2x2_slot_inorder_place_random_15_greedy_ver3_greedy_ver3,20260311224940,12,783.0,0.0
2x2_slot_inorder_place_random_15_greedy_ver3_greedy_ver3,20260311224943,33,1603.0,0.0
2x2_slot_inorder_place_random_15_greedy_ver3_greedy_ver3,20260311224947,43,2106.0,0.0
2x2_slot_inorder_place_random_15_greedy_ver3_greedy_ver3,20260311224950,6,355.0,0.015625
2x2_slot_inorder_place_random_15_greedy_ver3_greedy_ver3,20260311224955,19,1013.0,0.0
2x2_slot_inorder_place_random_15_greedy_ver3_greedy_ver3,20260311225002,38,1752.0,0.015625
2x2_slot_inorder_place_random_15_greedy_ver3_greedy_ver3,20260311225009,29,1470.0,0.0
2x2_slot_inorder_place_random_15_greedy_ver3_greedy_ver3,20260311225014,14,646.0,0.0
2x2_slot_inorder_place_random_15_greedy_ver3_greedy_ver3,20260311225017,13,619.0,0.0
2x2_slot_inorder_place_random_15_greedy_ver3_greedy_ver3,20260311225020,41,1883.0,0.0
2x2_slot_inorder_place_random_15_greedy_ver3_greedy_ver3,20260311225023,12,551.0,0.0
2x2_slot_inorder_place_random_15_greedy_ver3_greedy_ver3,20260311225026,13,863.0,0.0
2x2_slot_inorder_place_random_15_greedy_ver3_greedy_ver3,20260311225028,8,530.0,0.0
2x2_slot_inorder_place_random_15_greedy_ver3_greedy_ver3,20260311225031,12,576.0,0.0
2x2_slot_inorder_place_random_15_greedy_ver3_greedy_ver3,20260311225035,14,688.0,0.0
2x2_slot_inorder_place_random_15_greedy_ver3_greedy_ver3,20260311225038,13,749.0,0.0
2x2_slot_inorder_place_random_15_greedy_ver3_greedy_ver3,20260311225041,14,698.0,0.0
2x2_slot_inorder_place_random_15_greedy_ver3_greedy_ver3,20260311225045,11,941.0,0.015625
2x2_slot_inorder_place_random_15_greedy_ver3_greedy_ver3,20260311225050,13,725.0,0.0
2x2_slot_inorder_place_random_15_greedy_ver3_greedy_ver3,20260311225054,28,1386.0,0.0
2x2_slot_inorder_place_random_15_greedy_ver3_greedy_ver3,20260311225059,19,1098.0,0.0
2x2_slot_inorder_place_random_15_greedy_ver3_greedy_ver3,20260311225103,18,962.0,0.0
2x2_slot_inorder_place_random_15_greedy_ver3_greedy_ver3,20260311225108,11,480.0,0.0
2x2_slot_inorder_place_random_15_greedy_ver3_greedy_ver3,20260311225112,8,423.0,0.0
2x2_slot_inorder_place_random_15_greedy_ver3_greedy_ver3,20260311225115,8,443.0,0.0
2x2_slot_inorder_place_random_15_greedy_ver3_greedy_ver3,20260311225118,9,453.0,0.0
2x2_slot_inorder_place_random_15_greedy_ver3_greedy_ver3,20260311225121,17,1073.0,0.0
2x2_slot_inorder_place_random_15_greedy_ver3_greedy_ver3,20260311225123,16,1033.0,0.0
2x2_slot_inorder_place_random_15_greedy_ver3_greedy_ver3,20260311225126,21,1303.0,0.0
2x2_slot_inorder_place_random_15_greedy_ver3_greedy_ver3,20260311225129,14,665.0,0.015625
2x2_slot_inorder_place_random_15_greedy_ver3_greedy_ver3,20260311225133,15,825.0,0.0
2x2_slot_inorder_place_random_15_greedy_ver3_greedy_ver3,20260311225136,16,936.0,0.0
2x2_slot_inorder_place_random_15_greedy_ver3_greedy_ver3,20260311225140,9,547.0,0.015625
2x2_slot_inorder_place_random_15_greedy_ver3_greedy_ver3,20260311225145,25,1270.0,0.0
2x2_slot_inorder_place_random_15_greedy_ver3_greedy_ver3,20260311225150,32,1646.0,0.0
2x2_slot_inorder_place_random_15_greedy_ver3_greedy_ver3,20260311225153,6,355.0,0.0
2x2_slot_inorder_place_random_15_greedy_ver3_greedy_ver3,20260311225155,24,1220.0,0.0
2x2_slot_inorder_place_random_15_greedy_ver3_greedy_ver3,20260311225158,4,305.0,0.0
2x2_slot_inorder_place_random_15_greedy_ver3_greedy_ver3,20260311225202,14,719.0,0.0
2x2_slot_inorder_place_random_15_greedy_ver3_greedy_ver3,20260311225206,13,617.0,0.015625
2x2_slot_inorder_place_random_15_greedy_ver3_greedy_ver3,20260311225209,18,866.0,0.0
2x2_slot_inorder_place_random_15_greedy_ver3_greedy_ver3,20260311225213,8,397.0,0.0
2x2_slot_inorder_place_random_15_greedy_ver3_greedy_ver3,20260311225217,25,1320.0,0.0
2x2_slot_inorder_place_random_15_greedy_ver3_greedy_ver3,20260311225223,23,1276.0,0.0
2x2_slot_inorder_place_random_15_greedy_ver3_greedy_ver3,20260311225228,27,1482.0,0.0
2x2_slot_inorder_place_random_15_greedy_ver3_greedy_ver3,20260311225231,25,1211.0,0.0
2x2_slot_inorder_place_random_15_greedy_ver3_greedy_ver3,20260311225234,13,665.0,0.0
2x2_slot_inorder_place_random_15_greedy_ver3_greedy_ver3,20260311225237,16,746.0,0.0
2x2_slot_inorder_place_random_15_greedy_ver3_greedy_ver3,20260311225240,8,399.0,0.0
2x2_slot_inorder_place_random_15_greedy_ver3_greedy_ver3,20260311225244,16,666.0,0.0
2x2_slot_inorder_place_random_15_greedy_ver3_greedy_ver3,20260311225247,10,482.0,0.0
2x2_slot_inorder_place_random_15_greedy_ver3_greedy_ver3,20260311225250,10,479.0,0.0
2x2_slot_inorder_place_random_15_greedy_ver3_greedy_ver3,20260311225253,6,327.0,0.0
2x2_slot_inorder_place_random_15_greedy_ver3_greedy_ver3,20260311225255,11,661.0,0.0
2x2_slot_inorder_place_random_15_greedy_ver3_greedy_ver3,20260311225259,16,1026.0,0.015625
2x2_slot_inorder_place_random_15_greedy_ver3_greedy_ver3,20260311225303,16,980.0,0.0
2x2_slot_inorder_place_random_15_greedy_ver3_greedy_ver3,20260311225308,18,852.0,0.0
2x2_slot_inorder_place_random_15_greedy_ver3_greedy_ver3,20260311225314,46,2229.0,0.0
2x2_slot_inorder_place_random_15_greedy_ver3_greedy_ver3,20260311225321,24,1386.0,0.0
2x2_slot_inorder_place_random_15_greedy_ver3_greedy_ver3,20260311225326,7,311.0,0.0
2x2_slot_inorder_place_random_15_greedy_ver3_greedy_ver3,20260311225328,8,443.0,0.0
2x2_slot_inorder_place_random_15_greedy_ver3_greedy_ver3,20260311225331,20,970.0,0.0
2x2_slot_inorder_place_random_15_greedy_ver3_greedy_ver3,20260311225335,9,423.0,0.015625
2x2_slot_inorder_place_random_15_greedy_ver3_greedy_ver3,20260311225339,10,493.0,0.0
2x2_slot_inorder_place_random_15_greedy_ver3_greedy_ver3,20260311225342,6,359.0,0.0
2x2_slot_inorder_place_random_15_greedy_ver3_greedy_ver3,20260311225345,27,1210.0,0.0
2x2_slot_inorder_place_random_15_greedy_ver3_greedy_ver3,20260311225349,13,559.0,0.0
2x2_slot_inorder_place_random_15_greedy_ver3_greedy_ver3,20260311225353,7,325.0,0.0
2x2_slot_inorder_place_random_15_greedy_ver3_greedy_ver3,20260311225357,7,405.0,0.0
2x2_slot_inorder_place_random_15_greedy_ver3_greedy_ver3,20260311225401,15,852.0,0.0
2x2_slot_inorder_place_random_15_greedy_ver3_greedy_ver3,20260311225407,26,1160.0,0.0
2x2_slot_inorder_place_random_15_greedy_ver3_greedy_ver3,20260311225412,10,515.0,0.0
2x2_slot_inorder_place_random_15_greedy_ver3_greedy_ver3,20260311225416,22,1104.0,0.0
2x2_slot_inorder_place_random_15_greedy_ver3_greedy_ver3,20260311225420,21,946.0,0.0
2x2_slot_inorder_place_random_15_greedy_ver3_greedy_ver3,20260311225426,20,1004.0,0.0
2x2_slot_inorder_place_random_15_greedy_ver3_greedy_ver3,20260311225434,41,1807.0,0.0
2x2_slot_inorder_place_random_15_greedy_ver3_greedy_ver3,20260311225441,21,996.0,0.0
2x2_slot_inorder_place_random_15_greedy_ver3_greedy_ver3,20260311225445,22,976.0,0.0
2x2_slot_inorder_place_random_15_greedy_ver3_greedy_ver3,20260311225449,14,676.0,0.015625
2x2_slot_inorder_place_random_15_greedy_ver3_greedy_ver3,20260311225453,17,820.0,0.0
2x2_slot_inorder_place_random_15_greedy_ver3_greedy_ver3,20260311225459,13,570.0,0.0
2x2_slot_inorder_place_random_15_greedy_ver3_greedy_ver3,20260311225503,6,355.0,0.0
2x2_slot_inorder_place_random_15_greedy_ver3_greedy_ver3,20260311225507,14,664.0,0.015625
2x2_slot_inorder_place_random_15_greedy_ver3_greedy_ver3,20260311225512,12,604.0,0.0
2x2_slot_inorder_place_random_15_greedy_ver3_greedy_ver3,20260311225517,6,393.0,0.0
2x2_slot_inorder_place_random_15_greedy_ver3_greedy_ver3,20260311225521,13,681.0,0.0
2x2_slot_inorder_place_random_15_greedy_ver3_greedy_ver3,20260311225528,39,1915.0,0.0
2x2_slot_inorder_place_random_15_greedy_ver3_greedy_ver3,20260311225539,16,784.0,0.0
2x2_slot_inorder_place_random_15_greedy_ver3_greedy_ver3,20260311225547,30,1407.0,0.0
2x2_slot_inorder_place_random_15_greedy_ver3_greedy_ver3,20260311225553,44,2175.0,0.0
2x2_slot_inorder_place_random_15_greedy_ver3_greedy_ver3,20260311225558,13,688.0,0.0
2x2_slot_inorder_place_random_15_greedy_ver3_greedy_ver3,20260311225604,34,1476.0,0.0
2x2_slot_inorder_place_random_15_greedy_ver3_greedy_ver3,20260311225613,21,1068.0,0.015625
2x2_slot_inorder_place_random_15_greedy_ver3_greedy_ver3,20260311225618,17,808.0,0.0
2x2_slot_inorder_place_random_15_greedy_ver3_greedy_ver3,20260311225622,9,413.0,0.0
2x2_slot_inorder_place_random_15_greedy_ver3_greedy_ver3,20260311225626,19,1004.0,0.0
2x2_slot_inorder_place_random_15_greedy_ver3_greedy_ver3,20260311225633,47,2248.0,0.0
2x2_slot_inorder_place_random_15_greedy_ver3_greedy_ver3,20260311225638,44,2121.0,0.0
2x2_slot_inorder_place_random_15_greedy_ver3_greedy_ver3,20260311225642,9,449.0,0.0
2x2_slot_inorder_place_random_15_greedy_ver3_greedy_ver3,20260311225646,14,686.0,0.0
2x2_slot_inorder_place_random_15_greedy_ver3_greedy_ver3,20260311225651,17,844.0,0.0
2x2_slot_inorder_place_random_15_greedy_ver3_greedy_ver3,20260311225657,23,1116.0,0.0
2x2_slot_inorder_place_random_15_greedy_ver3_greedy_ver3,20260311225703,24,1196.0,0.015625
2x2_slot_inorder_place_random_15_greedy_ver3_greedy_ver3,20260311225711,42,1981.0,0.0
2x2_slot_inorder_place_random_15_greedy_ver3_greedy_ver3,20260311225721,37,1484.0,0.0
2x2_slot_inorder_place_random_15_greedy_ver3_greedy_ver3,20260311225726,8,472.0,0.0
2x2_slot_inorder_place_random_15_greedy_ver3_greedy_ver3,20260311225731,23,946.0,0.0
2x2_slot_inorder_place_random_15_greedy_ver3_greedy_ver3,20260311225735,13,560.0,0.0
2x2_slot_inorder_place_random_15_greedy_ver3_greedy_ver3,20260311225740,28,1460.0,0.0
2x2_slot_inorder_place_random_15_greedy_ver3_greedy_ver3,20260311225746,6,329.0,0.0
2x2_slot_inorder_place_random_15_greedy_ver3_greedy_ver3,20260311225750,41,1793.0,0.0
2x2_slot_inorder_place_random_15_greedy_ver3_greedy_ver3,20260311225757,26,1330.0,0.0
2x2_slot_inorder_place_random_15_greedy_ver3_greedy_ver3,20260311225803,17,754.0,0.0
2x2_slot_inorder_place_random_15_greedy_ver3_greedy_ver3,20260311225809,26,1086.0,0.015625
2x2_slot_inorder_place_random_15_greedy_ver3_greedy_ver3,20260311225817,28,1326.0,0.0
2x2_slot_inorder_place_random_15_greedy_ver3_greedy_ver3,20260311225821,5,357.0,0.0
2x2_slot_inorder_place_random_15_greedy_ver3_greedy_ver3,20260311225825,24,998.0,0.0
2x2_slot_inorder_place_random_15_greedy_ver3_greedy_ver3,20260311225833,32,1632.0,0.0
2x2_slot_inorder_place_random_15_greedy_ver3_greedy_ver3,20260311225841,25,1092.0,0.0
2x2_slot_inorder_place_random_15_greedy_ver3_greedy_ver3,20260311225846,36,1695.0,0.0
2x2_slot_inorder_place_random_15_greedy_ver3_greedy_ver3,20260311225851,27,1268.0,0.0
2x2_slot_inorder_place_random_15_greedy_ver3_greedy_ver3,20260311225856,26,1242.0,0.0
2x2_slot_inorder_place_random_15_greedy_ver3_greedy_ver3,20260311225900,18,854.0,0.0
2x2_slot_inorder_place_random_15_greedy_ver3_greedy_ver3,20260311225904,9,427.0,0.0
2x2_slot_inorder_place_random_15_greedy_ver3_greedy_ver3,20260311225907,19,838.0,0.0
2x2_slot_inorder_place_random_15_greedy_ver3_greedy_ver3,20260311225912,15,738.0,0.0
2x2_slot_inorder_place_random_15_greedy_ver3_greedy_ver3,20260311225918,36,1676.0,0.0
2x2_slot_inorder_place_random_15_greedy_ver3_greedy_ver3,20260311225925,19,1006.0,0.0
2x2_slot_inorder_place_random_15_greedy_ver3_greedy_ver3,20260311225931,23,1126.0,0.0
2x2_slot_inorder_place_random_15_greedy_ver3_greedy_ver3,20260311225939,34,1545.0,0.0
2x2_slot_inorder_place_random_15_greedy_ver3_greedy_ver3,20260311225947,44,2181.0,0.0
2x2_slot_inorder_place_random_15_greedy_ver3_greedy_ver3,20260311225951,5,357.0,0.0
2x2_slot_inorder_place_random_15_greedy_ver3_greedy_ver3,20260311225954,24,1016.0,0.0
2x2_slot_inorder_place_random_15_greedy_ver3_greedy_ver3,20260311225959,18,862.0,0.0
2x2_slot_inorder_place_random_15_greedy_ver3_greedy_ver3,20260311230002,14,671.0,0.0
2x2_slot_inorder_place_random_15_greedy_ver3_greedy_ver3,20260311230006,21,992.0,0.0
2x2_slot_inorder_place_random_15_greedy_ver3_greedy_ver3,20260311230010,9,581.0,0.015625
2x2_slot_inorder_place_random_15_greedy_ver3_greedy_ver3,20260311230014,27,1228.0,0.0
2x2_slot_inorder_place_random_15_greedy_ver3_greedy_ver3,20260311230022,65,2921.0,0.0
2x2_slot_inorder_place_random_15_greedy_ver3_greedy_ver3,20260311230031,24,1176.0,0.0
2x2_slot_inorder_place_random_15_greedy_ver3_greedy_ver3,20260311230035,13,555.0,0.0
2x2_slot_inorder_place_random_15_greedy_ver3_greedy_ver3,20260311230039,23,934.0,0.0
2x2_slot_inorder_place_random_15_greedy_ver3_greedy_ver3,20260311230044,23,972.0,0.0
2x2_slot_inorder_place_random_15_greedy_ver3_greedy_ver3,20260311230049,28,1142.0,0.0
