Combo_Name,Selection_Run_ID,Number_of_Tasks,Makespan,CPU_Time
2x2_slot_random_place_random_1_grasp_ver3_grasp_ver3,20260312183124,6,409.0,0.0
2x2_slot_random_place_random_1_grasp_ver3_grasp_ver3,20260312183126,18,859.0,0.015625
2x2_slot_random_place_random_1_grasp_ver3_grasp_ver3,20260312183130,2,201.0,0.0
2x2_slot_random_place_random_1_grasp_ver3_grasp_ver3,20260312183132,7,567.0,0.0
2x2_slot_random_place_random_1_grasp_ver3_grasp_ver3,20260312183135,5,269.0,0.0
2x2_slot_random_place_random_1_grasp_ver3_grasp_ver3,20260312183140,7,337.0,0.0
2x2_slot_random_place_random_1_grasp_ver3_grasp_ver3,20260312183144,2,273.0,0.015625
2x2_slot_random_place_random_1_grasp_ver3_grasp_ver3,20260312183147,35,2013.0,0.0
2x2_slot_random_place_random_1_grasp_ver3_grasp_ver3,20260312183201,60,2809.0,0.015625
2x2_slot_random_place_random_1_grasp_ver3_grasp_ver3,20260312183223,15,744.0,0.0
2x2_slot_random_place_random_1_grasp_ver3_grasp_ver3,20260312183230,69,3081.0,0.0
2x2_slot_random_place_random_1_grasp_ver3_grasp_ver3,20260312183256,15,744.0,0.0
2x2_slot_random_place_random_1_grasp_ver3_grasp_ver3,20260312183258,3,227.0,0.0
2x2_slot_random_place_random_1_grasp_ver3_grasp_ver3,20260312183301,3,217.0,0.0
2x2_slot_random_place_random_1_grasp_ver3_grasp_ver3,20260312183304,3,227.0,0.0
2x2_slot_random_place_random_1_grasp_ver3_grasp_ver3,20260312183307,5,169.0,0.0
2x2_slot_random_place_random_1_grasp_ver3_grasp_ver3,20260312183311,8,544.0,0.0
2x2_slot_random_place_random_1_grasp_ver3_grasp_ver3,20260312183316,2,197.0,0.0
2x2_slot_random_place_random_1_grasp_ver3_grasp_ver3,20260312183319,5,209.0,0.0
2x2_slot_random_place_random_1_grasp_ver3_grasp_ver3,20260312183322,2,285.0,0.0
2x2_slot_random_place_random_1_grasp_ver3_grasp_ver3,20260312183325,5,217.0,0.0
2x2_slot_random_place_random_1_grasp_ver3_grasp_ver3,20260312183326,23,1228.0,0.0
2x2_slot_random_place_random_1_grasp_ver3_grasp_ver3,20260312183332,3,339.0,0.015625
2x2_slot_random_place_random_1_grasp_ver3_grasp_ver3,20260312183334,6,365.0,0.0
2x2_slot_random_place_random_1_grasp_ver3_grasp_ver3,20260312183338,3,201.0,0.0
2x2_slot_random_place_random_1_grasp_ver3_grasp_ver3,20260312183340,38,1667.0,0.0
2x2_slot_random_place_random_1_grasp_ver3_grasp_ver3,20260312183350,5,257.0,0.0
2x2_slot_random_place_random_1_grasp_ver3_grasp_ver3,20260312183354,6,339.0,0.0
2x2_slot_random_place_random_1_grasp_ver3_grasp_ver3,20260312183356,34,1692.0,0.0
2x2_slot_random_place_random_1_grasp_ver3_grasp_ver3,20260312183404,48,2370.0,0.0
2x2_slot_random_place_random_1_grasp_ver3_grasp_ver3,20260312183420,5,293.0,0.0
2x2_slot_random_place_random_1_grasp_ver3_grasp_ver3,20260312183424,14,951.0,0.0
2x2_slot_random_place_random_1_grasp_ver3_grasp_ver3,20260312183427,6,201.0,0.0
2x2_slot_random_place_random_1_grasp_ver3_grasp_ver3,20260312183431,7,267.0,0.0
2x2_slot_random_place_random_1_grasp_ver3_grasp_ver3,20260312183436,14,878.0,0.0
2x2_slot_random_place_random_1_grasp_ver3_grasp_ver3,20260312183443,6,350.0,0.0
2x2_slot_random_place_random_1_grasp_ver3_grasp_ver3,20260312183447,2,261.0,0.0
2x2_slot_random_place_random_1_grasp_ver3_grasp_ver3,20260312183449,9,586.0,0.0
2x2_slot_random_place_random_1_grasp_ver3_grasp_ver3,20260312183454,4,295.0,0.0
2x2_slot_random_place_random_1_grasp_ver3_grasp_ver3,20260312183457,16,1104.0,0.0
2x2_slot_random_place_random_1_grasp_ver3_grasp_ver3,20260312183459,5,217.0,0.0
2x2_slot_random_place_random_1_grasp_ver3_grasp_ver3,20260312183503,9,443.0,0.0
2x2_slot_random_place_random_1_grasp_ver3_grasp_ver3,20260312183509,3,245.0,0.0
2x2_slot_random_place_random_1_grasp_ver3_grasp_ver3,20260312183511,5,307.0,0.0
2x2_slot_random_place_random_1_grasp_ver3_grasp_ver3,20260312183515,9,481.0,0.0
2x2_slot_random_place_random_1_grasp_ver3_grasp_ver3,20260312183521,3,299.0,0.0
2x2_slot_random_place_random_1_grasp_ver3_grasp_ver3,20260312183523,4,217.0,0.0
2x2_slot_random_place_random_1_grasp_ver3_grasp_ver3,20260312183526,4,311.0,0.0
2x2_slot_random_place_random_1_grasp_ver3_grasp_ver3,20260312183529,15,782.0,0.0
2x2_slot_random_place_random_1_grasp_ver3_grasp_ver3,20260312183531,2,169.0,0.0
2x2_slot_random_place_random_1_grasp_ver3_grasp_ver3,20260312183533,5,301.0,0.0
2x2_slot_random_place_random_1_grasp_ver3_grasp_ver3,20260312183537,8,414.0,0.0
2x2_slot_random_place_random_1_grasp_ver3_grasp_ver3,20260312183542,6,274.0,0.0
2x2_slot_random_place_random_1_grasp_ver3_grasp_ver3,20260312183547,6,226.0,0.015625
2x2_slot_random_place_random_1_grasp_ver3_grasp_ver3,20260312183551,4,207.0,0.015625
2x2_slot_random_place_random_1_grasp_ver3_grasp_ver3,20260312183554,14,711.0,0.0
2x2_slot_random_place_random_1_grasp_ver3_grasp_ver3,20260312183559,5,207.0,0.0
2x2_slot_random_place_random_1_grasp_ver3_grasp_ver3,20260312183603,4,317.0,0.0
2x2_slot_random_place_random_1_grasp_ver3_grasp_ver3,20260312183606,5,227.0,0.015625
2x2_slot_random_place_random_1_grasp_ver3_grasp_ver3,20260312183610,6,305.0,0.0
2x2_slot_random_place_random_1_grasp_ver3_grasp_ver3,20260312183614,4,287.0,0.015625
2x2_slot_random_place_random_1_grasp_ver3_grasp_ver3,20260312183617,3,221.0,0.0
2x2_slot_random_place_random_1_grasp_ver3_grasp_ver3,20260312183621,4,213.0,0.0
2x2_slot_random_place_random_1_grasp_ver3_grasp_ver3,20260312183624,2,179.0,0.0
2x2_slot_random_place_random_1_grasp_ver3_grasp_ver3,20260312183626,7,413.0,0.0
2x2_slot_random_place_random_1_grasp_ver3_grasp_ver3,20260312183629,6,201.0,0.0
2x2_slot_random_place_random_1_grasp_ver3_grasp_ver3,20260312183633,35,1534.0,0.0
2x2_slot_random_place_random_1_grasp_ver3_grasp_ver3,20260312183649,5,299.0,0.0
2x2_slot_random_place_random_1_grasp_ver3_grasp_ver3,20260312183652,10,561.0,0.0
2x2_slot_random_place_random_1_grasp_ver3_grasp_ver3,20260312183658,11,553.0,0.0
2x2_slot_random_place_random_1_grasp_ver3_grasp_ver3,20260312183702,5,267.0,0.0
2x2_slot_random_place_random_1_grasp_ver3_grasp_ver3,20260312183706,72,3432.0,0.015625
2x2_slot_random_place_random_1_grasp_ver3_grasp_ver3,20260312183729,16,1000.0,0.0
2x2_slot_random_place_random_1_grasp_ver3_grasp_ver3,20260312183734,4,281.0,0.0
2x2_slot_random_place_random_1_grasp_ver3_grasp_ver3,20260312183737,5,307.0,0.0
2x2_slot_random_place_random_1_grasp_ver3_grasp_ver3,20260312183740,3,225.0,0.0
2x2_slot_random_place_random_1_grasp_ver3_grasp_ver3,20260312183744,12,742.0,0.015625
2x2_slot_random_place_random_1_grasp_ver3_grasp_ver3,20260312183750,8,458.0,0.0
2x2_slot_random_place_random_1_grasp_ver3_grasp_ver3,20260312183756,13,562.0,0.0
2x2_slot_random_place_random_1_grasp_ver3_grasp_ver3,20260312183801,29,1383.0,0.0
2x2_slot_random_place_random_1_grasp_ver3_grasp_ver3,20260312183811,11,495.0,0.0
2x2_slot_random_place_random_1_grasp_ver3_grasp_ver3,20260312183817,8,339.0,0.0
2x2_slot_random_place_random_1_grasp_ver3_grasp_ver3,20260312183822,2,167.0,0.0
2x2_slot_random_place_random_1_grasp_ver3_grasp_ver3,20260312183824,5,209.0,0.0
2x2_slot_random_place_random_1_grasp_ver3_grasp_ver3,20260312183827,2,285.0,0.0
2x2_slot_random_place_random_1_grasp_ver3_grasp_ver3,20260312183830,4,213.0,0.0
2x2_slot_random_place_random_1_grasp_ver3_grasp_ver3,20260312183832,13,539.0,0.0
2x2_slot_random_place_random_1_grasp_ver3_grasp_ver3,20260312183834,4,213.0,0.0
2x2_slot_random_place_random_1_grasp_ver3_grasp_ver3,20260312183837,34,1613.0,0.0
2x2_slot_random_place_random_1_grasp_ver3_grasp_ver3,20260312183847,5,317.0,0.0
2x2_slot_random_place_random_1_grasp_ver3_grasp_ver3,20260312183850,2,173.0,0.0
2x2_slot_random_place_random_1_grasp_ver3_grasp_ver3,20260312183853,15,708.0,0.0
2x2_slot_random_place_random_1_grasp_ver3_grasp_ver3,20260312183900,7,393.0,0.0
2x2_slot_random_place_random_1_grasp_ver3_grasp_ver3,20260312183902,24,1218.0,0.0
2x2_slot_random_place_random_1_grasp_ver3_grasp_ver3,20260312183907,10,410.0,0.0
2x2_slot_random_place_random_1_grasp_ver3_grasp_ver3,20260312183910,6,413.0,0.0
2x2_slot_random_place_random_1_grasp_ver3_grasp_ver3,20260312183914,5,253.0,0.0
2x2_slot_random_place_random_1_grasp_ver3_grasp_ver3,20260312183917,6,509.0,0.0
2x2_slot_random_place_random_1_grasp_ver3_grasp_ver3,20260312183920,6,409.0,0.0
2x2_slot_random_place_random_1_grasp_ver3_grasp_ver3,20260312183924,3,225.0,0.0
2x2_slot_random_place_random_1_grasp_ver3_grasp_ver3,20260312183927,3,199.0,0.0
2x2_slot_random_place_random_1_grasp_ver3_grasp_ver3,20260312183930,20,848.0,0.0
2x2_slot_random_place_random_1_grasp_ver3_grasp_ver3,20260312183937,2,164.0,0.0
2x2_slot_random_place_random_1_grasp_ver3_grasp_ver3,20260312183940,8,548.0,0.0
2x2_slot_random_place_random_1_grasp_ver3_grasp_ver3,20260312183945,3,201.0,0.0
2x2_slot_random_place_random_1_grasp_ver3_grasp_ver3,20260312183947,4,213.0,0.0
2x2_slot_random_place_random_1_grasp_ver3_grasp_ver3,20260312183951,18,876.0,0.0
2x2_slot_random_place_random_1_grasp_ver3_grasp_ver3,20260312184001,8,448.0,0.0
2x2_slot_random_place_random_1_grasp_ver3_grasp_ver3,20260312184005,6,201.0,0.0
2x2_slot_random_place_random_1_grasp_ver3_grasp_ver3,20260312184009,11,531.0,0.015625
2x2_slot_random_place_random_1_grasp_ver3_grasp_ver3,20260312184015,2,251.0,0.0
2x2_slot_random_place_random_1_grasp_ver3_grasp_ver3,20260312184017,9,436.0,0.0
2x2_slot_random_place_random_1_grasp_ver3_grasp_ver3,20260312184023,7,346.0,0.0
2x2_slot_random_place_random_1_grasp_ver3_grasp_ver3,20260312184028,24,1096.0,0.0
2x2_slot_random_place_random_1_grasp_ver3_grasp_ver3,20260312184038,12,704.0,0.0
2x2_slot_random_place_random_1_grasp_ver3_grasp_ver3,20260312184044,2,209.0,0.0
2x2_slot_random_place_random_1_grasp_ver3_grasp_ver3,20260312184046,3,211.0,0.0
2x2_slot_random_place_random_1_grasp_ver3_grasp_ver3,20260312184049,4,223.0,0.015625
2x2_slot_random_place_random_1_grasp_ver3_grasp_ver3,20260312184052,2,169.0,0.0
2x2_slot_random_place_random_1_grasp_ver3_grasp_ver3,20260312184055,3,211.0,0.0
2x2_slot_random_place_random_1_grasp_ver3_grasp_ver3,20260312184058,14,668.0,0.015625
2x2_slot_random_place_random_1_grasp_ver3_grasp_ver3,20260312184104,26,1254.0,0.0
2x2_slot_random_place_random_1_grasp_ver3_grasp_ver3,20260312184107,8,522.0,0.0
2x2_slot_random_place_random_1_grasp_ver3_grasp_ver3,20260312184111,2,277.0,0.0
2x2_slot_random_place_random_1_grasp_ver3_grasp_ver3,20260312184114,4,217.0,0.0
2x2_slot_random_place_random_1_grasp_ver3_grasp_ver3,20260312184117,13,516.0,0.0
2x2_slot_random_place_random_1_grasp_ver3_grasp_ver3,20260312184124,4,213.0,0.0
2x2_slot_random_place_random_1_grasp_ver3_grasp_ver3,20260312184128,4,213.0,0.0
2x2_slot_random_place_random_1_grasp_ver3_grasp_ver3,20260312184131,2,179.0,0.015625
2x2_slot_random_place_random_1_grasp_ver3_grasp_ver3,20260312184133,14,744.0,0.0
2x2_slot_random_place_random_1_grasp_ver3_grasp_ver3,20260312184137,6,211.0,0.0
2x2_slot_random_place_random_1_grasp_ver3_grasp_ver3,20260312184142,4,201.0,0.0
2x2_slot_random_place_random_1_grasp_ver3_grasp_ver3,20260312184145,4,217.0,0.0
2x2_slot_random_place_random_1_grasp_ver3_grasp_ver3,20260312184149,3,211.0,0.0
2x2_slot_random_place_random_1_grasp_ver3_grasp_ver3,20260312184152,6,204.0,0.0
2x2_slot_random_place_random_1_grasp_ver3_grasp_ver3,20260312184156,5,373.0,0.0
2x2_slot_random_place_random_1_grasp_ver3_grasp_ver3,20260312184159,5,213.0,0.0
2x2_slot_random_place_random_1_grasp_ver3_grasp_ver3,20260312184203,5,321.0,0.015625
2x2_slot_random_place_random_1_grasp_ver3_grasp_ver3,20260312184206,4,249.0,0.015625
2x2_slot_random_place_random_1_grasp_ver3_grasp_ver3,20260312184207,4,313.0,0.0
2x2_slot_random_place_random_1_grasp_ver3_grasp_ver3,20260312184211,4,201.0,0.0
2x2_slot_random_place_random_1_grasp_ver3_grasp_ver3,20260312184214,9,458.0,0.0
2x2_slot_random_place_random_1_grasp_ver3_grasp_ver3,20260312184220,22,982.0,0.0
2x2_slot_random_place_random_1_grasp_ver3_grasp_ver3,20260312184231,9,574.0,0.0
2x2_slot_random_place_random_1_grasp_ver3_grasp_ver3,20260312184236,6,207.0,0.0
2x2_slot_random_place_random_1_grasp_ver3_grasp_ver3,20260312184239,5,209.0,0.0
2x2_slot_random_place_random_1_grasp_ver3_grasp_ver3,20260312184242,7,449.0,0.0
2x2_slot_random_place_random_1_grasp_ver3_grasp_ver3,20260312184246,4,211.0,0.0
2x2_slot_random_place_random_1_grasp_ver3_grasp_ver3,20260312184249,4,217.0,0.0
2x2_slot_random_place_random_1_grasp_ver3_grasp_ver3,20260312184253,4,207.0,0.0
2x2_slot_random_place_random_1_grasp_ver3_grasp_ver3,20260312184256,7,361.0,0.0
2x2_slot_random_place_random_1_grasp_ver3_grasp_ver3,20260312184300,5,283.0,0.0
2x2_slot_random_place_random_1_grasp_ver3_grasp_ver3,20260312184304,5,313.0,0.0
2x2_slot_random_place_random_1_grasp_ver3_grasp_ver3,20260312184306,27,1407.0,0.0
2x2_slot_random_place_random_1_grasp_ver3_grasp_ver3,20260312184312,4,211.0,0.0
2x2_slot_random_place_random_1_grasp_ver3_grasp_ver3,20260312184316,5,219.0,0.0
2x2_slot_random_place_random_1_grasp_ver3_grasp_ver3,20260312184319,6,167.0,0.0
2x2_slot_random_place_random_1_grasp_ver3_grasp_ver3,20260312184324,9,544.0,0.0
2x2_slot_random_place_random_1_grasp_ver3_grasp_ver3,20260312184328,4,197.0,0.0
2x2_slot_random_place_random_1_grasp_ver3_grasp_ver3,20260312184331,6,217.0,0.0
2x2_slot_random_place_random_1_grasp_ver3_grasp_ver3,20260312184335,3,211.0,0.0
2x2_slot_random_place_random_1_grasp_ver3_grasp_ver3,20260312184338,10,538.0,0.0
2x2_slot_random_place_random_1_grasp_ver3_grasp_ver3,20260312184342,4,207.0,0.0
2x2_slot_random_place_random_1_grasp_ver3_grasp_ver3,20260312184346,7,409.0,0.0
2x2_slot_random_place_random_1_grasp_ver3_grasp_ver3,20260312184350,4,203.0,0.0
2x2_slot_random_place_random_1_grasp_ver3_grasp_ver3,20260312184353,6,505.0,0.0
2x2_slot_random_place_random_1_grasp_ver3_grasp_ver3,20260312184356,5,225.0,0.0
2x2_slot_random_place_random_1_grasp_ver3_grasp_ver3,20260312184400,3,293.0,0.0
2x2_slot_random_place_random_1_grasp_ver3_grasp_ver3,20260312184403,15,716.0,0.0
2x2_slot_random_place_random_1_grasp_ver3_grasp_ver3,20260312184409,11,594.0,0.0
2x2_slot_random_place_random_1_grasp_ver3_grasp_ver3,20260312184415,4,211.0,0.0
2x2_slot_random_place_random_1_grasp_ver3_grasp_ver3,20260312184418,7,418.0,0.0
2x2_slot_random_place_random_1_grasp_ver3_grasp_ver3,20260312184423,4,337.0,0.015625
2x2_slot_random_place_random_1_grasp_ver3_grasp_ver3,20260312184426,4,341.0,0.0
2x2_slot_random_place_random_1_grasp_ver3_grasp_ver3,20260312184429,5,209.0,0.0
2x2_slot_random_place_random_1_grasp_ver3_grasp_ver3,20260312184433,2,285.0,0.0
2x2_slot_random_place_random_1_grasp_ver3_grasp_ver3,20260312184435,4,211.0,0.0
2x2_slot_random_place_random_1_grasp_ver3_grasp_ver3,20260312184439,10,472.0,0.0
2x2_slot_random_place_random_1_grasp_ver3_grasp_ver3,20260312184440,4,295.0,0.015625
2x2_slot_random_place_random_1_grasp_ver3_grasp_ver3,20260312184443,12,544.0,0.0
2x2_slot_random_place_random_1_grasp_ver3_grasp_ver3,20260312184448,6,287.0,0.0
2x2_slot_random_place_random_1_grasp_ver3_grasp_ver3,20260312184453,6,211.0,0.0
2x2_slot_random_place_random_1_grasp_ver3_grasp_ver3,20260312184457,8,537.0,0.0
2x2_slot_random_place_random_1_grasp_ver3_grasp_ver3,20260312184501,5,203.0,0.0
2x2_slot_random_place_random_1_grasp_ver3_grasp_ver3,20260312184505,8,576.0,0.0
2x2_slot_random_place_random_1_grasp_ver3_grasp_ver3,20260312184509,2,169.0,0.0
2x2_slot_random_place_random_1_grasp_ver3_grasp_ver3,20260312184511,4,201.0,0.0
2x2_slot_random_place_random_1_grasp_ver3_grasp_ver3,20260312184515,4,273.0,0.0
2x2_slot_random_place_random_1_grasp_ver3_grasp_ver3,20260312184518,5,331.0,0.0
2x2_slot_random_place_random_1_grasp_ver3_grasp_ver3,20260312184521,6,289.0,0.0
2x2_slot_random_place_random_1_grasp_ver3_grasp_ver3,20260312184525,5,225.0,0.0
2x2_slot_random_place_random_1_grasp_ver3_grasp_ver3,20260312184529,10,468.0,0.0
2x2_slot_random_place_random_1_grasp_ver3_grasp_ver3,20260312184536,3,203.0,0.0
2x2_slot_random_place_random_1_grasp_ver3_grasp_ver3,20260312184538,7,482.0,0.0
2x2_slot_random_place_random_1_grasp_ver3_greedy_ver3,20260312183126,18,859.0,0.0
2x2_slot_random_place_random_1_grasp_ver3_greedy_ver3,20260312183128,14,752.0,0.0
2x2_slot_random_place_random_1_grasp_ver3_greedy_ver3,20260312183131,8,411.0,0.0
2x2_slot_random_place_random_1_grasp_ver3_greedy_ver3,20260312183134,10,487.0,0.0
2x2_slot_random_place_random_1_grasp_ver3_greedy_ver3,20260312183137,15,702.0,0.0
2x2_slot_random_place_random_1_grasp_ver3_greedy_ver3,20260312183141,20,952.0,0.0
2x2_slot_random_place_random_1_grasp_ver3_greedy_ver3,20260312183145,11,523.0,0.015625
2x2_slot_random_place_random_1_grasp_ver3_greedy_ver3,20260312183154,71,3488.0,0.0
2x2_slot_random_place_random_1_grasp_ver3_greedy_ver3,20260312183210,109,4772.0,0.0
2x2_slot_random_place_random_1_grasp_ver3_greedy_ver3,20260312183225,37,1602.0,0.015625
2x2_slot_random_place_random_1_grasp_ver3_greedy_ver3,20260312183241,157,7028.0,0.0
2x2_slot_random_place_random_1_grasp_ver3_greedy_ver3,20260312183256,15,744.0,0.0
2x2_slot_random_place_random_1_grasp_ver3_greedy_ver3,20260312183259,11,518.0,0.0
2x2_slot_random_place_random_1_grasp_ver3_greedy_ver3,20260312183302,11,498.0,0.0
2x2_slot_random_place_random_1_grasp_ver3_greedy_ver3,20260312183305,11,518.0,0.0
2x2_slot_random_place_random_1_grasp_ver3_greedy_ver3,20260312183309,8,444.0,0.0
2x2_slot_random_place_random_1_grasp_ver3_greedy_ver3,20260312183313,23,1124.0,0.0
2x2_slot_random_place_random_1_grasp_ver3_greedy_ver3,20260312183317,8,407.0,0.0
2x2_slot_random_place_random_1_grasp_ver3_greedy_ver3,20260312183320,11,496.0,0.0
2x2_slot_random_place_random_1_grasp_ver3_greedy_ver3,20260312183323,11,545.0,0.0
2x2_slot_random_place_random_1_grasp_ver3_greedy_ver3,20260312183326,23,1228.0,0.0
2x2_slot_random_place_random_1_grasp_ver3_greedy_ver3,20260312183329,23,1014.0,0.0
2x2_slot_random_place_random_1_grasp_ver3_greedy_ver3,20260312183333,4,259.0,0.0
2x2_slot_random_place_random_1_grasp_ver3_greedy_ver3,20260312183336,12,624.0,0.0
2x2_slot_random_place_random_1_grasp_ver3_greedy_ver3,20260312183339,6,359.0,0.0
2x2_slot_random_place_random_1_grasp_ver3_greedy_ver3,20260312183345,49,2129.0,0.0
2x2_slot_random_place_random_1_grasp_ver3_greedy_ver3,20260312183352,20,850.0,0.0
2x2_slot_random_place_random_1_grasp_ver3_greedy_ver3,20260312183356,34,1692.0,0.0
2x2_slot_random_place_random_1_grasp_ver3_greedy_ver3,20260312183400,43,2081.0,0.0
2x2_slot_random_place_random_1_grasp_ver3_greedy_ver3,20260312183412,84,3976.0,0.0
2x2_slot_random_place_random_1_grasp_ver3_greedy_ver3,20260312183422,14,728.0,0.0
2x2_slot_random_place_random_1_grasp_ver3_greedy_ver3,20260312183426,20,1024.0,0.0
2x2_slot_random_place_random_1_grasp_ver3_greedy_ver3,20260312183429,19,834.0,0.0
2x2_slot_random_place_random_1_grasp_ver3_greedy_ver3,20260312183433,16,732.0,0.0
2x2_slot_random_place_random_1_grasp_ver3_greedy_ver3,20260312183439,26,1338.0,0.0
2x2_slot_random_place_random_1_grasp_ver3_greedy_ver3,20260312183445,6,350.0,0.0
2x2_slot_random_place_random_1_grasp_ver3_greedy_ver3,20260312183448,3,281.0,0.0
2x2_slot_random_place_random_1_grasp_ver3_greedy_ver3,20260312183452,19,866.0,0.0
2x2_slot_random_place_random_1_grasp_ver3_greedy_ver3,20260312183456,6,305.0,0.0
2x2_slot_random_place_random_1_grasp_ver3_greedy_ver3,20260312183457,16,1104.0,0.0
2x2_slot_random_place_random_1_grasp_ver3_greedy_ver3,20260312183501,15,720.0,0.0
2x2_slot_random_place_random_1_grasp_ver3_greedy_ver3,20260312183506,19,972.0,0.0
2x2_slot_random_place_random_1_grasp_ver3_greedy_ver3,20260312183510,5,303.0,0.0
2x2_slot_random_place_random_1_grasp_ver3_greedy_ver3,20260312183513,20,936.0,0.015625
2x2_slot_random_place_random_1_grasp_ver3_greedy_ver3,20260312183518,16,868.0,0.0
2x2_slot_random_place_random_1_grasp_ver3_greedy_ver3,20260312183522,3,279.0,0.0
2x2_slot_random_place_random_1_grasp_ver3_greedy_ver3,20260312183524,7,419.0,0.015625
2x2_slot_random_place_random_1_grasp_ver3_greedy_ver3,20260312183527,15,688.0,0.0
2x2_slot_random_place_random_1_grasp_ver3_greedy_ver3,20260312183529,15,782.0,0.0
2x2_slot_random_place_random_1_grasp_ver3_greedy_ver3,20260312183532,3,269.0,0.0
2x2_slot_random_place_random_1_grasp_ver3_greedy_ver3,20260312183535,9,502.0,0.0
2x2_slot_random_place_random_1_grasp_ver3_greedy_ver3,20260312183539,11,544.0,0.0
2x2_slot_random_place_random_1_grasp_ver3_greedy_ver3,20260312183544,27,1262.0,0.0
2x2_slot_random_place_random_1_grasp_ver3_greedy_ver3,20260312183548,13,626.0,0.0
2x2_slot_random_place_random_1_grasp_ver3_greedy_ver3,20260312183552,11,494.0,0.0
2x2_slot_random_place_random_1_grasp_ver3_greedy_ver3,20260312183557,26,1156.0,0.015625
2x2_slot_random_place_random_1_grasp_ver3_greedy_ver3,20260312183601,9,406.0,0.0
2x2_slot_random_place_random_1_grasp_ver3_greedy_ver3,20260312183604,13,536.0,0.0
2x2_slot_random_place_random_1_grasp_ver3_greedy_ver3,20260312183608,20,896.0,0.0
2x2_slot_random_place_random_1_grasp_ver3_greedy_ver3,20260312183612,9,492.0,0.0
2x2_slot_random_place_random_1_grasp_ver3_greedy_ver3,20260312183615,13,652.0,0.0
2x2_slot_random_place_random_1_grasp_ver3_greedy_ver3,20260312183619,11,518.0,0.0
2x2_slot_random_place_random_1_grasp_ver3_greedy_ver3,20260312183622,11,496.0,0.0
2x2_slot_random_place_random_1_grasp_ver3_greedy_ver3,20260312183625,3,279.0,0.0
2x2_slot_random_place_random_1_grasp_ver3_greedy_ver3,20260312183628,14,832.0,0.0
2x2_slot_random_place_random_1_grasp_ver3_greedy_ver3,20260312183631,15,722.0,0.015625
2x2_slot_random_place_random_1_grasp_ver3_greedy_ver3,20260312183641,75,3397.0,0.0
2x2_slot_random_place_random_1_grasp_ver3_greedy_ver3,20260312183650,14,656.0,0.015625
2x2_slot_random_place_random_1_grasp_ver3_greedy_ver3,20260312183655,23,1158.0,0.0
2x2_slot_random_place_random_1_grasp_ver3_greedy_ver3,20260312183701,23,1164.0,0.0
2x2_slot_random_place_random_1_grasp_ver3_greedy_ver3,20260312183704,17,834.0,0.0
2x2_slot_random_place_random_1_grasp_ver3_greedy_ver3,20260312183717,107,5062.0,0.015625
2x2_slot_random_place_random_1_grasp_ver3_greedy_ver3,20260312183731,27,1512.0,0.0
2x2_slot_random_place_random_1_grasp_ver3_greedy_ver3,20260312183736,5,251.0,0.015625
2x2_slot_random_place_random_1_grasp_ver3_greedy_ver3,20260312183739,7,423.0,0.0
2x2_slot_random_place_random_1_grasp_ver3_greedy_ver3,20260312183741,11,518.0,0.0
2x2_slot_random_place_random_1_grasp_ver3_greedy_ver3,20260312183746,37,1697.0,0.0
2x2_slot_random_place_random_1_grasp_ver3_greedy_ver3,20260312183753,24,1144.0,0.015625
2x2_slot_random_place_random_1_grasp_ver3_greedy_ver3,20260312183758,22,1034.0,0.0
2x2_slot_random_place_random_1_grasp_ver3_greedy_ver3,20260312183804,55,2426.0,0.0
2x2_slot_random_place_random_1_grasp_ver3_greedy_ver3,20260312183814,25,1264.0,0.0
2x2_slot_random_place_random_1_grasp_ver3_greedy_ver3,20260312183819,16,792.0,0.0
2x2_slot_random_place_random_1_grasp_ver3_greedy_ver3,20260312183823,3,267.0,0.0
2x2_slot_random_place_random_1_grasp_ver3_greedy_ver3,20260312183825,11,496.0,0.0
2x2_slot_random_place_random_1_grasp_ver3_greedy_ver3,20260312183828,11,545.0,0.015625
2x2_slot_random_place_random_1_grasp_ver3_greedy_ver3,20260312183832,13,539.0,0.0
2x2_slot_random_place_random_1_grasp_ver3_greedy_ver3,20260312183833,3,279.0,0.0
2x2_slot_random_place_random_1_grasp_ver3_greedy_ver3,20260312183835,6,377.0,0.0
2x2_slot_random_place_random_1_grasp_ver3_greedy_ver3,20260312183842,51,2297.0,0.0
2x2_slot_random_place_random_1_grasp_ver3_greedy_ver3,20260312183848,14,696.0,0.015625
2x2_slot_random_place_random_1_grasp_ver3_greedy_ver3,20260312183851,3,273.0,0.0
2x2_slot_random_place_random_1_grasp_ver3_greedy_ver3,20260312183856,28,1292.0,0.0
2x2_slot_random_place_random_1_grasp_ver3_greedy_ver3,20260312183902,24,1218.0,0.0
2x2_slot_random_place_random_1_grasp_ver3_greedy_ver3,20260312183905,19,968.0,0.0
2x2_slot_random_place_random_1_grasp_ver3_greedy_ver3,20260312183908,10,410.0,0.0
2x2_slot_random_place_random_1_grasp_ver3_greedy_ver3,20260312183912,8,408.0,0.0
2x2_slot_random_place_random_1_grasp_ver3_greedy_ver3,20260312183915,7,403.0,0.0
2x2_slot_random_place_random_1_grasp_ver3_greedy_ver3,20260312183918,14,692.0,0.0
2x2_slot_random_place_random_1_grasp_ver3_greedy_ver3,20260312183922,11,522.0,0.0
2x2_slot_random_place_random_1_grasp_ver3_greedy_ver3,20260312183925,11,518.0,0.0
2x2_slot_random_place_random_1_grasp_ver3_greedy_ver3,20260312183928,6,287.0,0.0
2x2_slot_random_place_random_1_grasp_ver3_greedy_ver3,20260312183933,30,1360.0,0.0
2x2_slot_random_place_random_1_grasp_ver3_greedy_ver3,20260312183938,2,164.0,0.0
2x2_slot_random_place_random_1_grasp_ver3_greedy_ver3,20260312183942,24,1324.0,0.0
2x2_slot_random_place_random_1_grasp_ver3_greedy_ver3,20260312183946,7,399.0,0.015625
2x2_slot_random_place_random_1_grasp_ver3_greedy_ver3,20260312183949,11,496.0,0.0
2x2_slot_random_place_random_1_grasp_ver3_greedy_ver3,20260312183956,48,2449.0,0.0
2x2_slot_random_place_random_1_grasp_ver3_greedy_ver3,20260312184004,16,808.0,0.0
2x2_slot_random_place_random_1_grasp_ver3_greedy_ver3,20260312184006,19,834.0,0.0
2x2_slot_random_place_random_1_grasp_ver3_greedy_ver3,20260312184012,20,998.0,0.0
2x2_slot_random_place_random_1_grasp_ver3_greedy_ver3,20260312184016,2,251.0,0.0
2x2_slot_random_place_random_1_grasp_ver3_greedy_ver3,20260312184020,26,1396.0,0.0
2x2_slot_random_place_random_1_grasp_ver3_greedy_ver3,20260312184025,28,1324.0,0.0
2x2_slot_random_place_random_1_grasp_ver3_greedy_ver3,20260312184033,66,3008.0,0.0
2x2_slot_random_place_random_1_grasp_ver3_greedy_ver3,20260312184040,26,1424.0,0.0
2x2_slot_random_place_random_1_grasp_ver3_greedy_ver3,20260312184045,3,269.0,0.0
2x2_slot_random_place_random_1_grasp_ver3_greedy_ver3,20260312184047,11,498.0,0.015625
2x2_slot_random_place_random_1_grasp_ver3_greedy_ver3,20260312184050,9,504.0,0.0
2x2_slot_random_place_random_1_grasp_ver3_greedy_ver3,20260312184054,3,269.0,0.0
2x2_slot_random_place_random_1_grasp_ver3_greedy_ver3,20260312184056,11,498.0,0.0
2x2_slot_random_place_random_1_grasp_ver3_greedy_ver3,20260312184101,31,1570.0,0.0
2x2_slot_random_place_random_1_grasp_ver3_greedy_ver3,20260312184104,26,1254.0,0.0
2x2_slot_random_place_random_1_grasp_ver3_greedy_ver3,20260312184109,19,880.0,0.0
2x2_slot_random_place_random_1_grasp_ver3_greedy_ver3,20260312184113,3,217.0,0.0
2x2_slot_random_place_random_1_grasp_ver3_greedy_ver3,20260312184115,11,514.0,0.0
2x2_slot_random_place_random_1_grasp_ver3_greedy_ver3,20260312184121,35,1572.0,0.0
2x2_slot_random_place_random_1_grasp_ver3_greedy_ver3,20260312184125,11,514.0,0.0
2x2_slot_random_place_random_1_grasp_ver3_greedy_ver3,20260312184129,11,496.0,0.0
2x2_slot_random_place_random_1_grasp_ver3_greedy_ver3,20260312184132,3,279.0,0.0
2x2_slot_random_place_random_1_grasp_ver3_greedy_ver3,20260312184136,30,1414.0,0.0
2x2_slot_random_place_random_1_grasp_ver3_greedy_ver3,20260312184139,19,864.0,0.0
2x2_slot_random_place_random_1_grasp_ver3_greedy_ver3,20260312184143,11,494.0,0.0
2x2_slot_random_place_random_1_grasp_ver3_greedy_ver3,20260312184147,11,514.0,0.0
2x2_slot_random_place_random_1_grasp_ver3_greedy_ver3,20260312184150,11,554.0,0.0
2x2_slot_random_place_random_1_grasp_ver3_greedy_ver3,20260312184154,16,868.0,0.0
2x2_slot_random_place_random_1_grasp_ver3_greedy_ver3,20260312184157,10,583.0,0.0
2x2_slot_random_place_random_1_grasp_ver3_greedy_ver3,20260312184201,15,722.0,0.0
2x2_slot_random_place_random_1_grasp_ver3_greedy_ver3,20260312184204,6,361.0,0.0
2x2_slot_random_place_random_1_grasp_ver3_greedy_ver3,20260312184205,17,835.0,0.0
2x2_slot_random_place_random_1_grasp_ver3_greedy_ver3,20260312184208,14,714.0,0.0
2x2_slot_random_place_random_1_grasp_ver3_greedy_ver3,20260312184212,11,492.0,0.0
2x2_slot_random_place_random_1_grasp_ver3_greedy_ver3,20260312184217,27,1248.0,0.0
2x2_slot_random_place_random_1_grasp_ver3_greedy_ver3,20260312184225,51,2389.0,0.015625
2x2_slot_random_place_random_1_grasp_ver3_greedy_ver3,20260312184233,21,1100.0,0.0
2x2_slot_random_place_random_1_grasp_ver3_greedy_ver3,20260312184237,8,409.0,0.0
2x2_slot_random_place_random_1_grasp_ver3_greedy_ver3,20260312184238,6,367.0,0.0
2x2_slot_random_place_random_1_grasp_ver3_greedy_ver3,20260312184241,6,357.0,0.0
2x2_slot_random_place_random_1_grasp_ver3_greedy_ver3,20260312184244,7,449.0,0.0
2x2_slot_random_place_random_1_grasp_ver3_greedy_ver3,20260312184247,7,417.0,0.0
2x2_slot_random_place_random_1_grasp_ver3_greedy_ver3,20260312184250,19,846.0,0.0
2x2_slot_random_place_random_1_grasp_ver3_greedy_ver3,20260312184254,10,447.0,0.0
2x2_slot_random_place_random_1_grasp_ver3_greedy_ver3,20260312184258,16,804.0,0.015625
2x2_slot_random_place_random_1_grasp_ver3_greedy_ver3,20260312184302,16,888.0,0.0
2x2_slot_random_place_random_1_grasp_ver3_greedy_ver3,20260312184306,27,1407.0,0.0
2x2_slot_random_place_random_1_grasp_ver3_greedy_ver3,20260312184309,25,1188.0,0.015625
2x2_slot_random_place_random_1_grasp_ver3_greedy_ver3,20260312184314,11,512.0,0.0
2x2_slot_random_place_random_1_grasp_ver3_greedy_ver3,20260312184317,17,743.0,0.0
2x2_slot_random_place_random_1_grasp_ver3_greedy_ver3,20260312184321,19,836.0,0.0
2x2_slot_random_place_random_1_grasp_ver3_greedy_ver3,20260312184325,13,880.0,0.0
2x2_slot_random_place_random_1_grasp_ver3_greedy_ver3,20260312184329,11,565.0,0.0
2x2_slot_random_place_random_1_grasp_ver3_greedy_ver3,20260312184333,19,868.0,0.0
2x2_slot_random_place_random_1_grasp_ver3_greedy_ver3,20260312184336,11,498.0,0.0
2x2_slot_random_place_random_1_grasp_ver3_greedy_ver3,20260312184339,24,1114.0,0.0
2x2_slot_random_place_random_1_grasp_ver3_greedy_ver3,20260312184344,11,494.0,0.0
2x2_slot_random_place_random_1_grasp_ver3_greedy_ver3,20260312184348,11,594.0,0.015625
2x2_slot_random_place_random_1_grasp_ver3_greedy_ver3,20260312184352,7,399.0,0.0
2x2_slot_random_place_random_1_grasp_ver3_greedy_ver3,20260312184355,6,505.0,0.0
2x2_slot_random_place_random_1_grasp_ver3_greedy_ver3,20260312184358,15,750.0,0.0
2x2_slot_random_place_random_1_grasp_ver3_greedy_ver3,20260312184401,3,273.0,0.0
2x2_slot_random_place_random_1_grasp_ver3_greedy_ver3,20260312184406,36,1741.0,0.0
2x2_slot_random_place_random_1_grasp_ver3_greedy_ver3,20260312184411,42,1944.0,0.0
2x2_slot_random_place_random_1_grasp_ver3_greedy_ver3,20260312184416,11,512.0,0.0
2x2_slot_random_place_random_1_grasp_ver3_greedy_ver3,20260312184420,15,862.0,0.0
2x2_slot_random_place_random_1_grasp_ver3_greedy_ver3,20260312184424,12,625.0,0.0
2x2_slot_random_place_random_1_grasp_ver3_greedy_ver3,20260312184427,6,379.0,0.0
2x2_slot_random_place_random_1_grasp_ver3_greedy_ver3,20260312184431,11,496.0,0.0
2x2_slot_random_place_random_1_grasp_ver3_greedy_ver3,20260312184434,11,545.0,0.0
2x2_slot_random_place_random_1_grasp_ver3_greedy_ver3,20260312184437,11,512.0,0.0
2x2_slot_random_place_random_1_grasp_ver3_greedy_ver3,20260312184439,10,472.0,0.0
2x2_slot_random_place_random_1_grasp_ver3_greedy_ver3,20260312184442,10,570.0,0.0
2x2_slot_random_place_random_1_grasp_ver3_greedy_ver3,20260312184446,18,846.0,0.0
2x2_slot_random_place_random_1_grasp_ver3_greedy_ver3,20260312184450,17,834.0,0.0
2x2_slot_random_place_random_1_grasp_ver3_greedy_ver3,20260312184455,19,864.0,0.0
2x2_slot_random_place_random_1_grasp_ver3_greedy_ver3,20260312184459,13,692.0,0.0
2x2_slot_random_place_random_1_grasp_ver3_greedy_ver3,20260312184503,19,834.0,0.0
2x2_slot_random_place_random_1_grasp_ver3_greedy_ver3,20260312184507,34,1422.0,0.0
2x2_slot_random_place_random_1_grasp_ver3_greedy_ver3,20260312184510,3,269.0,0.0
2x2_slot_random_place_random_1_grasp_ver3_greedy_ver3,20260312184513,11,492.0,0.0
2x2_slot_random_place_random_1_grasp_ver3_greedy_ver3,20260312184516,7,403.0,0.0
2x2_slot_random_place_random_1_grasp_ver3_greedy_ver3,20260312184519,7,417.0,0.0
2x2_slot_random_place_random_1_grasp_ver3_greedy_ver3,20260312184523,11,564.0,0.0
2x2_slot_random_place_random_1_grasp_ver3_greedy_ver3,20260312184527,15,788.0,0.0
2x2_slot_random_place_random_1_grasp_ver3_greedy_ver3,20260312184532,32,1262.0,0.0
2x2_slot_random_place_random_1_grasp_ver3_greedy_ver3,20260312184537,7,359.0,0.0
2x2_slot_random_place_random_1_grasp_ver3_greedy_ver3,20260312184540,15,643.0,0.0
2x2_slot_random_place_random_1_greedy_ver3_grasp_ver3,20260312181657,9,461.0,0.0
2x2_slot_random_place_random_1_greedy_ver3_grasp_ver3,20260312181701,6,419.0,0.0
2x2_slot_random_place_random_1_greedy_ver3_grasp_ver3,20260312181705,2,201.0,0.0
2x2_slot_random_place_random_1_greedy_ver3_grasp_ver3,20260312181707,7,567.0,0.0
2x2_slot_random_place_random_1_greedy_ver3_grasp_ver3,20260312181710,31,1308.0,0.0
2x2_slot_random_place_random_1_greedy_ver3_grasp_ver3,20260312181712,4,321.0,0.0
2x2_slot_random_place_random_1_greedy_ver3_grasp_ver3,20260312181715,2,173.0,0.0
2x2_slot_random_place_random_1_greedy_ver3_grasp_ver3,20260312181719,102,5094.0,0.0
2x2_slot_random_place_random_1_greedy_ver3_grasp_ver3,20260312181753,64,3088.0,0.0
2x2_slot_random_place_random_1_greedy_ver3_grasp_ver3,20260312181813,14,726.0,0.0
2x2_slot_random_place_random_1_greedy_ver3_grasp_ver3,20260312181821,4,319.0,0.0
2x2_slot_random_place_random_1_greedy_ver3_grasp_ver3,20260312181824,4,207.0,0.0
2x2_slot_random_place_random_1_greedy_ver3_grasp_ver3,20260312181828,8,470.0,0.015625
2x2_slot_random_place_random_1_greedy_ver3_grasp_ver3,20260312181833,5,211.0,0.0
2x2_slot_random_place_random_1_greedy_ver3_grasp_ver3,20260312181836,6,209.0,0.0
2x2_slot_random_place_random_1_greedy_ver3_grasp_ver3,20260312181840,6,399.0,0.0
2x2_slot_random_place_random_1_greedy_ver3_grasp_ver3,20260312181842,13,676.0,0.0
2x2_slot_random_place_random_1_greedy_ver3_grasp_ver3,20260312181845,2,197.0,0.0
2x2_slot_random_place_random_1_greedy_ver3_grasp_ver3,20260312181847,6,307.0,0.0
2x2_slot_random_place_random_1_greedy_ver3_grasp_ver3,20260312181852,3,305.0,0.0
2x2_slot_random_place_random_1_greedy_ver3_grasp_ver3,20260312181854,5,217.0,0.0
2x2_slot_random_place_random_1_greedy_ver3_grasp_ver3,20260312181857,9,578.0,0.0
2x2_slot_random_place_random_1_greedy_ver3_grasp_ver3,20260312181902,2,209.0,0.0
2x2_slot_random_place_random_1_greedy_ver3_grasp_ver3,20260312181904,6,371.0,0.0
2x2_slot_random_place_random_1_greedy_ver3_grasp_ver3,20260312181908,2,169.0,0.0
2x2_slot_random_place_random_1_greedy_ver3_grasp_ver3,20260312181910,37,1757.0,0.0
2x2_slot_random_place_random_1_greedy_ver3_grasp_ver3,20260312181921,33,1727.0,0.0
2x2_slot_random_place_random_1_greedy_ver3_grasp_ver3,20260312181934,29,1408.0,0.0
2x2_slot_random_place_random_1_greedy_ver3_grasp_ver3,20260312181943,28,1246.0,0.0
2x2_slot_random_place_random_1_greedy_ver3_grasp_ver3,20260312181945,7,434.0,0.0
2x2_slot_random_place_random_1_greedy_ver3_grasp_ver3,20260312181950,4,281.0,0.0
2x2_slot_random_place_random_1_greedy_ver3_grasp_ver3,20260312181953,14,951.0,0.0
2x2_slot_random_place_random_1_greedy_ver3_grasp_ver3,20260312181958,6,201.0,0.0
2x2_slot_random_place_random_1_greedy_ver3_grasp_ver3,20260312182002,7,267.0,0.0
2x2_slot_random_place_random_1_greedy_ver3_grasp_ver3,20260312182007,9,478.0,0.015625
2x2_slot_random_place_random_1_greedy_ver3_grasp_ver3,20260312182012,12,537.0,0.0
2x2_slot_random_place_random_1_greedy_ver3_grasp_ver3,20260312182014,5,387.0,0.0
2x2_slot_random_place_random_1_greedy_ver3_grasp_ver3,20260312182017,9,586.0,0.0
2x2_slot_random_place_random_1_greedy_ver3_grasp_ver3,20260312182022,4,295.0,0.0
2x2_slot_random_place_random_1_greedy_ver3_grasp_ver3,20260312182025,7,490.0,0.0
2x2_slot_random_place_random_1_greedy_ver3_grasp_ver3,20260312182029,7,393.0,0.015625
2x2_slot_random_place_random_1_greedy_ver3_grasp_ver3,20260312182034,11,553.0,0.0
2x2_slot_random_place_random_1_greedy_ver3_grasp_ver3,20260312182039,3,293.0,0.0
2x2_slot_random_place_random_1_greedy_ver3_grasp_ver3,20260312182041,9,483.0,0.0
2x2_slot_random_place_random_1_greedy_ver3_grasp_ver3,20260312182045,7,346.0,0.0
2x2_slot_random_place_random_1_greedy_ver3_grasp_ver3,20260312182050,4,299.0,0.0
2x2_slot_random_place_random_1_greedy_ver3_grasp_ver3,20260312182053,4,317.0,0.0
2x2_slot_random_place_random_1_greedy_ver3_grasp_ver3,20260312182056,4,207.0,0.0
2x2_slot_random_place_random_1_greedy_ver3_grasp_ver3,20260312182059,5,219.0,0.0
2x2_slot_random_place_random_1_greedy_ver3_grasp_ver3,20260312182103,2,209.0,0.0
2x2_slot_random_place_random_1_greedy_ver3_grasp_ver3,20260312182105,10,490.0,0.0
2x2_slot_random_place_random_1_greedy_ver3_grasp_ver3,20260312182111,6,183.0,0.015625
2x2_slot_random_place_random_1_greedy_ver3_grasp_ver3,20260312182113,11,586.0,0.0
2x2_slot_random_place_random_1_greedy_ver3_grasp_ver3,20260312182117,6,224.0,0.0
2x2_slot_random_place_random_1_greedy_ver3_grasp_ver3,20260312182121,4,207.0,0.0
2x2_slot_random_place_random_1_greedy_ver3_grasp_ver3,20260312182124,11,490.0,0.0
2x2_slot_random_place_random_1_greedy_ver3_grasp_ver3,20260312182130,3,211.0,0.0
2x2_slot_random_place_random_1_greedy_ver3_grasp_ver3,20260312182133,4,317.0,0.0
2x2_slot_random_place_random_1_greedy_ver3_grasp_ver3,20260312182137,5,221.0,0.0
2x2_slot_random_place_random_1_greedy_ver3_grasp_ver3,20260312182141,7,387.0,0.0
2x2_slot_random_place_random_1_greedy_ver3_grasp_ver3,20260312182145,16,712.0,0.0
2x2_slot_random_place_random_1_greedy_ver3_grasp_ver3,20260312182147,3,221.0,0.0
2x2_slot_random_place_random_1_greedy_ver3_grasp_ver3,20260312182150,5,209.0,0.0
2x2_slot_random_place_random_1_greedy_ver3_grasp_ver3,20260312182153,2,219.0,0.0
2x2_slot_random_place_random_1_greedy_ver3_grasp_ver3,20260312182156,7,413.0,0.0
2x2_slot_random_place_random_1_greedy_ver3_grasp_ver3,20260312182200,6,201.0,0.0
2x2_slot_random_place_random_1_greedy_ver3_grasp_ver3,20260312182204,31,1396.0,0.0
2x2_slot_random_place_random_1_greedy_ver3_grasp_ver3,20260312182216,9,353.0,0.0
2x2_slot_random_place_random_1_greedy_ver3_grasp_ver3,20260312182222,11,611.0,0.0
2x2_slot_random_place_random_1_greedy_ver3_grasp_ver3,20260312182228,11,533.0,0.0
2x2_slot_random_place_random_1_greedy_ver3_grasp_ver3,20260312182233,5,267.0,0.0
2x2_slot_random_place_random_1_greedy_ver3_grasp_ver3,20260312182237,71,3490.0,0.015625
2x2_slot_random_place_random_1_greedy_ver3_grasp_ver3,20260312182258,18,960.0,0.0
2x2_slot_random_place_random_1_greedy_ver3_grasp_ver3,20260312182306,3,303.0,0.0
2x2_slot_random_place_random_1_greedy_ver3_grasp_ver3,20260312182308,12,780.0,0.0
2x2_slot_random_place_random_1_greedy_ver3_grasp_ver3,20260312182314,6,411.0,0.0
2x2_slot_random_place_random_1_greedy_ver3_grasp_ver3,20260312182316,21,974.0,0.0
2x2_slot_random_place_random_1_greedy_ver3_grasp_ver3,20260312182320,9,520.0,0.0
2x2_slot_random_place_random_1_greedy_ver3_grasp_ver3,20260312182327,13,562.0,0.0
2x2_slot_random_place_random_1_greedy_ver3_grasp_ver3,20260312182331,13,724.0,0.0
2x2_slot_random_place_random_1_greedy_ver3_grasp_ver3,20260312182337,36,1641.0,0.0
2x2_slot_random_place_random_1_greedy_ver3_grasp_ver3,20260312182349,9,447.0,0.0
2x2_slot_random_place_random_1_greedy_ver3_grasp_ver3,20260312182354,2,207.0,0.015625
2x2_slot_random_place_random_1_greedy_ver3_grasp_ver3,20260312182356,6,307.0,0.0
2x2_slot_random_place_random_1_greedy_ver3_grasp_ver3,20260312182401,3,305.0,0.0
2x2_slot_random_place_random_1_greedy_ver3_grasp_ver3,20260312182403,5,209.0,0.015625
2x2_slot_random_place_random_1_greedy_ver3_grasp_ver3,20260312182407,2,219.0,0.0
2x2_slot_random_place_random_1_greedy_ver3_grasp_ver3,20260312182409,4,213.0,0.0
2x2_slot_random_place_random_1_greedy_ver3_grasp_ver3,20260312182412,31,1627.0,0.0
2x2_slot_random_place_random_1_greedy_ver3_grasp_ver3,20260312182420,7,379.0,0.0
2x2_slot_random_place_random_1_greedy_ver3_grasp_ver3,20260312182425,2,209.0,0.0
2x2_slot_random_place_random_1_greedy_ver3_grasp_ver3,20260312182427,15,764.0,0.0
2x2_slot_random_place_random_1_greedy_ver3_grasp_ver3,20260312182434,7,393.0,0.0
2x2_slot_random_place_random_1_greedy_ver3_grasp_ver3,20260312182438,11,626.0,0.0
2x2_slot_random_place_random_1_greedy_ver3_grasp_ver3,20260312182443,10,410.0,0.015625
2x2_slot_random_place_random_1_greedy_ver3_grasp_ver3,20260312182446,6,413.0,0.0
2x2_slot_random_place_random_1_greedy_ver3_grasp_ver3,20260312182448,12,658.0,0.0
2x2_slot_random_place_random_1_greedy_ver3_grasp_ver3,20260312182452,4,217.0,0.0
2x2_slot_random_place_random_1_greedy_ver3_grasp_ver3,20260312182455,5,209.0,0.0
2x2_slot_random_place_random_1_greedy_ver3_grasp_ver3,20260312182458,6,217.0,0.0
2x2_slot_random_place_random_1_greedy_ver3_grasp_ver3,20260312182503,2,169.0,0.0
2x2_slot_random_place_random_1_greedy_ver3_grasp_ver3,20260312182505,20,1002.0,0.0
2x2_slot_random_place_random_1_greedy_ver3_grasp_ver3,20260312182514,2,164.0,0.0
2x2_slot_random_place_random_1_greedy_ver3_grasp_ver3,20260312182516,7,522.0,0.0
2x2_slot_random_place_random_1_greedy_ver3_grasp_ver3,20260312182519,2,209.0,0.0
2x2_slot_random_place_random_1_greedy_ver3_grasp_ver3,20260312182522,18,858.0,0.0
2x2_slot_random_place_random_1_greedy_ver3_grasp_ver3,20260312182531,5,261.0,0.0
2x2_slot_random_place_random_1_greedy_ver3_grasp_ver3,20260312182535,8,462.0,0.0
2x2_slot_random_place_random_1_greedy_ver3_grasp_ver3,20260312182540,6,201.0,0.0
2x2_slot_random_place_random_1_greedy_ver3_grasp_ver3,20260312182545,11,575.0,0.0
2x2_slot_random_place_random_1_greedy_ver3_grasp_ver3,20260312182549,4,173.0,0.0
2x2_slot_random_place_random_1_greedy_ver3_grasp_ver3,20260312182552,9,488.0,0.0
2x2_slot_random_place_random_1_greedy_ver3_grasp_ver3,20260312182558,7,346.0,0.0
2x2_slot_random_place_random_1_greedy_ver3_grasp_ver3,20260312182603,24,1076.0,0.0
2x2_slot_random_place_random_1_greedy_ver3_grasp_ver3,20260312182614,12,621.0,0.0
2x2_slot_random_place_random_1_greedy_ver3_grasp_ver3,20260312182619,2,209.0,0.0
2x2_slot_random_place_random_1_greedy_ver3_grasp_ver3,20260312182621,3,211.0,0.0
2x2_slot_random_place_random_1_greedy_ver3_grasp_ver3,20260312182624,5,219.0,0.0
2x2_slot_random_place_random_1_greedy_ver3_grasp_ver3,20260312182628,2,209.0,0.0
2x2_slot_random_place_random_1_greedy_ver3_grasp_ver3,20260312182630,3,211.0,0.0
2x2_slot_random_place_random_1_greedy_ver3_grasp_ver3,20260312182633,14,874.0,0.0
2x2_slot_random_place_random_1_greedy_ver3_grasp_ver3,20260312182639,6,299.0,0.0
2x2_slot_random_place_random_1_greedy_ver3_grasp_ver3,20260312182644,9,462.0,0.0
2x2_slot_random_place_random_1_greedy_ver3_grasp_ver3,20260312182649,5,277.0,0.0
2x2_slot_random_place_random_1_greedy_ver3_grasp_ver3,20260312182650,4,217.0,0.0
2x2_slot_random_place_random_1_greedy_ver3_grasp_ver3,20260312182653,13,634.0,0.0
2x2_slot_random_place_random_1_greedy_ver3_grasp_ver3,20260312182700,4,213.0,0.015625
2x2_slot_random_place_random_1_greedy_ver3_grasp_ver3,20260312182704,5,209.0,0.0
2x2_slot_random_place_random_1_greedy_ver3_grasp_ver3,20260312182707,2,219.0,0.0
2x2_slot_random_place_random_1_greedy_ver3_grasp_ver3,20260312182709,14,744.0,0.0
2x2_slot_random_place_random_1_greedy_ver3_grasp_ver3,20260312182715,6,211.0,0.0
2x2_slot_random_place_random_1_greedy_ver3_grasp_ver3,20260312182720,4,201.0,0.0
2x2_slot_random_place_random_1_greedy_ver3_grasp_ver3,20260312182721,4,217.0,0.015625
2x2_slot_random_place_random_1_greedy_ver3_grasp_ver3,20260312182725,3,211.0,0.0
2x2_slot_random_place_random_1_greedy_ver3_grasp_ver3,20260312182728,7,494.0,0.0
2x2_slot_random_place_random_1_greedy_ver3_grasp_ver3,20260312182732,5,323.0,0.0
2x2_slot_random_place_random_1_greedy_ver3_grasp_ver3,20260312182735,5,213.0,0.015625
2x2_slot_random_place_random_1_greedy_ver3_grasp_ver3,20260312182739,5,321.0,0.0
2x2_slot_random_place_random_1_greedy_ver3_grasp_ver3,20260312182742,4,249.0,0.0
2x2_slot_random_place_random_1_greedy_ver3_grasp_ver3,20260312182745,4,313.0,0.0
2x2_slot_random_place_random_1_greedy_ver3_grasp_ver3,20260312182749,4,201.0,0.0
2x2_slot_random_place_random_1_greedy_ver3_grasp_ver3,20260312182751,9,458.0,0.0
2x2_slot_random_place_random_1_greedy_ver3_grasp_ver3,20260312182756,19,800.0,0.0
2x2_slot_random_place_random_1_greedy_ver3_grasp_ver3,20260312182806,9,544.0,0.0
2x2_slot_random_place_random_1_greedy_ver3_grasp_ver3,20260312182812,2,199.0,0.0
2x2_slot_random_place_random_1_greedy_ver3_grasp_ver3,20260312182814,4,207.0,0.0
2x2_slot_random_place_random_1_greedy_ver3_grasp_ver3,20260312182817,5,209.0,0.015625
2x2_slot_random_place_random_1_greedy_ver3_grasp_ver3,20260312182820,7,449.0,0.0
2x2_slot_random_place_random_1_greedy_ver3_grasp_ver3,20260312182821,4,211.0,0.0
2x2_slot_random_place_random_1_greedy_ver3_grasp_ver3,20260312182825,4,217.0,0.0
2x2_slot_random_place_random_1_greedy_ver3_grasp_ver3,20260312182829,4,207.0,0.0
2x2_slot_random_place_random_1_greedy_ver3_grasp_ver3,20260312182832,7,343.0,0.0
2x2_slot_random_place_random_1_greedy_ver3_grasp_ver3,20260312182836,5,283.0,0.0
2x2_slot_random_place_random_1_greedy_ver3_grasp_ver3,20260312182840,5,313.0,0.0
2x2_slot_random_place_random_1_greedy_ver3_grasp_ver3,20260312182843,13,896.0,0.0
2x2_slot_random_place_random_1_greedy_ver3_grasp_ver3,20260312182849,4,211.0,0.0
2x2_slot_random_place_random_1_greedy_ver3_grasp_ver3,20260312182851,16,756.0,0.0
2x2_slot_random_place_random_1_greedy_ver3_grasp_ver3,20260312182854,6,167.0,0.0
2x2_slot_random_place_random_1_greedy_ver3_grasp_ver3,20260312182858,9,544.0,0.0
2x2_slot_random_place_random_1_greedy_ver3_grasp_ver3,20260312182902,4,173.0,0.0
2x2_slot_random_place_random_1_greedy_ver3_grasp_ver3,20260312182906,6,217.0,0.0
2x2_slot_random_place_random_1_greedy_ver3_grasp_ver3,20260312182910,3,211.0,0.0
2x2_slot_random_place_random_1_greedy_ver3_grasp_ver3,20260312182913,10,538.0,0.0
2x2_slot_random_place_random_1_greedy_ver3_grasp_ver3,20260312182919,4,207.0,0.0
2x2_slot_random_place_random_1_greedy_ver3_grasp_ver3,20260312182923,19,916.0,0.0
2x2_slot_random_place_random_1_greedy_ver3_grasp_ver3,20260312182925,4,203.0,0.015625
2x2_slot_random_place_random_1_greedy_ver3_grasp_ver3,20260312182928,6,505.0,0.0
2x2_slot_random_place_random_1_greedy_ver3_grasp_ver3,20260312182931,5,225.0,0.0
2x2_slot_random_place_random_1_greedy_ver3_grasp_ver3,20260312182935,3,293.0,0.0
2x2_slot_random_place_random_1_greedy_ver3_grasp_ver3,20260312182938,15,824.0,0.015625
2x2_slot_random_place_random_1_greedy_ver3_grasp_ver3,20260312182945,12,526.0,0.0
2x2_slot_random_place_random_1_greedy_ver3_grasp_ver3,20260312182952,4,211.0,0.0
2x2_slot_random_place_random_1_greedy_ver3_grasp_ver3,20260312182953,18,840.0,0.0
2x2_slot_random_place_random_1_greedy_ver3_grasp_ver3,20260312182958,4,337.0,0.015625
2x2_slot_random_place_random_1_greedy_ver3_grasp_ver3,20260312183001,4,341.0,0.0
2x2_slot_random_place_random_1_greedy_ver3_grasp_ver3,20260312183004,6,307.0,0.015625
2x2_slot_random_place_random_1_greedy_ver3_grasp_ver3,20260312183008,3,305.0,0.0
2x2_slot_random_place_random_1_greedy_ver3_grasp_ver3,20260312183011,4,211.0,0.0
2x2_slot_random_place_random_1_greedy_ver3_grasp_ver3,20260312183014,4,201.0,0.0
2x2_slot_random_place_random_1_greedy_ver3_grasp_ver3,20260312183017,4,295.0,0.0
2x2_slot_random_place_random_1_greedy_ver3_grasp_ver3,20260312183020,12,544.0,0.015625
2x2_slot_random_place_random_1_greedy_ver3_grasp_ver3,20260312183023,24,1112.0,0.0
2x2_slot_random_place_random_1_greedy_ver3_grasp_ver3,20260312183028,6,211.0,0.0
2x2_slot_random_place_random_1_greedy_ver3_grasp_ver3,20260312183032,8,537.0,0.0
2x2_slot_random_place_random_1_greedy_ver3_grasp_ver3,20260312183036,5,233.0,0.0
2x2_slot_random_place_random_1_greedy_ver3_grasp_ver3,20260312183040,7,287.0,0.0
2x2_slot_random_place_random_1_greedy_ver3_grasp_ver3,20260312183045,5,249.0,0.015625
2x2_slot_random_place_random_1_greedy_ver3_grasp_ver3,20260312183048,4,201.0,0.0
2x2_slot_random_place_random_1_greedy_ver3_grasp_ver3,20260312183052,4,273.0,0.0
2x2_slot_random_place_random_1_greedy_ver3_grasp_ver3,20260312183055,5,331.0,0.0
2x2_slot_random_place_random_1_greedy_ver3_grasp_ver3,20260312183056,6,169.0,0.0
2x2_slot_random_place_random_1_greedy_ver3_grasp_ver3,20260312183100,5,225.0,0.0
2x2_slot_random_place_random_1_greedy_ver3_grasp_ver3,20260312183104,10,438.0,0.0
2x2_slot_random_place_random_1_greedy_ver3_grasp_ver3,20260312183111,3,203.0,0.0
2x2_slot_random_place_random_1_greedy_ver3_grasp_ver3,20260312183113,6,302.0,0.0
2x2_slot_random_place_random_1_greedy_ver3_greedy_ver3,20260312181659,15,754.0,0.0
2x2_slot_random_place_random_1_greedy_ver3_greedy_ver3,20260312181703,11,542.0,0.0
2x2_slot_random_place_random_1_greedy_ver3_greedy_ver3,20260312181706,8,411.0,0.0
2x2_slot_random_place_random_1_greedy_ver3_greedy_ver3,20260312181708,10,487.0,0.0
2x2_slot_random_place_random_1_greedy_ver3_greedy_ver3,20260312181710,31,1308.0,0.0
2x2_slot_random_place_random_1_greedy_ver3_greedy_ver3,20260312181714,15,708.0,0.015625
2x2_slot_random_place_random_1_greedy_ver3_greedy_ver3,20260312181716,3,273.0,0.0
2x2_slot_random_place_random_1_greedy_ver3_greedy_ver3,20260312181734,207,9583.0,0.0
2x2_slot_random_place_random_1_greedy_ver3_greedy_ver3,20260312181803,112,5006.0,0.0
2x2_slot_random_place_random_1_greedy_ver3_greedy_ver3,20260312181817,30,1342.0,0.0
2x2_slot_random_place_random_1_greedy_ver3_greedy_ver3,20260312181822,13,574.0,0.0
2x2_slot_random_place_random_1_greedy_ver3_greedy_ver3,20260312181826,11,494.0,0.0
2x2_slot_random_place_random_1_greedy_ver3_greedy_ver3,20260312181830,12,638.0,0.0
2x2_slot_random_place_random_1_greedy_ver3_greedy_ver3,20260312181834,11,556.0,0.0
2x2_slot_random_place_random_1_greedy_ver3_greedy_ver3,20260312181838,10,544.0,0.0
2x2_slot_random_place_random_1_greedy_ver3_greedy_ver3,20260312181842,13,676.0,0.0
2x2_slot_random_place_random_1_greedy_ver3_greedy_ver3,20260312181843,17,844.0,0.0
2x2_slot_random_place_random_1_greedy_ver3_greedy_ver3,20260312181846,8,407.0,0.0
2x2_slot_random_place_random_1_greedy_ver3_greedy_ver3,20260312181849,19,842.0,0.0
2x2_slot_random_place_random_1_greedy_ver3_greedy_ver3,20260312181853,3,285.0,0.0
2x2_slot_random_place_random_1_greedy_ver3_greedy_ver3,20260312181855,12,624.0,0.0
2x2_slot_random_place_random_1_greedy_ver3_greedy_ver3,20260312181900,14,718.0,0.0
2x2_slot_random_place_random_1_greedy_ver3_greedy_ver3,20260312181903,6,459.0,0.0
2x2_slot_random_place_random_1_greedy_ver3_greedy_ver3,20260312181906,12,628.0,0.0
2x2_slot_random_place_random_1_greedy_ver3_greedy_ver3,20260312181909,3,269.0,0.0
2x2_slot_random_place_random_1_greedy_ver3_greedy_ver3,20260312181915,67,3273.0,0.0
2x2_slot_random_place_random_1_greedy_ver3_greedy_ver3,20260312181927,67,3601.0,0.0
2x2_slot_random_place_random_1_greedy_ver3_greedy_ver3,20260312181938,46,1969.0,0.0
2x2_slot_random_place_random_1_greedy_ver3_greedy_ver3,20260312181943,28,1246.0,0.0
2x2_slot_random_place_random_1_greedy_ver3_greedy_ver3,20260312181947,11,562.0,0.015625
2x2_slot_random_place_random_1_greedy_ver3_greedy_ver3,20260312181951,5,271.0,0.0
2x2_slot_random_place_random_1_greedy_ver3_greedy_ver3,20260312181955,20,1024.0,0.0
2x2_slot_random_place_random_1_greedy_ver3_greedy_ver3,20260312182000,19,834.0,0.0
2x2_slot_random_place_random_1_greedy_ver3_greedy_ver3,20260312182004,16,732.0,0.015625
2x2_slot_random_place_random_1_greedy_ver3_greedy_ver3,20260312182009,13,910.0,0.0
2x2_slot_random_place_random_1_greedy_ver3_greedy_ver3,20260312182012,12,537.0,0.0
2x2_slot_random_place_random_1_greedy_ver3_greedy_ver3,20260312182015,13,712.0,0.0
2x2_slot_random_place_random_1_greedy_ver3_greedy_ver3,20260312182020,19,866.0,0.0
2x2_slot_random_place_random_1_greedy_ver3_greedy_ver3,20260312182024,6,305.0,0.0
2x2_slot_random_place_random_1_greedy_ver3_greedy_ver3,20260312182027,12,1240.0,0.0
2x2_slot_random_place_random_1_greedy_ver3_greedy_ver3,20260312182031,14,758.0,0.0
2x2_slot_random_place_random_1_greedy_ver3_greedy_ver3,20260312182036,16,822.0,0.0
2x2_slot_random_place_random_1_greedy_ver3_greedy_ver3,20260312182040,3,273.0,0.0
2x2_slot_random_place_random_1_greedy_ver3_greedy_ver3,20260312182044,16,838.0,0.0
2x2_slot_random_place_random_1_greedy_ver3_greedy_ver3,20260312182047,28,1324.0,0.0
2x2_slot_random_place_random_1_greedy_ver3_greedy_ver3,20260312182051,6,361.0,0.0
2x2_slot_random_place_random_1_greedy_ver3_greedy_ver3,20260312182054,15,708.0,0.0
2x2_slot_random_place_random_1_greedy_ver3_greedy_ver3,20260312182058,6,371.0,0.0
2x2_slot_random_place_random_1_greedy_ver3_greedy_ver3,20260312182101,11,516.0,0.0
2x2_slot_random_place_random_1_greedy_ver3_greedy_ver3,20260312182104,3,269.0,0.0
2x2_slot_random_place_random_1_greedy_ver3_greedy_ver3,20260312182108,27,1122.0,0.0
2x2_slot_random_place_random_1_greedy_ver3_greedy_ver3,20260312182113,11,586.0,0.0
2x2_slot_random_place_random_1_greedy_ver3_greedy_ver3,20260312182115,14,694.0,0.0
2x2_slot_random_place_random_1_greedy_ver3_greedy_ver3,20260312182119,13,626.0,0.0
2x2_slot_random_place_random_1_greedy_ver3_greedy_ver3,20260312182122,11,494.0,0.0
2x2_slot_random_place_random_1_greedy_ver3_greedy_ver3,20260312182127,22,1018.0,0.0
2x2_slot_random_place_random_1_greedy_ver3_greedy_ver3,20260312182131,11,496.0,0.0
2x2_slot_random_place_random_1_greedy_ver3_greedy_ver3,20260312182135,13,564.0,0.0
2x2_slot_random_place_random_1_greedy_ver3_greedy_ver3,20260312182139,12,628.0,0.015625
2x2_slot_random_place_random_1_greedy_ver3_greedy_ver3,20260312182143,15,700.0,0.0
2x2_slot_random_place_random_1_greedy_ver3_greedy_ver3,20260312182145,16,712.0,0.0
2x2_slot_random_place_random_1_greedy_ver3_greedy_ver3,20260312182148,11,518.0,0.0
2x2_slot_random_place_random_1_greedy_ver3_greedy_ver3,20260312182151,11,496.0,0.015625
2x2_slot_random_place_random_1_greedy_ver3_greedy_ver3,20260312182154,3,279.0,0.0
2x2_slot_random_place_random_1_greedy_ver3_greedy_ver3,20260312182158,14,832.0,0.0
2x2_slot_random_place_random_1_greedy_ver3_greedy_ver3,20260312182202,15,722.0,0.0
2x2_slot_random_place_random_1_greedy_ver3_greedy_ver3,20260312182210,55,2542.0,0.0
2x2_slot_random_place_random_1_greedy_ver3_greedy_ver3,20260312182218,40,1826.0,0.0
2x2_slot_random_place_random_1_greedy_ver3_greedy_ver3,20260312182225,23,1158.0,0.015625
2x2_slot_random_place_random_1_greedy_ver3_greedy_ver3,20260312182230,23,1164.0,0.0
2x2_slot_random_place_random_1_greedy_ver3_greedy_ver3,20260312182235,17,834.0,0.0
2x2_slot_random_place_random_1_greedy_ver3_greedy_ver3,20260312182246,107,5062.0,0.0
2x2_slot_random_place_random_1_greedy_ver3_greedy_ver3,20260312182302,28,1404.0,0.015625
2x2_slot_random_place_random_1_greedy_ver3_greedy_ver3,20260312182307,3,283.0,0.0
2x2_slot_random_place_random_1_greedy_ver3_greedy_ver3,20260312182311,24,1098.0,0.0
2x2_slot_random_place_random_1_greedy_ver3_greedy_ver3,20260312182316,21,974.0,0.0
2x2_slot_random_place_random_1_greedy_ver3_greedy_ver3,20260312182318,26,1242.0,0.0
2x2_slot_random_place_random_1_greedy_ver3_greedy_ver3,20260312182323,32,1614.0,0.0
2x2_slot_random_place_random_1_greedy_ver3_greedy_ver3,20260312182329,22,1034.0,0.0
2x2_slot_random_place_random_1_greedy_ver3_greedy_ver3,20260312182334,15,736.0,0.0
2x2_slot_random_place_random_1_greedy_ver3_greedy_ver3,20260312182344,59,2816.0,0.015625
2x2_slot_random_place_random_1_greedy_ver3_greedy_ver3,20260312182352,16,792.0,0.0
2x2_slot_random_place_random_1_greedy_ver3_greedy_ver3,20260312182355,3,267.0,0.0
2x2_slot_random_place_random_1_greedy_ver3_greedy_ver3,20260312182358,19,842.0,0.0
2x2_slot_random_place_random_1_greedy_ver3_greedy_ver3,20260312182402,3,285.0,0.0
2x2_slot_random_place_random_1_greedy_ver3_greedy_ver3,20260312182405,11,496.0,0.0
2x2_slot_random_place_random_1_greedy_ver3_greedy_ver3,20260312182408,3,279.0,0.015625
2x2_slot_random_place_random_1_greedy_ver3_greedy_ver3,20260312182410,6,377.0,0.0
2x2_slot_random_place_random_1_greedy_ver3_greedy_ver3,20260312182417,51,2297.0,0.0
2x2_slot_random_place_random_1_greedy_ver3_greedy_ver3,20260312182422,16,850.0,0.0
2x2_slot_random_place_random_1_greedy_ver3_greedy_ver3,20260312182426,3,269.0,0.0
2x2_slot_random_place_random_1_greedy_ver3_greedy_ver3,20260312182430,28,1272.0,0.0
2x2_slot_random_place_random_1_greedy_ver3_greedy_ver3,20260312182436,16,792.0,0.0
2x2_slot_random_place_random_1_greedy_ver3_greedy_ver3,20260312182441,19,968.0,0.0
2x2_slot_random_place_random_1_greedy_ver3_greedy_ver3,20260312182445,10,410.0,0.0
2x2_slot_random_place_random_1_greedy_ver3_greedy_ver3,20260312182448,12,658.0,0.0
2x2_slot_random_place_random_1_greedy_ver3_greedy_ver3,20260312182450,15,688.0,0.0
2x2_slot_random_place_random_1_greedy_ver3_greedy_ver3,20260312182453,6,381.0,0.0
2x2_slot_random_place_random_1_greedy_ver3_greedy_ver3,20260312182456,17,736.0,0.0
2x2_slot_random_place_random_1_greedy_ver3_greedy_ver3,20260312182500,15,746.0,0.0
2x2_slot_random_place_random_1_greedy_ver3_greedy_ver3,20260312182504,3,269.0,0.0
2x2_slot_random_place_random_1_greedy_ver3_greedy_ver3,20260312182510,30,1360.0,0.0
2x2_slot_random_place_random_1_greedy_ver3_greedy_ver3,20260312182515,2,164.0,0.0
2x2_slot_random_place_random_1_greedy_ver3_greedy_ver3,20260312182518,24,1324.0,0.0
2x2_slot_random_place_random_1_greedy_ver3_greedy_ver3,20260312182520,3,269.0,0.0
2x2_slot_random_place_random_1_greedy_ver3_greedy_ver3,20260312182526,50,2225.0,0.0
2x2_slot_random_place_random_1_greedy_ver3_greedy_ver3,20260312182533,10,562.0,0.0
2x2_slot_random_place_random_1_greedy_ver3_greedy_ver3,20260312182537,16,808.0,0.0
2x2_slot_random_place_random_1_greedy_ver3_greedy_ver3,20260312182542,17,818.0,0.0
2x2_slot_random_place_random_1_greedy_ver3_greedy_ver3,20260312182547,18,966.0,0.0
2x2_slot_random_place_random_1_greedy_ver3_greedy_ver3,20260312182550,6,363.0,0.0
2x2_slot_random_place_random_1_greedy_ver3_greedy_ver3,20260312182554,26,1396.0,0.0
2x2_slot_random_place_random_1_greedy_ver3_greedy_ver3,20260312182600,28,1324.0,0.015625
2x2_slot_random_place_random_1_greedy_ver3_greedy_ver3,20260312182608,66,3008.0,0.015625
2x2_slot_random_place_random_1_greedy_ver3_greedy_ver3,20260312182617,26,1424.0,0.0
2x2_slot_random_place_random_1_greedy_ver3_greedy_ver3,20260312182620,3,269.0,0.0
2x2_slot_random_place_random_1_greedy_ver3_greedy_ver3,20260312182622,11,498.0,0.0
2x2_slot_random_place_random_1_greedy_ver3_greedy_ver3,20260312182626,11,516.0,0.0
2x2_slot_random_place_random_1_greedy_ver3_greedy_ver3,20260312182629,3,269.0,0.0
2x2_slot_random_place_random_1_greedy_ver3_greedy_ver3,20260312182631,11,558.0,0.0
2x2_slot_random_place_random_1_greedy_ver3_greedy_ver3,20260312182636,31,1570.0,0.0
2x2_slot_random_place_random_1_greedy_ver3_greedy_ver3,20260312182641,21,1002.0,0.015625
2x2_slot_random_place_random_1_greedy_ver3_greedy_ver3,20260312182646,24,1108.0,0.0
2x2_slot_random_place_random_1_greedy_ver3_greedy_ver3,20260312182649,5,277.0,0.0
2x2_slot_random_place_random_1_greedy_ver3_greedy_ver3,20260312182651,11,574.0,0.0
2x2_slot_random_place_random_1_greedy_ver3_greedy_ver3,20260312182657,35,1572.0,0.0
2x2_slot_random_place_random_1_greedy_ver3_greedy_ver3,20260312182702,11,514.0,0.0
2x2_slot_random_place_random_1_greedy_ver3_greedy_ver3,20260312182705,11,496.0,0.0
2x2_slot_random_place_random_1_greedy_ver3_greedy_ver3,20260312182708,3,279.0,0.0
2x2_slot_random_place_random_1_greedy_ver3_greedy_ver3,20260312182712,30,1414.0,0.0
2x2_slot_random_place_random_1_greedy_ver3_greedy_ver3,20260312182717,22,924.0,0.0
2x2_slot_random_place_random_1_greedy_ver3_greedy_ver3,20260312182719,11,494.0,0.0
2x2_slot_random_place_random_1_greedy_ver3_greedy_ver3,20260312182723,11,514.0,0.0
2x2_slot_random_place_random_1_greedy_ver3_greedy_ver3,20260312182726,11,494.0,0.015625
2x2_slot_random_place_random_1_greedy_ver3_greedy_ver3,20260312182730,14,704.0,0.0
2x2_slot_random_place_random_1_greedy_ver3_greedy_ver3,20260312182733,20,1004.0,0.0
2x2_slot_random_place_random_1_greedy_ver3_greedy_ver3,20260312182737,15,722.0,0.0
2x2_slot_random_place_random_1_greedy_ver3_greedy_ver3,20260312182740,7,397.0,0.0
2x2_slot_random_place_random_1_greedy_ver3_greedy_ver3,20260312182743,17,835.0,0.0
2x2_slot_random_place_random_1_greedy_ver3_greedy_ver3,20260312182747,14,714.0,0.0
2x2_slot_random_place_random_1_greedy_ver3_greedy_ver3,20260312182750,11,492.0,0.015625
2x2_slot_random_place_random_1_greedy_ver3_greedy_ver3,20260312182753,27,1284.0,0.0
2x2_slot_random_place_random_1_greedy_ver3_greedy_ver3,20260312182800,51,2326.0,0.0
2x2_slot_random_place_random_1_greedy_ver3_greedy_ver3,20260312182809,21,1100.0,0.0
2x2_slot_random_place_random_1_greedy_ver3_greedy_ver3,20260312182813,8,409.0,0.0
2x2_slot_random_place_random_1_greedy_ver3_greedy_ver3,20260312182816,6,367.0,0.0
2x2_slot_random_place_random_1_greedy_ver3_greedy_ver3,20260312182819,6,371.0,0.0
2x2_slot_random_place_random_1_greedy_ver3_greedy_ver3,20260312182822,7,324.0,0.0
2x2_slot_random_place_random_1_greedy_ver3_greedy_ver3,20260312182823,7,417.0,0.0
2x2_slot_random_place_random_1_greedy_ver3_greedy_ver3,20260312182826,19,846.0,0.0
2x2_slot_random_place_random_1_greedy_ver3_greedy_ver3,20260312182830,10,447.0,0.0
2x2_slot_random_place_random_1_greedy_ver3_greedy_ver3,20260312182834,16,804.0,0.015625
2x2_slot_random_place_random_1_greedy_ver3_greedy_ver3,20260312182838,16,888.0,0.0
2x2_slot_random_place_random_1_greedy_ver3_greedy_ver3,20260312182841,14,692.0,0.0
2x2_slot_random_place_random_1_greedy_ver3_greedy_ver3,20260312182846,25,1188.0,0.0
2x2_slot_random_place_random_1_greedy_ver3_greedy_ver3,20260312182851,16,756.0,0.0
2x2_slot_random_place_random_1_greedy_ver3_greedy_ver3,20260312182852,17,743.0,0.0
2x2_slot_random_place_random_1_greedy_ver3_greedy_ver3,20260312182856,19,836.0,0.0
2x2_slot_random_place_random_1_greedy_ver3_greedy_ver3,20260312182900,13,880.0,0.0
2x2_slot_random_place_random_1_greedy_ver3_greedy_ver3,20260312182904,11,565.0,0.0
2x2_slot_random_place_random_1_greedy_ver3_greedy_ver3,20260312182908,19,868.0,0.0
2x2_slot_random_place_random_1_greedy_ver3_greedy_ver3,20260312182911,11,498.0,0.0
2x2_slot_random_place_random_1_greedy_ver3_greedy_ver3,20260312182916,23,1118.0,0.0
2x2_slot_random_place_random_1_greedy_ver3_greedy_ver3,20260312182921,11,494.0,0.0
2x2_slot_random_place_random_1_greedy_ver3_greedy_ver3,20260312182923,19,916.0,0.0
2x2_slot_random_place_random_1_greedy_ver3_greedy_ver3,20260312182927,7,399.0,0.0
2x2_slot_random_place_random_1_greedy_ver3_greedy_ver3,20260312182930,6,505.0,0.0
2x2_slot_random_place_random_1_greedy_ver3_greedy_ver3,20260312182933,15,750.0,0.015625
2x2_slot_random_place_random_1_greedy_ver3_greedy_ver3,20260312182936,3,273.0,0.0
2x2_slot_random_place_random_1_greedy_ver3_greedy_ver3,20260312182941,36,1741.0,0.015625
2x2_slot_random_place_random_1_greedy_ver3_greedy_ver3,20260312182948,42,1944.0,0.0
2x2_slot_random_place_random_1_greedy_ver3_greedy_ver3,20260312182953,18,840.0,0.0
2x2_slot_random_place_random_1_greedy_ver3_greedy_ver3,20260312182955,15,862.0,0.0
2x2_slot_random_place_random_1_greedy_ver3_greedy_ver3,20260312182959,12,625.0,0.0
2x2_slot_random_place_random_1_greedy_ver3_greedy_ver3,20260312183002,6,379.0,0.0
2x2_slot_random_place_random_1_greedy_ver3_greedy_ver3,20260312183006,19,842.0,0.0
2x2_slot_random_place_random_1_greedy_ver3_greedy_ver3,20260312183009,3,285.0,0.0
2x2_slot_random_place_random_1_greedy_ver3_greedy_ver3,20260312183012,11,512.0,0.0
2x2_slot_random_place_random_1_greedy_ver3_greedy_ver3,20260312183016,6,361.0,0.0
2x2_slot_random_place_random_1_greedy_ver3_greedy_ver3,20260312183019,10,570.0,0.0
2x2_slot_random_place_random_1_greedy_ver3_greedy_ver3,20260312183023,24,1112.0,0.0
2x2_slot_random_place_random_1_greedy_ver3_greedy_ver3,20260312183025,17,834.0,0.0
2x2_slot_random_place_random_1_greedy_ver3_greedy_ver3,20260312183030,19,924.0,0.0
2x2_slot_random_place_random_1_greedy_ver3_greedy_ver3,20260312183034,13,652.0,0.0
2x2_slot_random_place_random_1_greedy_ver3_greedy_ver3,20260312183038,17,736.0,0.0
2x2_slot_random_place_random_1_greedy_ver3_greedy_ver3,20260312183042,14,664.0,0.0
2x2_slot_random_place_random_1_greedy_ver3_greedy_ver3,20260312183046,20,902.0,0.0
2x2_slot_random_place_random_1_greedy_ver3_greedy_ver3,20260312183050,11,492.0,0.0
2x2_slot_random_place_random_1_greedy_ver3_greedy_ver3,20260312183053,7,403.0,0.0
2x2_slot_random_place_random_1_greedy_ver3_greedy_ver3,20260312183054,7,417.0,0.0
2x2_slot_random_place_random_1_greedy_ver3_greedy_ver3,20260312183058,11,564.0,0.015625
2x2_slot_random_place_random_1_greedy_ver3_greedy_ver3,20260312183102,20,850.0,0.0
2x2_slot_random_place_random_1_greedy_ver3_greedy_ver3,20260312183107,32,1262.0,0.0
2x2_slot_random_place_random_1_greedy_ver3_greedy_ver3,20260312183112,7,359.0,0.0
2x2_slot_random_place_random_1_greedy_ver3_greedy_ver3,20260312183115,15,643.0,0.0
2x2_slot_random_place_random_5_grasp_ver3_grasp_ver3,20260310133046,5,247.0,0.0
2x2_slot_random_place_random_5_grasp_ver3_grasp_ver3,20260310133050,5,259.0,0.015625
2x2_slot_random_place_random_5_grasp_ver3_grasp_ver3,20260310133055,70,3314.0,0.0
2x2_slot_random_place_random_5_grasp_ver3_grasp_ver3,20260310133119,26,1217.0,0.0
2x2_slot_random_place_random_5_grasp_ver3_grasp_ver3,20260310133131,12,512.0,0.0
2x2_slot_random_place_random_5_grasp_ver3_grasp_ver3,20260310133137,8,491.0,0.0
2x2_slot_random_place_random_5_grasp_ver3_grasp_ver3,20260310133142,6,413.0,0.015625
2x2_slot_random_place_random_5_grasp_ver3_grasp_ver3,20260310133145,69,3514.0,0.0
2x2_slot_random_place_random_5_grasp_ver3_grasp_ver3,20260310133208,5,215.0,0.0
2x2_slot_random_place_random_5_grasp_ver3_grasp_ver3,20260310133212,7,255.0,0.0
2x2_slot_random_place_random_5_grasp_ver3_grasp_ver3,20260310133216,3,227.0,0.0
2x2_slot_random_place_random_5_grasp_ver3_grasp_ver3,20260310133219,5,217.0,0.0
2x2_slot_random_place_random_5_grasp_ver3_grasp_ver3,20260310133223,5,259.0,0.0
2x2_slot_random_place_random_5_grasp_ver3_grasp_ver3,20260310133226,5,197.0,0.0
2x2_slot_random_place_random_5_grasp_ver3_grasp_ver3,20260310133230,6,431.0,0.0
2x2_slot_random_place_random_5_grasp_ver3_grasp_ver3,20260310133234,5,251.0,0.0
2x2_slot_random_place_random_5_grasp_ver3_grasp_ver3,20260310133238,10,556.0,0.015625
2x2_slot_random_place_random_5_grasp_ver3_grasp_ver3,20260310133243,5,217.0,0.0
2x2_slot_random_place_random_5_grasp_ver3_grasp_ver3,20260310133247,5,227.0,0.0
2x2_slot_random_place_random_5_grasp_ver3_grasp_ver3,20260310133251,39,1922.0,0.0
2x2_slot_random_place_random_5_grasp_ver3_grasp_ver3,20260310133300,5,179.0,0.0
2x2_slot_random_place_random_5_grasp_ver3_grasp_ver3,20260310133303,11,502.0,0.0
2x2_slot_random_place_random_5_grasp_ver3_grasp_ver3,20260310133310,14,860.0,0.0
2x2_slot_random_place_random_5_grasp_ver3_grasp_ver3,20260310133315,15,852.0,0.015625
2x2_slot_random_place_random_5_grasp_ver3_grasp_ver3,20260310133322,48,2442.0,0.0
2x2_slot_random_place_random_5_grasp_ver3_grasp_ver3,20260310133336,5,160.0,0.0
2x2_slot_random_place_random_5_grasp_ver3_grasp_ver3,20260310133340,16,1027.0,0.015625
2x2_slot_random_place_random_5_grasp_ver3_grasp_ver3,20260310133345,8,508.0,0.0
2x2_slot_random_place_random_5_grasp_ver3_grasp_ver3,20260310133349,10,616.0,0.0
2x2_slot_random_place_random_5_grasp_ver3_grasp_ver3,20260310133354,7,400.0,0.015625
2x2_slot_random_place_random_5_grasp_ver3_grasp_ver3,20260310133358,10,1120.0,0.0
2x2_slot_random_place_random_5_grasp_ver3_grasp_ver3,20260310133402,9,549.0,0.0
2x2_slot_random_place_random_5_grasp_ver3_grasp_ver3,20260310133407,5,291.0,0.0
2x2_slot_random_place_random_5_grasp_ver3_grasp_ver3,20260310133410,6,421.0,0.0
2x2_slot_random_place_random_5_grasp_ver3_grasp_ver3,20260310133415,2,297.0,0.015625
2x2_slot_random_place_random_5_grasp_ver3_grasp_ver3,20260310133417,3,217.0,0.0
2x2_slot_random_place_random_5_grasp_ver3_grasp_ver3,20260310133420,7,459.0,0.0
2x2_slot_random_place_random_5_grasp_ver3_grasp_ver3,20260310133424,5,247.0,0.0
2x2_slot_random_place_random_5_grasp_ver3_grasp_ver3,20260310133428,6,288.0,0.0
2x2_slot_random_place_random_5_grasp_ver3_grasp_ver3,20260310133432,9,507.0,0.015625
2x2_slot_random_place_random_5_grasp_ver3_grasp_ver3,20260310133437,2,279.0,0.0
2x2_slot_random_place_random_5_grasp_ver3_grasp_ver3,20260310133439,5,227.0,0.0
2x2_slot_random_place_random_5_grasp_ver3_grasp_ver3,20260310133442,5,156.0,0.0
2x2_slot_random_place_random_5_grasp_ver3_grasp_ver3,20260310133447,6,262.0,0.0
2x2_slot_random_place_random_5_grasp_ver3_grasp_ver3,20260310133451,5,247.0,0.0
2x2_slot_random_place_random_5_grasp_ver3_grasp_ver3,20260310133454,13,760.0,0.015625
2x2_slot_random_place_random_5_grasp_ver3_grasp_ver3,20260310133500,9,484.0,0.0
2x2_slot_random_place_random_5_grasp_ver3_grasp_ver3,20260310133505,5,247.0,0.0
2x2_slot_random_place_random_5_grasp_ver3_grasp_ver3,20260310133509,5,277.0,0.0
2x2_slot_random_place_random_5_grasp_ver3_grasp_ver3,20260310133513,8,452.0,0.0
2x2_slot_random_place_random_5_grasp_ver3_grasp_ver3,20260310133518,5,255.0,0.0
2x2_slot_random_place_random_5_grasp_ver3_grasp_ver3,20260310133523,5,251.0,0.0
2x2_slot_random_place_random_5_grasp_ver3_grasp_ver3,20260310133526,6,431.0,0.0
2x2_slot_random_place_random_5_grasp_ver3_grasp_ver3,20260310133530,45,1836.0,0.0
2x2_slot_random_place_random_5_grasp_ver3_grasp_ver3,20260310133545,4,179.0,0.0
2x2_slot_random_place_random_5_grasp_ver3_grasp_ver3,20260310133549,12,650.0,0.0
2x2_slot_random_place_random_5_grasp_ver3_grasp_ver3,20260310133556,7,399.0,0.0
2x2_slot_random_place_random_5_grasp_ver3_grasp_ver3,20260310133600,15,932.0,0.0
2x2_slot_random_place_random_5_grasp_ver3_grasp_ver3,20260310133609,54,2482.0,0.0
2x2_slot_random_place_random_5_grasp_ver3_grasp_ver3,20260310133629,7,424.0,0.0
2x2_slot_random_place_random_5_grasp_ver3_grasp_ver3,20260310133633,5,281.0,0.0
2x2_slot_random_place_random_5_grasp_ver3_grasp_ver3,20260310133636,5,223.0,0.0
2x2_slot_random_place_random_5_grasp_ver3_grasp_ver3,20260310133640,14,844.0,0.0
2x2_slot_random_place_random_5_grasp_ver3_grasp_ver3,20260310133647,18,1020.0,0.015625
2x2_slot_random_place_random_5_grasp_ver3_grasp_ver3,20260310133654,2,179.0,0.015625
2x2_slot_random_place_random_5_grasp_ver3_grasp_ver3,20260310133656,3,215.0,0.0
2x2_slot_random_place_random_5_grasp_ver3_grasp_ver3,20260310133700,12,627.0,0.0
2x2_slot_random_place_random_5_grasp_ver3_grasp_ver3,20260310133705,24,1079.0,0.0
2x2_slot_random_place_random_5_grasp_ver3_grasp_ver3,20260310133717,20,1066.0,0.0
2x2_slot_random_place_random_5_grasp_ver3_grasp_ver3,20260310133726,2,269.0,0.0
2x2_slot_random_place_random_5_grasp_ver3_grasp_ver3,20260310133728,6,413.0,0.0
2x2_slot_random_place_random_5_grasp_ver3_grasp_ver3,20260310133732,27,1412.0,0.0
2x2_slot_random_place_random_5_grasp_ver3_grasp_ver3,20260310133742,8,519.0,0.0
2x2_slot_random_place_random_5_grasp_ver3_grasp_ver3,20260310133745,16,872.0,0.015625
2x2_slot_random_place_random_5_grasp_ver3_grasp_ver3,20260310133753,7,425.0,0.0
2x2_slot_random_place_random_5_grasp_ver3_grasp_ver3,20260310133756,9,453.0,0.0
2x2_slot_random_place_random_5_grasp_ver3_grasp_ver3,20260310133802,26,1376.0,0.0
2x2_slot_random_place_random_5_grasp_ver3_grasp_ver3,20260310133811,3,225.0,0.0
2x2_slot_random_place_random_5_grasp_ver3_grasp_ver3,20260310133814,3,215.0,0.0
2x2_slot_random_place_random_5_grasp_ver3_grasp_ver3,20260310133817,6,409.0,0.0
2x2_slot_random_place_random_5_grasp_ver3_grasp_ver3,20260310133820,19,966.0,0.0
2x2_slot_random_place_random_5_grasp_ver3_grasp_ver3,20260310133829,6,311.0,0.0
2x2_slot_random_place_random_5_grasp_ver3_grasp_ver3,20260310133832,2,273.0,0.0
2x2_slot_random_place_random_5_grasp_ver3_grasp_ver3,20260310133835,3,217.0,0.0
2x2_slot_random_place_random_5_grasp_ver3_grasp_ver3,20260310133838,6,387.0,0.0
2x2_slot_random_place_random_5_grasp_ver3_grasp_ver3,20260310133842,7,386.0,0.015625
2x2_slot_random_place_random_5_grasp_ver3_grasp_ver3,20260310133848,24,1177.0,0.0
2x2_slot_random_place_random_5_grasp_ver3_grasp_ver3,20260310133859,24,1232.0,0.0
2x2_slot_random_place_random_5_grasp_ver3_grasp_ver3,20260310133909,5,311.0,0.0
2x2_slot_random_place_random_5_grasp_ver3_grasp_ver3,20260310133912,18,1014.0,0.0
2x2_slot_random_place_random_5_grasp_ver3_grasp_ver3,20260310133922,7,499.0,0.0
2x2_slot_random_place_random_5_grasp_ver3_grasp_ver3,20260310133925,12,660.0,0.0
2x2_slot_random_place_random_5_grasp_ver3_grasp_ver3,20260310133931,5,251.0,0.0
2x2_slot_random_place_random_5_grasp_ver3_grasp_ver3,20260310133934,5,257.0,0.0
2x2_slot_random_place_random_5_grasp_ver3_grasp_ver3,20260310133938,2,169.0,0.0
2x2_slot_random_place_random_5_grasp_ver3_grasp_ver3,20260310133940,3,217.0,0.0
2x2_slot_random_place_random_5_grasp_ver3_grasp_ver3,20260310133943,14,804.0,0.0
2x2_slot_random_place_random_5_grasp_ver3_grasp_ver3,20260310133951,8,578.0,0.0
2x2_slot_random_place_random_5_grasp_ver3_grasp_ver3,20260310133956,4,315.0,0.0
2x2_slot_random_place_random_5_grasp_ver3_grasp_ver3,20260310134000,13,506.0,0.0
2x2_slot_random_place_random_5_grasp_ver3_grasp_ver3,20260310134006,3,215.0,0.0
2x2_slot_random_place_random_5_grasp_ver3_grasp_ver3,20260310134009,6,389.0,0.0
2x2_slot_random_place_random_5_grasp_ver3_grasp_ver3,20260310134013,18,964.0,0.0
2x2_slot_random_place_random_5_grasp_ver3_grasp_ver3,20260310134022,5,249.0,0.0
2x2_slot_random_place_random_5_grasp_ver3_grasp_ver3,20260310134025,2,177.0,0.0
2x2_slot_random_place_random_5_grasp_ver3_grasp_ver3,20260310134027,7,454.0,0.0
2x2_slot_random_place_random_5_grasp_ver3_grasp_ver3,20260310134031,11,565.0,0.0
2x2_slot_random_place_random_5_grasp_ver3_grasp_ver3,20260310134036,2,267.0,0.0
2x2_slot_random_place_random_5_grasp_ver3_grasp_ver3,20260310134039,5,297.0,0.0
2x2_slot_random_place_random_5_grasp_ver3_grasp_ver3,20260310134042,4,291.0,0.0
2x2_slot_random_place_random_5_grasp_ver3_grasp_ver3,20260310134045,4,303.0,0.0
2x2_slot_random_place_random_5_grasp_ver3_grasp_ver3,20260310134049,13,654.0,0.0
2x2_slot_random_place_random_5_grasp_ver3_grasp_ver3,20260310134057,15,708.0,0.0
2x2_slot_random_place_random_5_grasp_ver3_grasp_ver3,20260310134106,11,642.0,0.0
2x2_slot_random_place_random_5_grasp_ver3_grasp_ver3,20260310134112,5,249.0,0.0
2x2_slot_random_place_random_5_grasp_ver3_grasp_ver3,20260310134115,5,199.0,0.0
2x2_slot_random_place_random_5_grasp_ver3_grasp_ver3,20260310134118,7,449.0,0.0
2x2_slot_random_place_random_5_grasp_ver3_grasp_ver3,20260310134121,4,223.0,0.0
2x2_slot_random_place_random_5_grasp_ver3_grasp_ver3,20260310134124,2,171.0,0.0
2x2_slot_random_place_random_5_grasp_ver3_grasp_ver3,20260310134128,4,152.0,0.0
2x2_slot_random_place_random_5_grasp_ver3_grasp_ver3,20260310134131,7,341.0,0.0
2x2_slot_random_place_random_5_grasp_ver3_grasp_ver3,20260310134135,5,293.0,0.0
2x2_slot_random_place_random_5_grasp_ver3_grasp_ver3,20260310134138,5,317.0,0.0
2x2_slot_random_place_random_5_grasp_ver3_grasp_ver3,20260310134141,13,794.0,0.0
2x2_slot_random_place_random_5_grasp_ver3_grasp_ver3,20260310134147,11,530.0,0.0
2x2_slot_random_place_random_5_grasp_ver3_grasp_ver3,20260310134153,11,503.0,0.0
2x2_slot_random_place_random_5_grasp_ver3_grasp_ver3,20260310134158,6,207.0,0.0
2x2_slot_random_place_random_5_grasp_ver3_grasp_ver3,20260310134204,13,729.0,0.0
2x2_slot_random_place_random_5_grasp_ver3_grasp_ver3,20260310134211,4,217.0,0.0
2x2_slot_random_place_random_5_grasp_ver3_grasp_ver3,20260310134214,7,249.0,0.0
2x2_slot_random_place_random_5_grasp_ver3_grasp_ver3,20260310134219,5,263.0,0.0
2x2_slot_random_place_random_5_grasp_ver3_grasp_ver3,20260310134222,9,557.0,0.0
2x2_slot_random_place_random_5_grasp_ver3_grasp_ver3,20260310134227,2,279.0,0.0
2x2_slot_random_place_random_5_grasp_ver3_grasp_ver3,20260310134229,15,726.0,0.0
2x2_slot_random_place_random_5_grasp_ver3_grasp_ver3,20260310134239,17,862.0,0.0
2x2_slot_random_place_random_5_grasp_ver3_grasp_ver3,20260310134246,12,788.0,0.0
2x2_slot_random_place_random_5_grasp_ver3_grasp_ver3,20260310134251,4,301.0,0.0
2x2_slot_random_place_random_5_grasp_ver3_grasp_ver3,20260310134254,5,219.0,0.0
2x2_slot_random_place_random_5_grasp_ver3_grasp_ver3,20260310134258,2,275.0,0.0
2x2_slot_random_place_random_5_grasp_ver3_grasp_ver3,20260310134300,7,413.0,0.015625
2x2_slot_random_place_random_5_grasp_ver3_grasp_ver3,20260310134305,12,502.0,0.0
2x2_slot_random_place_random_5_grasp_ver3_grasp_ver3,20260310134311,14,792.0,0.0
2x2_slot_random_place_random_5_grasp_ver3_grasp_ver3,20260310134318,8,557.0,0.0
2x2_slot_random_place_random_5_grasp_ver3_grasp_ver3,20260310134321,5,233.0,0.0
2x2_slot_random_place_random_5_grasp_ver3_grasp_ver3,20260310134325,8,416.0,0.0
2x2_slot_random_place_random_5_grasp_ver3_grasp_ver3,20260310134330,2,169.0,0.015625
2x2_slot_random_place_random_5_grasp_ver3_grasp_ver3,20260310134332,4,201.0,0.0
2x2_slot_random_place_random_5_grasp_ver3_grasp_ver3,20260310134336,8,487.0,0.0
2x2_slot_random_place_random_5_grasp_ver3_grasp_ver3,20260310134340,6,383.0,0.0
2x2_slot_random_place_random_5_grasp_ver3_grasp_ver3,20260310134345,4,303.0,0.0
2x2_slot_random_place_random_5_grasp_ver3_grasp_ver3,20260310134348,10,476.0,0.0
2x2_slot_random_place_random_5_grasp_ver3_grasp_ver3,20260310134354,3,213.0,0.015625
2x2_slot_random_place_random_5_grasp_ver3_grasp_ver3,20260310134356,7,494.0,0.0
2x2_slot_random_place_random_5_grasp_ver3_greedy_ver3,20260310133048,20,854.0,0.015625
2x2_slot_random_place_random_5_grasp_ver3_greedy_ver3,20260310133052,20,878.0,0.0
2x2_slot_random_place_random_5_grasp_ver3_greedy_ver3,20260310133106,152,6536.0,0.0
2x2_slot_random_place_random_5_grasp_ver3_greedy_ver3,20260310133123,73,3223.0,0.0
2x2_slot_random_place_random_5_grasp_ver3_greedy_ver3,20260310133134,32,1492.0,0.0
2x2_slot_random_place_random_5_grasp_ver3_greedy_ver3,20260310133139,14,710.0,0.0
2x2_slot_random_place_random_5_grasp_ver3_greedy_ver3,20260310133143,11,526.0,0.0
2x2_slot_random_place_random_5_grasp_ver3_greedy_ver3,20260310133155,108,5098.0,0.0
2x2_slot_random_place_random_5_grasp_ver3_greedy_ver3,20260310133209,16,728.0,0.0
2x2_slot_random_place_random_5_grasp_ver3_greedy_ver3,20260310133214,15,866.0,0.0
2x2_slot_random_place_random_5_grasp_ver3_greedy_ver3,20260310133217,9,438.0,0.0
2x2_slot_random_place_random_5_grasp_ver3_greedy_ver3,20260310133220,16,774.0,0.0
2x2_slot_random_place_random_5_grasp_ver3_greedy_ver3,20260310133224,15,788.0,0.0
2x2_slot_random_place_random_5_grasp_ver3_greedy_ver3,20260310133228,15,668.0,0.0
2x2_slot_random_place_random_5_grasp_ver3_greedy_ver3,20260310133231,11,578.0,0.0
2x2_slot_random_place_random_5_grasp_ver3_greedy_ver3,20260310133236,8,496.0,0.0
2x2_slot_random_place_random_5_grasp_ver3_greedy_ver3,20260310133240,24,1100.0,0.0
2x2_slot_random_place_random_5_grasp_ver3_greedy_ver3,20260310133245,19,868.0,0.0
2x2_slot_random_place_random_5_grasp_ver3_greedy_ver3,20260310133248,15,718.0,0.0
2x2_slot_random_place_random_5_grasp_ver3_greedy_ver3,20260310133256,49,2470.0,0.015625
2x2_slot_random_place_random_5_grasp_ver3_greedy_ver3,20260310133301,8,502.0,0.0
2x2_slot_random_place_random_5_grasp_ver3_greedy_ver3,20260310133307,25,1232.0,0.0
2x2_slot_random_place_random_5_grasp_ver3_greedy_ver3,20260310133312,45,2175.0,0.0
2x2_slot_random_place_random_5_grasp_ver3_greedy_ver3,20260310133318,44,2085.0,0.0
2x2_slot_random_place_random_5_grasp_ver3_greedy_ver3,20260310133329,83,3753.0,0.015625
2x2_slot_random_place_random_5_grasp_ver3_greedy_ver3,20260310133337,9,403.0,0.0
2x2_slot_random_place_random_5_grasp_ver3_greedy_ver3,20260310133342,23,1314.0,0.0
2x2_slot_random_place_random_5_grasp_ver3_greedy_ver3,20260310133347,16,876.0,0.0
2x2_slot_random_place_random_5_grasp_ver3_greedy_ver3,20260310133352,19,920.0,0.015625
2x2_slot_random_place_random_5_grasp_ver3_greedy_ver3,20260310133356,16,756.0,0.0
2x2_slot_random_place_random_5_grasp_ver3_greedy_ver3,20260310133400,16,1480.0,0.0
2x2_slot_random_place_random_5_grasp_ver3_greedy_ver3,20260310133405,19,894.0,0.0
2x2_slot_random_place_random_5_grasp_ver3_greedy_ver3,20260310133408,8,466.0,0.015625
2x2_slot_random_place_random_5_grasp_ver3_greedy_ver3,20260310133413,11,560.0,0.0
2x2_slot_random_place_random_5_grasp_ver3_greedy_ver3,20260310133416,11,557.0,0.0
2x2_slot_random_place_random_5_grasp_ver3_greedy_ver3,20260310133418,11,498.0,0.0
2x2_slot_random_place_random_5_grasp_ver3_greedy_ver3,20260310133422,16,770.0,0.0
2x2_slot_random_place_random_5_grasp_ver3_greedy_ver3,20260310133426,20,854.0,0.015625
2x2_slot_random_place_random_5_grasp_ver3_greedy_ver3,20260310133430,11,668.0,0.0
2x2_slot_random_place_random_5_grasp_ver3_greedy_ver3,20260310133434,17,882.0,0.0
2x2_slot_random_place_random_5_grasp_ver3_greedy_ver3,20260310133438,3,239.0,0.015625
2x2_slot_random_place_random_5_grasp_ver3_greedy_ver3,20260310133440,15,812.0,0.0
2x2_slot_random_place_random_5_grasp_ver3_greedy_ver3,20260310133444,9,409.0,0.0
2x2_slot_random_place_random_5_grasp_ver3_greedy_ver3,20260310133449,19,968.0,0.0
2x2_slot_random_place_random_5_grasp_ver3_greedy_ver3,20260310133452,5,311.0,0.0
2x2_slot_random_place_random_5_grasp_ver3_greedy_ver3,20260310133457,29,1256.0,0.0
2x2_slot_random_place_random_5_grasp_ver3_greedy_ver3,20260310133502,14,704.0,0.0
2x2_slot_random_place_random_5_grasp_ver3_greedy_ver3,20260310133507,17,768.0,0.0
2x2_slot_random_place_random_5_grasp_ver3_greedy_ver3,20260310133510,16,788.0,0.0
2x2_slot_random_place_random_5_grasp_ver3_greedy_ver3,20260310133515,17,778.0,0.0
2x2_slot_random_place_random_5_grasp_ver3_greedy_ver3,20260310133520,20,876.0,0.015625
2x2_slot_random_place_random_5_grasp_ver3_greedy_ver3,20260310133524,10,524.0,0.0
2x2_slot_random_place_random_5_grasp_ver3_greedy_ver3,20260310133527,11,618.0,0.0
2x2_slot_random_place_random_5_grasp_ver3_greedy_ver3,20260310133537,84,3591.0,0.0
2x2_slot_random_place_random_5_grasp_ver3_greedy_ver3,20260310133547,14,674.0,0.0
2x2_slot_random_place_random_5_grasp_ver3_greedy_ver3,20260310133551,27,1246.0,0.0
2x2_slot_random_place_random_5_grasp_ver3_greedy_ver3,20260310133558,16,754.0,0.0
2x2_slot_random_place_random_5_grasp_ver3_greedy_ver3,20260310133603,48,2345.0,0.0
2x2_slot_random_place_random_5_grasp_ver3_greedy_ver3,20260310133617,95,4394.0,0.0
2x2_slot_random_place_random_5_grasp_ver3_greedy_ver3,20260310133630,12,694.0,0.0
2x2_slot_random_place_random_5_grasp_ver3_greedy_ver3,20260310133634,8,458.0,0.0
2x2_slot_random_place_random_5_grasp_ver3_greedy_ver3,20260310133637,19,878.0,0.015625
2x2_slot_random_place_random_5_grasp_ver3_greedy_ver3,20260310133643,41,1827.0,0.0
2x2_slot_random_place_random_5_grasp_ver3_greedy_ver3,20260310133649,43,2014.0,0.0
2x2_slot_random_place_random_5_grasp_ver3_greedy_ver3,20260310133655,2,179.0,0.0
2x2_slot_random_place_random_5_grasp_ver3_greedy_ver3,20260310133657,11,556.0,0.0
2x2_slot_random_place_random_5_grasp_ver3_greedy_ver3,20260310133702,13,766.0,0.0
2x2_slot_random_place_random_5_grasp_ver3_greedy_ver3,20260310133710,51,2186.0,0.015625
2x2_slot_random_place_random_5_grasp_ver3_greedy_ver3,20260310133721,45,2077.0,0.0
2x2_slot_random_place_random_5_grasp_ver3_greedy_ver3,20260310133727,3,209.0,0.0
2x2_slot_random_place_random_5_grasp_ver3_greedy_ver3,20260310133730,11,516.0,0.0
2x2_slot_random_place_random_5_grasp_ver3_greedy_ver3,20260310133737,48,2203.0,0.015625
2x2_slot_random_place_random_5_grasp_ver3_greedy_ver3,20260310133743,12,572.0,0.0
2x2_slot_random_place_random_5_grasp_ver3_greedy_ver3,20260310133749,31,1395.0,0.0
2x2_slot_random_place_random_5_grasp_ver3_greedy_ver3,20260310133754,16,730.0,0.0
2x2_slot_random_place_random_5_grasp_ver3_greedy_ver3,20260310133758,21,1116.0,0.0
2x2_slot_random_place_random_5_grasp_ver3_greedy_ver3,20260310133805,35,1651.0,0.0
2x2_slot_random_place_random_5_grasp_ver3_greedy_ver3,20260310133812,10,558.0,0.0
2x2_slot_random_place_random_5_grasp_ver3_greedy_ver3,20260310133815,10,526.0,0.0
2x2_slot_random_place_random_5_grasp_ver3_greedy_ver3,20260310133818,8,452.0,0.0
2x2_slot_random_place_random_5_grasp_ver3_greedy_ver3,20260310133824,30,1369.0,0.0
2x2_slot_random_place_random_5_grasp_ver3_greedy_ver3,20260310133830,13,557.0,0.0
2x2_slot_random_place_random_5_grasp_ver3_greedy_ver3,20260310133833,11,523.0,0.0
2x2_slot_random_place_random_5_grasp_ver3_greedy_ver3,20260310133836,9,484.0,0.0
2x2_slot_random_place_random_5_grasp_ver3_greedy_ver3,20260310133840,9,482.0,0.0
2x2_slot_random_place_random_5_grasp_ver3_greedy_ver3,20260310133844,33,1507.0,0.0
2x2_slot_random_place_random_5_grasp_ver3_greedy_ver3,20260310133852,58,2755.0,0.0
2x2_slot_random_place_random_5_grasp_ver3_greedy_ver3,20260310133904,57,2732.0,0.015625
2x2_slot_random_place_random_5_grasp_ver3_greedy_ver3,20260310133910,15,744.0,0.0
2x2_slot_random_place_random_5_grasp_ver3_greedy_ver3,20260310133917,45,2206.0,0.0
2x2_slot_random_place_random_5_grasp_ver3_greedy_ver3,20260310133923,16,754.0,0.0
2x2_slot_random_place_random_5_grasp_ver3_greedy_ver3,20260310133928,32,1668.0,0.015625
2x2_slot_random_place_random_5_grasp_ver3_greedy_ver3,20260310133933,10,534.0,0.0
2x2_slot_random_place_random_5_grasp_ver3_greedy_ver3,20260310133936,11,516.0,0.0
2x2_slot_random_place_random_5_grasp_ver3_greedy_ver3,20260310133939,3,269.0,0.0
2x2_slot_random_place_random_5_grasp_ver3_greedy_ver3,20260310133941,10,528.0,0.015625
2x2_slot_random_place_random_5_grasp_ver3_greedy_ver3,20260310133947,37,1891.0,0.0
2x2_slot_random_place_random_5_grasp_ver3_greedy_ver3,20260310133954,24,1093.0,0.0
2x2_slot_random_place_random_5_grasp_ver3_greedy_ver3,20260310133958,19,786.0,0.0
2x2_slot_random_place_random_5_grasp_ver3_greedy_ver3,20260310134003,38,1688.0,0.015625
2x2_slot_random_place_random_5_grasp_ver3_greedy_ver3,20260310134007,11,556.0,0.0
2x2_slot_random_place_random_5_grasp_ver3_greedy_ver3,20260310134010,12,662.0,0.0
2x2_slot_random_place_random_5_grasp_ver3_greedy_ver3,20260310134016,51,2300.0,0.0
2x2_slot_random_place_random_5_grasp_ver3_greedy_ver3,20260310134023,11,498.0,0.0
2x2_slot_random_place_random_5_grasp_ver3_greedy_ver3,20260310134026,3,277.0,0.0
2x2_slot_random_place_random_5_grasp_ver3_greedy_ver3,20260310134029,23,948.0,0.0
2x2_slot_random_place_random_5_grasp_ver3_greedy_ver3,20260310134033,26,1188.0,0.0
2x2_slot_random_place_random_5_grasp_ver3_greedy_ver3,20260310134037,10,479.0,0.0
2x2_slot_random_place_random_5_grasp_ver3_greedy_ver3,20260310134040,7,397.0,0.0
2x2_slot_random_place_random_5_grasp_ver3_greedy_ver3,20260310134043,17,785.0,0.0
2x2_slot_random_place_random_5_grasp_ver3_greedy_ver3,20260310134046,14,694.0,0.0
2x2_slot_random_place_random_5_grasp_ver3_greedy_ver3,20260310134052,36,1702.0,0.0
2x2_slot_random_place_random_5_grasp_ver3_greedy_ver3,20260310134101,59,2757.0,0.015625
2x2_slot_random_place_random_5_grasp_ver3_greedy_ver3,20260310134108,41,1867.0,0.0
2x2_slot_random_place_random_5_grasp_ver3_greedy_ver3,20260310134113,6,349.0,0.0
2x2_slot_random_place_random_5_grasp_ver3_greedy_ver3,20260310134116,6,361.0,0.0
2x2_slot_random_place_random_5_grasp_ver3_greedy_ver3,20260310134119,7,324.0,0.0
2x2_slot_random_place_random_5_grasp_ver3_greedy_ver3,20260310134122,9,434.0,0.0
2x2_slot_random_place_random_5_grasp_ver3_greedy_ver3,20260310134125,8,501.0,0.0
2x2_slot_random_place_random_5_grasp_ver3_greedy_ver3,20260310134129,10,402.0,0.0
2x2_slot_random_place_random_5_grasp_ver3_greedy_ver3,20260310134132,16,738.0,0.0
2x2_slot_random_place_random_5_grasp_ver3_greedy_ver3,20260310134136,16,832.0,0.0
2x2_slot_random_place_random_5_grasp_ver3_greedy_ver3,20260310134139,14,646.0,0.0
2x2_slot_random_place_random_5_grasp_ver3_greedy_ver3,20260310134144,25,1180.0,0.0
2x2_slot_random_place_random_5_grasp_ver3_greedy_ver3,20260310134150,39,1654.0,0.015625
2x2_slot_random_place_random_5_grasp_ver3_greedy_ver3,20260310134155,24,1316.0,0.0
2x2_slot_random_place_random_5_grasp_ver3_greedy_ver3,20260310134202,17,826.0,0.0
2x2_slot_random_place_random_5_grasp_ver3_greedy_ver3,20260310134207,38,1848.0,0.0
2x2_slot_random_place_random_5_grasp_ver3_greedy_ver3,20260310134213,11,574.0,0.0
2x2_slot_random_place_random_5_grasp_ver3_greedy_ver3,20260310134216,12,612.0,0.0
2x2_slot_random_place_random_5_grasp_ver3_greedy_ver3,20260310134221,6,377.0,0.0
2x2_slot_random_place_random_5_grasp_ver3_greedy_ver3,20260310134224,16,848.0,0.0
2x2_slot_random_place_random_5_grasp_ver3_greedy_ver3,20260310134228,3,239.0,0.0
2x2_slot_random_place_random_5_grasp_ver3_greedy_ver3,20260310134233,39,1733.0,0.015625
2x2_slot_random_place_random_5_grasp_ver3_greedy_ver3,20260310134242,43,1873.0,0.0
2x2_slot_random_place_random_5_grasp_ver3_greedy_ver3,20260310134248,27,1346.0,0.0
2x2_slot_random_place_random_5_grasp_ver3_greedy_ver3,20260310134253,6,341.0,0.0
2x2_slot_random_place_random_5_grasp_ver3_greedy_ver3,20260310134256,9,508.0,0.0
2x2_slot_random_place_random_5_grasp_ver3_greedy_ver3,20260310134259,11,525.0,0.0
2x2_slot_random_place_random_5_grasp_ver3_greedy_ver3,20260310134302,24,1196.0,0.0
2x2_slot_random_place_random_5_grasp_ver3_greedy_ver3,20260310134308,18,941.0,0.0
2x2_slot_random_place_random_5_grasp_ver3_greedy_ver3,20260310134314,39,1618.0,0.0
2x2_slot_random_place_random_5_grasp_ver3_greedy_ver3,20260310134319,13,732.0,0.0
2x2_slot_random_place_random_5_grasp_ver3_greedy_ver3,20260310134323,17,816.0,0.0
2x2_slot_random_place_random_5_grasp_ver3_greedy_ver3,20260310134327,34,1408.0,0.0
2x2_slot_random_place_random_5_grasp_ver3_greedy_ver3,20260310134331,3,269.0,0.0
2x2_slot_random_place_random_5_grasp_ver3_greedy_ver3,20260310134334,11,492.0,0.0
2x2_slot_random_place_random_5_grasp_ver3_greedy_ver3,20260310134338,12,618.0,0.0
2x2_slot_random_place_random_5_grasp_ver3_greedy_ver3,20260310134343,19,902.0,0.0
2x2_slot_random_place_random_5_grasp_ver3_greedy_ver3,20260310134346,7,337.0,0.0
2x2_slot_random_place_random_5_grasp_ver3_greedy_ver3,20260310134351,32,1282.0,0.0
2x2_slot_random_place_random_5_grasp_ver3_greedy_ver3,20260310134355,6,299.0,0.0
2x2_slot_random_place_random_5_grasp_ver3_greedy_ver3,20260310134358,15,687.0,0.0
2x2_slot_random_place_random_5_greedy_ver3_grasp_ver3,20260310131659,6,278.0,0.0
2x2_slot_random_place_random_5_greedy_ver3_grasp_ver3,20260310131703,8,399.0,0.015625
2x2_slot_random_place_random_5_greedy_ver3_grasp_ver3,20260310131707,7,333.0,0.015625
2x2_slot_random_place_random_5_greedy_ver3_grasp_ver3,20260310131711,8,517.0,0.0
2x2_slot_random_place_random_5_greedy_ver3_grasp_ver3,20260310131715,8,407.0,0.0
2x2_slot_random_place_random_5_greedy_ver3_grasp_ver3,20260310131719,8,457.0,0.0
2x2_slot_random_place_random_5_greedy_ver3_grasp_ver3,20260310131723,8,460.0,0.0
2x2_slot_random_place_random_5_greedy_ver3_grasp_ver3,20260310131729,70,3294.0,0.0
2x2_slot_random_place_random_5_greedy_ver3_grasp_ver3,20260310131756,91,4309.0,0.0
2x2_slot_random_place_random_5_greedy_ver3_grasp_ver3,20260310131826,13,754.0,0.0
2x2_slot_random_place_random_5_greedy_ver3_grasp_ver3,20260310131831,8,503.0,0.0
2x2_slot_random_place_random_5_greedy_ver3_grasp_ver3,20260310131835,5,273.0,0.0
2x2_slot_random_place_random_5_greedy_ver3_grasp_ver3,20260310131840,6,308.0,0.0
2x2_slot_random_place_random_5_greedy_ver3_grasp_ver3,20260310131844,7,452.0,0.0
2x2_slot_random_place_random_5_greedy_ver3_grasp_ver3,20260310131848,5,179.0,0.0
2x2_slot_random_place_random_5_greedy_ver3_grasp_ver3,20260310131851,7,336.0,0.0
2x2_slot_random_place_random_5_greedy_ver3_grasp_ver3,20260310131855,4,253.0,0.0
2x2_slot_random_place_random_5_greedy_ver3_grasp_ver3,20260310131858,27,1299.0,0.0
2x2_slot_random_place_random_5_greedy_ver3_grasp_ver3,20260310131908,46,2285.0,0.0
2x2_slot_random_place_random_5_greedy_ver3_grasp_ver3,20260310131923,10,518.0,0.0
2x2_slot_random_place_random_5_greedy_ver3_grasp_ver3,20260310131929,5,291.0,0.0
2x2_slot_random_place_random_5_greedy_ver3_grasp_ver3,20260310131932,17,842.0,0.0
2x2_slot_random_place_random_5_greedy_ver3_grasp_ver3,20260310131939,14,774.0,0.0
2x2_slot_random_place_random_5_greedy_ver3_grasp_ver3,20260310131946,5,209.0,0.0
2x2_slot_random_place_random_5_greedy_ver3_grasp_ver3,20260310131950,7,463.0,0.0
2x2_slot_random_place_random_5_greedy_ver3_grasp_ver3,20260310131953,9,498.0,0.0
2x2_slot_random_place_random_5_greedy_ver3_grasp_ver3,20260310131958,9,586.0,0.0
2x2_slot_random_place_random_5_greedy_ver3_grasp_ver3,20260310132002,15,1146.0,0.0
2x2_slot_random_place_random_5_greedy_ver3_grasp_ver3,20260310132007,7,328.0,0.0
2x2_slot_random_place_random_5_greedy_ver3_grasp_ver3,20260310132011,10,503.0,0.0
2x2_slot_random_place_random_5_greedy_ver3_grasp_ver3,20260310132017,14,1374.0,0.0
2x2_slot_random_place_random_5_greedy_ver3_grasp_ver3,20260310132024,9,648.0,0.0
2x2_slot_random_place_random_5_greedy_ver3_grasp_ver3,20260310132028,6,288.0,0.0
2x2_slot_random_place_random_5_greedy_ver3_grasp_ver3,20260310132032,8,474.0,0.0
2x2_slot_random_place_random_5_greedy_ver3_grasp_ver3,20260310132037,7,261.0,0.0
2x2_slot_random_place_random_5_greedy_ver3_grasp_ver3,20260310132041,8,415.0,0.0
2x2_slot_random_place_random_5_greedy_ver3_grasp_ver3,20260310132045,8,503.0,0.0
2x2_slot_random_place_random_5_greedy_ver3_grasp_ver3,20260310132049,10,481.0,0.0
2x2_slot_random_place_random_5_greedy_ver3_grasp_ver3,20260310132055,5,291.0,0.0
2x2_slot_random_place_random_5_greedy_ver3_grasp_ver3,20260310132058,4,173.0,0.0
2x2_slot_random_place_random_5_greedy_ver3_grasp_ver3,20260310132101,2,207.0,0.0
2x2_slot_random_place_random_5_greedy_ver3_grasp_ver3,20260310132103,5,251.0,0.0
2x2_slot_random_place_random_5_greedy_ver3_grasp_ver3,20260310132106,7,393.0,0.0
2x2_slot_random_place_random_5_greedy_ver3_grasp_ver3,20260310132110,16,860.0,0.0
2x2_slot_random_place_random_5_greedy_ver3_grasp_ver3,20260310132118,7,409.0,0.0
2x2_slot_random_place_random_5_greedy_ver3_grasp_ver3,20260310132122,8,383.0,0.0
2x2_slot_random_place_random_5_greedy_ver3_grasp_ver3,20260310132128,6,253.0,0.0
2x2_slot_random_place_random_5_greedy_ver3_grasp_ver3,20260310132132,8,407.0,0.0
2x2_slot_random_place_random_5_greedy_ver3_grasp_ver3,20260310132136,7,261.0,0.0
2x2_slot_random_place_random_5_greedy_ver3_grasp_ver3,20260310132140,7,440.0,0.0
2x2_slot_random_place_random_5_greedy_ver3_grasp_ver3,20260310132144,7,261.0,0.0
2x2_slot_random_place_random_5_greedy_ver3_grasp_ver3,20260310132148,5,265.0,0.0
2x2_slot_random_place_random_5_greedy_ver3_grasp_ver3,20260310132151,20,1004.0,0.0
2x2_slot_random_place_random_5_greedy_ver3_grasp_ver3,20260310132203,18,874.0,0.0
2x2_slot_random_place_random_5_greedy_ver3_grasp_ver3,20260310132211,4,311.0,0.0
2x2_slot_random_place_random_5_greedy_ver3_grasp_ver3,20260310132215,10,578.0,0.0
2x2_slot_random_place_random_5_greedy_ver3_grasp_ver3,20260310132219,5,267.0,0.0
2x2_slot_random_place_random_5_greedy_ver3_grasp_ver3,20260310132223,73,3520.0,0.0
2x2_slot_random_place_random_5_greedy_ver3_grasp_ver3,20260310132246,16,829.0,0.0
2x2_slot_random_place_random_5_greedy_ver3_grasp_ver3,20260310132254,14,936.0,0.015625
2x2_slot_random_place_random_5_greedy_ver3_grasp_ver3,20260310132259,12,788.0,0.0
2x2_slot_random_place_random_5_greedy_ver3_grasp_ver3,20260310132306,6,411.0,0.0
2x2_slot_random_place_random_5_greedy_ver3_grasp_ver3,20260310132310,8,420.0,0.0
2x2_slot_random_place_random_5_greedy_ver3_grasp_ver3,20260310132314,21,988.0,0.0
2x2_slot_random_place_random_5_greedy_ver3_grasp_ver3,20260310132323,2,197.0,0.0
2x2_slot_random_place_random_5_greedy_ver3_grasp_ver3,20260310132325,11,594.0,0.0
2x2_slot_random_place_random_5_greedy_ver3_grasp_ver3,20260310132330,8,503.0,0.0
2x2_slot_random_place_random_5_greedy_ver3_grasp_ver3,20260310132334,5,211.0,0.0
2x2_slot_random_place_random_5_greedy_ver3_grasp_ver3,20260310132337,33,1322.0,0.0
2x2_slot_random_place_random_5_greedy_ver3_grasp_ver3,20260310132352,4,293.0,0.0
2x2_slot_random_place_random_5_greedy_ver3_grasp_ver3,20260310132355,8,411.0,0.0
2x2_slot_random_place_random_5_greedy_ver3_grasp_ver3,20260310132359,27,1347.0,0.0
2x2_slot_random_place_random_5_greedy_ver3_grasp_ver3,20260310132409,7,491.0,0.0
2x2_slot_random_place_random_5_greedy_ver3_grasp_ver3,20260310132413,21,972.0,0.0
2x2_slot_random_place_random_5_greedy_ver3_grasp_ver3,20260310132423,4,275.0,0.0
2x2_slot_random_place_random_5_greedy_ver3_grasp_ver3,20260310132426,12,542.0,0.0
2x2_slot_random_place_random_5_greedy_ver3_grasp_ver3,20260310132432,21,862.0,0.0
2x2_slot_random_place_random_5_greedy_ver3_grasp_ver3,20260310132439,5,281.0,0.0
2x2_slot_random_place_random_5_greedy_ver3_grasp_ver3,20260310132442,7,473.0,0.0
2x2_slot_random_place_random_5_greedy_ver3_grasp_ver3,20260310132448,10,475.0,0.0
2x2_slot_random_place_random_5_greedy_ver3_grasp_ver3,20260310132452,7,396.0,0.0
2x2_slot_random_place_random_5_greedy_ver3_grasp_ver3,20260310132457,15,828.0,0.0
2x2_slot_random_place_random_5_greedy_ver3_grasp_ver3,20260310132504,2,203.0,0.015625
2x2_slot_random_place_random_5_greedy_ver3_grasp_ver3,20260310132506,7,492.0,0.0
2x2_slot_random_place_random_5_greedy_ver3_grasp_ver3,20260310132511,6,387.0,0.0
2x2_slot_random_place_random_5_greedy_ver3_grasp_ver3,20260310132514,19,856.0,0.0
2x2_slot_random_place_random_5_greedy_ver3_grasp_ver3,20260310132525,12,726.0,0.0
2x2_slot_random_place_random_5_greedy_ver3_grasp_ver3,20260310132532,33,1512.0,0.0
2x2_slot_random_place_random_5_greedy_ver3_grasp_ver3,20260310132545,12,750.0,0.015625
2x2_slot_random_place_random_5_greedy_ver3_grasp_ver3,20260310132553,9,574.0,0.0
2x2_slot_random_place_random_5_greedy_ver3_grasp_ver3,20260310132557,4,257.0,0.0
2x2_slot_random_place_random_5_greedy_ver3_grasp_ver3,20260310132601,11,604.0,0.0
2x2_slot_random_place_random_5_greedy_ver3_grasp_ver3,20260310132606,7,492.0,0.0
2x2_slot_random_place_random_5_greedy_ver3_grasp_ver3,20260310132610,5,261.0,0.0
2x2_slot_random_place_random_5_greedy_ver3_grasp_ver3,20260310132614,2,209.0,0.015625
2x2_slot_random_place_random_5_greedy_ver3_grasp_ver3,20260310132616,6,203.0,0.0
2x2_slot_random_place_random_5_greedy_ver3_grasp_ver3,20260310132619,7,498.0,0.0
2x2_slot_random_place_random_5_greedy_ver3_grasp_ver3,20260310132624,7,251.0,0.0
2x2_slot_random_place_random_5_greedy_ver3_grasp_ver3,20260310132629,13,814.0,0.0
2x2_slot_random_place_random_5_greedy_ver3_grasp_ver3,20260310132636,13,728.0,0.0
2x2_slot_random_place_random_5_greedy_ver3_grasp_ver3,20260310132642,7,314.0,0.015625
2x2_slot_random_place_random_5_greedy_ver3_grasp_ver3,20260310132647,5,277.0,0.0
2x2_slot_random_place_random_5_greedy_ver3_grasp_ver3,20260310132651,17,994.0,0.0
2x2_slot_random_place_random_5_greedy_ver3_grasp_ver3,20260310132659,5,211.0,0.0
2x2_slot_random_place_random_5_greedy_ver3_grasp_ver3,20260310132703,2,217.0,0.0
2x2_slot_random_place_random_5_greedy_ver3_grasp_ver3,20260310132705,13,762.0,0.0
2x2_slot_random_place_random_5_greedy_ver3_grasp_ver3,20260310132710,8,526.0,0.0
2x2_slot_random_place_random_5_greedy_ver3_grasp_ver3,20260310132714,5,213.0,0.0
2x2_slot_random_place_random_5_greedy_ver3_grasp_ver3,20260310132718,5,321.0,0.0
2x2_slot_random_place_random_5_greedy_ver3_grasp_ver3,20260310132720,4,249.0,0.015625
2x2_slot_random_place_random_5_greedy_ver3_grasp_ver3,20260310132723,4,333.0,0.0
2x2_slot_random_place_random_5_greedy_ver3_grasp_ver3,20260310132727,13,667.0,0.0
2x2_slot_random_place_random_5_greedy_ver3_grasp_ver3,20260310132735,9,484.0,0.0
2x2_slot_random_place_random_5_greedy_ver3_grasp_ver3,20260310132740,21,940.0,0.0
2x2_slot_random_place_random_5_greedy_ver3_grasp_ver3,20260310132750,4,207.0,0.0
2x2_slot_random_place_random_5_greedy_ver3_grasp_ver3,20260310132753,5,239.0,0.0
2x2_slot_random_place_random_5_greedy_ver3_grasp_ver3,20260310132756,7,449.0,0.0
2x2_slot_random_place_random_5_greedy_ver3_grasp_ver3,20260310132759,5,263.0,0.0
2x2_slot_random_place_random_5_greedy_ver3_grasp_ver3,20260310132802,4,299.0,0.0
2x2_slot_random_place_random_5_greedy_ver3_grasp_ver3,20260310132806,4,152.0,0.0
2x2_slot_random_place_random_5_greedy_ver3_grasp_ver3,20260310132809,7,311.0,0.015625
2x2_slot_random_place_random_5_greedy_ver3_grasp_ver3,20260310132813,5,299.0,0.0
2x2_slot_random_place_random_5_greedy_ver3_grasp_ver3,20260310132816,5,317.0,0.0
2x2_slot_random_place_random_5_greedy_ver3_grasp_ver3,20260310132820,13,782.0,0.015625
2x2_slot_random_place_random_5_greedy_ver3_grasp_ver3,20260310132825,13,760.0,0.0
2x2_slot_random_place_random_5_greedy_ver3_grasp_ver3,20260310132832,11,503.0,0.0
2x2_slot_random_place_random_5_greedy_ver3_grasp_ver3,20260310132837,7,299.0,0.0
2x2_slot_random_place_random_5_greedy_ver3_grasp_ver3,20260310132842,13,662.0,0.0
2x2_slot_random_place_random_5_greedy_ver3_grasp_ver3,20260310132849,5,263.0,0.0
2x2_slot_random_place_random_5_greedy_ver3_grasp_ver3,20260310132852,7,249.0,0.0
2x2_slot_random_place_random_5_greedy_ver3_grasp_ver3,20260310132856,5,263.0,0.015625
2x2_slot_random_place_random_5_greedy_ver3_grasp_ver3,20260310132859,7,465.0,0.0
2x2_slot_random_place_random_5_greedy_ver3_grasp_ver3,20260310132904,3,287.0,0.0
2x2_slot_random_place_random_5_greedy_ver3_grasp_ver3,20260310132906,15,824.0,0.015625
2x2_slot_random_place_random_5_greedy_ver3_grasp_ver3,20260310132915,17,822.0,0.0
2x2_slot_random_place_random_5_greedy_ver3_grasp_ver3,20260310132922,12,844.0,0.0
2x2_slot_random_place_random_5_greedy_ver3_grasp_ver3,20260310132928,4,331.0,0.0
2x2_slot_random_place_random_5_greedy_ver3_grasp_ver3,20260310132930,6,317.0,0.0
2x2_slot_random_place_random_5_greedy_ver3_grasp_ver3,20260310132935,3,295.0,0.0
2x2_slot_random_place_random_5_greedy_ver3_grasp_ver3,20260310132937,7,257.0,0.015625
2x2_slot_random_place_random_5_greedy_ver3_grasp_ver3,20260310132941,12,486.0,0.0
2x2_slot_random_place_random_5_greedy_ver3_grasp_ver3,20260310132947,14,728.0,0.0
2x2_slot_random_place_random_5_greedy_ver3_grasp_ver3,20260310132955,8,497.0,0.0
2x2_slot_random_place_random_5_greedy_ver3_grasp_ver3,20260310132958,5,233.0,0.0
2x2_slot_random_place_random_5_greedy_ver3_grasp_ver3,20260310133002,7,327.0,0.0
2x2_slot_random_place_random_5_greedy_ver3_grasp_ver3,20260310133006,5,249.0,0.0
2x2_slot_random_place_random_5_greedy_ver3_grasp_ver3,20260310133009,4,201.0,0.0
2x2_slot_random_place_random_5_greedy_ver3_grasp_ver3,20260310133013,8,507.0,0.0
2x2_slot_random_place_random_5_greedy_ver3_grasp_ver3,20260310133017,9,533.0,0.0
2x2_slot_random_place_random_5_greedy_ver3_grasp_ver3,20260310133023,4,267.0,0.0
2x2_slot_random_place_random_5_greedy_ver3_grasp_ver3,20260310133026,10,464.0,0.0
2x2_slot_random_place_random_5_greedy_ver3_grasp_ver3,20260310133032,3,213.0,0.0
2x2_slot_random_place_random_5_greedy_ver3_grasp_ver3,20260310133035,6,218.0,0.0
2x2_slot_random_place_random_5_greedy_ver3_greedy_ver3,20260310131701,13,668.0,0.0
2x2_slot_random_place_random_5_greedy_ver3_greedy_ver3,20260310131705,15,836.0,0.0
2x2_slot_random_place_random_5_greedy_ver3_greedy_ver3,20260310131709,8,488.0,0.0
2x2_slot_random_place_random_5_greedy_ver3_greedy_ver3,20260310131713,12,686.0,0.0
2x2_slot_random_place_random_5_greedy_ver3_greedy_ver3,20260310131717,14,752.0,0.0
2x2_slot_random_place_random_5_greedy_ver3_greedy_ver3,20260310131721,26,1227.0,0.0
2x2_slot_random_place_random_5_greedy_ver3_greedy_ver3,20260310131726,22,1006.0,0.0
2x2_slot_random_place_random_5_greedy_ver3_greedy_ver3,20260310131741,156,7124.0,0.0
2x2_slot_random_place_random_5_greedy_ver3_greedy_ver3,20260310131810,149,6742.0,0.0
2x2_slot_random_place_random_5_greedy_ver3_greedy_ver3,20260310131829,31,1384.0,0.0
2x2_slot_random_place_random_5_greedy_ver3_greedy_ver3,20260310131833,11,628.0,0.0
2x2_slot_random_place_random_5_greedy_ver3_greedy_ver3,20260310131838,13,576.0,0.0
2x2_slot_random_place_random_5_greedy_ver3_greedy_ver3,20260310131842,10,598.0,0.0
2x2_slot_random_place_random_5_greedy_ver3_greedy_ver3,20260310131846,16,790.0,0.0
2x2_slot_random_place_random_5_greedy_ver3_greedy_ver3,20260310131849,8,464.0,0.0
2x2_slot_random_place_random_5_greedy_ver3_greedy_ver3,20260310131853,26,1157.0,0.0
2x2_slot_random_place_random_5_greedy_ver3_greedy_ver3,20260310131857,11,595.0,0.0
2x2_slot_random_place_random_5_greedy_ver3_greedy_ver3,20260310131903,52,2446.0,0.0
2x2_slot_random_place_random_5_greedy_ver3_greedy_ver3,20260310131916,79,4082.0,0.0
2x2_slot_random_place_random_5_greedy_ver3_greedy_ver3,20260310131926,36,1531.0,0.0
2x2_slot_random_place_random_5_greedy_ver3_greedy_ver3,20260310131930,5,291.0,0.0
2x2_slot_random_place_random_5_greedy_ver3_greedy_ver3,20260310131935,34,1458.0,0.0
2x2_slot_random_place_random_5_greedy_ver3_greedy_ver3,20260310131942,32,1360.0,0.0
2x2_slot_random_place_random_5_greedy_ver3_greedy_ver3,20260310131948,10,466.0,0.0
2x2_slot_random_place_random_5_greedy_ver3_greedy_ver3,20260310131951,9,366.0,0.0
2x2_slot_random_place_random_5_greedy_ver3_greedy_ver3,20260310131955,16,856.0,0.0
2x2_slot_random_place_random_5_greedy_ver3_greedy_ver3,20260310132000,16,736.0,0.0
2x2_slot_random_place_random_5_greedy_ver3_greedy_ver3,20260310132005,23,1114.0,0.0
2x2_slot_random_place_random_5_greedy_ver3_greedy_ver3,20260310132009,7,405.0,0.0
2x2_slot_random_place_random_5_greedy_ver3_greedy_ver3,20260310132013,21,1020.0,0.0
2x2_slot_random_place_random_5_greedy_ver3_greedy_ver3,20260310132021,26,1548.0,0.0
2x2_slot_random_place_random_5_greedy_ver3_greedy_ver3,20260310132026,14,776.0,0.0
2x2_slot_random_place_random_5_greedy_ver3_greedy_ver3,20260310132030,10,598.0,0.015625
2x2_slot_random_place_random_5_greedy_ver3_greedy_ver3,20260310132034,14,636.0,0.0
2x2_slot_random_place_random_5_greedy_ver3_greedy_ver3,20260310132038,21,900.0,0.0
2x2_slot_random_place_random_5_greedy_ver3_greedy_ver3,20260310132042,26,1169.0,0.0
2x2_slot_random_place_random_5_greedy_ver3_greedy_ver3,20260310132047,14,754.0,0.0
2x2_slot_random_place_random_5_greedy_ver3_greedy_ver3,20260310132053,14,728.0,0.0
2x2_slot_random_place_random_5_greedy_ver3_greedy_ver3,20260310132056,8,516.0,0.0
2x2_slot_random_place_random_5_greedy_ver3_greedy_ver3,20260310132059,11,503.0,0.015625
2x2_slot_random_place_random_5_greedy_ver3_greedy_ver3,20260310132102,8,417.0,0.0
2x2_slot_random_place_random_5_greedy_ver3_greedy_ver3,20260310132104,17,826.0,0.015625
2x2_slot_random_place_random_5_greedy_ver3_greedy_ver3,20260310132108,15,806.0,0.0
2x2_slot_random_place_random_5_greedy_ver3_greedy_ver3,20260310132114,35,1664.0,0.015625
2x2_slot_random_place_random_5_greedy_ver3_greedy_ver3,20260310132120,17,764.0,0.0
2x2_slot_random_place_random_5_greedy_ver3_greedy_ver3,20260310132126,10,456.0,0.015625
2x2_slot_random_place_random_5_greedy_ver3_greedy_ver3,20260310132130,6,283.0,0.0
2x2_slot_random_place_random_5_greedy_ver3_greedy_ver3,20260310132134,14,728.0,0.0
2x2_slot_random_place_random_5_greedy_ver3_greedy_ver3,20260310132138,21,938.0,0.0
2x2_slot_random_place_random_5_greedy_ver3_greedy_ver3,20260310132142,17,814.0,0.0
2x2_slot_random_place_random_5_greedy_ver3_greedy_ver3,20260310132146,17,834.0,0.0
2x2_slot_random_place_random_5_greedy_ver3_greedy_ver3,20260310132150,9,497.0,0.0
2x2_slot_random_place_random_5_greedy_ver3_greedy_ver3,20260310132156,44,2014.0,0.0
2x2_slot_random_place_random_5_greedy_ver3_greedy_ver3,20260310132207,41,1870.0,0.0
2x2_slot_random_place_random_5_greedy_ver3_greedy_ver3,20260310132213,14,708.0,0.0
2x2_slot_random_place_random_5_greedy_ver3_greedy_ver3,20260310132217,15,794.0,0.0
2x2_slot_random_place_random_5_greedy_ver3_greedy_ver3,20260310132221,17,838.0,0.0
2x2_slot_random_place_random_5_greedy_ver3_greedy_ver3,20260310132234,118,5434.0,0.0
2x2_slot_random_place_random_5_greedy_ver3_greedy_ver3,20260310132250,32,1574.0,0.0
2x2_slot_random_place_random_5_greedy_ver3_greedy_ver3,20260310132256,21,1180.0,0.0
2x2_slot_random_place_random_5_greedy_ver3_greedy_ver3,20260310132302,24,1078.0,0.0
2x2_slot_random_place_random_5_greedy_ver3_greedy_ver3,20260310132307,13,548.0,0.0
2x2_slot_random_place_random_5_greedy_ver3_greedy_ver3,20260310132311,26,1226.0,0.015625
2x2_slot_random_place_random_5_greedy_ver3_greedy_ver3,20260310132318,48,2282.0,0.0
2x2_slot_random_place_random_5_greedy_ver3_greedy_ver3,20260310132324,6,447.0,0.0
2x2_slot_random_place_random_5_greedy_ver3_greedy_ver3,20260310132327,21,978.0,0.0
2x2_slot_random_place_random_5_greedy_ver3_greedy_ver3,20260310132332,11,608.0,0.0
2x2_slot_random_place_random_5_greedy_ver3_greedy_ver3,20260310132335,10,508.0,0.0
2x2_slot_random_place_random_5_greedy_ver3_greedy_ver3,20260310132344,73,3417.0,0.0
2x2_slot_random_place_random_5_greedy_ver3_greedy_ver3,20260310132354,5,351.0,0.0
2x2_slot_random_place_random_5_greedy_ver3_greedy_ver3,20260310132357,12,576.0,0.0
2x2_slot_random_place_random_5_greedy_ver3_greedy_ver3,20260310132403,49,2267.0,0.0
2x2_slot_random_place_random_5_greedy_ver3_greedy_ver3,20260310132410,11,640.0,0.0
2x2_slot_random_place_random_5_greedy_ver3_greedy_ver3,20260310132418,39,1915.0,0.0
2x2_slot_random_place_random_5_greedy_ver3_greedy_ver3,20260310132424,14,622.0,0.0
2x2_slot_random_place_random_5_greedy_ver3_greedy_ver3,20260310132429,20,1000.0,0.0
2x2_slot_random_place_random_5_greedy_ver3_greedy_ver3,20260310132436,32,1360.0,0.0
2x2_slot_random_place_random_5_greedy_ver3_greedy_ver3,20260310132441,17,824.0,0.0
2x2_slot_random_place_random_5_greedy_ver3_greedy_ver3,20260310132445,16,832.0,0.0
2x2_slot_random_place_random_5_greedy_ver3_greedy_ver3,20260310132450,14,790.0,0.0
2x2_slot_random_place_random_5_greedy_ver3_greedy_ver3,20260310132454,18,868.0,0.015625
2x2_slot_random_place_random_5_greedy_ver3_greedy_ver3,20260310132500,26,1284.0,0.0
2x2_slot_random_place_random_5_greedy_ver3_greedy_ver3,20260310132505,8,413.0,0.0
2x2_slot_random_place_random_5_greedy_ver3_greedy_ver3,20260310132508,35,1535.0,0.0
2x2_slot_random_place_random_5_greedy_ver3_greedy_ver3,20260310132512,8,484.0,0.0
2x2_slot_random_place_random_5_greedy_ver3_greedy_ver3,20260310132519,42,1799.0,0.0
2x2_slot_random_place_random_5_greedy_ver3_greedy_ver3,20260310132528,32,1403.0,0.0
2x2_slot_random_place_random_5_greedy_ver3_greedy_ver3,20260310132538,77,3556.0,0.0
2x2_slot_random_place_random_5_greedy_ver3_greedy_ver3,20260310132548,34,1572.0,0.0
2x2_slot_random_place_random_5_greedy_ver3_greedy_ver3,20260310132555,19,898.0,0.0
2x2_slot_random_place_random_5_greedy_ver3_greedy_ver3,20260310132559,23,1008.0,0.0
2x2_slot_random_place_random_5_greedy_ver3_greedy_ver3,20260310132603,18,1054.0,0.0
2x2_slot_random_place_random_5_greedy_ver3_greedy_ver3,20260310132608,17,884.0,0.0
2x2_slot_random_place_random_5_greedy_ver3_greedy_ver3,20260310132612,11,516.0,0.0
2x2_slot_random_place_random_5_greedy_ver3_greedy_ver3,20260310132615,3,269.0,0.0
2x2_slot_random_place_random_5_greedy_ver3_greedy_ver3,20260310132617,10,528.0,0.0
2x2_slot_random_place_random_5_greedy_ver3_greedy_ver3,20260310132621,25,1305.0,0.0
2x2_slot_random_place_random_5_greedy_ver3_greedy_ver3,20260310132627,19,870.0,0.0
2x2_slot_random_place_random_5_greedy_ver3_greedy_ver3,20260310132632,42,1965.0,0.0
2x2_slot_random_place_random_5_greedy_ver3_greedy_ver3,20260310132639,35,1576.0,0.0
2x2_slot_random_place_random_5_greedy_ver3_greedy_ver3,20260310132644,12,666.0,0.0
2x2_slot_random_place_random_5_greedy_ver3_greedy_ver3,20260310132648,10,600.0,0.0
2x2_slot_random_place_random_5_greedy_ver3_greedy_ver3,20260310132654,49,2275.0,0.0
2x2_slot_random_place_random_5_greedy_ver3_greedy_ver3,20260310132701,9,416.0,0.0
2x2_slot_random_place_random_5_greedy_ver3_greedy_ver3,20260310132704,3,277.0,0.0
2x2_slot_random_place_random_5_greedy_ver3_greedy_ver3,20260310132707,18,854.0,0.0
2x2_slot_random_place_random_5_greedy_ver3_greedy_ver3,20260310132712,27,1272.0,0.0
2x2_slot_random_place_random_5_greedy_ver3_greedy_ver3,20260310132716,14,674.0,0.0
2x2_slot_random_place_random_5_greedy_ver3_greedy_ver3,20260310132719,6,361.0,0.0
2x2_slot_random_place_random_5_greedy_ver3_greedy_ver3,20260310132722,17,785.0,0.0
2x2_slot_random_place_random_5_greedy_ver3_greedy_ver3,20260310132725,14,751.0,0.015625
2x2_slot_random_place_random_5_greedy_ver3_greedy_ver3,20260310132730,41,1896.0,0.0
2x2_slot_random_place_random_5_greedy_ver3_greedy_ver3,20260310132737,25,1054.0,0.0
2x2_slot_random_place_random_5_greedy_ver3_greedy_ver3,20260310132745,60,2817.0,0.0
2x2_slot_random_place_random_5_greedy_ver3_greedy_ver3,20260310132752,6,367.0,0.0
2x2_slot_random_place_random_5_greedy_ver3_greedy_ver3,20260310132754,6,347.0,0.0
2x2_slot_random_place_random_5_greedy_ver3_greedy_ver3,20260310132757,7,324.0,0.0
2x2_slot_random_place_random_5_greedy_ver3_greedy_ver3,20260310132800,14,694.0,0.0
2x2_slot_random_place_random_5_greedy_ver3_greedy_ver3,20260310132804,8,387.0,0.0
2x2_slot_random_place_random_5_greedy_ver3_greedy_ver3,20260310132807,10,447.0,0.0
2x2_slot_random_place_random_5_greedy_ver3_greedy_ver3,20260310132811,16,716.0,0.0
2x2_slot_random_place_random_5_greedy_ver3_greedy_ver3,20260310132815,16,832.0,0.0
2x2_slot_random_place_random_5_greedy_ver3_greedy_ver3,20260310132818,14,712.0,0.0
2x2_slot_random_place_random_5_greedy_ver3_greedy_ver3,20260310132822,25,1188.0,0.015625
2x2_slot_random_place_random_5_greedy_ver3_greedy_ver3,20260310132828,39,1642.0,0.0
2x2_slot_random_place_random_5_greedy_ver3_greedy_ver3,20260310132834,24,1138.0,0.0
2x2_slot_random_place_random_5_greedy_ver3_greedy_ver3,20260310132840,22,928.0,0.0
2x2_slot_random_place_random_5_greedy_ver3_greedy_ver3,20260310132845,37,1656.0,0.0
2x2_slot_random_place_random_5_greedy_ver3_greedy_ver3,20260310132851,10,562.0,0.0
2x2_slot_random_place_random_5_greedy_ver3_greedy_ver3,20260310132854,10,512.0,0.0
2x2_slot_random_place_random_5_greedy_ver3_greedy_ver3,20260310132858,7,419.0,0.0
2x2_slot_random_place_random_5_greedy_ver3_greedy_ver3,20260310132901,21,1020.0,0.0
2x2_slot_random_place_random_5_greedy_ver3_greedy_ver3,20260310132905,3,227.0,0.0
2x2_slot_random_place_random_5_greedy_ver3_greedy_ver3,20260310132909,42,1949.0,0.0
2x2_slot_random_place_random_5_greedy_ver3_greedy_ver3,20260310132918,48,2219.0,0.0
2x2_slot_random_place_random_5_greedy_ver3_greedy_ver3,20260310132924,27,1378.0,0.0
2x2_slot_random_place_random_5_greedy_ver3_greedy_ver3,20260310132929,6,369.0,0.0
2x2_slot_random_place_random_5_greedy_ver3_greedy_ver3,20260310132932,17,854.0,0.0
2x2_slot_random_place_random_5_greedy_ver3_greedy_ver3,20260310132936,3,275.0,0.0
2x2_slot_random_place_random_5_greedy_ver3_greedy_ver3,20260310132939,19,982.0,0.0
2x2_slot_random_place_random_5_greedy_ver3_greedy_ver3,20260310132944,18,958.0,0.0
2x2_slot_random_place_random_5_greedy_ver3_greedy_ver3,20260310132951,39,1728.0,0.0
2x2_slot_random_place_random_5_greedy_ver3_greedy_ver3,20260310132956,13,702.0,0.015625
2x2_slot_random_place_random_5_greedy_ver3_greedy_ver3,20260310132959,17,816.0,0.0
2x2_slot_random_place_random_5_greedy_ver3_greedy_ver3,20260310133004,12,620.0,0.0
2x2_slot_random_place_random_5_greedy_ver3_greedy_ver3,20260310133007,20,874.0,0.0
2x2_slot_random_place_random_5_greedy_ver3_greedy_ver3,20260310133011,9,476.0,0.0
2x2_slot_random_place_random_5_greedy_ver3_greedy_ver3,20260310133015,15,714.0,0.0
2x2_slot_random_place_random_5_greedy_ver3_greedy_ver3,20260310133020,27,1282.0,0.015625
2x2_slot_random_place_random_5_greedy_ver3_greedy_ver3,20260310133025,6,347.0,0.0
2x2_slot_random_place_random_5_greedy_ver3_greedy_ver3,20260310133029,32,1304.0,0.0
2x2_slot_random_place_random_5_greedy_ver3_greedy_ver3,20260310133033,6,299.0,0.0
2x2_slot_random_place_random_5_greedy_ver3_greedy_ver3,20260310133036,15,643.0,0.0
2x2_slot_random_place_random_10_grasp_ver3_grasp_ver3,20260311233026,5,247.0,0.0
2x2_slot_random_place_random_10_grasp_ver3_grasp_ver3,20260311233031,9,411.0,0.0
2x2_slot_random_place_random_10_grasp_ver3_grasp_ver3,20260311233037,5,249.0,0.0
2x2_slot_random_place_random_10_grasp_ver3_grasp_ver3,20260311233041,36,1941.0,0.0
2x2_slot_random_place_random_10_grasp_ver3_grasp_ver3,20260311233057,33,1489.0,0.0
2x2_slot_random_place_random_10_grasp_ver3_grasp_ver3,20260311233114,65,3055.0,0.0
2x2_slot_random_place_random_10_grasp_ver3_grasp_ver3,20260311233139,8,490.0,0.0
2x2_slot_random_place_random_10_grasp_ver3_grasp_ver3,20260311233145,17,841.0,0.0
2x2_slot_random_place_random_10_grasp_ver3_grasp_ver3,20260311233152,22,1154.0,0.0
2x2_slot_random_place_random_10_grasp_ver3_grasp_ver3,20260311233204,5,281.0,0.0
2x2_slot_random_place_random_10_grasp_ver3_grasp_ver3,20260311233208,12,662.0,0.0
2x2_slot_random_place_random_10_grasp_ver3_grasp_ver3,20260311233212,21,956.0,0.0
2x2_slot_random_place_random_10_grasp_ver3_grasp_ver3,20260311233216,8,417.0,0.0
2x2_slot_random_place_random_10_grasp_ver3_grasp_ver3,20260311233221,6,288.0,0.015625
2x2_slot_random_place_random_10_grasp_ver3_grasp_ver3,20260311233226,3,215.0,0.0
2x2_slot_random_place_random_10_grasp_ver3_grasp_ver3,20260311233230,10,543.0,0.015625
2x2_slot_random_place_random_10_grasp_ver3_grasp_ver3,20260311233235,5,271.0,0.0
2x2_slot_random_place_random_10_grasp_ver3_grasp_ver3,20260311233239,19,1101.0,0.0
2x2_slot_random_place_random_10_grasp_ver3_grasp_ver3,20260311233246,24,1172.0,0.0
2x2_slot_random_place_random_10_grasp_ver3_grasp_ver3,20260311233250,20,880.0,0.0
2x2_slot_random_place_random_10_grasp_ver3_grasp_ver3,20260311233255,7,259.0,0.015625
2x2_slot_random_place_random_10_grasp_ver3_grasp_ver3,20260311233301,8,391.0,0.0
2x2_slot_random_place_random_10_grasp_ver3_grasp_ver3,20260311233305,24,1154.0,0.0
2x2_slot_random_place_random_10_grasp_ver3_grasp_ver3,20260311233315,7,353.0,0.015625
2x2_slot_random_place_random_10_grasp_ver3_grasp_ver3,20260311233319,9,432.0,0.0
2x2_slot_random_place_random_10_grasp_ver3_grasp_ver3,20260311233324,13,776.0,0.0
2x2_slot_random_place_random_10_grasp_ver3_grasp_ver3,20260311233332,12,602.0,0.0
2x2_slot_random_place_random_10_grasp_ver3_grasp_ver3,20260311233339,11,656.0,0.0
2x2_slot_random_place_random_10_grasp_ver3_grasp_ver3,20260311233346,77,3489.0,0.0
2x2_slot_random_place_random_10_grasp_ver3_grasp_ver3,20260311233403,7,448.0,0.0
2x2_slot_random_place_random_10_grasp_ver3_grasp_ver3,20260311233407,8,470.0,0.0
2x2_slot_random_place_random_10_grasp_ver3_grasp_ver3,20260311233412,9,425.0,0.0
2x2_slot_random_place_random_10_grasp_ver3_grasp_ver3,20260311233418,6,288.0,0.0
2x2_slot_random_place_random_10_grasp_ver3_grasp_ver3,20260311233423,6,268.0,0.0
2x2_slot_random_place_random_10_grasp_ver3_grasp_ver3,20260311233428,43,1959.0,0.0
2x2_slot_random_place_random_10_grasp_ver3_grasp_ver3,20260311233432,3,217.0,0.0
2x2_slot_random_place_random_10_grasp_ver3_grasp_ver3,20260311233435,3,229.0,0.015625
2x2_slot_random_place_random_10_grasp_ver3_grasp_ver3,20260311233439,9,509.0,0.0
2x2_slot_random_place_random_10_grasp_ver3_grasp_ver3,20260311233444,10,692.0,0.0
2x2_slot_random_place_random_10_grasp_ver3_grasp_ver3,20260311233450,7,418.0,0.0
2x2_slot_random_place_random_10_grasp_ver3_grasp_ver3,20260311233455,5,217.0,0.0
2x2_slot_random_place_random_10_grasp_ver3_grasp_ver3,20260311233500,25,1044.0,0.015625
2x2_slot_random_place_random_10_grasp_ver3_grasp_ver3,20260311233504,7,396.0,0.0
2x2_slot_random_place_random_10_grasp_ver3_grasp_ver3,20260311233509,17,820.0,0.0
2x2_slot_random_place_random_10_grasp_ver3_grasp_ver3,20260311233514,5,215.0,0.0
2x2_slot_random_place_random_10_grasp_ver3_grasp_ver3,20260311233518,7,372.0,0.0
2x2_slot_random_place_random_10_grasp_ver3_grasp_ver3,20260311233523,22,1066.0,0.0
2x2_slot_random_place_random_10_grasp_ver3_grasp_ver3,20260311233528,9,564.0,0.0
2x2_slot_random_place_random_10_grasp_ver3_grasp_ver3,20260311233534,12,540.0,0.0
2x2_slot_random_place_random_10_grasp_ver3_grasp_ver3,20260311233539,35,1869.0,0.0
2x2_slot_random_place_random_10_grasp_ver3_grasp_ver3,20260311233544,5,169.0,0.0
2x2_slot_random_place_random_10_grasp_ver3_grasp_ver3,20260311233548,5,251.0,0.0
2x2_slot_random_place_random_10_grasp_ver3_grasp_ver3,20260311233552,69,2968.0,0.0
2x2_slot_random_place_random_10_grasp_ver3_grasp_ver3,20260311233612,2,281.0,0.0
2x2_slot_random_place_random_10_grasp_ver3_grasp_ver3,20260311233615,3,227.0,0.0
2x2_slot_random_place_random_10_grasp_ver3_grasp_ver3,20260311233619,26,1466.0,0.0
2x2_slot_random_place_random_10_grasp_ver3_grasp_ver3,20260311233633,7,400.0,0.0
2x2_slot_random_place_random_10_grasp_ver3_grasp_ver3,20260311233639,29,1402.0,0.0
2x2_slot_random_place_random_10_grasp_ver3_grasp_ver3,20260311233651,16,906.0,0.0
2x2_slot_random_place_random_10_grasp_ver3_grasp_ver3,20260311233700,9,431.0,0.0
2x2_slot_random_place_random_10_grasp_ver3_grasp_ver3,20260311233706,35,1897.0,0.015625
2x2_slot_random_place_random_10_grasp_ver3_grasp_ver3,20260311233721,11,627.0,0.0
2x2_slot_random_place_random_10_grasp_ver3_grasp_ver3,20260311233726,16,754.0,0.0
2x2_slot_random_place_random_10_grasp_ver3_grasp_ver3,20260311233732,12,713.0,0.0
2x2_slot_random_place_random_10_grasp_ver3_grasp_ver3,20260311233737,7,337.0,0.0
2x2_slot_random_place_random_10_grasp_ver3_grasp_ver3,20260311233741,15,908.0,0.0
2x2_slot_random_place_random_10_grasp_ver3_grasp_ver3,20260311233747,5,221.0,0.0
2x2_slot_random_place_random_10_grasp_ver3_grasp_ver3,20260311233751,5,279.0,0.0
2x2_slot_random_place_random_10_grasp_ver3_grasp_ver3,20260311233755,58,2609.0,0.0
2x2_slot_random_place_random_10_grasp_ver3_grasp_ver3,20260311233812,21,1036.0,0.0
2x2_slot_random_place_random_10_grasp_ver3_grasp_ver3,20260311233820,18,836.0,0.0
2x2_slot_random_place_random_10_grasp_ver3_grasp_ver3,20260311233825,9,416.0,0.0
2x2_slot_random_place_random_10_grasp_ver3_grasp_ver3,20260311233831,23,1245.0,0.0
2x2_slot_random_place_random_10_grasp_ver3_grasp_ver3,20260311233843,18,754.0,0.0
2x2_slot_random_place_random_10_grasp_ver3_grasp_ver3,20260311233848,10,590.0,0.0
2x2_slot_random_place_random_10_grasp_ver3_grasp_ver3,20260311233852,5,281.0,0.0
2x2_slot_random_place_random_10_grasp_ver3_grasp_ver3,20260311233856,5,166.0,0.0
2x2_slot_random_place_random_10_grasp_ver3_grasp_ver3,20260311233900,5,209.0,0.0
2x2_slot_random_place_random_10_grasp_ver3_grasp_ver3,20260311233904,17,802.0,0.0
2x2_slot_random_place_random_10_grasp_ver3_grasp_ver3,20260311233919,3,203.0,0.0
2x2_slot_random_place_random_10_grasp_ver3_grasp_ver3,20260311233922,6,383.0,0.0
2x2_slot_random_place_random_10_grasp_ver3_grasp_ver3,20260311233927,29,1422.0,0.0
2x2_slot_random_place_random_10_grasp_ver3_grasp_ver3,20260311233944,7,397.0,0.0
2x2_slot_random_place_random_10_grasp_ver3_grasp_ver3,20260311233950,16,879.0,0.0
2x2_slot_random_place_random_10_grasp_ver3_grasp_ver3,20260311233958,7,327.0,0.0
2x2_slot_random_place_random_10_grasp_ver3_grasp_ver3,20260311234002,8,526.0,0.0
2x2_slot_random_place_random_10_grasp_ver3_grasp_ver3,20260311234007,23,1218.0,0.0
2x2_slot_random_place_random_10_grasp_ver3_grasp_ver3,20260311234018,5,293.0,0.0
2x2_slot_random_place_random_10_grasp_ver3_grasp_ver3,20260311234022,5,257.0,0.0
2x2_slot_random_place_random_10_grasp_ver3_grasp_ver3,20260311234026,11,622.0,0.0
2x2_slot_random_place_random_10_grasp_ver3_grasp_ver3,20260311234032,6,391.0,0.0
2x2_slot_random_place_random_10_grasp_ver3_grasp_ver3,20260311234037,3,217.0,0.0
2x2_slot_random_place_random_10_grasp_ver3_grasp_ver3,20260311234040,16,888.0,0.0
2x2_slot_random_place_random_10_grasp_ver3_grasp_ver3,20260311234048,5,213.0,0.0
2x2_slot_random_place_random_10_grasp_ver3_grasp_ver3,20260311234052,7,458.0,0.0
2x2_slot_random_place_random_10_grasp_ver3_grasp_ver3,20260311234058,3,215.0,0.0
2x2_slot_random_place_random_10_grasp_ver3_grasp_ver3,20260311234101,12,802.0,0.0
2x2_slot_random_place_random_10_grasp_ver3_grasp_ver3,20260311234108,11,801.0,0.0
2x2_slot_random_place_random_10_grasp_ver3_grasp_ver3,20260311234111,25,1336.0,0.015625
2x2_slot_random_place_random_10_grasp_ver3_grasp_ver3,20260311234119,9,495.0,0.0
2x2_slot_random_place_random_10_grasp_ver3_grasp_ver3,20260311234123,6,329.0,0.0
2x2_slot_random_place_random_10_grasp_ver3_grasp_ver3,20260311234125,4,287.0,0.0
2x2_slot_random_place_random_10_grasp_ver3_grasp_ver3,20260311234129,11,678.0,0.0
2x2_slot_random_place_random_10_grasp_ver3_grasp_ver3,20260311234135,4,273.0,0.0
2x2_slot_random_place_random_10_grasp_ver3_grasp_ver3,20260311234138,13,620.0,0.0
2x2_slot_random_place_random_10_grasp_ver3_grasp_ver3,20260311234144,20,747.0,0.0
2x2_slot_random_place_random_10_grasp_ver3_grasp_ver3,20260311234153,8,466.0,0.0
2x2_slot_random_place_random_10_grasp_ver3_grasp_ver3,20260311234156,15,738.0,0.0
2x2_slot_random_place_random_10_grasp_ver3_grasp_ver3,20260311234205,11,612.0,0.0
2x2_slot_random_place_random_10_grasp_ver3_grasp_ver3,20260311234212,6,411.0,0.0
2x2_slot_random_place_random_10_grasp_ver3_grasp_ver3,20260311234216,5,154.0,0.0
2x2_slot_random_place_random_10_grasp_ver3_grasp_ver3,20260311234220,7,345.0,0.0
2x2_slot_random_place_random_10_grasp_ver3_grasp_ver3,20260311234224,11,518.0,0.0
2x2_slot_random_place_random_10_grasp_ver3_grasp_ver3,20260311234231,5,293.0,0.0
2x2_slot_random_place_random_10_grasp_ver3_grasp_ver3,20260311234235,12,842.0,0.0
2x2_slot_random_place_random_10_grasp_ver3_grasp_ver3,20260311234241,7,490.0,0.0
2x2_slot_random_place_random_10_grasp_ver3_grasp_ver3,20260311234244,15,778.0,0.0
2x2_slot_random_place_random_10_grasp_ver3_grasp_ver3,20260311234251,12,673.0,0.0
2x2_slot_random_place_random_10_grasp_ver3_grasp_ver3,20260311234258,9,507.0,0.0
2x2_slot_random_place_random_10_grasp_ver3_grasp_ver3,20260311234301,24,1138.0,0.0
2x2_slot_random_place_random_10_grasp_ver3_grasp_ver3,20260311234310,4,217.0,0.015625
2x2_slot_random_place_random_10_grasp_ver3_grasp_ver3,20260311234313,38,2142.0,0.0
2x2_slot_random_place_random_10_grasp_ver3_grasp_ver3,20260311234318,5,263.0,0.0
2x2_slot_random_place_random_10_grasp_ver3_grasp_ver3,20260311234321,35,2396.0,0.0
2x2_slot_random_place_random_10_grasp_ver3_grasp_ver3,20260311234326,19,1022.0,0.0
2x2_slot_random_place_random_10_grasp_ver3_grasp_ver3,20260311234329,17,876.0,0.0
2x2_slot_random_place_random_10_grasp_ver3_grasp_ver3,20260311234338,18,1042.0,0.0
2x2_slot_random_place_random_10_grasp_ver3_grasp_ver3,20260311234347,22,1046.0,0.0
2x2_slot_random_place_random_10_grasp_ver3_grasp_ver3,20260311234353,4,269.0,0.0
2x2_slot_random_place_random_10_grasp_ver3_grasp_ver3,20260311234356,10,509.0,0.0
2x2_slot_random_place_random_10_grasp_ver3_grasp_ver3,20260311234400,30,1414.0,0.0
2x2_slot_random_place_random_10_grasp_ver3_grasp_ver3,20260311234403,7,435.0,0.0
2x2_slot_random_place_random_10_grasp_ver3_grasp_ver3,20260311234408,12,624.0,0.0
2x2_slot_random_place_random_10_grasp_ver3_grasp_ver3,20260311234414,27,1603.0,0.0
2x2_slot_random_place_random_10_grasp_ver3_grasp_ver3,20260311234424,3,227.0,0.0
2x2_slot_random_place_random_10_grasp_ver3_grasp_ver3,20260311234428,9,464.0,0.0
2x2_slot_random_place_random_10_grasp_ver3_grasp_ver3,20260311234434,66,3357.0,0.015625
2x2_slot_random_place_random_10_grasp_ver3_grasp_ver3,20260311234438,2,269.0,0.0
2x2_slot_random_place_random_10_grasp_ver3_grasp_ver3,20260311234440,6,347.0,0.0
2x2_slot_random_place_random_10_grasp_ver3_grasp_ver3,20260311234445,4,283.0,0.0
2x2_slot_random_place_random_10_grasp_ver3_grasp_ver3,20260311234448,22,1154.0,0.0
2x2_slot_random_place_random_10_grasp_ver3_grasp_ver3,20260311234455,35,1872.0,0.0
2x2_slot_random_place_random_10_grasp_ver3_grasp_ver3,20260311234458,46,2271.0,0.0
2x2_slot_random_place_random_10_grasp_ver3_greedy_ver3,20260311233028,26,1140.0,0.0
2x2_slot_random_place_random_10_grasp_ver3_greedy_ver3,20260311233033,24,1242.0,0.0
2x2_slot_random_place_random_10_grasp_ver3_greedy_ver3,20260311233038,22,1064.0,0.0
2x2_slot_random_place_random_10_grasp_ver3_greedy_ver3,20260311233048,76,3613.0,0.0
2x2_slot_random_place_random_10_grasp_ver3_greedy_ver3,20260311233104,76,3646.0,0.0
2x2_slot_random_place_random_10_grasp_ver3_greedy_ver3,20260311233126,139,5970.0,0.0
2x2_slot_random_place_random_10_grasp_ver3_greedy_ver3,20260311233141,30,1330.0,0.0
2x2_slot_random_place_random_10_grasp_ver3_greedy_ver3,20260311233148,34,1652.0,0.0
2x2_slot_random_place_random_10_grasp_ver3_greedy_ver3,20260311233158,52,2457.0,0.0
2x2_slot_random_place_random_10_grasp_ver3_greedy_ver3,20260311233206,23,1186.0,0.0
2x2_slot_random_place_random_10_grasp_ver3_greedy_ver3,20260311233210,18,768.0,0.0
2x2_slot_random_place_random_10_grasp_ver3_greedy_ver3,20260311233214,8,504.0,0.0
2x2_slot_random_place_random_10_grasp_ver3_greedy_ver3,20260311233219,12,590.0,0.0
2x2_slot_random_place_random_10_grasp_ver3_greedy_ver3,20260311233224,11,668.0,0.0
2x2_slot_random_place_random_10_grasp_ver3_greedy_ver3,20260311233227,11,496.0,0.0
2x2_slot_random_place_random_10_grasp_ver3_greedy_ver3,20260311233232,20,894.0,0.015625
2x2_slot_random_place_random_10_grasp_ver3_greedy_ver3,20260311233236,10,504.0,0.0
2x2_slot_random_place_random_10_grasp_ver3_greedy_ver3,20260311233243,29,1554.0,0.0
2x2_slot_random_place_random_10_grasp_ver3_greedy_ver3,20260311233248,26,1088.0,0.0
2x2_slot_random_place_random_10_grasp_ver3_greedy_ver3,20260311233252,19,814.0,0.015625
2x2_slot_random_place_random_10_grasp_ver3_greedy_ver3,20260311233257,19,864.0,0.0
2x2_slot_random_place_random_10_grasp_ver3_greedy_ver3,20260311233303,25,1368.0,0.0
2x2_slot_random_place_random_10_grasp_ver3_greedy_ver3,20260311233310,40,2006.0,0.0
2x2_slot_random_place_random_10_grasp_ver3_greedy_ver3,20260311233317,8,470.0,0.0
2x2_slot_random_place_random_10_grasp_ver3_greedy_ver3,20260311233321,14,788.0,0.0
2x2_slot_random_place_random_10_grasp_ver3_greedy_ver3,20260311233328,43,2161.0,0.0
2x2_slot_random_place_random_10_grasp_ver3_greedy_ver3,20260311233335,39,1889.0,0.0
2x2_slot_random_place_random_10_grasp_ver3_greedy_ver3,20260311233343,18,907.0,0.0
2x2_slot_random_place_random_10_grasp_ver3_greedy_ver3,20260311233354,84,3976.0,0.015625
2x2_slot_random_place_random_10_grasp_ver3_greedy_ver3,20260311233405,21,978.0,0.0
2x2_slot_random_place_random_10_grasp_ver3_greedy_ver3,20260311233409,19,1588.0,0.0
2x2_slot_random_place_random_10_grasp_ver3_greedy_ver3,20260311233415,20,1008.0,0.0
2x2_slot_random_place_random_10_grasp_ver3_greedy_ver3,20260311233420,13,678.0,0.0
2x2_slot_random_place_random_10_grasp_ver3_greedy_ver3,20260311233425,21,962.0,0.015625
2x2_slot_random_place_random_10_grasp_ver3_greedy_ver3,20260311233430,8,466.0,0.0
2x2_slot_random_place_random_10_grasp_ver3_greedy_ver3,20260311233433,35,1578.0,0.0
2x2_slot_random_place_random_10_grasp_ver3_greedy_ver3,20260311233436,11,518.0,0.0
2x2_slot_random_place_random_10_grasp_ver3_greedy_ver3,20260311233441,19,988.0,0.0
2x2_slot_random_place_random_10_grasp_ver3_greedy_ver3,20260311233447,46,2167.0,0.0
2x2_slot_random_place_random_10_grasp_ver3_greedy_ver3,20260311233452,14,730.0,0.0
2x2_slot_random_place_random_10_grasp_ver3_greedy_ver3,20260311233456,16,748.0,0.0
2x2_slot_random_place_random_10_grasp_ver3_greedy_ver3,20260311233501,20,850.0,0.0
2x2_slot_random_place_random_10_grasp_ver3_greedy_ver3,20260311233506,18,884.0,0.0
2x2_slot_random_place_random_10_grasp_ver3_greedy_ver3,20260311233511,19,968.0,0.0
2x2_slot_random_place_random_10_grasp_ver3_greedy_ver3,20260311233515,46,2010.0,0.0
2x2_slot_random_place_random_10_grasp_ver3_greedy_ver3,20260311233520,18,794.0,0.0
2x2_slot_random_place_random_10_grasp_ver3_greedy_ver3,20260311233525,9,401.0,0.0
2x2_slot_random_place_random_10_grasp_ver3_greedy_ver3,20260311233530,30,1318.0,0.0
2x2_slot_random_place_random_10_grasp_ver3_greedy_ver3,20260311233537,10,524.0,0.0
2x2_slot_random_place_random_10_grasp_ver3_greedy_ver3,20260311233541,15,788.0,0.0
2x2_slot_random_place_random_10_grasp_ver3_greedy_ver3,20260311233545,15,730.0,0.0
2x2_slot_random_place_random_10_grasp_ver3_greedy_ver3,20260311233549,17,766.0,0.0
2x2_slot_random_place_random_10_grasp_ver3_greedy_ver3,20260311233602,81,3605.0,0.0
2x2_slot_random_place_random_10_grasp_ver3_greedy_ver3,20260311233613,11,541.0,0.0
2x2_slot_random_place_random_10_grasp_ver3_greedy_ver3,20260311233616,11,578.0,0.0
2x2_slot_random_place_random_10_grasp_ver3_greedy_ver3,20260311233625,59,2796.0,0.0
2x2_slot_random_place_random_10_grasp_ver3_greedy_ver3,20260311233635,21,998.0,0.0
2x2_slot_random_place_random_10_grasp_ver3_greedy_ver3,20260311233645,49,2343.0,0.015625
2x2_slot_random_place_random_10_grasp_ver3_greedy_ver3,20260311233655,39,1873.0,0.015625
2x2_slot_random_place_random_10_grasp_ver3_greedy_ver3,20260311233703,47,2009.0,0.0
2x2_slot_random_place_random_10_grasp_ver3_greedy_ver3,20260311233712,63,3226.0,0.0
2x2_slot_random_place_random_10_grasp_ver3_greedy_ver3,20260311233724,30,1507.0,0.0
2x2_slot_random_place_random_10_grasp_ver3_greedy_ver3,20260311233729,28,1324.0,0.0
2x2_slot_random_place_random_10_grasp_ver3_greedy_ver3,20260311233735,16,832.0,0.0
2x2_slot_random_place_random_10_grasp_ver3_greedy_ver3,20260311233739,11,548.0,0.0
2x2_slot_random_place_random_10_grasp_ver3_greedy_ver3,20260311233744,15,764.0,0.0
2x2_slot_random_place_random_10_grasp_ver3_greedy_ver3,20260311233748,10,544.0,0.0
2x2_slot_random_place_random_10_grasp_ver3_greedy_ver3,20260311233752,15,724.0,0.0
2x2_slot_random_place_random_10_grasp_ver3_greedy_ver3,20260311233802,99,4586.0,0.0
2x2_slot_random_place_random_10_grasp_ver3_greedy_ver3,20260311233815,42,1815.0,0.0
2x2_slot_random_place_random_10_grasp_ver3_greedy_ver3,20260311233823,29,1381.0,0.0
2x2_slot_random_place_random_10_grasp_ver3_greedy_ver3,20260311233828,21,860.0,0.0
2x2_slot_random_place_random_10_grasp_ver3_greedy_ver3,20260311233836,59,2669.0,0.015625
2x2_slot_random_place_random_10_grasp_ver3_greedy_ver3,20260311233845,18,806.0,0.0
2x2_slot_random_place_random_10_grasp_ver3_greedy_ver3,20260311233850,8,488.0,0.0
2x2_slot_random_place_random_10_grasp_ver3_greedy_ver3,20260311233853,15,692.0,0.0
2x2_slot_random_place_random_10_grasp_ver3_greedy_ver3,20260311233857,9,456.0,0.0
2x2_slot_random_place_random_10_grasp_ver3_greedy_ver3,20260311233902,8,286.0,0.0
2x2_slot_random_place_random_10_grasp_ver3_greedy_ver3,20260311233910,55,2438.0,0.0
2x2_slot_random_place_random_10_grasp_ver3_greedy_ver3,20260311233920,7,399.0,0.0
2x2_slot_random_place_random_10_grasp_ver3_greedy_ver3,20260311233923,11,558.0,0.0
2x2_slot_random_place_random_10_grasp_ver3_greedy_ver3,20260311233937,73,3432.0,0.0
2x2_slot_random_place_random_10_grasp_ver3_greedy_ver3,20260311233946,24,1168.0,0.0
2x2_slot_random_place_random_10_grasp_ver3_greedy_ver3,20260311233953,37,1722.0,0.0
2x2_slot_random_place_random_10_grasp_ver3_greedy_ver3,20260311234000,11,526.0,0.0
2x2_slot_random_place_random_10_grasp_ver3_greedy_ver3,20260311234004,34,1631.0,0.015625
2x2_slot_random_place_random_10_grasp_ver3_greedy_ver3,20260311234012,64,2879.0,0.0
2x2_slot_random_place_random_10_grasp_ver3_greedy_ver3,20260311234020,24,1161.0,0.0
2x2_slot_random_place_random_10_grasp_ver3_greedy_ver3,20260311234024,13,697.0,0.0
2x2_slot_random_place_random_10_grasp_ver3_greedy_ver3,20260311234028,23,1292.0,0.0
2x2_slot_random_place_random_10_grasp_ver3_greedy_ver3,20260311234034,22,1186.0,0.0
2x2_slot_random_place_random_10_grasp_ver3_greedy_ver3,20260311234038,21,1110.0,0.015625
2x2_slot_random_place_random_10_grasp_ver3_greedy_ver3,20260311234043,34,1750.0,0.0
2x2_slot_random_place_random_10_grasp_ver3_greedy_ver3,20260311234049,23,1088.0,0.0
2x2_slot_random_place_random_10_grasp_ver3_greedy_ver3,20260311234054,34,1727.0,0.0
2x2_slot_random_place_random_10_grasp_ver3_greedy_ver3,20260311234059,10,528.0,0.0
2x2_slot_random_place_random_10_grasp_ver3_greedy_ver3,20260311234104,43,2021.0,0.0
2x2_slot_random_place_random_10_grasp_ver3_greedy_ver3,20260311234109,6,292.0,0.0
2x2_slot_random_place_random_10_grasp_ver3_greedy_ver3,20260311234114,53,2285.0,0.015625
2x2_slot_random_place_random_10_grasp_ver3_greedy_ver3,20260311234121,13,658.0,0.0
2x2_slot_random_place_random_10_grasp_ver3_greedy_ver3,20260311234124,8,442.0,0.0
2x2_slot_random_place_random_10_grasp_ver3_greedy_ver3,20260311234127,25,1254.0,0.0
2x2_slot_random_place_random_10_grasp_ver3_greedy_ver3,20260311234132,17,933.0,0.015625
2x2_slot_random_place_random_10_grasp_ver3_greedy_ver3,20260311234137,16,727.0,0.0
2x2_slot_random_place_random_10_grasp_ver3_greedy_ver3,20260311234141,30,1386.0,0.0
2x2_slot_random_place_random_10_grasp_ver3_greedy_ver3,20260311234148,27,1391.0,0.0
2x2_slot_random_place_random_10_grasp_ver3_greedy_ver3,20260311234154,2,239.0,0.0
2x2_slot_random_place_random_10_grasp_ver3_greedy_ver3,20260311234200,59,2785.0,0.0
2x2_slot_random_place_random_10_grasp_ver3_greedy_ver3,20260311234208,41,1863.0,0.0
2x2_slot_random_place_random_10_grasp_ver3_greedy_ver3,20260311234214,12,622.0,0.0
2x2_slot_random_place_random_10_grasp_ver3_greedy_ver3,20260311234218,11,524.0,0.0
2x2_slot_random_place_random_10_grasp_ver3_greedy_ver3,20260311234222,11,754.0,0.0
2x2_slot_random_place_random_10_grasp_ver3_greedy_ver3,20260311234227,20,880.0,0.0
2x2_slot_random_place_random_10_grasp_ver3_greedy_ver3,20260311234232,16,908.0,0.0
2x2_slot_random_place_random_10_grasp_ver3_greedy_ver3,20260311234238,34,2070.0,0.0
2x2_slot_random_place_random_10_grasp_ver3_greedy_ver3,20260311234242,12,664.0,0.0
2x2_slot_random_place_random_10_grasp_ver3_greedy_ver3,20260311234247,47,1997.0,0.0
2x2_slot_random_place_random_10_grasp_ver3_greedy_ver3,20260311234254,29,1454.0,0.0
2x2_slot_random_place_random_10_grasp_ver3_greedy_ver3,20260311234259,9,434.0,0.0
2x2_slot_random_place_random_10_grasp_ver3_greedy_ver3,20260311234305,37,1728.0,0.0
2x2_slot_random_place_random_10_grasp_ver3_greedy_ver3,20260311234311,18,1188.0,0.0
2x2_slot_random_place_random_10_grasp_ver3_greedy_ver3,20260311234315,10,494.0,0.0
2x2_slot_random_place_random_10_grasp_ver3_greedy_ver3,20260311234319,21,1729.0,0.0
2x2_slot_random_place_random_10_grasp_ver3_greedy_ver3,20260311234323,36,1898.0,0.015625
2x2_slot_random_place_random_10_grasp_ver3_greedy_ver3,20260311234327,3,239.0,0.0
2x2_slot_random_place_random_10_grasp_ver3_greedy_ver3,20260311234332,42,2019.0,0.0
2x2_slot_random_place_random_10_grasp_ver3_greedy_ver3,20260311234342,30,1678.0,0.0
2x2_slot_random_place_random_10_grasp_ver3_greedy_ver3,20260311234350,21,1124.0,0.0
2x2_slot_random_place_random_10_grasp_ver3_greedy_ver3,20260311234355,8,519.0,0.015625
2x2_slot_random_place_random_10_grasp_ver3_greedy_ver3,20260311234358,24,1074.0,0.0
2x2_slot_random_place_random_10_grasp_ver3_greedy_ver3,20260311234401,11,545.0,0.0
2x2_slot_random_place_random_10_grasp_ver3_greedy_ver3,20260311234405,16,785.0,0.0
2x2_slot_random_place_random_10_grasp_ver3_greedy_ver3,20260311234411,20,896.0,0.0
2x2_slot_random_place_random_10_grasp_ver3_greedy_ver3,20260311234419,45,1907.0,0.0
2x2_slot_random_place_random_10_grasp_ver3_greedy_ver3,20260311234426,10,558.0,0.0
2x2_slot_random_place_random_10_grasp_ver3_greedy_ver3,20260311234430,38,2052.0,0.0
2x2_slot_random_place_random_10_grasp_ver3_greedy_ver3,20260311234435,12,660.0,0.0
2x2_slot_random_place_random_10_grasp_ver3_greedy_ver3,20260311234439,54,2416.0,0.0
2x2_slot_random_place_random_10_grasp_ver3_greedy_ver3,20260311234442,20,828.0,0.0
2x2_slot_random_place_random_10_grasp_ver3_greedy_ver3,20260311234446,27,1478.0,0.0
2x2_slot_random_place_random_10_grasp_ver3_greedy_ver3,20260311234451,33,1864.0,0.0
2x2_slot_random_place_random_10_grasp_ver3_greedy_ver3,20260311234456,7,359.0,0.0
2x2_slot_random_place_random_10_grasp_ver3_greedy_ver3,20260311234500,15,623.0,0.0
2x2_slot_random_place_random_10_greedy_ver3_grasp_ver3,20260311231521,6,278.0,0.0
2x2_slot_random_place_random_10_greedy_ver3_grasp_ver3,20260311231525,8,496.0,0.0
2x2_slot_random_place_random_10_greedy_ver3_grasp_ver3,20260311231531,6,198.0,0.0
2x2_slot_random_place_random_10_greedy_ver3_grasp_ver3,20260311231535,7,261.0,0.0
2x2_slot_random_place_random_10_greedy_ver3_grasp_ver3,20260311231540,8,409.0,0.0
2x2_slot_random_place_random_10_greedy_ver3_grasp_ver3,20260311231545,8,521.0,0.015625
2x2_slot_random_place_random_10_greedy_ver3_grasp_ver3,20260311231549,7,393.0,0.0
2x2_slot_random_place_random_10_greedy_ver3_grasp_ver3,20260311231553,5,261.0,0.0
2x2_slot_random_place_random_10_greedy_ver3_grasp_ver3,20260311231557,5,281.0,0.0
2x2_slot_random_place_random_10_greedy_ver3_grasp_ver3,20260311231600,20,1026.0,0.0
2x2_slot_random_place_random_10_greedy_ver3_grasp_ver3,20260311231604,7,404.0,0.0
2x2_slot_random_place_random_10_greedy_ver3_grasp_ver3,20260311231609,8,409.0,0.0
2x2_slot_random_place_random_10_greedy_ver3_grasp_ver3,20260311231613,5,239.0,0.0
2x2_slot_random_place_random_10_greedy_ver3_grasp_ver3,20260311231617,13,619.0,0.0
2x2_slot_random_place_random_10_greedy_ver3_grasp_ver3,20260311231621,75,3550.0,0.0
2x2_slot_random_place_random_10_greedy_ver3_grasp_ver3,20260311231649,95,4426.0,0.0
2x2_slot_random_place_random_10_greedy_ver3_grasp_ver3,20260311231721,13,692.0,0.0
2x2_slot_random_place_random_10_greedy_ver3_grasp_ver3,20260311231727,27,1334.0,0.0
2x2_slot_random_place_random_10_greedy_ver3_grasp_ver3,20260311231738,44,2268.0,0.015625
2x2_slot_random_place_random_10_greedy_ver3_grasp_ver3,20260311231754,7,462.0,0.0
2x2_slot_random_place_random_10_greedy_ver3_grasp_ver3,20260311231759,7,397.0,0.0
2x2_slot_random_place_random_10_greedy_ver3_grasp_ver3,20260311231803,8,486.0,0.015625
2x2_slot_random_place_random_10_greedy_ver3_grasp_ver3,20260311231808,9,455.0,0.0
2x2_slot_random_place_random_10_greedy_ver3_grasp_ver3,20260311231814,11,530.0,0.0
2x2_slot_random_place_random_10_greedy_ver3_grasp_ver3,20260311231820,28,1308.0,0.015625
2x2_slot_random_place_random_10_greedy_ver3_grasp_ver3,20260311231829,16,854.0,0.0
2x2_slot_random_place_random_10_greedy_ver3_grasp_ver3,20260311231833,6,469.0,0.0
2x2_slot_random_place_random_10_greedy_ver3_grasp_ver3,20260311231836,25,1537.0,0.0
2x2_slot_random_place_random_10_greedy_ver3_grasp_ver3,20260311231842,13,612.0,0.0
2x2_slot_random_place_random_10_greedy_ver3_grasp_ver3,20260311231846,13,800.0,0.0
2x2_slot_random_place_random_10_greedy_ver3_grasp_ver3,20260311231852,6,208.0,0.0
2x2_slot_random_place_random_10_greedy_ver3_grasp_ver3,20260311231856,9,614.0,0.0
2x2_slot_random_place_random_10_greedy_ver3_grasp_ver3,20260311231901,7,407.0,0.0
2x2_slot_random_place_random_10_greedy_ver3_grasp_ver3,20260311231906,8,415.0,0.0
2x2_slot_random_place_random_10_greedy_ver3_grasp_ver3,20260311231910,8,419.0,0.0
2x2_slot_random_place_random_10_greedy_ver3_grasp_ver3,20260311231915,10,445.0,0.0
2x2_slot_random_place_random_10_greedy_ver3_grasp_ver3,20260311231920,5,291.0,0.0
2x2_slot_random_place_random_10_greedy_ver3_grasp_ver3,20260311231924,20,913.0,0.0
2x2_slot_random_place_random_10_greedy_ver3_grasp_ver3,20260311231927,11,1230.0,0.0
2x2_slot_random_place_random_10_greedy_ver3_grasp_ver3,20260311231934,19,1034.0,0.0
2x2_slot_random_place_random_10_greedy_ver3_grasp_ver3,20260311231939,5,271.0,0.0
2x2_slot_random_place_random_10_greedy_ver3_grasp_ver3,20260311231943,16,748.0,0.0
2x2_slot_random_place_random_10_greedy_ver3_grasp_ver3,20260311231947,8,401.0,0.0
2x2_slot_random_place_random_10_greedy_ver3_grasp_ver3,20260311231952,7,495.0,0.0
2x2_slot_random_place_random_10_greedy_ver3_grasp_ver3,20260311231957,8,464.0,0.0
2x2_slot_random_place_random_10_greedy_ver3_grasp_ver3,20260311232002,8,460.0,0.0
2x2_slot_random_place_random_10_greedy_ver3_grasp_ver3,20260311232007,5,287.0,0.0
2x2_slot_random_place_random_10_greedy_ver3_grasp_ver3,20260311232012,21,1136.0,0.0
2x2_slot_random_place_random_10_greedy_ver3_grasp_ver3,20260311232019,6,188.0,0.0
2x2_slot_random_place_random_10_greedy_ver3_grasp_ver3,20260311232024,16,746.0,0.0
2x2_slot_random_place_random_10_greedy_ver3_grasp_ver3,20260311232030,5,169.0,0.0
2x2_slot_random_place_random_10_greedy_ver3_grasp_ver3,20260311232034,5,251.0,0.0
2x2_slot_random_place_random_10_greedy_ver3_grasp_ver3,20260311232038,43,2067.0,0.0
2x2_slot_random_place_random_10_greedy_ver3_grasp_ver3,20260311232053,6,217.0,0.0
2x2_slot_random_place_random_10_greedy_ver3_grasp_ver3,20260311232058,9,479.0,0.0
2x2_slot_random_place_random_10_greedy_ver3_grasp_ver3,20260311232103,5,301.0,0.0
2x2_slot_random_place_random_10_greedy_ver3_grasp_ver3,20260311232107,5,283.0,0.0
2x2_slot_random_place_random_10_greedy_ver3_grasp_ver3,20260311232111,13,628.0,0.0
2x2_slot_random_place_random_10_greedy_ver3_grasp_ver3,20260311232118,73,3612.0,0.0
2x2_slot_random_place_random_10_greedy_ver3_grasp_ver3,20260311232140,13,898.0,0.0
2x2_slot_random_place_random_10_greedy_ver3_grasp_ver3,20260311232144,37,1923.0,0.0
2x2_slot_random_place_random_10_greedy_ver3_grasp_ver3,20260311232154,15,960.0,0.015625
2x2_slot_random_place_random_10_greedy_ver3_grasp_ver3,20260311232205,19,760.0,0.0
2x2_slot_random_place_random_10_greedy_ver3_grasp_ver3,20260311232214,25,1198.0,0.0
2x2_slot_random_place_random_10_greedy_ver3_grasp_ver3,20260311232221,10,547.0,0.015625
2x2_slot_random_place_random_10_greedy_ver3_grasp_ver3,20260311232228,16,869.0,0.0
2x2_slot_random_place_random_10_greedy_ver3_grasp_ver3,20260311232232,5,251.0,0.0
2x2_slot_random_place_random_10_greedy_ver3_grasp_ver3,20260311232237,37,1782.0,0.015625
2x2_slot_random_place_random_10_greedy_ver3_grasp_ver3,20260311232246,59,2901.0,0.0
2x2_slot_random_place_random_10_greedy_ver3_grasp_ver3,20260311232306,14,786.0,0.0
2x2_slot_random_place_random_10_greedy_ver3_grasp_ver3,20260311232314,9,492.0,0.0
2x2_slot_random_place_random_10_greedy_ver3_grasp_ver3,20260311232319,12,520.0,0.0
2x2_slot_random_place_random_10_greedy_ver3_grasp_ver3,20260311232326,15,834.0,0.0
2x2_slot_random_place_random_10_greedy_ver3_grasp_ver3,20260311232334,38,1774.0,0.0
2x2_slot_random_place_random_10_greedy_ver3_grasp_ver3,20260311232341,5,251.0,0.0
2x2_slot_random_place_random_10_greedy_ver3_grasp_ver3,20260311232345,7,245.0,0.0
2x2_slot_random_place_random_10_greedy_ver3_grasp_ver3,20260311232350,41,2055.0,0.0
2x2_slot_random_place_random_10_greedy_ver3_grasp_ver3,20260311232356,7,386.0,0.0
2x2_slot_random_place_random_10_greedy_ver3_grasp_ver3,20260311232402,21,1138.0,0.0
2x2_slot_random_place_random_10_greedy_ver3_grasp_ver3,20260311232411,2,203.0,0.0
2x2_slot_random_place_random_10_greedy_ver3_grasp_ver3,20260311232414,10,528.0,0.0
2x2_slot_random_place_random_10_greedy_ver3_grasp_ver3,20260311232421,8,421.0,0.0
2x2_slot_random_place_random_10_greedy_ver3_grasp_ver3,20260311232428,12,696.0,0.0
2x2_slot_random_place_random_10_greedy_ver3_grasp_ver3,20260311232435,9,474.0,0.0
2x2_slot_random_place_random_10_greedy_ver3_grasp_ver3,20260311232441,11,572.0,0.015625
2x2_slot_random_place_random_10_greedy_ver3_grasp_ver3,20260311232448,35,1735.0,0.0
2x2_slot_random_place_random_10_greedy_ver3_grasp_ver3,20260311232506,12,724.0,0.0
2x2_slot_random_place_random_10_greedy_ver3_grasp_ver3,20260311232512,15,908.0,0.0
2x2_slot_random_place_random_10_greedy_ver3_grasp_ver3,20260311232520,6,423.0,0.0
2x2_slot_random_place_random_10_greedy_ver3_grasp_ver3,20260311232524,22,962.0,0.0
2x2_slot_random_place_random_10_greedy_ver3_grasp_ver3,20260311232529,13,778.0,0.0
2x2_slot_random_place_random_10_greedy_ver3_grasp_ver3,20260311232535,6,203.0,0.0
2x2_slot_random_place_random_10_greedy_ver3_grasp_ver3,20260311232540,7,408.0,0.0
2x2_slot_random_place_random_10_greedy_ver3_grasp_ver3,20260311232545,28,1364.0,0.0
2x2_slot_random_place_random_10_greedy_ver3_grasp_ver3,20260311232550,33,1574.0,0.0
2x2_slot_random_place_random_10_greedy_ver3_grasp_ver3,20260311232558,8,410.0,0.0
2x2_slot_random_place_random_10_greedy_ver3_grasp_ver3,20260311232603,7,259.0,0.0
2x2_slot_random_place_random_10_greedy_ver3_grasp_ver3,20260311232608,14,702.0,0.0
2x2_slot_random_place_random_10_greedy_ver3_grasp_ver3,20260311232615,51,2333.0,0.0
2x2_slot_random_place_random_10_greedy_ver3_grasp_ver3,20260311232624,5,221.0,0.0
2x2_slot_random_place_random_10_greedy_ver3_grasp_ver3,20260311232628,13,626.0,0.0
2x2_slot_random_place_random_10_greedy_ver3_grasp_ver3,20260311232630,14,762.0,0.0
2x2_slot_random_place_random_10_greedy_ver3_grasp_ver3,20260311232636,43,1889.0,0.0
2x2_slot_random_place_random_10_greedy_ver3_grasp_ver3,20260311232641,5,203.0,0.0
2x2_slot_random_place_random_10_greedy_ver3_grasp_ver3,20260311232645,7,486.0,0.0
2x2_slot_random_place_random_10_greedy_ver3_grasp_ver3,20260311232650,18,784.0,0.0
2x2_slot_random_place_random_10_greedy_ver3_grasp_ver3,20260311232659,4,247.0,0.0
2x2_slot_random_place_random_10_greedy_ver3_grasp_ver3,20260311232703,9,544.0,0.0
2x2_slot_random_place_random_10_greedy_ver3_grasp_ver3,20260311232709,21,946.0,0.0
2x2_slot_random_place_random_10_greedy_ver3_grasp_ver3,20260311232721,6,363.0,0.015625
2x2_slot_random_place_random_10_greedy_ver3_grasp_ver3,20260311232725,10,531.0,0.0
2x2_slot_random_place_random_10_greedy_ver3_grasp_ver3,20260311232730,15,647.0,0.0
2x2_slot_random_place_random_10_greedy_ver3_grasp_ver3,20260311232735,11,492.0,0.0
2x2_slot_random_place_random_10_greedy_ver3_grasp_ver3,20260311232741,5,299.0,0.0
2x2_slot_random_place_random_10_greedy_ver3_grasp_ver3,20260311232745,14,920.0,0.015625
2x2_slot_random_place_random_10_greedy_ver3_grasp_ver3,20260311232752,5,293.0,0.0
2x2_slot_random_place_random_10_greedy_ver3_grasp_ver3,20260311232756,11,566.0,0.0
2x2_slot_random_place_random_10_greedy_ver3_grasp_ver3,20260311232803,12,633.0,0.0
2x2_slot_random_place_random_10_greedy_ver3_grasp_ver3,20260311232810,3,217.0,0.0
2x2_slot_random_place_random_10_greedy_ver3_grasp_ver3,20260311232814,13,736.0,0.015625
2x2_slot_random_place_random_10_greedy_ver3_grasp_ver3,20260311232822,4,217.0,0.0
2x2_slot_random_place_random_10_greedy_ver3_grasp_ver3,20260311232826,7,249.0,0.0
2x2_slot_random_place_random_10_greedy_ver3_grasp_ver3,20260311232831,4,213.0,0.015625
2x2_slot_random_place_random_10_greedy_ver3_grasp_ver3,20260311232835,31,1320.0,0.0
2x2_slot_random_place_random_10_greedy_ver3_grasp_ver3,20260311232841,3,287.0,0.0
2x2_slot_random_place_random_10_greedy_ver3_grasp_ver3,20260311232844,15,786.0,0.0
2x2_slot_random_place_random_10_greedy_ver3_grasp_ver3,20260311232853,16,924.0,0.0
2x2_slot_random_place_random_10_greedy_ver3_grasp_ver3,20260311232901,11,634.0,0.015625
2x2_slot_random_place_random_10_greedy_ver3_grasp_ver3,20260311232907,6,224.0,0.0
2x2_slot_random_place_random_10_greedy_ver3_grasp_ver3,20260311232912,6,167.0,0.0
2x2_slot_random_place_random_10_greedy_ver3_grasp_ver3,20260311232916,27,1354.0,0.0
2x2_slot_random_place_random_10_greedy_ver3_grasp_ver3,20260311232919,7,257.0,0.0
2x2_slot_random_place_random_10_greedy_ver3_grasp_ver3,20260311232924,18,821.0,0.0
2x2_slot_random_place_random_10_greedy_ver3_grasp_ver3,20260311232930,19,1086.0,0.0
2x2_slot_random_place_random_10_greedy_ver3_grasp_ver3,20260311232939,3,227.0,0.0
2x2_slot_random_place_random_10_greedy_ver3_grasp_ver3,20260311232942,57,2581.0,0.0
2x2_slot_random_place_random_10_greedy_ver3_grasp_ver3,20260311232948,13,666.0,0.0
2x2_slot_random_place_random_10_greedy_ver3_grasp_ver3,20260311232953,2,267.0,0.0
2x2_slot_random_place_random_10_greedy_ver3_grasp_ver3,20260311232955,9,477.0,0.0
2x2_slot_random_place_random_10_greedy_ver3_grasp_ver3,20260311233001,4,277.0,0.0
2x2_slot_random_place_random_10_greedy_ver3_grasp_ver3,20260311233005,10,494.0,0.015625
2x2_slot_random_place_random_10_greedy_ver3_grasp_ver3,20260311233011,15,1513.0,0.0
2x2_slot_random_place_random_10_greedy_ver3_grasp_ver3,20260311233014,7,414.0,0.0
2x2_slot_random_place_random_10_greedy_ver3_greedy_ver3,20260311231523,11,638.0,0.0
2x2_slot_random_place_random_10_greedy_ver3_greedy_ver3,20260311231528,30,1508.0,0.0
2x2_slot_random_place_random_10_greedy_ver3_greedy_ver3,20260311231533,13,668.0,0.0
2x2_slot_random_place_random_10_greedy_ver3_greedy_ver3,20260311231537,19,922.0,0.0
2x2_slot_random_place_random_10_greedy_ver3_greedy_ver3,20260311231542,30,1971.0,0.0
2x2_slot_random_place_random_10_greedy_ver3_greedy_ver3,20260311231547,11,594.0,0.0
2x2_slot_random_place_random_10_greedy_ver3_greedy_ver3,20260311231551,15,750.0,0.015625
2x2_slot_random_place_random_10_greedy_ver3_greedy_ver3,20260311231554,8,468.0,0.0
2x2_slot_random_place_random_10_greedy_ver3_greedy_ver3,20260311231558,16,854.0,0.015625
2x2_slot_random_place_random_10_greedy_ver3_greedy_ver3,20260311231602,8,518.0,0.0
2x2_slot_random_place_random_10_greedy_ver3_greedy_ver3,20260311231606,26,1311.0,0.0
2x2_slot_random_place_random_10_greedy_ver3_greedy_ver3,20260311231611,26,1325.0,0.0
2x2_slot_random_place_random_10_greedy_ver3_greedy_ver3,20260311231615,32,1362.0,0.0
2x2_slot_random_place_random_10_greedy_ver3_greedy_ver3,20260311231619,35,1482.0,0.0
2x2_slot_random_place_random_10_greedy_ver3_greedy_ver3,20260311231633,173,7798.0,0.0
2x2_slot_random_place_random_10_greedy_ver3_greedy_ver3,20260311231704,149,6936.0,0.0
2x2_slot_random_place_random_10_greedy_ver3_greedy_ver3,20260311231724,31,1324.0,0.0
2x2_slot_random_place_random_10_greedy_ver3_greedy_ver3,20260311231732,53,2663.0,0.0
2x2_slot_random_place_random_10_greedy_ver3_greedy_ver3,20260311231745,78,3645.0,0.0
2x2_slot_random_place_random_10_greedy_ver3_greedy_ver3,20260311231756,20,988.0,0.0
2x2_slot_random_place_random_10_greedy_ver3_greedy_ver3,20260311231801,26,1305.0,0.0
2x2_slot_random_place_random_10_greedy_ver3_greedy_ver3,20260311231805,53,2425.0,0.0
2x2_slot_random_place_random_10_greedy_ver3_greedy_ver3,20260311231810,24,1100.0,0.0
2x2_slot_random_place_random_10_greedy_ver3_greedy_ver3,20260311231816,75,3665.0,0.0
2x2_slot_random_place_random_10_greedy_ver3_greedy_ver3,20260311231824,52,2243.0,0.0
2x2_slot_random_place_random_10_greedy_ver3_greedy_ver3,20260311231831,11,628.0,0.0
2x2_slot_random_place_random_10_greedy_ver3_greedy_ver3,20260311231834,19,928.0,0.0
2x2_slot_random_place_random_10_greedy_ver3_greedy_ver3,20260311231839,25,1293.0,0.0
2x2_slot_random_place_random_10_greedy_ver3_greedy_ver3,20260311231844,37,1832.0,0.0
2x2_slot_random_place_random_10_greedy_ver3_greedy_ver3,20260311231849,34,1482.0,0.0
2x2_slot_random_place_random_10_greedy_ver3_greedy_ver3,20260311231854,10,608.0,0.0
2x2_slot_random_place_random_10_greedy_ver3_greedy_ver3,20260311231858,12,608.0,0.0
2x2_slot_random_place_random_10_greedy_ver3_greedy_ver3,20260311231903,21,960.0,0.0
2x2_slot_random_place_random_10_greedy_ver3_greedy_ver3,20260311231908,26,1169.0,0.0
2x2_slot_random_place_random_10_greedy_ver3_greedy_ver3,20260311231912,14,758.0,0.0
2x2_slot_random_place_random_10_greedy_ver3_greedy_ver3,20260311231918,14,752.0,0.0
2x2_slot_random_place_random_10_greedy_ver3_greedy_ver3,20260311231922,21,1024.0,0.0
2x2_slot_random_place_random_10_greedy_ver3_greedy_ver3,20260311231926,16,734.0,0.0
2x2_slot_random_place_random_10_greedy_ver3_greedy_ver3,20260311231930,32,2200.0,0.0
2x2_slot_random_place_random_10_greedy_ver3_greedy_ver3,20260311231937,29,1294.0,0.0
2x2_slot_random_place_random_10_greedy_ver3_greedy_ver3,20260311231941,17,818.0,0.0
2x2_slot_random_place_random_10_greedy_ver3_greedy_ver3,20260311231945,20,926.0,0.0
2x2_slot_random_place_random_10_greedy_ver3_greedy_ver3,20260311231949,11,598.0,0.0
2x2_slot_random_place_random_10_greedy_ver3_greedy_ver3,20260311231954,13,790.0,0.0
2x2_slot_random_place_random_10_greedy_ver3_greedy_ver3,20260311231959,17,686.0,0.0
2x2_slot_random_place_random_10_greedy_ver3_greedy_ver3,20260311232005,49,2098.0,0.0
2x2_slot_random_place_random_10_greedy_ver3_greedy_ver3,20260311232009,17,942.0,0.0
2x2_slot_random_place_random_10_greedy_ver3_greedy_ver3,20260311232015,57,2709.0,0.015625
2x2_slot_random_place_random_10_greedy_ver3_greedy_ver3,20260311232021,33,1604.0,0.0
2x2_slot_random_place_random_10_greedy_ver3_greedy_ver3,20260311232027,27,1404.0,0.0
2x2_slot_random_place_random_10_greedy_ver3_greedy_ver3,20260311232032,8,466.0,0.0
2x2_slot_random_place_random_10_greedy_ver3_greedy_ver3,20260311232036,25,1238.0,0.015625
2x2_slot_random_place_random_10_greedy_ver3_greedy_ver3,20260311232045,55,2264.0,0.0
2x2_slot_random_place_random_10_greedy_ver3_greedy_ver3,20260311232055,26,1168.0,0.0
2x2_slot_random_place_random_10_greedy_ver3_greedy_ver3,20260311232101,15,726.0,0.0
2x2_slot_random_place_random_10_greedy_ver3_greedy_ver3,20260311232105,9,503.0,0.0
2x2_slot_random_place_random_10_greedy_ver3_greedy_ver3,20260311232108,11,598.0,0.0
2x2_slot_random_place_random_10_greedy_ver3_greedy_ver3,20260311232114,27,1230.0,0.0
2x2_slot_random_place_random_10_greedy_ver3_greedy_ver3,20260311232128,88,4194.0,0.0
2x2_slot_random_place_random_10_greedy_ver3_greedy_ver3,20260311232142,32,1543.0,0.0
2x2_slot_random_place_random_10_greedy_ver3_greedy_ver3,20260311232149,46,2241.0,0.0
2x2_slot_random_place_random_10_greedy_ver3_greedy_ver3,20260311232159,50,2369.0,0.0
2x2_slot_random_place_random_10_greedy_ver3_greedy_ver3,20260311232209,31,1508.0,0.0
2x2_slot_random_place_random_10_greedy_ver3_greedy_ver3,20260311232217,15,724.0,0.0
2x2_slot_random_place_random_10_greedy_ver3_greedy_ver3,20260311232224,15,758.0,0.0
2x2_slot_random_place_random_10_greedy_ver3_greedy_ver3,20260311232230,11,564.0,0.0
2x2_slot_random_place_random_10_greedy_ver3_greedy_ver3,20260311232234,17,872.0,0.0
2x2_slot_random_place_random_10_greedy_ver3_greedy_ver3,20260311232240,25,1130.0,0.0
2x2_slot_random_place_random_10_greedy_ver3_greedy_ver3,20260311232255,107,4799.0,0.015625
2x2_slot_random_place_random_10_greedy_ver3_greedy_ver3,20260311232309,37,1724.0,0.0
2x2_slot_random_place_random_10_greedy_ver3_greedy_ver3,20260311232316,11,598.0,0.0
2x2_slot_random_place_random_10_greedy_ver3_greedy_ver3,20260311232322,31,1455.0,0.015625
2x2_slot_random_place_random_10_greedy_ver3_greedy_ver3,20260311232330,41,1968.0,0.0
2x2_slot_random_place_random_10_greedy_ver3_greedy_ver3,20260311232338,29,1268.0,0.0
2x2_slot_random_place_random_10_greedy_ver3_greedy_ver3,20260311232343,21,948.0,0.0
2x2_slot_random_place_random_10_greedy_ver3_greedy_ver3,20260311232348,13,722.0,0.0
2x2_slot_random_place_random_10_greedy_ver3_greedy_ver3,20260311232353,14,772.0,0.0
2x2_slot_random_place_random_10_greedy_ver3_greedy_ver3,20260311232358,44,2205.0,0.0
2x2_slot_random_place_random_10_greedy_ver3_greedy_ver3,20260311232407,32,1587.0,0.0
2x2_slot_random_place_random_10_greedy_ver3_greedy_ver3,20260311232412,8,413.0,0.0
2x2_slot_random_place_random_10_greedy_ver3_greedy_ver3,20260311232417,24,1076.0,0.0
2x2_slot_random_place_random_10_greedy_ver3_greedy_ver3,20260311232424,15,810.0,0.0
2x2_slot_random_place_random_10_greedy_ver3_greedy_ver3,20260311232431,38,1769.0,0.015625
2x2_slot_random_place_random_10_greedy_ver3_greedy_ver3,20260311232437,32,1519.0,0.0
2x2_slot_random_place_random_10_greedy_ver3_greedy_ver3,20260311232444,38,1873.0,0.015625
2x2_slot_random_place_random_10_greedy_ver3_greedy_ver3,20260311232457,77,3697.0,0.0
2x2_slot_random_place_random_10_greedy_ver3_greedy_ver3,20260311232509,22,1002.0,0.0
2x2_slot_random_place_random_10_greedy_ver3_greedy_ver3,20260311232516,24,1134.0,0.0
2x2_slot_random_place_random_10_greedy_ver3_greedy_ver3,20260311232521,18,996.0,0.0
2x2_slot_random_place_random_10_greedy_ver3_greedy_ver3,20260311232526,13,692.0,0.0
2x2_slot_random_place_random_10_greedy_ver3_greedy_ver3,20260311232532,24,1208.0,0.0
2x2_slot_random_place_random_10_greedy_ver3_greedy_ver3,20260311232537,32,1495.0,0.0
2x2_slot_random_place_random_10_greedy_ver3_greedy_ver3,20260311232542,33,1565.0,0.015625
2x2_slot_random_place_random_10_greedy_ver3_greedy_ver3,20260311232547,21,946.0,0.0
2x2_slot_random_place_random_10_greedy_ver3_greedy_ver3,20260311232553,42,2305.0,0.015625
2x2_slot_random_place_random_10_greedy_ver3_greedy_ver3,20260311232601,16,812.0,0.0
2x2_slot_random_place_random_10_greedy_ver3_greedy_ver3,20260311232606,10,558.0,0.0
2x2_slot_random_place_random_10_greedy_ver3_greedy_ver3,20260311232611,27,1252.0,0.0
2x2_slot_random_place_random_10_greedy_ver3_greedy_ver3,20260311232618,50,2256.0,0.0
2x2_slot_random_place_random_10_greedy_ver3_greedy_ver3,20260311232626,17,856.0,0.0
2x2_slot_random_place_random_10_greedy_ver3_greedy_ver3,20260311232629,3,267.0,0.0
2x2_slot_random_place_random_10_greedy_ver3_greedy_ver3,20260311232633,17,766.0,0.0
2x2_slot_random_place_random_10_greedy_ver3_greedy_ver3,20260311232639,27,1334.0,0.0
2x2_slot_random_place_random_10_greedy_ver3_greedy_ver3,20260311232643,14,654.0,0.0
2x2_slot_random_place_random_10_greedy_ver3_greedy_ver3,20260311232647,23,1100.0,0.0
2x2_slot_random_place_random_10_greedy_ver3_greedy_ver3,20260311232654,49,2166.0,0.0
2x2_slot_random_place_random_10_greedy_ver3_greedy_ver3,20260311232701,81,3969.0,0.0
2x2_slot_random_place_random_10_greedy_ver3_greedy_ver3,20260311232705,25,1144.0,0.0
2x2_slot_random_place_random_10_greedy_ver3_greedy_ver3,20260311232714,59,2775.0,0.0
2x2_slot_random_place_random_10_greedy_ver3_greedy_ver3,20260311232723,12,648.0,0.0
2x2_slot_random_place_random_10_greedy_ver3_greedy_ver3,20260311232727,17,848.0,0.0
2x2_slot_random_place_random_10_greedy_ver3_greedy_ver3,20260311232732,15,698.0,0.0
2x2_slot_random_place_random_10_greedy_ver3_greedy_ver3,20260311232738,20,930.0,0.0
2x2_slot_random_place_random_10_greedy_ver3_greedy_ver3,20260311232743,16,872.0,0.0
2x2_slot_random_place_random_10_greedy_ver3_greedy_ver3,20260311232748,97,4721.0,0.0
2x2_slot_random_place_random_10_greedy_ver3_greedy_ver3,20260311232754,11,567.0,0.0
2x2_slot_random_place_random_10_greedy_ver3_greedy_ver3,20260311232759,34,1374.0,0.0
2x2_slot_random_place_random_10_greedy_ver3_greedy_ver3,20260311232806,26,1242.0,0.0
2x2_slot_random_place_random_10_greedy_ver3_greedy_ver3,20260311232812,11,574.0,0.0
2x2_slot_random_place_random_10_greedy_ver3_greedy_ver3,20260311232818,43,1832.0,0.0
2x2_slot_random_place_random_10_greedy_ver3_greedy_ver3,20260311232824,36,1630.0,0.0
2x2_slot_random_place_random_10_greedy_ver3_greedy_ver3,20260311232828,12,612.0,0.015625
2x2_slot_random_place_random_10_greedy_ver3_greedy_ver3,20260311232833,6,377.0,0.015625
2x2_slot_random_place_random_10_greedy_ver3_greedy_ver3,20260311232837,18,942.0,0.0
2x2_slot_random_place_random_10_greedy_ver3_greedy_ver3,20260311232842,51,2470.0,0.0
2x2_slot_random_place_random_10_greedy_ver3_greedy_ver3,20260311232848,39,1933.0,0.0
2x2_slot_random_place_random_10_greedy_ver3_greedy_ver3,20260311232857,43,2011.0,0.0
2x2_slot_random_place_random_10_greedy_ver3_greedy_ver3,20260311232904,18,944.0,0.0
2x2_slot_random_place_random_10_greedy_ver3_greedy_ver3,20260311232909,65,3137.0,0.0
2x2_slot_random_place_random_10_greedy_ver3_greedy_ver3,20260311232914,31,1438.0,0.0
2x2_slot_random_place_random_10_greedy_ver3_greedy_ver3,20260311232918,3,285.0,0.0
2x2_slot_random_place_random_10_greedy_ver3_greedy_ver3,20260311232921,21,1062.0,0.0
2x2_slot_random_place_random_10_greedy_ver3_greedy_ver3,20260311232927,18,846.0,0.015625
2x2_slot_random_place_random_10_greedy_ver3_greedy_ver3,20260311232934,45,2100.0,0.015625
2x2_slot_random_place_random_10_greedy_ver3_greedy_ver3,20260311232940,11,578.0,0.015625
2x2_slot_random_place_random_10_greedy_ver3_greedy_ver3,20260311232945,31,1326.0,0.0
2x2_slot_random_place_random_10_greedy_ver3_greedy_ver3,20260311232950,26,1232.0,0.0
2x2_slot_random_place_random_10_greedy_ver3_greedy_ver3,20260311232954,11,576.0,0.0
2x2_slot_random_place_random_10_greedy_ver3_greedy_ver3,20260311232958,33,1584.0,0.0
2x2_slot_random_place_random_10_greedy_ver3_greedy_ver3,20260311233003,36,1481.0,0.0
2x2_slot_random_place_random_10_greedy_ver3_greedy_ver3,20260311233008,45,1994.0,0.0
2x2_slot_random_place_random_10_greedy_ver3_greedy_ver3,20260311233012,6,289.0,0.0
2x2_slot_random_place_random_10_greedy_ver3_greedy_ver3,20260311233016,15,623.0,0.0
2x2_slot_random_place_random_15_grasp_ver3_grasp_ver3,20260311232652,5,247.0,0.0
2x2_slot_random_place_random_15_grasp_ver3_grasp_ver3,20260311232656,6,208.0,0.0
2x2_slot_random_place_random_15_grasp_ver3_grasp_ver3,20260311232701,81,3969.0,0.0
2x2_slot_random_place_random_15_grasp_ver3_grasp_ver3,20260311232726,3,227.0,0.0
2x2_slot_random_place_random_15_grasp_ver3_grasp_ver3,20260311232730,15,647.0,0.0
2x2_slot_random_place_random_15_grasp_ver3_grasp_ver3,20260311232733,40,2147.0,0.0
2x2_slot_random_place_random_15_grasp_ver3_grasp_ver3,20260311232748,97,4721.0,0.0
2x2_slot_random_place_random_15_grasp_ver3_grasp_ver3,20260311232816,7,296.0,0.0
2x2_slot_random_place_random_15_grasp_ver3_grasp_ver3,20260311232821,9,438.0,0.0
2x2_slot_random_place_random_15_grasp_ver3_grasp_ver3,20260311232827,6,308.0,0.0
2x2_slot_random_place_random_15_grasp_ver3_grasp_ver3,20260311232832,7,303.0,0.0
2x2_slot_random_place_random_15_grasp_ver3_grasp_ver3,20260311232838,14,750.0,0.0
2x2_slot_random_place_random_15_grasp_ver3_grasp_ver3,20260311232847,7,237.0,0.0
2x2_slot_random_place_random_15_grasp_ver3_grasp_ver3,20260311232852,10,492.0,0.015625
2x2_slot_random_place_random_15_grasp_ver3_grasp_ver3,20260311232900,8,361.0,0.0
2x2_slot_random_place_random_15_grasp_ver3_grasp_ver3,20260311232905,16,790.0,0.0
2x2_slot_random_place_random_15_grasp_ver3_grasp_ver3,20260311232914,31,1438.0,0.0
2x2_slot_random_place_random_15_grasp_ver3_grasp_ver3,20260311232920,7,389.0,0.0
2x2_slot_random_place_random_15_grasp_ver3_grasp_ver3,20260311232924,18,821.0,0.0
2x2_slot_random_place_random_15_grasp_ver3_grasp_ver3,20260311232929,17,984.0,0.0
2x2_slot_random_place_random_15_grasp_ver3_grasp_ver3,20260311232937,22,1164.0,0.0
2x2_slot_random_place_random_15_grasp_ver3_grasp_ver3,20260311232948,13,666.0,0.0
2x2_slot_random_place_random_15_grasp_ver3_grasp_ver3,20260311232952,5,173.0,0.0
2x2_slot_random_place_random_15_grasp_ver3_grasp_ver3,20260311232956,5,221.0,0.0
2x2_slot_random_place_random_15_grasp_ver3_grasp_ver3,20260311233000,11,646.0,0.0
2x2_slot_random_place_random_15_grasp_ver3_grasp_ver3,20260311233006,9,520.0,0.0
2x2_slot_random_place_random_15_grasp_ver3_grasp_ver3,20260311233011,15,1513.0,0.0
2x2_slot_random_place_random_15_grasp_ver3_grasp_ver3,20260311233015,5,227.0,0.0
2x2_slot_random_place_random_15_grasp_ver3_grasp_ver3,20260311233020,5,217.0,0.0
2x2_slot_random_place_random_15_grasp_ver3_grasp_ver3,20260311233024,3,229.0,0.0
2x2_slot_random_place_random_15_grasp_ver3_grasp_ver3,20260311233028,26,1140.0,0.0
2x2_slot_random_place_random_15_grasp_ver3_grasp_ver3,20260311233032,8,526.0,0.0
2x2_slot_random_place_random_15_grasp_ver3_grasp_ver3,20260311233038,22,1064.0,0.0
2x2_slot_random_place_random_15_grasp_ver3_grasp_ver3,20260311233043,7,335.0,0.0
2x2_slot_random_place_random_15_grasp_ver3_grasp_ver3,20260311233048,76,3613.0,0.0
2x2_slot_random_place_random_15_grasp_ver3_grasp_ver3,20260311233054,7,381.0,0.0
2x2_slot_random_place_random_15_grasp_ver3_grasp_ver3,20260311233059,7,436.0,0.0
2x2_slot_random_place_random_15_grasp_ver3_grasp_ver3,20260311233104,76,3646.0,0.0
2x2_slot_random_place_random_15_grasp_ver3_grasp_ver3,20260311233109,5,281.0,0.0
2x2_slot_random_place_random_15_grasp_ver3_grasp_ver3,20260311233113,7,296.0,0.0
2x2_slot_random_place_random_15_grasp_ver3_grasp_ver3,20260311233118,5,227.0,0.0
2x2_slot_random_place_random_15_grasp_ver3_grasp_ver3,20260311233122,7,325.0,0.0
2x2_slot_random_place_random_15_grasp_ver3_grasp_ver3,20260311233127,7,407.0,0.0
2x2_slot_random_place_random_15_grasp_ver3_grasp_ver3,20260311233132,6,216.0,0.0
2x2_slot_random_place_random_15_grasp_ver3_grasp_ver3,20260311233136,5,277.0,0.0
2x2_slot_random_place_random_15_grasp_ver3_grasp_ver3,20260311233141,30,1330.0,0.0
2x2_slot_random_place_random_15_grasp_ver3_grasp_ver3,20260311233145,17,841.0,0.0
2x2_slot_random_place_random_15_grasp_ver3_grasp_ver3,20260311233149,4,291.0,0.0
2x2_slot_random_place_random_15_grasp_ver3_grasp_ver3,20260311233153,11,596.0,0.0
2x2_slot_random_place_random_15_grasp_ver3_grasp_ver3,20260311233200,10,520.0,0.0
2x2_slot_random_place_random_15_grasp_ver3_grasp_ver3,20260311233206,23,1186.0,0.0
2x2_slot_random_place_random_15_grasp_ver3_grasp_ver3,20260311233210,18,768.0,0.0
2x2_slot_random_place_random_15_grasp_ver3_grasp_ver3,20260311233215,33,1666.0,0.015625
2x2_slot_random_place_random_15_grasp_ver3_grasp_ver3,20260311233231,28,1443.0,0.0
2x2_slot_random_place_random_15_grasp_ver3_grasp_ver3,20260311233244,5,251.0,0.0
2x2_slot_random_place_random_15_grasp_ver3_grasp_ver3,20260311233248,26,1088.0,0.0
2x2_slot_random_place_random_15_grasp_ver3_grasp_ver3,20260311233253,16,916.0,0.015625
2x2_slot_random_place_random_15_grasp_ver3_grasp_ver3,20260311233301,8,391.0,0.0
2x2_slot_random_place_random_15_grasp_ver3_grasp_ver3,20260311233306,14,680.0,0.0
2x2_slot_random_place_random_15_grasp_ver3_grasp_ver3,20260311233314,7,500.0,0.0
2x2_slot_random_place_random_15_grasp_ver3_grasp_ver3,20260311233320,67,3256.0,0.0
2x2_slot_random_place_random_15_grasp_ver3_grasp_ver3,20260311233342,18,802.0,0.015625
2x2_slot_random_place_random_15_grasp_ver3_grasp_ver3,20260311233349,2,249.0,0.0
2x2_slot_random_place_random_15_grasp_ver3_grasp_ver3,20260311233352,5,289.0,0.0
2x2_slot_random_place_random_15_grasp_ver3_grasp_ver3,20260311233356,3,215.0,0.0
2x2_slot_random_place_random_15_grasp_ver3_grasp_ver3,20260311233359,9,530.0,0.0
2x2_slot_random_place_random_15_grasp_ver3_grasp_ver3,20260311233404,3,215.0,0.0
2x2_slot_random_place_random_15_grasp_ver3_grasp_ver3,20260311233408,23,1068.0,0.0
2x2_slot_random_place_random_15_grasp_ver3_grasp_ver3,20260311233421,2,285.0,0.0
2x2_slot_random_place_random_15_grasp_ver3_grasp_ver3,20260311233424,21,1150.0,0.0
2x2_slot_random_place_random_15_grasp_ver3_grasp_ver3,20260311233433,35,1578.0,0.0
2x2_slot_random_place_random_15_grasp_ver3_grasp_ver3,20260311233443,17,932.0,0.0
2x2_slot_random_place_random_15_grasp_ver3_grasp_ver3,20260311233452,14,730.0,0.0
2x2_slot_random_place_random_15_grasp_ver3_grasp_ver3,20260311233457,10,510.0,0.0
2x2_slot_random_place_random_15_grasp_ver3_grasp_ver3,20260311233503,7,387.0,0.0
2x2_slot_random_place_random_15_grasp_ver3_grasp_ver3,20260311233508,5,170.0,0.0
2x2_slot_random_place_random_15_grasp_ver3_grasp_ver3,20260311233512,17,702.0,0.0
2x2_slot_random_place_random_15_grasp_ver3_grasp_ver3,20260311233519,4,283.0,0.015625
2x2_slot_random_place_random_15_grasp_ver3_grasp_ver3,20260311233523,22,1066.0,0.0
2x2_slot_random_place_random_15_grasp_ver3_grasp_ver3,20260311233532,7,346.0,0.0
2x2_slot_random_place_random_15_grasp_ver3_grasp_ver3,20260311233536,10,654.0,0.0
2x2_slot_random_place_random_15_grasp_ver3_grasp_ver3,20260311233542,3,217.0,0.0
2x2_slot_random_place_random_15_grasp_ver3_grasp_ver3,20260311233545,15,730.0,0.0
2x2_slot_random_place_random_15_grasp_ver3_grasp_ver3,20260311233550,7,346.0,0.015625
2x2_slot_random_place_random_15_grasp_ver3_grasp_ver3,20260311233557,30,1380.0,0.0
2x2_slot_random_place_random_15_grasp_ver3_grasp_ver3,20260311233611,9,442.0,0.0
2x2_slot_random_place_random_15_grasp_ver3_grasp_ver3,20260311233617,20,1028.0,0.0
2x2_slot_random_place_random_15_grasp_ver3_grasp_ver3,20260311233628,5,335.0,0.0
2x2_slot_random_place_random_15_grasp_ver3_grasp_ver3,20260311233632,7,396.0,0.0
2x2_slot_random_place_random_15_grasp_ver3_grasp_ver3,20260311233638,7,491.0,0.0
2x2_slot_random_place_random_15_grasp_ver3_grasp_ver3,20260311233641,16,906.0,0.0
2x2_slot_random_place_random_15_grasp_ver3_grasp_ver3,20260311233649,3,227.0,0.0
2x2_slot_random_place_random_15_grasp_ver3_grasp_ver3,20260311233652,3,215.0,0.0
2x2_slot_random_place_random_15_grasp_ver3_grasp_ver3,20260311233656,7,327.0,0.0
2x2_slot_random_place_random_15_grasp_ver3_grasp_ver3,20260311233701,8,434.0,0.0
2x2_slot_random_place_random_15_grasp_ver3_grasp_ver3,20260311233707,3,225.0,0.0
2x2_slot_random_place_random_15_grasp_ver3_grasp_ver3,20260311233710,12,824.0,0.0
2x2_slot_random_place_random_15_grasp_ver3_grasp_ver3,20260311233718,3,209.0,0.0
2x2_slot_random_place_random_15_grasp_ver3_grasp_ver3,20260311233721,11,627.0,0.0
2x2_slot_random_place_random_15_grasp_ver3_grasp_ver3,20260311233724,30,1507.0,0.0
2x2_slot_random_place_random_15_grasp_ver3_grasp_ver3,20260311233732,12,713.0,0.0
2x2_slot_random_place_random_15_grasp_ver3_grasp_ver3,20260311233736,8,513.0,0.0
2x2_slot_random_place_random_15_grasp_ver3_grasp_ver3,20260311233741,15,908.0,0.0
2x2_slot_random_place_random_15_grasp_ver3_grasp_ver3,20260311233746,14,744.0,0.0
2x2_slot_random_place_random_15_grasp_ver3_grasp_ver3,20260311233754,4,243.0,0.0
2x2_slot_random_place_random_15_grasp_ver3_grasp_ver3,20260311233758,7,519.0,0.0
2x2_slot_random_place_random_15_grasp_ver3_grasp_ver3,20260311233802,99,4586.0,0.0
2x2_slot_random_place_random_15_grasp_ver3_grasp_ver3,20260311233813,2,277.0,0.0
2x2_slot_random_place_random_15_grasp_ver3_grasp_ver3,20260311233816,5,255.0,0.0
2x2_slot_random_place_random_15_grasp_ver3_grasp_ver3,20260311233820,18,836.0,0.0
2x2_slot_random_place_random_15_grasp_ver3_grasp_ver3,20260311233826,4,217.0,0.0
2x2_slot_random_place_random_15_grasp_ver3_grasp_ver3,20260311233829,12,542.0,0.0
2x2_slot_random_place_random_15_grasp_ver3_grasp_ver3,20260311233836,59,2669.0,0.0
2x2_slot_random_place_random_15_grasp_ver3_grasp_ver3,20260311233840,16,930.0,0.0
2x2_slot_random_place_random_15_grasp_ver3_grasp_ver3,20260311233848,10,590.0,0.0
2x2_slot_random_place_random_15_grasp_ver3_grasp_ver3,20260311233851,12,814.0,0.0
2x2_slot_random_place_random_15_grasp_ver3_grasp_ver3,20260311233858,3,207.0,0.0
2x2_slot_random_place_random_15_grasp_ver3_grasp_ver3,20260311233901,3,217.0,0.0
2x2_slot_random_place_random_15_grasp_ver3_grasp_ver3,20260311233905,10,572.0,0.0
2x2_slot_random_place_random_15_grasp_ver3_grasp_ver3,20260311233915,7,391.0,0.0
2x2_slot_random_place_random_15_grasp_ver3_grasp_ver3,20260311233922,6,383.0,0.0
2x2_slot_random_place_random_15_grasp_ver3_grasp_ver3,20260311233929,11,714.0,0.0
2x2_slot_random_place_random_15_grasp_ver3_grasp_ver3,20260311233936,27,1403.0,0.0
2x2_slot_random_place_random_15_grasp_ver3_grasp_ver3,20260311233950,16,879.0,0.0
2x2_slot_random_place_random_15_grasp_ver3_grasp_ver3,20260311233953,37,1722.0,0.015625
2x2_slot_random_place_random_15_grasp_ver3_grasp_ver3,20260311233957,11,578.0,0.0
2x2_slot_random_place_random_15_grasp_ver3_grasp_ver3,20260311234002,8,526.0,0.0
2x2_slot_random_place_random_15_grasp_ver3_grasp_ver3,20260311234006,7,395.0,0.0
2x2_slot_random_place_random_15_grasp_ver3_grasp_ver3,20260311234012,64,2879.0,0.0
2x2_slot_random_place_random_15_grasp_ver3_grasp_ver3,20260311234021,2,257.0,0.0
2x2_slot_random_place_random_15_grasp_ver3_grasp_ver3,20260311234024,13,697.0,0.0
2x2_slot_random_place_random_15_grasp_ver3_grasp_ver3,20260311234027,16,860.0,0.0
2x2_slot_random_place_random_15_grasp_ver3_grasp_ver3,20260311234035,3,229.0,0.0
2x2_slot_random_place_random_15_grasp_ver3_grasp_ver3,20260311234038,21,1110.0,0.0
2x2_slot_random_place_random_15_grasp_ver3_grasp_ver3,20260311234043,34,1750.0,0.0
2x2_slot_random_place_random_15_grasp_ver3_grasp_ver3,20260311234046,14,718.0,0.0
2x2_slot_random_place_random_15_grasp_ver3_grasp_ver3,20260311234054,34,1727.0,0.0
2x2_slot_random_place_random_15_grasp_ver3_greedy_ver3,20260311232653,20,876.0,0.0
2x2_slot_random_place_random_15_grasp_ver3_greedy_ver3,20260311232658,11,668.0,0.015625
2x2_slot_random_place_random_15_grasp_ver3_greedy_ver3,20260311232712,113,5502.0,0.0
2x2_slot_random_place_random_15_grasp_ver3_greedy_ver3,20260311232727,17,848.0,0.0
2x2_slot_random_place_random_15_grasp_ver3_greedy_ver3,20260311232731,15,706.0,0.0
2x2_slot_random_place_random_15_grasp_ver3_greedy_ver3,20260311232740,67,2948.0,0.0
2x2_slot_random_place_random_15_grasp_ver3_greedy_ver3,20260311232801,144,6307.0,0.0
2x2_slot_random_place_random_15_grasp_ver3_greedy_ver3,20260311232818,43,1832.0,0.0
2x2_slot_random_place_random_15_grasp_ver3_greedy_ver3,20260311232824,36,1630.0,0.0
2x2_slot_random_place_random_15_grasp_ver3_greedy_ver3,20260311232830,11,668.0,0.0
2x2_slot_random_place_random_15_grasp_ver3_greedy_ver3,20260311232835,31,1320.0,0.0
2x2_slot_random_place_random_15_grasp_ver3_greedy_ver3,20260311232842,51,2470.0,0.0
2x2_slot_random_place_random_15_grasp_ver3_greedy_ver3,20260311232850,17,764.0,0.0
2x2_slot_random_place_random_15_grasp_ver3_greedy_ver3,20260311232855,35,1568.0,0.0
2x2_slot_random_place_random_15_grasp_ver3_greedy_ver3,20260311232902,28,1154.0,0.0
2x2_slot_random_place_random_15_grasp_ver3_greedy_ver3,20260311232909,65,3137.0,0.0
2x2_slot_random_place_random_15_grasp_ver3_greedy_ver3,20260311232916,27,1354.0,0.0
2x2_slot_random_place_random_15_grasp_ver3_greedy_ver3,20260311232922,16,732.0,0.0
2x2_slot_random_place_random_15_grasp_ver3_greedy_ver3,20260311232926,16,712.0,0.0
2x2_slot_random_place_random_15_grasp_ver3_greedy_ver3,20260311232933,43,2027.0,0.015625
2x2_slot_random_place_random_15_grasp_ver3_greedy_ver3,20260311232942,57,2581.0,0.0
2x2_slot_random_place_random_15_grasp_ver3_greedy_ver3,20260311232950,26,1232.0,0.0
2x2_slot_random_place_random_15_grasp_ver3_greedy_ver3,20260311232954,11,576.0,0.0
2x2_slot_random_place_random_15_grasp_ver3_greedy_ver3,20260311232958,33,1584.0,0.015625
2x2_slot_random_place_random_15_grasp_ver3_greedy_ver3,20260311233003,36,1481.0,0.0
2x2_slot_random_place_random_15_grasp_ver3_greedy_ver3,20260311233008,45,1994.0,0.0
2x2_slot_random_place_random_15_grasp_ver3_greedy_ver3,20260311233013,18,1344.0,0.0
2x2_slot_random_place_random_15_grasp_ver3_greedy_ver3,20260311233017,18,918.0,0.0
2x2_slot_random_place_random_15_grasp_ver3_greedy_ver3,20260311233022,15,700.0,0.0
2x2_slot_random_place_random_15_grasp_ver3_greedy_ver3,20260311233025,10,558.0,0.0
2x2_slot_random_place_random_15_grasp_ver3_greedy_ver3,20260311233030,21,932.0,0.0
2x2_slot_random_place_random_15_grasp_ver3_greedy_ver3,20260311233035,12,676.0,0.0
2x2_slot_random_place_random_15_grasp_ver3_greedy_ver3,20260311233040,13,744.0,0.0
2x2_slot_random_place_random_15_grasp_ver3_greedy_ver3,20260311233045,19,776.0,0.0
2x2_slot_random_place_random_15_grasp_ver3_greedy_ver3,20260311233050,23,932.0,0.0
2x2_slot_random_place_random_15_grasp_ver3_greedy_ver3,20260311233056,16,866.0,0.0
2x2_slot_random_place_random_15_grasp_ver3_greedy_ver3,20260311233101,11,530.0,0.0
2x2_slot_random_place_random_15_grasp_ver3_greedy_ver3,20260311233106,8,516.0,0.0
2x2_slot_random_place_random_15_grasp_ver3_greedy_ver3,20260311233110,8,446.0,0.0
2x2_slot_random_place_random_15_grasp_ver3_greedy_ver3,20260311233115,18,966.0,0.0
2x2_slot_random_place_random_15_grasp_ver3_greedy_ver3,20260311233119,15,750.0,0.0
2x2_slot_random_place_random_15_grasp_ver3_greedy_ver3,20260311233124,17,736.0,0.0
2x2_slot_random_place_random_15_grasp_ver3_greedy_ver3,20260311233129,24,1068.0,0.015625
2x2_slot_random_place_random_15_grasp_ver3_greedy_ver3,20260311233134,19,842.0,0.0
2x2_slot_random_place_random_15_grasp_ver3_greedy_ver3,20260311233138,13,736.0,0.0
2x2_slot_random_place_random_15_grasp_ver3_greedy_ver3,20260311233142,11,522.0,0.0
2x2_slot_random_place_random_15_grasp_ver3_greedy_ver3,20260311233147,12,664.0,0.0
2x2_slot_random_place_random_15_grasp_ver3_greedy_ver3,20260311233151,11,518.0,0.0
2x2_slot_random_place_random_15_grasp_ver3_greedy_ver3,20260311233156,21,962.0,0.0
2x2_slot_random_place_random_15_grasp_ver3_greedy_ver3,20260311233203,24,1166.0,0.0
2x2_slot_random_place_random_15_grasp_ver3_greedy_ver3,20260311233208,12,662.0,0.0
2x2_slot_random_place_random_15_grasp_ver3_greedy_ver3,20260311233212,21,956.0,0.0
2x2_slot_random_place_random_15_grasp_ver3_greedy_ver3,20260311233223,72,3490.0,0.0
2x2_slot_random_place_random_15_grasp_ver3_greedy_ver3,20260311233237,57,2535.0,0.0
2x2_slot_random_place_random_15_grasp_ver3_greedy_ver3,20260311233246,24,1172.0,0.015625
2x2_slot_random_place_random_15_grasp_ver3_greedy_ver3,20260311233250,20,880.0,0.0
2x2_slot_random_place_random_15_grasp_ver3_greedy_ver3,20260311233256,39,1735.0,0.0
2x2_slot_random_place_random_15_grasp_ver3_greedy_ver3,20260311233303,25,1368.0,0.0
2x2_slot_random_place_random_15_grasp_ver3_greedy_ver3,20260311233309,38,1906.0,0.0
2x2_slot_random_place_random_15_grasp_ver3_greedy_ver3,20260311233316,26,1358.0,0.0
2x2_slot_random_place_random_15_grasp_ver3_greedy_ver3,20260311233331,94,4476.0,0.0
2x2_slot_random_place_random_15_grasp_ver3_greedy_ver3,20260311233346,77,3489.0,0.0
2x2_slot_random_place_random_15_grasp_ver3_greedy_ver3,20260311233350,2,249.0,0.0
2x2_slot_random_place_random_15_grasp_ver3_greedy_ver3,20260311233353,14,736.0,0.0
2x2_slot_random_place_random_15_grasp_ver3_greedy_ver3,20260311233357,11,556.0,0.0
2x2_slot_random_place_random_15_grasp_ver3_greedy_ver3,20260311233401,15,698.0,0.0
2x2_slot_random_place_random_15_grasp_ver3_greedy_ver3,20260311233405,21,978.0,0.015625
2x2_slot_random_place_random_15_grasp_ver3_greedy_ver3,20260311233413,55,2478.0,0.0
2x2_slot_random_place_random_15_grasp_ver3_greedy_ver3,20260311233422,11,463.0,0.0
2x2_slot_random_place_random_15_grasp_ver3_greedy_ver3,20260311233428,43,1959.0,0.0
2x2_slot_random_place_random_15_grasp_ver3_greedy_ver3,20260311233437,51,2295.0,0.0
2x2_slot_random_place_random_15_grasp_ver3_greedy_ver3,20260311233447,46,2167.0,0.0
2x2_slot_random_place_random_15_grasp_ver3_greedy_ver3,20260311233454,13,686.0,0.0
2x2_slot_random_place_random_15_grasp_ver3_greedy_ver3,20260311233500,25,1044.0,0.0
2x2_slot_random_place_random_15_grasp_ver3_greedy_ver3,20260311233505,16,790.0,0.015625
2x2_slot_random_place_random_15_grasp_ver3_greedy_ver3,20260311233509,17,820.0,0.0
2x2_slot_random_place_random_15_grasp_ver3_greedy_ver3,20260311233515,46,2010.0,0.0
2x2_slot_random_place_random_15_grasp_ver3_greedy_ver3,20260311233521,13,658.0,0.0
2x2_slot_random_place_random_15_grasp_ver3_greedy_ver3,20260311233527,40,1645.0,0.0
2x2_slot_random_place_random_15_grasp_ver3_greedy_ver3,20260311233534,12,540.0,0.0
2x2_slot_random_place_random_15_grasp_ver3_greedy_ver3,20260311233539,35,1869.0,0.0
2x2_slot_random_place_random_15_grasp_ver3_greedy_ver3,20260311233543,9,418.0,0.0
2x2_slot_random_place_random_15_grasp_ver3_greedy_ver3,20260311233547,19,930.0,0.0
2x2_slot_random_place_random_15_grasp_ver3_greedy_ver3,20260311233552,69,2968.0,0.0
2x2_slot_random_place_random_15_grasp_ver3_greedy_ver3,20260311233604,73,3432.0,0.0
2x2_slot_random_place_random_15_grasp_ver3_greedy_ver3,20260311233614,16,932.0,0.015625
2x2_slot_random_place_random_15_grasp_ver3_greedy_ver3,20260311233622,39,1867.0,0.0
2x2_slot_random_place_random_15_grasp_ver3_greedy_ver3,20260311233630,22,926.0,0.0
2x2_slot_random_place_random_15_grasp_ver3_greedy_ver3,20260311233634,28,1385.0,0.0
2x2_slot_random_place_random_15_grasp_ver3_greedy_ver3,20260311233639,29,1402.0,0.015625
2x2_slot_random_place_random_15_grasp_ver3_greedy_ver3,20260311233644,36,1847.0,0.0
2x2_slot_random_place_random_15_grasp_ver3_greedy_ver3,20260311233650,10,556.0,0.0
2x2_slot_random_place_random_15_grasp_ver3_greedy_ver3,20260311233654,10,528.0,0.0
2x2_slot_random_place_random_15_grasp_ver3_greedy_ver3,20260311233658,13,590.0,0.0
2x2_slot_random_place_random_15_grasp_ver3_greedy_ver3,20260311233703,47,2009.0,0.0
2x2_slot_random_place_random_15_grasp_ver3_greedy_ver3,20260311233708,9,502.0,0.0
2x2_slot_random_place_random_15_grasp_ver3_greedy_ver3,20260311233713,40,1826.0,0.0
2x2_slot_random_place_random_15_grasp_ver3_greedy_ver3,20260311233719,7,377.0,0.0
2x2_slot_random_place_random_15_grasp_ver3_greedy_ver3,20260311233722,11,518.0,0.0
2x2_slot_random_place_random_15_grasp_ver3_greedy_ver3,20260311233727,47,2154.0,0.015625
2x2_slot_random_place_random_15_grasp_ver3_greedy_ver3,20260311233733,22,1084.0,0.0
2x2_slot_random_place_random_15_grasp_ver3_greedy_ver3,20260311233738,22,1170.0,0.0
2x2_slot_random_place_random_15_grasp_ver3_greedy_ver3,20260311233743,16,824.0,0.0
2x2_slot_random_place_random_15_grasp_ver3_greedy_ver3,20260311233749,60,2852.0,0.0
2x2_slot_random_place_random_15_grasp_ver3_greedy_ver3,20260311233755,58,2609.0,0.0
2x2_slot_random_place_random_15_grasp_ver3_greedy_ver3,20260311233759,13,634.0,0.0
2x2_slot_random_place_random_15_grasp_ver3_greedy_ver3,20260311233807,61,2752.0,0.0
2x2_slot_random_place_random_15_grasp_ver3_greedy_ver3,20260311233814,11,527.0,0.0
2x2_slot_random_place_random_15_grasp_ver3_greedy_ver3,20260311233818,20,848.0,0.0
2x2_slot_random_place_random_15_grasp_ver3_greedy_ver3,20260311233823,29,1381.0,0.0
2x2_slot_random_place_random_15_grasp_ver3_greedy_ver3,20260311233828,21,860.0,0.0
2x2_slot_random_place_random_15_grasp_ver3_greedy_ver3,20260311233832,32,1607.0,0.0
2x2_slot_random_place_random_15_grasp_ver3_greedy_ver3,20260311233838,20,836.0,0.015625
2x2_slot_random_place_random_15_grasp_ver3_greedy_ver3,20260311233844,43,1989.0,0.0
2x2_slot_random_place_random_15_grasp_ver3_greedy_ver3,20260311233849,16,728.0,0.0
2x2_slot_random_place_random_15_grasp_ver3_greedy_ver3,20260311233854,26,1408.0,0.0
2x2_slot_random_place_random_15_grasp_ver3_greedy_ver3,20260311233859,10,524.0,0.0
2x2_slot_random_place_random_15_grasp_ver3_greedy_ver3,20260311233903,11,556.0,0.0
2x2_slot_random_place_random_15_grasp_ver3_greedy_ver3,20260311233910,55,2438.0,0.0
2x2_slot_random_place_random_15_grasp_ver3_greedy_ver3,20260311233918,10,542.0,0.0
2x2_slot_random_place_random_15_grasp_ver3_greedy_ver3,20260311233926,18,944.0,0.0
2x2_slot_random_place_random_15_grasp_ver3_greedy_ver3,20260311233933,13,820.0,0.0
2x2_slot_random_place_random_15_grasp_ver3_greedy_ver3,20260311233942,57,2830.0,0.0
2x2_slot_random_place_random_15_grasp_ver3_greedy_ver3,20260311233951,21,964.0,0.0
2x2_slot_random_place_random_15_grasp_ver3_greedy_ver3,20260311233954,11,496.0,0.0
2x2_slot_random_place_random_15_grasp_ver3_greedy_ver3,20260311233959,20,964.0,0.0
2x2_slot_random_place_random_15_grasp_ver3_greedy_ver3,20260311234004,34,1631.0,0.0
2x2_slot_random_place_random_15_grasp_ver3_greedy_ver3,20260311234008,24,1124.0,0.0
2x2_slot_random_place_random_15_grasp_ver3_greedy_ver3,20260311234016,53,2252.0,0.0
2x2_slot_random_place_random_15_grasp_ver3_greedy_ver3,20260311234022,5,257.0,0.0
2x2_slot_random_place_random_15_grasp_ver3_greedy_ver3,20260311234025,9,438.0,0.0
2x2_slot_random_place_random_15_grasp_ver3_greedy_ver3,20260311234031,39,1627.0,0.015625
2x2_slot_random_place_random_15_grasp_ver3_greedy_ver3,20260311234036,11,518.0,0.015625
2x2_slot_random_place_random_15_grasp_ver3_greedy_ver3,20260311234041,14,796.0,0.015625
2x2_slot_random_place_random_15_grasp_ver3_greedy_ver3,20260311234044,5,313.0,0.0
2x2_slot_random_place_random_15_grasp_ver3_greedy_ver3,20260311234050,35,1504.0,0.015625
2x2_slot_random_place_random_15_grasp_ver3_greedy_ver3,20260311234056,15,587.0,0.0
2x2_slot_random_place_random_15_greedy_ver3_grasp_ver3,20260311231134,5,281.0,0.0
2x2_slot_random_place_random_15_greedy_ver3_grasp_ver3,20260311231138,40,1899.0,0.0
2x2_slot_random_place_random_15_greedy_ver3_grasp_ver3,20260311231142,5,281.0,0.0
2x2_slot_random_place_random_15_greedy_ver3_grasp_ver3,20260311231145,27,1182.0,0.0
2x2_slot_random_place_random_15_greedy_ver3_grasp_ver3,20260311231149,14,594.0,0.0
2x2_slot_random_place_random_15_greedy_ver3_grasp_ver3,20260311231153,8,490.0,0.0
2x2_slot_random_place_random_15_greedy_ver3_grasp_ver3,20260311231158,36,1883.0,0.0
2x2_slot_random_place_random_15_greedy_ver3_grasp_ver3,20260311231202,10,522.0,0.0
2x2_slot_random_place_random_15_greedy_ver3_grasp_ver3,20260311231207,44,1859.0,0.0
2x2_slot_random_place_random_15_greedy_ver3_grasp_ver3,20260311231211,22,1144.0,0.0
2x2_slot_random_place_random_15_greedy_ver3_grasp_ver3,20260311231216,8,501.0,0.0
2x2_slot_random_place_random_15_greedy_ver3_grasp_ver3,20260311231220,22,1009.0,0.0
2x2_slot_random_place_random_15_greedy_ver3_grasp_ver3,20260311231224,34,1501.0,0.015625
2x2_slot_random_place_random_15_greedy_ver3_grasp_ver3,20260311231228,10,528.0,0.0
2x2_slot_random_place_random_15_greedy_ver3_grasp_ver3,20260311231233,12,614.0,0.0
2x2_slot_random_place_random_15_greedy_ver3_grasp_ver3,20260311231238,8,463.0,0.0
2x2_slot_random_place_random_15_greedy_ver3_grasp_ver3,20260311231243,38,1777.0,0.0
2x2_slot_random_place_random_15_greedy_ver3_grasp_ver3,20260311231248,10,502.0,0.0
2x2_slot_random_place_random_15_greedy_ver3_grasp_ver3,20260311231254,15,662.0,0.0
2x2_slot_random_place_random_15_greedy_ver3_grasp_ver3,20260311231302,27,1337.0,0.0
2x2_slot_random_place_random_15_greedy_ver3_grasp_ver3,20260311231313,47,2458.0,0.0
2x2_slot_random_place_random_15_greedy_ver3_grasp_ver3,20260311231329,22,1086.0,0.0
2x2_slot_random_place_random_15_greedy_ver3_grasp_ver3,20260311231334,77,3488.0,0.0
2x2_slot_random_place_random_15_greedy_ver3_grasp_ver3,20260311231402,100,4845.0,0.0
2x2_slot_random_place_random_15_greedy_ver3_grasp_ver3,20260311231434,9,500.0,0.0
2x2_slot_random_place_random_15_greedy_ver3_grasp_ver3,20260311231440,12,742.0,0.0
2x2_slot_random_place_random_15_greedy_ver3_grasp_ver3,20260311231445,8,566.0,0.0
2x2_slot_random_place_random_15_greedy_ver3_grasp_ver3,20260311231450,23,1110.0,0.0
2x2_slot_random_place_random_15_greedy_ver3_grasp_ver3,20260311231456,7,316.0,0.0
2x2_slot_random_place_random_15_greedy_ver3_grasp_ver3,20260311231501,16,816.0,0.0
2x2_slot_random_place_random_15_greedy_ver3_grasp_ver3,20260311231505,8,423.0,0.0
2x2_slot_random_place_random_15_greedy_ver3_grasp_ver3,20260311231510,8,503.0,0.0
2x2_slot_random_place_random_15_greedy_ver3_grasp_ver3,20260311231514,8,389.0,0.015625
2x2_slot_random_place_random_15_greedy_ver3_grasp_ver3,20260311231519,5,253.0,0.0
2x2_slot_random_place_random_15_greedy_ver3_grasp_ver3,20260311231522,7,372.0,0.0
2x2_slot_random_place_random_15_greedy_ver3_grasp_ver3,20260311231528,30,1508.0,0.0
2x2_slot_random_place_random_15_greedy_ver3_grasp_ver3,20260311231532,5,405.0,0.0
2x2_slot_random_place_random_15_greedy_ver3_grasp_ver3,20260311231536,4,245.0,0.0
2x2_slot_random_place_random_15_greedy_ver3_grasp_ver3,20260311231539,11,918.0,0.0
2x2_slot_random_place_random_15_greedy_ver3_grasp_ver3,20260311231546,9,570.0,0.0
2x2_slot_random_place_random_15_greedy_ver3_grasp_ver3,20260311231551,15,750.0,0.0
2x2_slot_random_place_random_15_greedy_ver3_grasp_ver3,20260311231555,5,241.0,0.0
2x2_slot_random_place_random_15_greedy_ver3_grasp_ver3,20260311231558,16,854.0,0.015625
2x2_slot_random_place_random_15_greedy_ver3_grasp_ver3,20260311231603,8,383.0,0.015625
2x2_slot_random_place_random_15_greedy_ver3_grasp_ver3,20260311231607,8,562.0,0.0
2x2_slot_random_place_random_15_greedy_ver3_grasp_ver3,20260311231612,6,198.0,0.0
2x2_slot_random_place_random_15_greedy_ver3_grasp_ver3,20260311231617,13,619.0,0.0
2x2_slot_random_place_random_15_greedy_ver3_grasp_ver3,20260311231621,75,3550.0,0.015625
2x2_slot_random_place_random_15_greedy_ver3_grasp_ver3,20260311231626,12,718.0,0.0
2x2_slot_random_place_random_15_greedy_ver3_grasp_ver3,20260311231633,173,7798.0,0.0
2x2_slot_random_place_random_15_greedy_ver3_grasp_ver3,20260311231640,6,264.0,0.0
2x2_slot_random_place_random_15_greedy_ver3_grasp_ver3,20260311231644,7,399.0,0.0
2x2_slot_random_place_random_15_greedy_ver3_grasp_ver3,20260311231649,95,4426.0,0.0
2x2_slot_random_place_random_15_greedy_ver3_grasp_ver3,20260311231654,5,241.0,0.0
2x2_slot_random_place_random_15_greedy_ver3_grasp_ver3,20260311231657,7,413.0,0.0
2x2_slot_random_place_random_15_greedy_ver3_grasp_ver3,20260311231702,10,550.0,0.0
2x2_slot_random_place_random_15_greedy_ver3_grasp_ver3,20260311231708,19,824.0,0.0
2x2_slot_random_place_random_15_greedy_ver3_grasp_ver3,20260311231719,36,1666.0,0.0
2x2_slot_random_place_random_15_greedy_ver3_grasp_ver3,20260311231734,59,3134.0,0.0
2x2_slot_random_place_random_15_greedy_ver3_grasp_ver3,20260311231755,9,661.0,0.0
2x2_slot_random_place_random_15_greedy_ver3_grasp_ver3,20260311231801,26,1305.0,0.0
2x2_slot_random_place_random_15_greedy_ver3_grasp_ver3,20260311231811,28,1516.0,0.0
2x2_slot_random_place_random_15_greedy_ver3_grasp_ver3,20260311231821,5,307.0,0.0
2x2_slot_random_place_random_15_greedy_ver3_grasp_ver3,20260311231824,52,2243.0,0.0
2x2_slot_random_place_random_15_greedy_ver3_grasp_ver3,20260311231829,16,854.0,0.0
2x2_slot_random_place_random_15_greedy_ver3_grasp_ver3,20260311231834,19,928.0,0.0
2x2_slot_random_place_random_15_greedy_ver3_grasp_ver3,20260311231839,25,1293.0,0.0
2x2_slot_random_place_random_15_greedy_ver3_grasp_ver3,20260311231842,13,612.0,0.015625
2x2_slot_random_place_random_15_greedy_ver3_grasp_ver3,20260311231847,6,278.0,0.0
2x2_slot_random_place_random_15_greedy_ver3_grasp_ver3,20260311231851,31,1381.0,0.0
2x2_slot_random_place_random_15_greedy_ver3_grasp_ver3,20260311231905,42,1881.0,0.0
2x2_slot_random_place_random_15_greedy_ver3_grasp_ver3,20260311231922,21,1024.0,0.0
2x2_slot_random_place_random_15_greedy_ver3_grasp_ver3,20260311231926,16,734.0,0.0
2x2_slot_random_place_random_15_greedy_ver3_grasp_ver3,20260311231930,32,2200.0,0.0
2x2_slot_random_place_random_15_greedy_ver3_grasp_ver3,20260311231934,19,1034.0,0.0
2x2_slot_random_place_random_15_greedy_ver3_grasp_ver3,20260311231940,7,383.0,0.0
2x2_slot_random_place_random_15_greedy_ver3_grasp_ver3,20260311231945,20,926.0,0.0
2x2_slot_random_place_random_15_greedy_ver3_grasp_ver3,20260311231950,19,926.0,0.0
2x2_slot_random_place_random_15_greedy_ver3_grasp_ver3,20260311232001,19,880.0,0.0
2x2_slot_random_place_random_15_greedy_ver3_grasp_ver3,20260311232009,17,942.0,0.0
2x2_slot_random_place_random_15_greedy_ver3_grasp_ver3,20260311232012,21,1136.0,0.0
2x2_slot_random_place_random_15_greedy_ver3_grasp_ver3,20260311232018,9,507.0,0.0
2x2_slot_random_place_random_15_greedy_ver3_grasp_ver3,20260311232024,16,746.0,0.015625
2x2_slot_random_place_random_15_greedy_ver3_grasp_ver3,20260311232031,7,388.0,0.0
2x2_slot_random_place_random_15_greedy_ver3_grasp_ver3,20260311232036,25,1238.0,0.015625
2x2_slot_random_place_random_15_greedy_ver3_grasp_ver3,20260311232040,9,520.0,0.0
2x2_slot_random_place_random_15_greedy_ver3_grasp_ver3,20260311232046,8,538.0,0.0
2x2_slot_random_place_random_15_greedy_ver3_grasp_ver3,20260311232051,41,1740.0,0.0
2x2_slot_random_place_random_15_greedy_ver3_grasp_ver3,20260311232113,11,642.0,0.0
2x2_slot_random_place_random_15_greedy_ver3_grasp_ver3,20260311232118,73,3612.0,0.0
2x2_slot_random_place_random_15_greedy_ver3_grasp_ver3,20260311232125,8,383.0,0.0
2x2_slot_random_place_random_15_greedy_ver3_grasp_ver3,20260311232129,9,466.0,0.0
2x2_slot_random_place_random_15_greedy_ver3_grasp_ver3,20260311232135,7,479.0,0.0
2x2_slot_random_place_random_15_greedy_ver3_grasp_ver3,20260311232140,13,898.0,0.0
2x2_slot_random_place_random_15_greedy_ver3_grasp_ver3,20260311232144,37,1923.0,0.0
2x2_slot_random_place_random_15_greedy_ver3_grasp_ver3,20260311232153,8,476.0,0.0
2x2_slot_random_place_random_15_greedy_ver3_grasp_ver3,20260311232159,50,2369.0,0.015625
2x2_slot_random_place_random_15_greedy_ver3_grasp_ver3,20260311232204,11,612.0,0.0
2x2_slot_random_place_random_15_greedy_ver3_grasp_ver3,20260311232212,7,407.0,0.015625
2x2_slot_random_place_random_15_greedy_ver3_grasp_ver3,20260311232218,17,842.0,0.0
2x2_slot_random_place_random_15_greedy_ver3_grasp_ver3,20260311232228,16,869.0,0.0
2x2_slot_random_place_random_15_greedy_ver3_grasp_ver3,20260311232235,8,448.0,0.0
2x2_slot_random_place_random_15_greedy_ver3_grasp_ver3,20260311232243,7,319.0,0.0
2x2_slot_random_place_random_15_greedy_ver3_grasp_ver3,20260311232249,17,778.0,0.0
2x2_slot_random_place_random_15_greedy_ver3_grasp_ver3,20260311232303,5,249.0,0.0
2x2_slot_random_place_random_15_greedy_ver3_grasp_ver3,20260311232307,9,362.0,0.0
2x2_slot_random_place_random_15_greedy_ver3_grasp_ver3,20260311232315,20,1024.0,0.0
2x2_slot_random_place_random_15_greedy_ver3_grasp_ver3,20260311232327,5,237.0,0.0
2x2_slot_random_place_random_15_greedy_ver3_grasp_ver3,20260311232331,8,447.0,0.0
2x2_slot_random_place_random_15_greedy_ver3_grasp_ver3,20260311232336,12,593.0,0.0
2x2_slot_random_place_random_15_greedy_ver3_grasp_ver3,20260311232343,21,948.0,0.0
2x2_slot_random_place_random_15_greedy_ver3_grasp_ver3,20260311232346,12,524.0,0.0
2x2_slot_random_place_random_15_greedy_ver3_grasp_ver3,20260311232354,13,882.0,0.0
2x2_slot_random_place_random_15_greedy_ver3_grasp_ver3,20260311232402,21,1138.0,0.0
2x2_slot_random_place_random_15_greedy_ver3_grasp_ver3,20260311232407,32,1587.0,0.0
2x2_slot_random_place_random_15_greedy_ver3_grasp_ver3,20260311232413,12,784.0,0.0
2x2_slot_random_place_random_15_greedy_ver3_grasp_ver3,20260311232420,3,207.0,0.0
2x2_slot_random_place_random_15_greedy_ver3_grasp_ver3,20260311232425,5,269.0,0.0
2x2_slot_random_place_random_15_greedy_ver3_grasp_ver3,20260311232430,12,628.0,0.0
2x2_slot_random_place_random_15_greedy_ver3_grasp_ver3,20260311232438,7,409.0,0.0
2x2_slot_random_place_random_15_greedy_ver3_grasp_ver3,20260311232442,7,387.0,0.0
2x2_slot_random_place_random_15_greedy_ver3_grasp_ver3,20260311232447,9,470.0,0.015625
2x2_slot_random_place_random_15_greedy_ver3_grasp_ver3,20260311232454,25,1162.0,0.0
2x2_slot_random_place_random_15_greedy_ver3_grasp_ver3,20260311232513,6,306.0,0.0
2x2_slot_random_place_random_15_greedy_ver3_grasp_ver3,20260311232521,18,996.0,0.0
2x2_slot_random_place_random_15_greedy_ver3_grasp_ver3,20260311232528,6,286.0,0.0
2x2_slot_random_place_random_15_greedy_ver3_grasp_ver3,20260311232533,11,574.0,0.0
2x2_slot_random_place_random_15_greedy_ver3_grasp_ver3,20260311232542,33,1565.0,0.0
2x2_slot_random_place_random_15_greedy_ver3_grasp_ver3,20260311232550,33,1574.0,0.0
2x2_slot_random_place_random_15_greedy_ver3_grasp_ver3,20260311232605,2,217.0,0.015625
2x2_slot_random_place_random_15_greedy_ver3_grasp_ver3,20260311232608,14,702.0,0.0
2x2_slot_random_place_random_15_greedy_ver3_grasp_ver3,20260311232612,17,982.0,0.0
2x2_slot_random_place_random_15_greedy_ver3_grasp_ver3,20260311232620,10,560.0,0.0
2x2_slot_random_place_random_15_greedy_ver3_grasp_ver3,20260311232626,17,856.0,0.0
2x2_slot_random_place_random_15_greedy_ver3_grasp_ver3,20260311232630,14,762.0,0.0
2x2_slot_random_place_random_15_greedy_ver3_grasp_ver3,20260311232632,14,724.0,0.0
2x2_slot_random_place_random_15_greedy_ver3_grasp_ver3,20260311232640,9,448.0,0.0
2x2_slot_random_place_random_15_greedy_ver3_greedy_ver3,20260311231136,8,436.0,0.0
2x2_slot_random_place_random_15_greedy_ver3_greedy_ver3,20260311231139,8,466.0,0.0
2x2_slot_random_place_random_15_greedy_ver3_greedy_ver3,20260311231143,21,984.0,0.0
2x2_slot_random_place_random_15_greedy_ver3_greedy_ver3,20260311231147,8,516.0,0.0
2x2_slot_random_place_random_15_greedy_ver3_greedy_ver3,20260311231151,12,608.0,0.0
2x2_slot_random_place_random_15_greedy_ver3_greedy_ver3,20260311231156,12,690.0,0.0
2x2_slot_random_place_random_15_greedy_ver3_greedy_ver3,20260311231200,11,638.0,0.0
2x2_slot_random_place_random_15_greedy_ver3_greedy_ver3,20260311231204,10,598.0,0.0
2x2_slot_random_place_random_15_greedy_ver3_greedy_ver3,20260311231209,16,792.0,0.0
2x2_slot_random_place_random_15_greedy_ver3_greedy_ver3,20260311231213,11,604.0,0.0
2x2_slot_random_place_random_15_greedy_ver3_greedy_ver3,20260311231218,11,568.0,0.0
2x2_slot_random_place_random_15_greedy_ver3_greedy_ver3,20260311231222,11,594.0,0.0
2x2_slot_random_place_random_15_greedy_ver3_greedy_ver3,20260311231225,12,636.0,0.0
2x2_slot_random_place_random_15_greedy_ver3_greedy_ver3,20260311231230,34,1603.0,0.0
2x2_slot_random_place_random_15_greedy_ver3_greedy_ver3,20260311231235,26,1155.0,0.0
2x2_slot_random_place_random_15_greedy_ver3_greedy_ver3,20260311231240,39,1783.0,0.0
2x2_slot_random_place_random_15_greedy_ver3_greedy_ver3,20260311231245,22,1104.0,0.0
2x2_slot_random_place_random_15_greedy_ver3_greedy_ver3,20260311231251,29,1490.0,0.015625
2x2_slot_random_place_random_15_greedy_ver3_greedy_ver3,20260311231258,37,1774.0,0.0
2x2_slot_random_place_random_15_greedy_ver3_greedy_ver3,20260311231307,79,3812.0,0.0
2x2_slot_random_place_random_15_greedy_ver3_greedy_ver3,20260311231321,84,3884.0,0.0
2x2_slot_random_place_random_15_greedy_ver3_greedy_ver3,20260311231331,17,617.0,0.0
2x2_slot_random_place_random_15_greedy_ver3_greedy_ver3,20260311231346,157,6900.0,0.0
2x2_slot_random_place_random_15_greedy_ver3_greedy_ver3,20260311231417,158,7494.0,0.0
2x2_slot_random_place_random_15_greedy_ver3_greedy_ver3,20260311231437,26,1158.0,0.0
2x2_slot_random_place_random_15_greedy_ver3_greedy_ver3,20260311231442,26,1074.0,0.0
2x2_slot_random_place_random_15_greedy_ver3_greedy_ver3,20260311231448,18,866.0,0.0
2x2_slot_random_place_random_15_greedy_ver3_greedy_ver3,20260311231453,36,1588.0,0.0
2x2_slot_random_place_random_15_greedy_ver3_greedy_ver3,20260311231458,33,1473.0,0.0
2x2_slot_random_place_random_15_greedy_ver3_greedy_ver3,20260311231503,8,408.0,0.015625
2x2_slot_random_place_random_15_greedy_ver3_greedy_ver3,20260311231507,12,646.0,0.0
2x2_slot_random_place_random_15_greedy_ver3_greedy_ver3,20260311231512,11,594.0,0.0
2x2_slot_random_place_random_15_greedy_ver3_greedy_ver3,20260311231516,14,756.0,0.0
2x2_slot_random_place_random_15_greedy_ver3_greedy_ver3,20260311231520,17,858.0,0.0
2x2_slot_random_place_random_15_greedy_ver3_greedy_ver3,20260311231524,25,1192.0,0.0
2x2_slot_random_place_random_15_greedy_ver3_greedy_ver3,20260311231530,18,1086.0,0.0
2x2_slot_random_place_random_15_greedy_ver3_greedy_ver3,20260311231534,5,405.0,0.0
2x2_slot_random_place_random_15_greedy_ver3_greedy_ver3,20260311231537,19,922.0,0.0
2x2_slot_random_place_random_15_greedy_ver3_greedy_ver3,20260311231542,30,1971.0,0.0
2x2_slot_random_place_random_15_greedy_ver3_greedy_ver3,20260311231548,14,662.0,0.0
2x2_slot_random_place_random_15_greedy_ver3_greedy_ver3,20260311231552,17,828.0,0.0
2x2_slot_random_place_random_15_greedy_ver3_greedy_ver3,20260311231556,17,806.0,0.0
2x2_slot_random_place_random_15_greedy_ver3_greedy_ver3,20260311231600,20,1026.0,0.0
2x2_slot_random_place_random_15_greedy_ver3_greedy_ver3,20260311231605,11,598.0,0.015625
2x2_slot_random_place_random_15_greedy_ver3_greedy_ver3,20260311231610,15,866.0,0.0
2x2_slot_random_place_random_15_greedy_ver3_greedy_ver3,20260311231615,32,1362.0,0.0
2x2_slot_random_place_random_15_greedy_ver3_greedy_ver3,20260311231619,35,1482.0,0.0
2x2_slot_random_place_random_15_greedy_ver3_greedy_ver3,20260311231623,15,700.0,0.0
2x2_slot_random_place_random_15_greedy_ver3_greedy_ver3,20260311231630,32,1488.0,0.0
2x2_slot_random_place_random_15_greedy_ver3_greedy_ver3,20260311231637,21,974.0,0.0
2x2_slot_random_place_random_15_greedy_ver3_greedy_ver3,20260311231642,6,262.0,0.0
2x2_slot_random_place_random_15_greedy_ver3_greedy_ver3,20260311231646,8,452.0,0.015625
2x2_slot_random_place_random_15_greedy_ver3_greedy_ver3,20260311231651,15,660.0,0.0
2x2_slot_random_place_random_15_greedy_ver3_greedy_ver3,20260311231655,17,844.0,0.0
2x2_slot_random_place_random_15_greedy_ver3_greedy_ver3,20260311231700,16,778.0,0.0
2x2_slot_random_place_random_15_greedy_ver3_greedy_ver3,20260311231705,20,866.0,0.0
2x2_slot_random_place_random_15_greedy_ver3_greedy_ver3,20260311231713,47,2224.0,0.015625
2x2_slot_random_place_random_15_greedy_ver3_greedy_ver3,20260311231726,58,2406.0,0.0
2x2_slot_random_place_random_15_greedy_ver3_greedy_ver3,20260311231744,87,4138.0,0.0
2x2_slot_random_place_random_15_greedy_ver3_greedy_ver3,20260311231758,24,1214.0,0.0
2x2_slot_random_place_random_15_greedy_ver3_greedy_ver3,20260311231805,53,2425.0,0.0
2x2_slot_random_place_random_15_greedy_ver3_greedy_ver3,20260311231816,75,3665.0,0.0
2x2_slot_random_place_random_15_greedy_ver3_greedy_ver3,20260311231823,12,679.0,0.0
2x2_slot_random_place_random_15_greedy_ver3_greedy_ver3,20260311231827,15,830.0,0.0
2x2_slot_random_place_random_15_greedy_ver3_greedy_ver3,20260311231832,11,548.0,0.0
2x2_slot_random_place_random_15_greedy_ver3_greedy_ver3,20260311231836,25,1537.0,0.0
2x2_slot_random_place_random_15_greedy_ver3_greedy_ver3,20260311231840,10,548.0,0.0
2x2_slot_random_place_random_15_greedy_ver3_greedy_ver3,20260311231844,37,1832.0,0.0
2x2_slot_random_place_random_15_greedy_ver3_greedy_ver3,20260311231849,34,1482.0,0.0
2x2_slot_random_place_random_15_greedy_ver3_greedy_ver3,20260311231857,64,2820.0,0.0
2x2_slot_random_place_random_15_greedy_ver3_greedy_ver3,20260311231913,67,3226.0,0.015625
2x2_slot_random_place_random_15_greedy_ver3_greedy_ver3,20260311231924,20,913.0,0.0
2x2_slot_random_place_random_15_greedy_ver3_greedy_ver3,20260311231928,17,814.0,0.015625
2x2_slot_random_place_random_15_greedy_ver3_greedy_ver3,20260311231932,11,598.0,0.0
2x2_slot_random_place_random_15_greedy_ver3_greedy_ver3,20260311231937,29,1294.0,0.0
2x2_slot_random_place_random_15_greedy_ver3_greedy_ver3,20260311231943,16,748.0,0.0
2x2_slot_random_place_random_15_greedy_ver3_greedy_ver3,20260311231948,11,568.0,0.0
2x2_slot_random_place_random_15_greedy_ver3_greedy_ver3,20260311231956,30,1410.0,0.0
2x2_slot_random_place_random_15_greedy_ver3_greedy_ver3,20260311232005,49,2098.0,0.015625
2x2_slot_random_place_random_15_greedy_ver3_greedy_ver3,20260311232010,5,255.0,0.0
2x2_slot_random_place_random_15_greedy_ver3_greedy_ver3,20260311232015,57,2709.0,0.0
2x2_slot_random_place_random_15_greedy_ver3_greedy_ver3,20260311232021,33,1604.0,0.0
2x2_slot_random_place_random_15_greedy_ver3_greedy_ver3,20260311232027,27,1404.0,0.0
2x2_slot_random_place_random_15_greedy_ver3_greedy_ver3,20260311232033,26,1173.0,0.0
2x2_slot_random_place_random_15_greedy_ver3_greedy_ver3,20260311232038,43,2067.0,0.0
2x2_slot_random_place_random_15_greedy_ver3_greedy_ver3,20260311232043,11,564.0,0.0
2x2_slot_random_place_random_15_greedy_ver3_greedy_ver3,20260311232048,14,966.0,0.0
2x2_slot_random_place_random_15_greedy_ver3_greedy_ver3,20260311232102,91,4116.0,0.0
2x2_slot_random_place_random_15_greedy_ver3_greedy_ver3,20260311232115,22,1056.0,0.015625
2x2_slot_random_place_random_15_greedy_ver3_greedy_ver3,20260311232122,22,1070.0,0.0
2x2_slot_random_place_random_15_greedy_ver3_greedy_ver3,20260311232127,11,598.0,0.0
2x2_slot_random_place_random_15_greedy_ver3_greedy_ver3,20260311232132,11,602.0,0.0
2x2_slot_random_place_random_15_greedy_ver3_greedy_ver3,20260311232137,14,794.0,0.0
2x2_slot_random_place_random_15_greedy_ver3_greedy_ver3,20260311232142,32,1543.0,0.0
2x2_slot_random_place_random_15_greedy_ver3_greedy_ver3,20260311232148,48,2545.0,0.0
2x2_slot_random_place_random_15_greedy_ver3_greedy_ver3,20260311232156,15,742.0,0.015625
2x2_slot_random_place_random_15_greedy_ver3_greedy_ver3,20260311232202,10,522.0,0.0
2x2_slot_random_place_random_15_greedy_ver3_greedy_ver3,20260311232208,27,1286.0,0.0
2x2_slot_random_place_random_15_greedy_ver3_greedy_ver3,20260311232214,25,1198.0,0.0
2x2_slot_random_place_random_15_greedy_ver3_greedy_ver3,20260311232223,39,1907.0,0.0
2x2_slot_random_place_random_15_greedy_ver3_greedy_ver3,20260311232231,17,832.0,0.0
2x2_slot_random_place_random_15_greedy_ver3_greedy_ver3,20260311232237,37,1782.0,0.0
2x2_slot_random_place_random_15_greedy_ver3_greedy_ver3,20260311232246,59,2901.0,0.0
2x2_slot_random_place_random_15_greedy_ver3_greedy_ver3,20260311232255,107,4799.0,0.015625
2x2_slot_random_place_random_15_greedy_ver3_greedy_ver3,20260311232305,12,722.0,0.0
2x2_slot_random_place_random_15_greedy_ver3_greedy_ver3,20260311232310,13,664.0,0.0
2x2_slot_random_place_random_15_greedy_ver3_greedy_ver3,20260311232320,54,2394.0,0.0
2x2_slot_random_place_random_15_greedy_ver3_greedy_ver3,20260311232329,11,602.0,0.0
2x2_slot_random_place_random_15_greedy_ver3_greedy_ver3,20260311232334,38,1774.0,0.015625
2x2_slot_random_place_random_15_greedy_ver3_greedy_ver3,20260311232339,22,1048.0,0.0
2x2_slot_random_place_random_15_greedy_ver3_greedy_ver3,20260311232344,10,457.0,0.0
2x2_slot_random_place_random_15_greedy_ver3_greedy_ver3,20260311232350,41,2055.0,0.0
2x2_slot_random_place_random_15_greedy_ver3_greedy_ver3,20260311232358,44,2205.0,0.0
2x2_slot_random_place_random_15_greedy_ver3_greedy_ver3,20260311232404,16,786.0,0.0
2x2_slot_random_place_random_15_greedy_ver3_greedy_ver3,20260311232409,28,1136.0,0.0
2x2_slot_random_place_random_15_greedy_ver3_greedy_ver3,20260311232416,26,1382.0,0.0
2x2_slot_random_place_random_15_greedy_ver3_greedy_ver3,20260311232422,9,478.0,0.015625
2x2_slot_random_place_random_15_greedy_ver3_greedy_ver3,20260311232427,15,762.0,0.0
2x2_slot_random_place_random_15_greedy_ver3_greedy_ver3,20260311232434,27,1400.0,0.0
2x2_slot_random_place_random_15_greedy_ver3_greedy_ver3,20260311232440,13,608.0,0.0
2x2_slot_random_place_random_15_greedy_ver3_greedy_ver3,20260311232444,38,1873.0,0.0
2x2_slot_random_place_random_15_greedy_ver3_greedy_ver3,20260311232450,16,902.0,0.0
2x2_slot_random_place_random_15_greedy_ver3_greedy_ver3,20260311232501,58,2700.0,0.0
2x2_slot_random_place_random_15_greedy_ver3_greedy_ver3,20260311232517,20,984.0,0.0
2x2_slot_random_place_random_15_greedy_ver3_greedy_ver3,20260311232524,22,962.0,0.0
2x2_slot_random_place_random_15_greedy_ver3_greedy_ver3,20260311232530,21,870.0,0.0
2x2_slot_random_place_random_15_greedy_ver3_greedy_ver3,20260311232537,32,1495.0,0.0
2x2_slot_random_place_random_15_greedy_ver3_greedy_ver3,20260311232545,28,1364.0,0.0
2x2_slot_random_place_random_15_greedy_ver3_greedy_ver3,20260311232556,55,2415.0,0.0
2x2_slot_random_place_random_15_greedy_ver3_greedy_ver3,20260311232607,3,277.0,0.0
2x2_slot_random_place_random_15_greedy_ver3_greedy_ver3,20260311232609,9,438.0,0.0
2x2_slot_random_place_random_15_greedy_ver3_greedy_ver3,20260311232615,51,2333.0,0.0
2x2_slot_random_place_random_15_greedy_ver3_greedy_ver3,20260311232623,18,1018.0,0.0
2x2_slot_random_place_random_15_greedy_ver3_greedy_ver3,20260311232628,13,626.0,0.015625
2x2_slot_random_place_random_15_greedy_ver3_greedy_ver3,20260311232631,3,243.0,0.0
2x2_slot_random_place_random_15_greedy_ver3_greedy_ver3,20260311232636,43,1889.0,0.0
2x2_slot_random_place_random_15_greedy_ver3_greedy_ver3,20260311232642,15,639.0,0.0
2x2_slot_inorder_place_inorder_1_grasp_ver3_grasp_ver3,20260312185805,9,570.0,0.0
2x2_slot_inorder_place_inorder_1_grasp_ver3_grasp_ver3,20260312185809,8,500.0,0.0
2x2_slot_inorder_place_inorder_1_grasp_ver3_grasp_ver3,20260312185812,5,396.0,0.0
2x2_slot_inorder_place_inorder_1_grasp_ver3_grasp_ver3,20260312185815,13,799.0,0.0
2x2_slot_inorder_place_inorder_1_grasp_ver3_grasp_ver3,20260312185818,6,328.0,0.0
2x2_slot_inorder_place_inorder_1_grasp_ver3_grasp_ver3,20260312185822,11,683.0,0.0
2x2_slot_inorder_place_inorder_1_grasp_ver3_grasp_ver3,20260312185823,16,861.0,0.0
2x2_slot_inorder_place_inorder_1_grasp_ver3_grasp_ver3,20260312185826,6,362.0,0.0
2x2_slot_inorder_place_inorder_1_grasp_ver3_grasp_ver3,20260312185830,12,614.0,0.0
2x2_slot_inorder_place_inorder_1_grasp_ver3_grasp_ver3,20260312185835,61,2798.0,0.0
2x2_slot_inorder_place_inorder_1_grasp_ver3_grasp_ver3,20260312185848,27,1498.0,0.0
2x2_slot_inorder_place_inorder_1_grasp_ver3_grasp_ver3,20260312185855,15,713.0,0.0
2x2_slot_inorder_place_inorder_1_grasp_ver3_grasp_ver3,20260312185900,6,330.0,0.0
2x2_slot_inorder_place_inorder_1_grasp_ver3_grasp_ver3,20260312185902,2,270.0,0.0
2x2_slot_inorder_place_inorder_1_grasp_ver3_grasp_ver3,20260312185904,7,530.0,0.0
2x2_slot_inorder_place_inorder_1_grasp_ver3_grasp_ver3,20260312185908,2,248.0,0.0
2x2_slot_inorder_place_inorder_1_grasp_ver3_grasp_ver3,20260312185910,12,552.0,0.0
2x2_slot_inorder_place_inorder_1_grasp_ver3_grasp_ver3,20260312185915,2,222.0,0.0
2x2_slot_inorder_place_inorder_1_grasp_ver3_grasp_ver3,20260312185918,15,787.0,0.0
2x2_slot_inorder_place_inorder_1_grasp_ver3_grasp_ver3,20260312185923,8,490.0,0.0
2x2_slot_inorder_place_inorder_1_grasp_ver3_grasp_ver3,20260312185926,11,671.0,0.0
2x2_slot_inorder_place_inorder_1_grasp_ver3_grasp_ver3,20260312185927,17,861.0,0.0
2x2_slot_inorder_place_inorder_1_grasp_ver3_grasp_ver3,20260312185932,2,284.0,0.015625
2x2_slot_inorder_place_inorder_1_grasp_ver3_grasp_ver3,20260312185934,13,823.0,0.0
2x2_slot_inorder_place_inorder_1_grasp_ver3_grasp_ver3,20260312185939,2,254.0,0.0
2x2_slot_inorder_place_inorder_1_grasp_ver3_grasp_ver3,20260312185941,9,594.0,0.0
2x2_slot_inorder_place_inorder_1_grasp_ver3_grasp_ver3,20260312185945,8,486.0,0.0
2x2_slot_inorder_place_inorder_1_grasp_ver3_grasp_ver3,20260312185950,10,586.0,0.0
2x2_slot_inorder_place_inorder_1_grasp_ver3_grasp_ver3,20260312185956,12,644.0,0.0
2x2_slot_inorder_place_inorder_1_grasp_ver3_grasp_ver3,20260312185958,16,755.0,0.0
2x2_slot_inorder_place_inorder_1_grasp_ver3_grasp_ver3,20260312190002,4,330.0,0.0
2x2_slot_inorder_place_inorder_1_grasp_ver3_grasp_ver3,20260312190006,5,570.0,0.0
2x2_slot_inorder_place_inorder_1_grasp_ver3_grasp_ver3,20260312190009,17,867.0,0.0
2x2_slot_inorder_place_inorder_1_grasp_ver3_grasp_ver3,20260312190014,10,504.0,0.0
2x2_slot_inorder_place_inorder_1_grasp_ver3_grasp_ver3,20260312190018,15,957.0,0.0
2x2_slot_inorder_place_inorder_1_grasp_ver3_grasp_ver3,20260312190023,22,1172.0,0.0
2x2_slot_inorder_place_inorder_1_grasp_ver3_grasp_ver3,20260312190026,24,1314.0,0.0
2x2_slot_inorder_place_inorder_1_grasp_ver3_grasp_ver3,20260312190028,9,622.0,0.0
2x2_slot_inorder_place_inorder_1_grasp_ver3_grasp_ver3,20260312190031,14,735.0,0.0
2x2_slot_inorder_place_inorder_1_grasp_ver3_grasp_ver3,20260312190035,16,1505.0,0.0
2x2_slot_inorder_place_inorder_1_grasp_ver3_grasp_ver3,20260312190038,8,490.0,0.0
2x2_slot_inorder_place_inorder_1_grasp_ver3_grasp_ver3,20260312190042,4,278.0,0.0
2x2_slot_inorder_place_inorder_1_grasp_ver3_grasp_ver3,20260312190045,7,432.0,0.0
2x2_slot_inorder_place_inorder_1_grasp_ver3_grasp_ver3,20260312190048,7,426.0,0.0
2x2_slot_inorder_place_inorder_1_grasp_ver3_grasp_ver3,20260312190051,13,657.0,0.0
2x2_slot_inorder_place_inorder_1_grasp_ver3_grasp_ver3,20260312190055,4,296.0,0.015625
2x2_slot_inorder_place_inorder_1_grasp_ver3_grasp_ver3,20260312190056,9,592.0,0.0
2x2_slot_inorder_place_inorder_1_grasp_ver3_grasp_ver3,20260312190100,13,747.0,0.0
2x2_slot_inorder_place_inorder_1_grasp_ver3_grasp_ver3,20260312190104,15,839.0,0.0
2x2_slot_inorder_place_inorder_1_grasp_ver3_grasp_ver3,20260312190109,2,254.0,0.0
2x2_slot_inorder_place_inorder_1_grasp_ver3_grasp_ver3,20260312190111,12,539.0,0.0
2x2_slot_inorder_place_inorder_1_grasp_ver3_grasp_ver3,20260312190115,10,686.0,0.0
2x2_slot_inorder_place_inorder_1_grasp_ver3_grasp_ver3,20260312190119,22,1189.0,0.0
2x2_slot_inorder_place_inorder_1_grasp_ver3_grasp_ver3,20260312190124,7,582.0,0.0
2x2_slot_inorder_place_inorder_1_grasp_ver3_grasp_ver3,20260312190127,16,959.0,0.0
2x2_slot_inorder_place_inorder_1_grasp_ver3_grasp_ver3,20260312190130,20,1101.0,0.0
2x2_slot_inorder_place_inorder_1_grasp_ver3_grasp_ver3,20260312190134,15,771.0,0.0
2x2_slot_inorder_place_inorder_1_grasp_ver3_grasp_ver3,20260312190138,8,434.0,0.0
2x2_slot_inorder_place_inorder_1_grasp_ver3_grasp_ver3,20260312190141,11,679.0,0.0
2x2_slot_inorder_place_inorder_1_grasp_ver3_grasp_ver3,20260312190145,4,260.0,0.015625
2x2_slot_inorder_place_inorder_1_grasp_ver3_grasp_ver3,20260312190148,15,711.0,0.0
2x2_slot_inorder_place_inorder_1_grasp_ver3_grasp_ver3,20260312190152,13,781.0,0.0
2x2_slot_inorder_place_inorder_1_grasp_ver3_grasp_ver3,20260312190156,15,737.0,0.0
2x2_slot_inorder_place_inorder_1_grasp_ver3_grasp_ver3,20260312190159,2,264.0,0.0
2x2_slot_inorder_place_inorder_1_grasp_ver3_grasp_ver3,20260312190201,7,436.0,0.0
2x2_slot_inorder_place_inorder_1_grasp_ver3_grasp_ver3,20260312190204,11,652.0,0.0
2x2_slot_inorder_place_inorder_1_grasp_ver3_grasp_ver3,20260312190209,8,408.0,0.0
2x2_slot_inorder_place_inorder_1_grasp_ver3_grasp_ver3,20260312190214,18,1101.0,0.0
2x2_slot_inorder_place_inorder_1_grasp_ver3_grasp_ver3,20260312190221,11,795.0,0.0
2x2_slot_inorder_place_inorder_1_grasp_ver3_grasp_ver3,20260312190224,6,338.0,0.015625
2x2_slot_inorder_place_inorder_1_grasp_ver3_grasp_ver3,20260312190228,7,444.0,0.0
2x2_slot_inorder_place_inorder_1_grasp_ver3_grasp_ver3,20260312190230,63,2935.0,0.0
2x2_slot_inorder_place_inorder_1_grasp_ver3_grasp_ver3,20260312190239,8,616.0,0.0
2x2_slot_inorder_place_inorder_1_grasp_ver3_grasp_ver3,20260312190243,6,488.0,0.0
2x2_slot_inorder_place_inorder_1_grasp_ver3_grasp_ver3,20260312190246,15,925.0,0.0
2x2_slot_inorder_place_inorder_1_grasp_ver3_grasp_ver3,20260312190250,19,1151.0,0.0
2x2_slot_inorder_place_inorder_1_grasp_ver3_grasp_ver3,20260312190255,9,522.0,0.0
2x2_slot_inorder_place_inorder_1_grasp_ver3_grasp_ver3,20260312190259,17,1007.0,0.0
2x2_slot_inorder_place_inorder_1_grasp_ver3_grasp_ver3,20260312190302,20,1187.0,0.0
2x2_slot_inorder_place_inorder_1_grasp_ver3_grasp_ver3,20260312190307,8,530.0,0.0
2x2_slot_inorder_place_inorder_1_grasp_ver3_grasp_ver3,20260312190311,18,1129.0,0.0
2x2_slot_inorder_place_inorder_1_grasp_ver3_grasp_ver3,20260312190318,19,1133.0,0.0
2x2_slot_inorder_place_inorder_1_grasp_ver3_grasp_ver3,20260312190324,5,392.0,0.0
2x2_slot_inorder_place_inorder_1_grasp_ver3_grasp_ver3,20260312190326,15,919.0,0.0
2x2_slot_inorder_place_inorder_1_grasp_ver3_grasp_ver3,20260312190329,21,1003.0,0.0
2x2_slot_inorder_place_inorder_1_grasp_ver3_grasp_ver3,20260312190332,15,809.0,0.0
2x2_slot_inorder_place_inorder_1_grasp_ver3_grasp_ver3,20260312190337,2,264.0,0.0
2x2_slot_inorder_place_inorder_1_grasp_ver3_grasp_ver3,20260312190340,12,771.0,0.0
2x2_slot_inorder_place_inorder_1_grasp_ver3_grasp_ver3,20260312190344,22,1273.0,0.0
2x2_slot_inorder_place_inorder_1_grasp_ver3_grasp_ver3,20260312190348,16,1025.0,0.0
2x2_slot_inorder_place_inorder_1_grasp_ver3_grasp_ver3,20260312190353,5,394.0,0.0
2x2_slot_inorder_place_inorder_1_grasp_ver3_grasp_ver3,20260312190356,11,652.0,0.0
2x2_slot_inorder_place_inorder_1_grasp_ver3_grasp_ver3,20260312190359,8,388.0,0.0
2x2_slot_inorder_place_inorder_1_grasp_ver3_grasp_ver3,20260312190401,18,835.0,0.0
2x2_slot_inorder_place_inorder_1_grasp_ver3_grasp_ver3,20260312190404,11,585.0,0.0
2x2_slot_inorder_place_inorder_1_grasp_ver3_grasp_ver3,20260312190407,7,564.0,0.0
2x2_slot_inorder_place_inorder_1_grasp_ver3_grasp_ver3,20260312190410,10,478.0,0.0
2x2_slot_inorder_place_inorder_1_grasp_ver3_grasp_ver3,20260312190414,13,637.0,0.0
2x2_slot_inorder_place_inorder_1_grasp_ver3_grasp_ver3,20260312190418,11,595.0,0.0
2x2_slot_inorder_place_inorder_1_grasp_ver3_grasp_ver3,20260312190422,4,270.0,0.0
2x2_slot_inorder_place_inorder_1_grasp_ver3_grasp_ver3,20260312190425,6,304.0,0.0
2x2_slot_inorder_place_inorder_1_grasp_ver3_grasp_ver3,20260312190427,14,859.0,0.0
2x2_slot_inorder_place_inorder_1_grasp_ver3_grasp_ver3,20260312190431,2,184.0,0.0
2x2_slot_inorder_place_inorder_1_grasp_ver3_grasp_ver3,20260312190432,14,821.0,0.0
2x2_slot_inorder_place_inorder_1_grasp_ver3_grasp_ver3,20260312190436,5,394.0,0.0
2x2_slot_inorder_place_inorder_1_grasp_ver3_grasp_ver3,20260312190439,10,664.0,0.0
2x2_slot_inorder_place_inorder_1_grasp_ver3_grasp_ver3,20260312190443,16,897.0,0.0
2x2_slot_inorder_place_inorder_1_grasp_ver3_grasp_ver3,20260312190448,9,612.0,0.0
2x2_slot_inorder_place_inorder_1_grasp_ver3_grasp_ver3,20260312190451,17,909.0,0.0
2x2_slot_inorder_place_inorder_1_grasp_ver3_grasp_ver3,20260312190457,11,604.0,0.0
2x2_slot_inorder_place_inorder_1_grasp_ver3_grasp_ver3,20260312190501,18,959.0,0.0
2x2_slot_inorder_place_inorder_1_grasp_ver3_grasp_ver3,20260312190506,13,835.0,0.0
2x2_slot_inorder_place_inorder_1_grasp_ver3_grasp_ver3,20260312190510,12,694.0,0.0
2x2_slot_inorder_place_inorder_1_grasp_ver3_grasp_ver3,20260312190515,11,562.0,0.0
2x2_slot_inorder_place_inorder_1_grasp_ver3_grasp_ver3,20260312190519,5,394.0,0.0
2x2_slot_inorder_place_inorder_1_grasp_ver3_grasp_ver3,20260312190522,14,863.0,0.0
2x2_slot_inorder_place_inorder_1_grasp_ver3_grasp_ver3,20260312190526,15,733.0,0.0
2x2_slot_inorder_place_inorder_1_grasp_ver3_grasp_ver3,20260312190530,2,254.0,0.015625
2x2_slot_inorder_place_inorder_1_grasp_ver3_grasp_ver3,20260312190533,22,1065.0,0.0
2x2_slot_inorder_place_inorder_1_grasp_ver3_grasp_ver3,20260312190535,5,306.0,0.015625
2x2_slot_inorder_place_inorder_1_grasp_ver3_grasp_ver3,20260312190538,12,631.0,0.0
2x2_slot_inorder_place_inorder_1_grasp_ver3_grasp_ver3,20260312190542,15,783.0,0.0
2x2_slot_inorder_place_inorder_1_grasp_ver3_grasp_ver3,20260312190547,2,232.0,0.0
2x2_slot_inorder_place_inorder_1_grasp_ver3_grasp_ver3,20260312190549,15,837.0,0.0
2x2_slot_inorder_place_inorder_1_grasp_ver3_grasp_ver3,20260312190554,10,726.0,0.0
2x2_slot_inorder_place_inorder_1_grasp_ver3_grasp_ver3,20260312190558,10,522.0,0.0
2x2_slot_inorder_place_inorder_1_grasp_ver3_grasp_ver3,20260312190602,27,1255.0,0.0
2x2_slot_inorder_place_inorder_1_grasp_ver3_grasp_ver3,20260312190605,2,264.0,0.0
2x2_slot_inorder_place_inorder_1_grasp_ver3_grasp_ver3,20260312190607,13,817.0,0.0
2x2_slot_inorder_place_inorder_1_grasp_ver3_grasp_ver3,20260312190611,17,1029.0,0.0
2x2_slot_inorder_place_inorder_1_grasp_ver3_grasp_ver3,20260312190617,10,496.0,0.0
2x2_slot_inorder_place_inorder_1_grasp_ver3_grasp_ver3,20260312190621,14,797.0,0.015625
2x2_slot_inorder_place_inorder_1_grasp_ver3_grasp_ver3,20260312190625,13,751.0,0.0
2x2_slot_inorder_place_inorder_1_grasp_ver3_grasp_ver3,20260312190629,15,751.0,0.0
2x2_slot_inorder_place_inorder_1_grasp_ver3_grasp_ver3,20260312190633,15,851.0,0.0
2x2_slot_inorder_place_inorder_1_grasp_ver3_grasp_ver3,20260312190635,8,540.0,0.015625
2x2_slot_inorder_place_inorder_1_grasp_ver3_grasp_ver3,20260312190638,9,526.0,0.0
2x2_slot_inorder_place_inorder_1_grasp_ver3_grasp_ver3,20260312190642,4,276.0,0.0
2x2_slot_inorder_place_inorder_1_grasp_ver3_grasp_ver3,20260312190645,8,482.0,0.015625
2x2_slot_inorder_place_inorder_1_grasp_ver3_grasp_ver3,20260312190648,15,694.0,0.0
2x2_slot_inorder_place_inorder_1_grasp_ver3_grasp_ver3,20260312190653,8,552.0,0.0
2x2_slot_inorder_place_inorder_1_grasp_ver3_grasp_ver3,20260312190657,20,1283.0,0.015625
2x2_slot_inorder_place_inorder_1_grasp_ver3_grasp_ver3,20260312190704,12,612.0,0.015625
2x2_slot_inorder_place_inorder_1_grasp_ver3_grasp_ver3,20260312190706,2,264.0,0.0
2x2_slot_inorder_place_inorder_1_grasp_ver3_grasp_ver3,20260312190708,13,777.0,0.0
2x2_slot_inorder_place_inorder_1_grasp_ver3_grasp_ver3,20260312190712,13,626.0,0.015625
2x2_slot_inorder_place_inorder_1_grasp_ver3_grasp_ver3,20260312190716,7,448.0,0.0
2x2_slot_inorder_place_inorder_1_grasp_ver3_grasp_ver3,20260312190719,9,576.0,0.0
2x2_slot_inorder_place_inorder_1_grasp_ver3_grasp_ver3,20260312190723,23,1272.0,0.0
2x2_slot_inorder_place_inorder_1_grasp_ver3_grasp_ver3,20260312190729,4,302.0,0.0
2x2_slot_inorder_place_inorder_1_grasp_ver3_grasp_ver3,20260312190732,4,296.0,0.0
2x2_slot_inorder_place_inorder_1_grasp_ver3_grasp_ver3,20260312190735,20,1047.0,0.0
2x2_slot_inorder_place_inorder_1_grasp_ver3_grasp_ver3,20260312190736,15,853.0,0.015625
2x2_slot_inorder_place_inorder_1_grasp_ver3_grasp_ver3,20260312190741,9,860.0,0.0
2x2_slot_inorder_place_inorder_1_grasp_ver3_grasp_ver3,20260312190744,16,909.0,0.0
2x2_slot_inorder_place_inorder_1_grasp_ver3_grasp_ver3,20260312190749,6,468.0,0.0
2x2_slot_inorder_place_inorder_1_grasp_ver3_grasp_ver3,20260312190752,12,604.0,0.0
2x2_slot_inorder_place_inorder_1_grasp_ver3_grasp_ver3,20260312190757,10,574.0,0.0
2x2_slot_inorder_place_inorder_1_grasp_ver3_grasp_ver3,20260312190800,4,288.0,0.0
2x2_slot_inorder_place_inorder_1_grasp_ver3_grasp_ver3,20260312190803,17,977.0,0.015625
2x2_slot_inorder_place_inorder_1_grasp_ver3_grasp_ver3,20260312190807,13,751.0,0.0
2x2_slot_inorder_place_inorder_1_grasp_ver3_grasp_ver3,20260312190811,8,510.0,0.0
2x2_slot_inorder_place_inorder_1_grasp_ver3_grasp_ver3,20260312190814,16,923.0,0.0
2x2_slot_inorder_place_inorder_1_grasp_ver3_grasp_ver3,20260312190819,9,568.0,0.015625
2x2_slot_inorder_place_inorder_1_grasp_ver3_grasp_ver3,20260312190823,9,562.0,0.0
2x2_slot_inorder_place_inorder_1_grasp_ver3_grasp_ver3,20260312190827,8,460.0,0.0
2x2_slot_inorder_place_inorder_1_grasp_ver3_grasp_ver3,20260312190830,13,789.0,0.0
2x2_slot_inorder_place_inorder_1_grasp_ver3_grasp_ver3,20260312190834,7,434.0,0.0
2x2_slot_inorder_place_inorder_1_grasp_ver3_grasp_ver3,20260312190835,17,955.0,0.0
2x2_slot_inorder_place_inorder_1_grasp_ver3_grasp_ver3,20260312190839,15,735.0,0.0
2x2_slot_inorder_place_inorder_1_grasp_ver3_grasp_ver3,20260312190845,15,684.0,0.0
2x2_slot_inorder_place_inorder_1_grasp_ver3_grasp_ver3,20260312190850,13,917.0,0.0
2x2_slot_inorder_place_inorder_1_grasp_ver3_grasp_ver3,20260312190854,6,490.0,0.0
2x2_slot_inorder_place_inorder_1_grasp_ver3_grasp_ver3,20260312190857,6,456.0,0.015625
2x2_slot_inorder_place_inorder_1_grasp_ver3_grasp_ver3,20260312190900,15,777.0,0.0
2x2_slot_inorder_place_inorder_1_grasp_ver3_grasp_ver3,20260312190905,8,490.0,0.0
2x2_slot_inorder_place_inorder_1_grasp_ver3_grasp_ver3,20260312190906,23,1207.0,0.0
2x2_slot_inorder_place_inorder_1_grasp_ver3_grasp_ver3,20260312190911,13,773.0,0.0
2x2_slot_inorder_place_inorder_1_grasp_ver3_grasp_ver3,20260312190915,9,672.0,0.0
2x2_slot_inorder_place_inorder_1_grasp_ver3_grasp_ver3,20260312190918,22,1105.0,0.0
2x2_slot_inorder_place_inorder_1_grasp_ver3_grasp_ver3,20260312190922,11,615.0,0.015625
2x2_slot_inorder_place_inorder_1_grasp_ver3_grasp_ver3,20260312190926,17,889.0,0.0
2x2_slot_inorder_place_inorder_1_grasp_ver3_grasp_ver3,20260312190931,17,905.0,0.0
2x2_slot_inorder_place_inorder_1_grasp_ver3_grasp_ver3,20260312190935,15,721.0,0.0
2x2_slot_inorder_place_inorder_1_grasp_ver3_grasp_ver3,20260312190938,19,963.0,0.0
2x2_slot_inorder_place_inorder_1_grasp_ver3_grasp_ver3,20260312190945,2,254.0,0.0
2x2_slot_inorder_place_inorder_1_grasp_ver3_grasp_ver3,20260312190947,14,711.0,0.0
2x2_slot_inorder_place_inorder_1_grasp_ver3_grasp_ver3,20260312190952,4,288.0,0.0
2x2_slot_inorder_place_inorder_1_grasp_ver3_grasp_ver3,20260312190955,9,576.0,0.0
2x2_slot_inorder_place_inorder_1_grasp_ver3_grasp_ver3,20260312190958,4,284.0,0.0
2x2_slot_inorder_place_inorder_1_grasp_ver3_grasp_ver3,20260312191002,13,723.0,0.0
2x2_slot_inorder_place_inorder_1_grasp_ver3_grasp_ver3,20260312191006,30,1618.0,0.0
2x2_slot_inorder_place_inorder_1_grasp_ver3_grasp_ver3,20260312191010,8,468.0,0.0
2x2_slot_inorder_place_inorder_1_grasp_ver3_grasp_ver3,20260312191013,14,749.0,0.0
2x2_slot_inorder_place_inorder_1_grasp_ver3_greedy_ver3,20260312185807,8,394.0,0.0
2x2_slot_inorder_place_inorder_1_grasp_ver3_greedy_ver3,20260312185811,8,540.0,0.0
2x2_slot_inorder_place_inorder_1_grasp_ver3_greedy_ver3,20260312185813,4,246.0,0.0
2x2_slot_inorder_place_inorder_1_grasp_ver3_greedy_ver3,20260312185816,13,839.0,0.0
2x2_slot_inorder_place_inorder_1_grasp_ver3_greedy_ver3,20260312185820,6,254.0,0.0
2x2_slot_inorder_place_inorder_1_grasp_ver3_greedy_ver3,20260312185823,16,861.0,0.0
2x2_slot_inorder_place_inorder_1_grasp_ver3_greedy_ver3,20260312185824,2,258.0,0.0
2x2_slot_inorder_place_inorder_1_grasp_ver3_greedy_ver3,20260312185828,6,272.0,0.0
2x2_slot_inorder_place_inorder_1_grasp_ver3_greedy_ver3,20260312185832,12,588.0,0.0
2x2_slot_inorder_place_inorder_1_grasp_ver3_greedy_ver3,20260312185841,56,2915.0,0.0
2x2_slot_inorder_place_inorder_1_grasp_ver3_greedy_ver3,20260312185853,27,1489.0,0.0
2x2_slot_inorder_place_inorder_1_grasp_ver3_greedy_ver3,20260312185857,14,683.0,0.0
2x2_slot_inorder_place_inorder_1_grasp_ver3_greedy_ver3,20260312185901,6,350.0,0.0
2x2_slot_inorder_place_inorder_1_grasp_ver3_greedy_ver3,20260312185903,2,220.0,0.0
2x2_slot_inorder_place_inorder_1_grasp_ver3_greedy_ver3,20260312185906,10,572.0,0.0
2x2_slot_inorder_place_inorder_1_grasp_ver3_greedy_ver3,20260312185909,2,278.0,0.0
2x2_slot_inorder_place_inorder_1_grasp_ver3_greedy_ver3,20260312185913,12,598.0,0.0
2x2_slot_inorder_place_inorder_1_grasp_ver3_greedy_ver3,20260312185916,2,252.0,0.0
2x2_slot_inorder_place_inorder_1_grasp_ver3_greedy_ver3,20260312185920,14,623.0,0.015625
2x2_slot_inorder_place_inorder_1_grasp_ver3_greedy_ver3,20260312185924,8,530.0,0.0
2x2_slot_inorder_place_inorder_1_grasp_ver3_greedy_ver3,20260312185925,14,711.0,0.0
2x2_slot_inorder_place_inorder_1_grasp_ver3_greedy_ver3,20260312185930,18,961.0,0.0
2x2_slot_inorder_place_inorder_1_grasp_ver3_greedy_ver3,20260312185933,2,314.0,0.0
2x2_slot_inorder_place_inorder_1_grasp_ver3_greedy_ver3,20260312185936,16,843.0,0.0
2x2_slot_inorder_place_inorder_1_grasp_ver3_greedy_ver3,20260312185940,2,204.0,0.0
2x2_slot_inorder_place_inorder_1_grasp_ver3_greedy_ver3,20260312185943,12,630.0,0.0
2x2_slot_inorder_place_inorder_1_grasp_ver3_greedy_ver3,20260312185948,8,594.0,0.015625
2x2_slot_inorder_place_inorder_1_grasp_ver3_greedy_ver3,20260312185953,10,544.0,0.0
2x2_slot_inorder_place_inorder_1_grasp_ver3_greedy_ver3,20260312185956,12,644.0,0.015625
2x2_slot_inorder_place_inorder_1_grasp_ver3_greedy_ver3,20260312190000,11,524.0,0.0
2x2_slot_inorder_place_inorder_1_grasp_ver3_greedy_ver3,20260312190004,6,288.0,0.0
2x2_slot_inorder_place_inorder_1_grasp_ver3_greedy_ver3,20260312190007,5,570.0,0.0
2x2_slot_inorder_place_inorder_1_grasp_ver3_greedy_ver3,20260312190012,16,729.0,0.0
2x2_slot_inorder_place_inorder_1_grasp_ver3_greedy_ver3,20260312190016,10,552.0,0.015625
2x2_slot_inorder_place_inorder_1_grasp_ver3_greedy_ver3,20260312190021,15,957.0,0.0
2x2_slot_inorder_place_inorder_1_grasp_ver3_greedy_ver3,20260312190026,24,1314.0,0.0
2x2_slot_inorder_place_inorder_1_grasp_ver3_greedy_ver3,20260312190027,2,216.0,0.015625
2x2_slot_inorder_place_inorder_1_grasp_ver3_greedy_ver3,20260312190030,15,869.0,0.0
2x2_slot_inorder_place_inorder_1_grasp_ver3_greedy_ver3,20260312190033,13,725.0,0.0
2x2_slot_inorder_place_inorder_1_grasp_ver3_greedy_ver3,20260312190036,16,1601.0,0.0
2x2_slot_inorder_place_inorder_1_grasp_ver3_greedy_ver3,20260312190040,8,416.0,0.0
2x2_slot_inorder_place_inorder_1_grasp_ver3_greedy_ver3,20260312190043,4,308.0,0.0
2x2_slot_inorder_place_inorder_1_grasp_ver3_greedy_ver3,20260312190046,6,322.0,0.0
2x2_slot_inorder_place_inorder_1_grasp_ver3_greedy_ver3,20260312190049,6,396.0,0.0
2x2_slot_inorder_place_inorder_1_grasp_ver3_greedy_ver3,20260312190053,16,755.0,0.015625
2x2_slot_inorder_place_inorder_1_grasp_ver3_greedy_ver3,20260312190057,4,206.0,0.0
2x2_slot_inorder_place_inorder_1_grasp_ver3_greedy_ver3,20260312190058,8,398.0,0.0
2x2_slot_inorder_place_inorder_1_grasp_ver3_greedy_ver3,20260312190102,12,621.0,0.0
2x2_slot_inorder_place_inorder_1_grasp_ver3_greedy_ver3,20260312190107,14,779.0,0.0
2x2_slot_inorder_place_inorder_1_grasp_ver3_greedy_ver3,20260312190110,2,204.0,0.0
2x2_slot_inorder_place_inorder_1_grasp_ver3_greedy_ver3,20260312190113,12,553.0,0.0
2x2_slot_inorder_place_inorder_1_grasp_ver3_greedy_ver3,20260312190117,10,522.0,0.0
2x2_slot_inorder_place_inorder_1_grasp_ver3_greedy_ver3,20260312190122,20,1009.0,0.0
2x2_slot_inorder_place_inorder_1_grasp_ver3_greedy_ver3,20260312190126,6,402.0,0.0
2x2_slot_inorder_place_inorder_1_grasp_ver3_greedy_ver3,20260312190128,14,747.0,0.0
2x2_slot_inorder_place_inorder_1_grasp_ver3_greedy_ver3,20260312190132,20,1037.0,0.0
2x2_slot_inorder_place_inorder_1_grasp_ver3_greedy_ver3,20260312190136,14,771.0,0.0
2x2_slot_inorder_place_inorder_1_grasp_ver3_greedy_ver3,20260312190140,8,356.0,0.0
2x2_slot_inorder_place_inorder_1_grasp_ver3_greedy_ver3,20260312190143,14,651.0,0.0
2x2_slot_inorder_place_inorder_1_grasp_ver3_greedy_ver3,20260312190146,4,260.0,0.0
2x2_slot_inorder_place_inorder_1_grasp_ver3_greedy_ver3,20260312190150,15,711.0,0.0
2x2_slot_inorder_place_inorder_1_grasp_ver3_greedy_ver3,20260312190154,12,731.0,0.0
2x2_slot_inorder_place_inorder_1_grasp_ver3_greedy_ver3,20260312190158,14,749.0,0.0
2x2_slot_inorder_place_inorder_1_grasp_ver3_greedy_ver3,20260312190200,2,214.0,0.0
2x2_slot_inorder_place_inorder_1_grasp_ver3_greedy_ver3,20260312190203,6,474.0,0.0
2x2_slot_inorder_place_inorder_1_grasp_ver3_greedy_ver3,20260312190207,10,524.0,0.0
2x2_slot_inorder_place_inorder_1_grasp_ver3_greedy_ver3,20260312190211,10,548.0,0.0
2x2_slot_inorder_place_inorder_1_grasp_ver3_greedy_ver3,20260312190217,18,889.0,0.0
2x2_slot_inorder_place_inorder_1_grasp_ver3_greedy_ver3,20260312190222,18,1085.0,0.0
2x2_slot_inorder_place_inorder_1_grasp_ver3_greedy_ver3,20260312190226,6,312.0,0.0
2x2_slot_inorder_place_inorder_1_grasp_ver3_greedy_ver3,20260312190230,63,2935.0,0.0
2x2_slot_inorder_place_inorder_1_grasp_ver3_greedy_ver3,20260312190234,57,2656.0,0.0
2x2_slot_inorder_place_inorder_1_grasp_ver3_greedy_ver3,20260312190241,10,606.0,0.0
2x2_slot_inorder_place_inorder_1_grasp_ver3_greedy_ver3,20260312190245,6,438.0,0.0
2x2_slot_inorder_place_inorder_1_grasp_ver3_greedy_ver3,20260312190248,15,835.0,0.0
2x2_slot_inorder_place_inorder_1_grasp_ver3_greedy_ver3,20260312190253,18,1081.0,0.0
2x2_slot_inorder_place_inorder_1_grasp_ver3_greedy_ver3,20260312190257,9,502.0,0.0
2x2_slot_inorder_place_inorder_1_grasp_ver3_greedy_ver3,20260312190300,20,1273.0,0.0
2x2_slot_inorder_place_inorder_1_grasp_ver3_greedy_ver3,20260312190305,20,1141.0,0.0
2x2_slot_inorder_place_inorder_1_grasp_ver3_greedy_ver3,20260312190309,10,620.0,0.0
2x2_slot_inorder_place_inorder_1_grasp_ver3_greedy_ver3,20260312190314,18,1105.0,0.0
2x2_slot_inorder_place_inorder_1_grasp_ver3_greedy_ver3,20260312190321,22,1267.0,0.0
2x2_slot_inorder_place_inorder_1_grasp_ver3_greedy_ver3,20260312190325,4,242.0,0.0
2x2_slot_inorder_place_inorder_1_grasp_ver3_greedy_ver3,20260312190329,21,1003.0,0.0
2x2_slot_inorder_place_inorder_1_grasp_ver3_greedy_ver3,20260312190331,6,460.0,0.0
2x2_slot_inorder_place_inorder_1_grasp_ver3_greedy_ver3,20260312190335,14,749.0,0.0
2x2_slot_inorder_place_inorder_1_grasp_ver3_greedy_ver3,20260312190338,2,214.0,0.0
2x2_slot_inorder_place_inorder_1_grasp_ver3_greedy_ver3,20260312190341,12,587.0,0.015625
2x2_slot_inorder_place_inorder_1_grasp_ver3_greedy_ver3,20260312190346,22,1271.0,0.0
2x2_slot_inorder_place_inorder_1_grasp_ver3_greedy_ver3,20260312190351,14,735.0,0.0
2x2_slot_inorder_place_inorder_1_grasp_ver3_greedy_ver3,20260312190354,4,244.0,0.0
2x2_slot_inorder_place_inorder_1_grasp_ver3_greedy_ver3,20260312190357,11,798.0,0.0
2x2_slot_inorder_place_inorder_1_grasp_ver3_greedy_ver3,20260312190401,18,835.0,0.0
2x2_slot_inorder_place_inorder_1_grasp_ver3_greedy_ver3,20260312190402,18,1079.0,0.0
2x2_slot_inorder_place_inorder_1_grasp_ver3_greedy_ver3,20260312190406,11,715.0,0.0
2x2_slot_inorder_place_inorder_1_grasp_ver3_greedy_ver3,20260312190409,6,348.0,0.0
2x2_slot_inorder_place_inorder_1_grasp_ver3_greedy_ver3,20260312190412,10,468.0,0.0
2x2_slot_inorder_place_inorder_1_grasp_ver3_greedy_ver3,20260312190416,12,637.0,0.0
2x2_slot_inorder_place_inorder_1_grasp_ver3_greedy_ver3,20260312190420,14,639.0,0.0
2x2_slot_inorder_place_inorder_1_grasp_ver3_greedy_ver3,20260312190423,4,300.0,0.0
2x2_slot_inorder_place_inorder_1_grasp_ver3_greedy_ver3,20260312190426,6,324.0,0.0
2x2_slot_inorder_place_inorder_1_grasp_ver3_greedy_ver3,20260312190429,14,677.0,0.0
2x2_slot_inorder_place_inorder_1_grasp_ver3_greedy_ver3,20260312190432,14,821.0,0.0
2x2_slot_inorder_place_inorder_1_grasp_ver3_greedy_ver3,20260312190434,12,766.0,0.0
2x2_slot_inorder_place_inorder_1_grasp_ver3_greedy_ver3,20260312190437,4,244.0,0.0
2x2_slot_inorder_place_inorder_1_grasp_ver3_greedy_ver3,20260312190441,10,764.0,0.0
2x2_slot_inorder_place_inorder_1_grasp_ver3_greedy_ver3,20260312190446,15,847.0,0.0
2x2_slot_inorder_place_inorder_1_grasp_ver3_greedy_ver3,20260312190450,9,578.0,0.0
2x2_slot_inorder_place_inorder_1_grasp_ver3_greedy_ver3,20260312190454,16,759.0,0.0
2x2_slot_inorder_place_inorder_1_grasp_ver3_greedy_ver3,20260312190459,11,654.0,0.0
2x2_slot_inorder_place_inorder_1_grasp_ver3_greedy_ver3,20260312190502,6,326.0,0.0
2x2_slot_inorder_place_inorder_1_grasp_ver3_greedy_ver3,20260312190503,15,1035.0,0.015625
2x2_slot_inorder_place_inorder_1_grasp_ver3_greedy_ver3,20260312190508,16,815.0,0.0
2x2_slot_inorder_place_inorder_1_grasp_ver3_greedy_ver3,20260312190513,15,949.0,0.0
2x2_slot_inorder_place_inorder_1_grasp_ver3_greedy_ver3,20260312190517,11,728.0,0.0
2x2_slot_inorder_place_inorder_1_grasp_ver3_greedy_ver3,20260312190520,4,244.0,0.0
2x2_slot_inorder_place_inorder_1_grasp_ver3_greedy_ver3,20260312190524,12,637.0,0.0
2x2_slot_inorder_place_inorder_1_grasp_ver3_greedy_ver3,20260312190528,14,717.0,0.0
2x2_slot_inorder_place_inorder_1_grasp_ver3_greedy_ver3,20260312190531,2,204.0,0.0
2x2_slot_inorder_place_inorder_1_grasp_ver3_greedy_ver3,20260312190533,22,1065.0,0.0
2x2_slot_inorder_place_inorder_1_grasp_ver3_greedy_ver3,20260312190536,5,308.0,0.0
2x2_slot_inorder_place_inorder_1_grasp_ver3_greedy_ver3,20260312190540,12,775.0,0.0
2x2_slot_inorder_place_inorder_1_grasp_ver3_greedy_ver3,20260312190544,14,613.0,0.0
2x2_slot_inorder_place_inorder_1_grasp_ver3_greedy_ver3,20260312190548,2,262.0,0.0
2x2_slot_inorder_place_inorder_1_grasp_ver3_greedy_ver3,20260312190551,14,763.0,0.015625
2x2_slot_inorder_place_inorder_1_grasp_ver3_greedy_ver3,20260312190556,10,594.0,0.0
2x2_slot_inorder_place_inorder_1_grasp_ver3_greedy_ver3,20260312190600,10,564.0,0.0
2x2_slot_inorder_place_inorder_1_grasp_ver3_greedy_ver3,20260312190602,27,1255.0,0.0
2x2_slot_inorder_place_inorder_1_grasp_ver3_greedy_ver3,20260312190606,2,214.0,0.015625
2x2_slot_inorder_place_inorder_1_grasp_ver3_greedy_ver3,20260312190609,13,817.0,0.0
2x2_slot_inorder_place_inorder_1_grasp_ver3_greedy_ver3,20260312190614,16,801.0,0.0
2x2_slot_inorder_place_inorder_1_grasp_ver3_greedy_ver3,20260312190619,10,452.0,0.0
2x2_slot_inorder_place_inorder_1_grasp_ver3_greedy_ver3,20260312190623,14,727.0,0.0
2x2_slot_inorder_place_inorder_1_grasp_ver3_greedy_ver3,20260312190627,12,701.0,0.0
2x2_slot_inorder_place_inorder_1_grasp_ver3_greedy_ver3,20260312190631,15,925.0,0.0
2x2_slot_inorder_place_inorder_1_grasp_ver3_greedy_ver3,20260312190633,15,851.0,0.0
2x2_slot_inorder_place_inorder_1_grasp_ver3_greedy_ver3,20260312190636,8,460.0,0.0
2x2_slot_inorder_place_inorder_1_grasp_ver3_greedy_ver3,20260312190640,8,486.0,0.0
2x2_slot_inorder_place_inorder_1_grasp_ver3_greedy_ver3,20260312190643,4,254.0,0.0
2x2_slot_inorder_place_inorder_1_grasp_ver3_greedy_ver3,20260312190646,7,422.0,0.0
2x2_slot_inorder_place_inorder_1_grasp_ver3_greedy_ver3,20260312190650,14,741.0,0.0
2x2_slot_inorder_place_inorder_1_grasp_ver3_greedy_ver3,20260312190654,14,855.0,0.0
2x2_slot_inorder_place_inorder_1_grasp_ver3_greedy_ver3,20260312190700,26,1423.0,0.015625
2x2_slot_inorder_place_inorder_1_grasp_ver3_greedy_ver3,20260312190704,12,612.0,0.0
2x2_slot_inorder_place_inorder_1_grasp_ver3_greedy_ver3,20260312190707,2,174.0,0.0
2x2_slot_inorder_place_inorder_1_grasp_ver3_greedy_ver3,20260312190710,12,651.0,0.015625
2x2_slot_inorder_place_inorder_1_grasp_ver3_greedy_ver3,20260312190714,12,571.0,0.0
2x2_slot_inorder_place_inorder_1_grasp_ver3_greedy_ver3,20260312190718,6,428.0,0.0
2x2_slot_inorder_place_inorder_1_grasp_ver3_greedy_ver3,20260312190721,8,412.0,0.0
2x2_slot_inorder_place_inorder_1_grasp_ver3_greedy_ver3,20260312190726,22,1037.0,0.0
2x2_slot_inorder_place_inorder_1_grasp_ver3_greedy_ver3,20260312190730,4,212.0,0.0
2x2_slot_inorder_place_inorder_1_grasp_ver3_greedy_ver3,20260312190733,4,224.0,0.0
2x2_slot_inorder_place_inorder_1_grasp_ver3_greedy_ver3,20260312190735,20,1047.0,0.0
2x2_slot_inorder_place_inorder_1_grasp_ver3_greedy_ver3,20260312190738,14,683.0,0.0
2x2_slot_inorder_place_inorder_1_grasp_ver3_greedy_ver3,20260312190742,9,740.0,0.015625
2x2_slot_inorder_place_inorder_1_grasp_ver3_greedy_ver3,20260312190746,14,709.0,0.0
2x2_slot_inorder_place_inorder_1_grasp_ver3_greedy_ver3,20260312190750,10,758.0,0.0
2x2_slot_inorder_place_inorder_1_grasp_ver3_greedy_ver3,20260312190755,12,616.0,0.0
2x2_slot_inorder_place_inorder_1_grasp_ver3_greedy_ver3,20260312190759,10,718.0,0.0
2x2_slot_inorder_place_inorder_1_grasp_ver3_greedy_ver3,20260312190802,4,238.0,0.0
2x2_slot_inorder_place_inorder_1_grasp_ver3_greedy_ver3,20260312190804,16,807.0,0.0
2x2_slot_inorder_place_inorder_1_grasp_ver3_greedy_ver3,20260312190809,12,617.0,0.015625
2x2_slot_inorder_place_inorder_1_grasp_ver3_greedy_ver3,20260312190813,8,472.0,0.0
2x2_slot_inorder_place_inorder_1_grasp_ver3_greedy_ver3,20260312190817,14,643.0,0.0
2x2_slot_inorder_place_inorder_1_grasp_ver3_greedy_ver3,20260312190821,8,422.0,0.0
2x2_slot_inorder_place_inorder_1_grasp_ver3_greedy_ver3,20260312190825,8,492.0,0.015625
2x2_slot_inorder_place_inorder_1_grasp_ver3_greedy_ver3,20260312190828,8,562.0,0.015625
2x2_slot_inorder_place_inorder_1_grasp_ver3_greedy_ver3,20260312190832,12,627.0,0.0
2x2_slot_inorder_place_inorder_1_grasp_ver3_greedy_ver3,20260312190835,17,955.0,0.0
2x2_slot_inorder_place_inorder_1_grasp_ver3_greedy_ver3,20260312190837,15,977.0,0.0
2x2_slot_inorder_place_inorder_1_grasp_ver3_greedy_ver3,20260312190842,19,1037.0,0.0
2x2_slot_inorder_place_inorder_1_grasp_ver3_greedy_ver3,20260312190847,14,801.0,0.0
2x2_slot_inorder_place_inorder_1_grasp_ver3_greedy_ver3,20260312190852,12,573.0,0.0
2x2_slot_inorder_place_inorder_1_grasp_ver3_greedy_ver3,20260312190855,6,510.0,0.0
2x2_slot_inorder_place_inorder_1_grasp_ver3_greedy_ver3,20260312190858,6,476.0,0.0
2x2_slot_inorder_place_inorder_1_grasp_ver3_greedy_ver3,20260312190902,14,617.0,0.0
2x2_slot_inorder_place_inorder_1_grasp_ver3_greedy_ver3,20260312190906,23,1207.0,0.0
2x2_slot_inorder_place_inorder_1_grasp_ver3_greedy_ver3,20260312190908,14,701.0,0.0
2x2_slot_inorder_place_inorder_1_grasp_ver3_greedy_ver3,20260312190913,12,643.0,0.0
2x2_slot_inorder_place_inorder_1_grasp_ver3_greedy_ver3,20260312190916,9,802.0,0.0
2x2_slot_inorder_place_inorder_1_grasp_ver3_greedy_ver3,20260312190920,22,1175.0,0.0
2x2_slot_inorder_place_inorder_1_grasp_ver3_greedy_ver3,20260312190924,11,675.0,0.0
2x2_slot_inorder_place_inorder_1_grasp_ver3_greedy_ver3,20260312190928,16,819.0,0.0
2x2_slot_inorder_place_inorder_1_grasp_ver3_greedy_ver3,20260312190933,17,827.0,0.0
2x2_slot_inorder_place_inorder_1_grasp_ver3_greedy_ver3,20260312190936,14,681.0,0.0
2x2_slot_inorder_place_inorder_1_grasp_ver3_greedy_ver3,20260312190941,22,1103.0,0.0
2x2_slot_inorder_place_inorder_1_grasp_ver3_greedy_ver3,20260312190946,2,204.0,0.0
2x2_slot_inorder_place_inorder_1_grasp_ver3_greedy_ver3,20260312190949,14,669.0,0.015625
2x2_slot_inorder_place_inorder_1_grasp_ver3_greedy_ver3,20260312190953,4,288.0,0.0
2x2_slot_inorder_place_inorder_1_grasp_ver3_greedy_ver3,20260312190956,8,412.0,0.0
2x2_slot_inorder_place_inorder_1_grasp_ver3_greedy_ver3,20260312191000,4,292.0,0.0
2x2_slot_inorder_place_inorder_1_grasp_ver3_greedy_ver3,20260312191003,16,889.0,0.0
2x2_slot_inorder_place_inorder_1_grasp_ver3_greedy_ver3,20260312191006,30,1618.0,0.0
2x2_slot_inorder_place_inorder_1_grasp_ver3_greedy_ver3,20260312191011,8,414.0,0.0
2x2_slot_inorder_place_inorder_1_grasp_ver3_greedy_ver3,20260312191014,13,619.0,0.0
2x2_slot_inorder_place_inorder_1_greedy_ver3_grasp_ver3,20260312184547,8,380.0,0.0
2x2_slot_inorder_place_inorder_1_greedy_ver3_grasp_ver3,20260312184550,7,560.0,0.015625
2x2_slot_inorder_place_inorder_1_greedy_ver3_grasp_ver3,20260312184554,2,266.0,0.0
2x2_slot_inorder_place_inorder_1_greedy_ver3_grasp_ver3,20260312184556,13,799.0,0.015625
2x2_slot_inorder_place_inorder_1_greedy_ver3_grasp_ver3,20260312184559,7,440.0,0.015625
2x2_slot_inorder_place_inorder_1_greedy_ver3_grasp_ver3,20260312184603,10,474.0,0.0
2x2_slot_inorder_place_inorder_1_greedy_ver3_grasp_ver3,20260312184607,2,258.0,0.0
2x2_slot_inorder_place_inorder_1_greedy_ver3_grasp_ver3,20260312184609,53,2630.0,0.015625
2x2_slot_inorder_place_inorder_1_greedy_ver3_grasp_ver3,20260312184621,30,1578.0,0.0
2x2_slot_inorder_place_inorder_1_greedy_ver3_grasp_ver3,20260312184629,6,298.0,0.0
2x2_slot_inorder_place_inorder_1_greedy_ver3_grasp_ver3,20260312184633,8,442.0,0.015625
2x2_slot_inorder_place_inorder_1_greedy_ver3_grasp_ver3,20260312184636,15,733.0,0.0
2x2_slot_inorder_place_inorder_1_greedy_ver3_grasp_ver3,20260312184641,4,316.0,0.0
2x2_slot_inorder_place_inorder_1_greedy_ver3_grasp_ver3,20260312184642,8,378.0,0.0
2x2_slot_inorder_place_inorder_1_greedy_ver3_grasp_ver3,20260312184645,8,530.0,0.0
2x2_slot_inorder_place_inorder_1_greedy_ver3_grasp_ver3,20260312184648,7,448.0,0.0
2x2_slot_inorder_place_inorder_1_greedy_ver3_grasp_ver3,20260312184651,7,454.0,0.0
2x2_slot_inorder_place_inorder_1_greedy_ver3_grasp_ver3,20260312184654,2,262.0,0.0
2x2_slot_inorder_place_inorder_1_greedy_ver3_grasp_ver3,20260312184657,12,542.0,0.0
2x2_slot_inorder_place_inorder_1_greedy_ver3_grasp_ver3,20260312184701,7,444.0,0.015625
2x2_slot_inorder_place_inorder_1_greedy_ver3_grasp_ver3,20260312184705,11,611.0,0.0
2x2_slot_inorder_place_inorder_1_greedy_ver3_grasp_ver3,20260312184708,18,854.0,0.0
2x2_slot_inorder_place_inorder_1_greedy_ver3_grasp_ver3,20260312184711,2,284.0,0.0
2x2_slot_inorder_place_inorder_1_greedy_ver3_grasp_ver3,20260312184713,13,793.0,0.0
2x2_slot_inorder_place_inorder_1_greedy_ver3_grasp_ver3,20260312184718,2,254.0,0.0
2x2_slot_inorder_place_inorder_1_greedy_ver3_grasp_ver3,20260312184720,8,522.0,0.0
2x2_slot_inorder_place_inorder_1_greedy_ver3_grasp_ver3,20260312184725,8,612.0,0.0
2x2_slot_inorder_place_inorder_1_greedy_ver3_grasp_ver3,20260312184730,9,626.0,0.0
2x2_slot_inorder_place_inorder_1_greedy_ver3_grasp_ver3,20260312184734,7,536.0,0.0
2x2_slot_inorder_place_inorder_1_greedy_ver3_grasp_ver3,20260312184738,12,561.0,0.0
2x2_slot_inorder_place_inorder_1_greedy_ver3_grasp_ver3,20260312184742,14,627.0,0.0
2x2_slot_inorder_place_inorder_1_greedy_ver3_grasp_ver3,20260312184743,14,1061.0,0.0
2x2_slot_inorder_place_inorder_1_greedy_ver3_grasp_ver3,20260312184746,17,819.0,0.0
2x2_slot_inorder_place_inorder_1_greedy_ver3_grasp_ver3,20260312184752,10,534.0,0.0
2x2_slot_inorder_place_inorder_1_greedy_ver3_grasp_ver3,20260312184756,9,802.0,0.0
2x2_slot_inorder_place_inorder_1_greedy_ver3_grasp_ver3,20260312184759,11,582.0,0.0
2x2_slot_inorder_place_inorder_1_greedy_ver3_grasp_ver3,20260312184803,12,767.0,0.0
2x2_slot_inorder_place_inorder_1_greedy_ver3_grasp_ver3,20260312184807,9,622.0,0.0
2x2_slot_inorder_place_inorder_1_greedy_ver3_grasp_ver3,20260312184810,14,735.0,0.0
2x2_slot_inorder_place_inorder_1_greedy_ver3_grasp_ver3,20260312184813,27,3890.0,0.0
2x2_slot_inorder_place_inorder_1_greedy_ver3_grasp_ver3,20260312184815,8,490.0,0.0
2x2_slot_inorder_place_inorder_1_greedy_ver3_grasp_ver3,20260312184818,8,538.0,0.0
2x2_slot_inorder_place_inorder_1_greedy_ver3_grasp_ver3,20260312184821,7,432.0,0.0
2x2_slot_inorder_place_inorder_1_greedy_ver3_grasp_ver3,20260312184824,7,426.0,0.0
2x2_slot_inorder_place_inorder_1_greedy_ver3_grasp_ver3,20260312184827,13,731.0,0.015625
2x2_slot_inorder_place_inorder_1_greedy_ver3_grasp_ver3,20260312184832,8,406.0,0.0
2x2_slot_inorder_place_inorder_1_greedy_ver3_grasp_ver3,20260312184835,10,478.0,0.015625
2x2_slot_inorder_place_inorder_1_greedy_ver3_grasp_ver3,20260312184839,12,745.0,0.0
2x2_slot_inorder_place_inorder_1_greedy_ver3_grasp_ver3,20260312184843,25,1113.0,0.0
2x2_slot_inorder_place_inorder_1_greedy_ver3_grasp_ver3,20260312184846,5,394.0,0.0
2x2_slot_inorder_place_inorder_1_greedy_ver3_grasp_ver3,20260312184848,10,608.0,0.0
2x2_slot_inorder_place_inorder_1_greedy_ver3_grasp_ver3,20260312184852,12,489.0,0.0
2x2_slot_inorder_place_inorder_1_greedy_ver3_grasp_ver3,20260312184856,13,791.0,0.0
2x2_slot_inorder_place_inorder_1_greedy_ver3_grasp_ver3,20260312184900,7,582.0,0.0
2x2_slot_inorder_place_inorder_1_greedy_ver3_grasp_ver3,20260312184903,15,733.0,0.0
2x2_slot_inorder_place_inorder_1_greedy_ver3_grasp_ver3,20260312184908,20,1067.0,0.0
2x2_slot_inorder_place_inorder_1_greedy_ver3_grasp_ver3,20260312184912,13,615.0,0.0
2x2_slot_inorder_place_inorder_1_greedy_ver3_grasp_ver3,20260312184914,17,941.0,0.0
2x2_slot_inorder_place_inorder_1_greedy_ver3_grasp_ver3,20260312184917,11,679.0,0.0
2x2_slot_inorder_place_inorder_1_greedy_ver3_grasp_ver3,20260312184921,10,504.0,0.0
2x2_slot_inorder_place_inorder_1_greedy_ver3_grasp_ver3,20260312184925,11,562.0,0.0
2x2_slot_inorder_place_inorder_1_greedy_ver3_grasp_ver3,20260312184929,13,781.0,0.0
2x2_slot_inorder_place_inorder_1_greedy_ver3_grasp_ver3,20260312184933,14,769.0,0.0
2x2_slot_inorder_place_inorder_1_greedy_ver3_grasp_ver3,20260312184937,5,404.0,0.0
2x2_slot_inorder_place_inorder_1_greedy_ver3_grasp_ver3,20260312184940,7,534.0,0.0
2x2_slot_inorder_place_inorder_1_greedy_ver3_grasp_ver3,20260312184943,11,676.0,0.0
2x2_slot_inorder_place_inorder_1_greedy_ver3_grasp_ver3,20260312184946,8,486.0,0.015625
2x2_slot_inorder_place_inorder_1_greedy_ver3_grasp_ver3,20260312184951,17,841.0,0.0
2x2_slot_inorder_place_inorder_1_greedy_ver3_grasp_ver3,20260312184957,11,795.0,0.0
2x2_slot_inorder_place_inorder_1_greedy_ver3_grasp_ver3,20260312185001,6,338.0,0.0
2x2_slot_inorder_place_inorder_1_greedy_ver3_grasp_ver3,20260312185005,7,444.0,0.0
2x2_slot_inorder_place_inorder_1_greedy_ver3_grasp_ver3,20260312185008,52,2505.0,0.0
2x2_slot_inorder_place_inorder_1_greedy_ver3_grasp_ver3,20260312185015,12,896.0,0.0
2x2_slot_inorder_place_inorder_1_greedy_ver3_grasp_ver3,20260312185021,7,548.0,0.0
2x2_slot_inorder_place_inorder_1_greedy_ver3_grasp_ver3,20260312185024,15,969.0,0.0
2x2_slot_inorder_place_inorder_1_greedy_ver3_grasp_ver3,20260312185028,14,691.0,0.015625
2x2_slot_inorder_place_inorder_1_greedy_ver3_grasp_ver3,20260312185032,9,368.0,0.0
2x2_slot_inorder_place_inorder_1_greedy_ver3_grasp_ver3,20260312185036,12,675.0,0.0
2x2_slot_inorder_place_inorder_1_greedy_ver3_grasp_ver3,20260312185041,20,1111.0,0.0
2x2_slot_inorder_place_inorder_1_greedy_ver3_grasp_ver3,20260312185046,8,530.0,0.0
2x2_slot_inorder_place_inorder_1_greedy_ver3_grasp_ver3,20260312185047,18,983.0,0.0
2x2_slot_inorder_place_inorder_1_greedy_ver3_grasp_ver3,20260312185054,19,1195.0,0.0
2x2_slot_inorder_place_inorder_1_greedy_ver3_grasp_ver3,20260312185100,5,392.0,0.0
2x2_slot_inorder_place_inorder_1_greedy_ver3_grasp_ver3,20260312185102,12,582.0,0.0
2x2_slot_inorder_place_inorder_1_greedy_ver3_grasp_ver3,20260312185107,7,550.0,0.0
2x2_slot_inorder_place_inorder_1_greedy_ver3_grasp_ver3,20260312185110,15,662.0,0.0
2x2_slot_inorder_place_inorder_1_greedy_ver3_grasp_ver3,20260312185115,5,404.0,0.0
2x2_slot_inorder_place_inorder_1_greedy_ver3_grasp_ver3,20260312185116,14,757.0,0.0
2x2_slot_inorder_place_inorder_1_greedy_ver3_grasp_ver3,20260312185120,23,1311.0,0.0
2x2_slot_inorder_place_inorder_1_greedy_ver3_grasp_ver3,20260312185124,16,933.0,0.0
2x2_slot_inorder_place_inorder_1_greedy_ver3_grasp_ver3,20260312185129,5,394.0,0.0
2x2_slot_inorder_place_inorder_1_greedy_ver3_grasp_ver3,20260312185132,11,768.0,0.015625
2x2_slot_inorder_place_inorder_1_greedy_ver3_grasp_ver3,20260312185135,8,484.0,0.0
2x2_slot_inorder_place_inorder_1_greedy_ver3_grasp_ver3,20260312185139,10,634.0,0.0
2x2_slot_inorder_place_inorder_1_greedy_ver3_grasp_ver3,20260312185142,11,715.0,0.0
2x2_slot_inorder_place_inorder_1_greedy_ver3_grasp_ver3,20260312185145,7,564.0,0.0
2x2_slot_inorder_place_inorder_1_greedy_ver3_grasp_ver3,20260312185146,10,512.0,0.0
2x2_slot_inorder_place_inorder_1_greedy_ver3_grasp_ver3,20260312185150,13,707.0,0.0
2x2_slot_inorder_place_inorder_1_greedy_ver3_grasp_ver3,20260312185154,7,510.0,0.0
2x2_slot_inorder_place_inorder_1_greedy_ver3_grasp_ver3,20260312185158,10,526.0,0.0
2x2_slot_inorder_place_inorder_1_greedy_ver3_grasp_ver3,20260312185202,2,254.0,0.015625
2x2_slot_inorder_place_inorder_1_greedy_ver3_grasp_ver3,20260312185204,14,867.0,0.0
2x2_slot_inorder_place_inorder_1_greedy_ver3_grasp_ver3,20260312185208,2,184.0,0.0
2x2_slot_inorder_place_inorder_1_greedy_ver3_grasp_ver3,20260312185210,12,694.0,0.0
2x2_slot_inorder_place_inorder_1_greedy_ver3_grasp_ver3,20260312185215,5,394.0,0.0
2x2_slot_inorder_place_inorder_1_greedy_ver3_grasp_ver3,20260312185217,10,562.0,0.0
2x2_slot_inorder_place_inorder_1_greedy_ver3_grasp_ver3,20260312185221,14,779.0,0.0
2x2_slot_inorder_place_inorder_1_greedy_ver3_grasp_ver3,20260312185226,9,626.0,0.0
2x2_slot_inorder_place_inorder_1_greedy_ver3_grasp_ver3,20260312185229,17,819.0,0.0
2x2_slot_inorder_place_inorder_1_greedy_ver3_grasp_ver3,20260312185234,15,695.0,0.0
2x2_slot_inorder_place_inorder_1_greedy_ver3_grasp_ver3,20260312185238,8,500.0,0.0
2x2_slot_inorder_place_inorder_1_greedy_ver3_grasp_ver3,20260312185242,12,727.0,0.0
2x2_slot_inorder_place_inorder_1_greedy_ver3_grasp_ver3,20260312185246,13,845.0,0.015625
2x2_slot_inorder_place_inorder_1_greedy_ver3_grasp_ver3,20260312185249,12,758.0,0.0
2x2_slot_inorder_place_inorder_1_greedy_ver3_grasp_ver3,20260312185254,11,562.0,0.0
2x2_slot_inorder_place_inorder_1_greedy_ver3_grasp_ver3,20260312185258,5,394.0,0.0
2x2_slot_inorder_place_inorder_1_greedy_ver3_grasp_ver3,20260312185300,12,643.0,0.0
2x2_slot_inorder_place_inorder_1_greedy_ver3_grasp_ver3,20260312185304,15,818.0,0.0
2x2_slot_inorder_place_inorder_1_greedy_ver3_grasp_ver3,20260312185309,5,394.0,0.0
2x2_slot_inorder_place_inorder_1_greedy_ver3_grasp_ver3,20260312185311,13,613.0,0.0
2x2_slot_inorder_place_inorder_1_greedy_ver3_grasp_ver3,20260312185315,5,306.0,0.0
2x2_slot_inorder_place_inorder_1_greedy_ver3_grasp_ver3,20260312185319,22,1297.0,0.0
2x2_slot_inorder_place_inorder_1_greedy_ver3_grasp_ver3,20260312185321,12,578.0,0.0
2x2_slot_inorder_place_inorder_1_greedy_ver3_grasp_ver3,20260312185326,5,402.0,0.0
2x2_slot_inorder_place_inorder_1_greedy_ver3_grasp_ver3,20260312185328,15,773.0,0.015625
2x2_slot_inorder_place_inorder_1_greedy_ver3_grasp_ver3,20260312185333,10,662.0,0.0
2x2_slot_inorder_place_inorder_1_greedy_ver3_grasp_ver3,20260312185337,10,522.0,0.0
2x2_slot_inorder_place_inorder_1_greedy_ver3_grasp_ver3,20260312185341,14,793.0,0.0
2x2_slot_inorder_place_inorder_1_greedy_ver3_grasp_ver3,20260312185346,5,404.0,0.0
2x2_slot_inorder_place_inorder_1_greedy_ver3_grasp_ver3,20260312185348,16,1093.0,0.0
2x2_slot_inorder_place_inorder_1_greedy_ver3_grasp_ver3,20260312185350,17,1029.0,0.0
2x2_slot_inorder_place_inorder_1_greedy_ver3_grasp_ver3,20260312185356,10,524.0,0.0
2x2_slot_inorder_place_inorder_1_greedy_ver3_grasp_ver3,20260312185400,15,807.0,0.0
2x2_slot_inorder_place_inorder_1_greedy_ver3_grasp_ver3,20260312185405,13,699.0,0.0
2x2_slot_inorder_place_inorder_1_greedy_ver3_grasp_ver3,20260312185409,15,837.0,0.0
2x2_slot_inorder_place_inorder_1_greedy_ver3_grasp_ver3,20260312185413,4,318.0,0.0
2x2_slot_inorder_place_inorder_1_greedy_ver3_grasp_ver3,20260312185416,8,540.0,0.0
2x2_slot_inorder_place_inorder_1_greedy_ver3_grasp_ver3,20260312185419,17,933.0,0.0
2x2_slot_inorder_place_inorder_1_greedy_ver3_grasp_ver3,20260312185421,4,276.0,0.0
2x2_slot_inorder_place_inorder_1_greedy_ver3_grasp_ver3,20260312185424,8,602.0,0.0
2x2_slot_inorder_place_inorder_1_greedy_ver3_grasp_ver3,20260312185427,15,771.0,0.0
2x2_slot_inorder_place_inorder_1_greedy_ver3_grasp_ver3,20260312185432,8,552.0,0.0
2x2_slot_inorder_place_inorder_1_greedy_ver3_grasp_ver3,20260312185437,20,1215.0,0.0
2x2_slot_inorder_place_inorder_1_greedy_ver3_grasp_ver3,20260312185444,6,336.0,0.0
2x2_slot_inorder_place_inorder_1_greedy_ver3_grasp_ver3,20260312185448,2,264.0,0.0
2x2_slot_inorder_place_inorder_1_greedy_ver3_grasp_ver3,20260312185450,22,1015.0,0.0
2x2_slot_inorder_place_inorder_1_greedy_ver3_grasp_ver3,20260312185452,13,696.0,0.0
2x2_slot_inorder_place_inorder_1_greedy_ver3_grasp_ver3,20260312185456,7,448.0,0.0
2x2_slot_inorder_place_inorder_1_greedy_ver3_grasp_ver3,20260312185459,9,546.0,0.0
2x2_slot_inorder_place_inorder_1_greedy_ver3_grasp_ver3,20260312185503,22,1251.0,0.0
2x2_slot_inorder_place_inorder_1_greedy_ver3_grasp_ver3,20260312185509,4,302.0,0.015625
2x2_slot_inorder_place_inorder_1_greedy_ver3_grasp_ver3,20260312185512,4,304.0,0.0
2x2_slot_inorder_place_inorder_1_greedy_ver3_grasp_ver3,20260312185515,10,662.0,0.0
2x2_slot_inorder_place_inorder_1_greedy_ver3_grasp_ver3,20260312185518,15,747.0,0.0
2x2_slot_inorder_place_inorder_1_greedy_ver3_grasp_ver3,20260312185521,23,1377.0,0.0
2x2_slot_inorder_place_inorder_1_greedy_ver3_grasp_ver3,20260312185524,15,719.0,0.0
2x2_slot_inorder_place_inorder_1_greedy_ver3_grasp_ver3,20260312185529,6,468.0,0.0
2x2_slot_inorder_place_inorder_1_greedy_ver3_grasp_ver3,20260312185533,12,526.0,0.0
2x2_slot_inorder_place_inorder_1_greedy_ver3_grasp_ver3,20260312185538,10,574.0,0.0
2x2_slot_inorder_place_inorder_1_greedy_ver3_grasp_ver3,20260312185541,4,288.0,0.0
2x2_slot_inorder_place_inorder_1_greedy_ver3_grasp_ver3,20260312185544,17,893.0,0.0
2x2_slot_inorder_place_inorder_1_greedy_ver3_grasp_ver3,20260312185550,13,673.0,0.0
2x2_slot_inorder_place_inorder_1_greedy_ver3_grasp_ver3,20260312185552,8,602.0,0.0
2x2_slot_inorder_place_inorder_1_greedy_ver3_grasp_ver3,20260312185555,16,959.0,0.0
2x2_slot_inorder_place_inorder_1_greedy_ver3_grasp_ver3,20260312185600,9,558.0,0.0
2x2_slot_inorder_place_inorder_1_greedy_ver3_grasp_ver3,20260312185603,9,532.0,0.0
2x2_slot_inorder_place_inorder_1_greedy_ver3_grasp_ver3,20260312185607,8,552.0,0.0
2x2_slot_inorder_place_inorder_1_greedy_ver3_grasp_ver3,20260312185611,13,721.0,0.0
2x2_slot_inorder_place_inorder_1_greedy_ver3_grasp_ver3,20260312185615,7,528.0,0.015625
2x2_slot_inorder_place_inorder_1_greedy_ver3_grasp_ver3,20260312185618,11,780.0,0.0
2x2_slot_inorder_place_inorder_1_greedy_ver3_grasp_ver3,20260312185622,15,745.0,0.0
2x2_slot_inorder_place_inorder_1_greedy_ver3_grasp_ver3,20260312185625,15,801.0,0.015625
2x2_slot_inorder_place_inorder_1_greedy_ver3_grasp_ver3,20260312185630,13,823.0,0.0
2x2_slot_inorder_place_inorder_1_greedy_ver3_grasp_ver3,20260312185634,6,482.0,0.0
2x2_slot_inorder_place_inorder_1_greedy_ver3_grasp_ver3,20260312185637,6,456.0,0.0
2x2_slot_inorder_place_inorder_1_greedy_ver3_grasp_ver3,20260312185640,12,542.0,0.0
2x2_slot_inorder_place_inorder_1_greedy_ver3_grasp_ver3,20260312185645,7,550.0,0.0
2x2_slot_inorder_place_inorder_1_greedy_ver3_grasp_ver3,20260312185648,15,801.0,0.0
2x2_slot_inorder_place_inorder_1_greedy_ver3_grasp_ver3,20260312185653,22,1149.0,0.0
2x2_slot_inorder_place_inorder_1_greedy_ver3_grasp_ver3,20260312185655,9,772.0,0.0
2x2_slot_inorder_place_inorder_1_greedy_ver3_grasp_ver3,20260312185658,22,1145.0,0.0
2x2_slot_inorder_place_inorder_1_greedy_ver3_grasp_ver3,20260312185703,11,615.0,0.0
2x2_slot_inorder_place_inorder_1_greedy_ver3_grasp_ver3,20260312185706,17,861.0,0.0
2x2_slot_inorder_place_inorder_1_greedy_ver3_grasp_ver3,20260312185712,17,827.0,0.0
2x2_slot_inorder_place_inorder_1_greedy_ver3_grasp_ver3,20260312185716,15,881.0,0.0
2x2_slot_inorder_place_inorder_1_greedy_ver3_grasp_ver3,20260312185721,17,867.0,0.0
2x2_slot_inorder_place_inorder_1_greedy_ver3_grasp_ver3,20260312185725,6,422.0,0.0
2x2_slot_inorder_place_inorder_1_greedy_ver3_grasp_ver3,20260312185728,15,771.0,0.0
2x2_slot_inorder_place_inorder_1_greedy_ver3_grasp_ver3,20260312185733,4,288.0,0.0
2x2_slot_inorder_place_inorder_1_greedy_ver3_grasp_ver3,20260312185736,9,576.0,0.0
2x2_slot_inorder_place_inorder_1_greedy_ver3_grasp_ver3,20260312185740,4,284.0,0.0
2x2_slot_inorder_place_inorder_1_greedy_ver3_grasp_ver3,20260312185743,13,703.0,0.0
2x2_slot_inorder_place_inorder_1_greedy_ver3_grasp_ver3,20260312185748,17,905.0,0.0
2x2_slot_inorder_place_inorder_1_greedy_ver3_grasp_ver3,20260312185754,8,468.0,0.0
2x2_slot_inorder_place_inorder_1_greedy_ver3_grasp_ver3,20260312185755,14,669.0,0.0
2x2_slot_inorder_place_inorder_1_greedy_ver3_greedy_ver3,20260312184549,8,520.0,0.0
2x2_slot_inorder_place_inorder_1_greedy_ver3_greedy_ver3,20260312184552,10,600.0,0.0
2x2_slot_inorder_place_inorder_1_greedy_ver3_greedy_ver3,20260312184555,2,176.0,0.015625
2x2_slot_inorder_place_inorder_1_greedy_ver3_greedy_ver3,20260312184558,13,799.0,0.0
2x2_slot_inorder_place_inorder_1_greedy_ver3_greedy_ver3,20260312184601,10,560.0,0.0
2x2_slot_inorder_place_inorder_1_greedy_ver3_greedy_ver3,20260312184605,10,582.0,0.0
2x2_slot_inorder_place_inorder_1_greedy_ver3_greedy_ver3,20260312184608,2,208.0,0.0
2x2_slot_inorder_place_inorder_1_greedy_ver3_greedy_ver3,20260312184614,55,2773.0,0.0
2x2_slot_inorder_place_inorder_1_greedy_ver3_greedy_ver3,20260312184625,30,1668.0,0.0
2x2_slot_inorder_place_inorder_1_greedy_ver3_greedy_ver3,20260312184631,6,328.0,0.0
2x2_slot_inorder_place_inorder_1_greedy_ver3_greedy_ver3,20260312184635,8,362.0,0.0
2x2_slot_inorder_place_inorder_1_greedy_ver3_greedy_ver3,20260312184639,14,697.0,0.0
2x2_slot_inorder_place_inorder_1_greedy_ver3_greedy_ver3,20260312184641,4,316.0,0.0
2x2_slot_inorder_place_inorder_1_greedy_ver3_greedy_ver3,20260312184643,8,522.0,0.0
2x2_slot_inorder_place_inorder_1_greedy_ver3_greedy_ver3,20260312184646,8,378.0,0.0
2x2_slot_inorder_place_inorder_1_greedy_ver3_greedy_ver3,20260312184649,6,400.0,0.0
2x2_slot_inorder_place_inorder_1_greedy_ver3_greedy_ver3,20260312184652,10,476.0,0.0
2x2_slot_inorder_place_inorder_1_greedy_ver3_greedy_ver3,20260312184655,2,172.0,0.0
2x2_slot_inorder_place_inorder_1_greedy_ver3_greedy_ver3,20260312184659,12,592.0,0.0
2x2_slot_inorder_place_inorder_1_greedy_ver3_greedy_ver3,20260312184703,6,334.0,0.0
2x2_slot_inorder_place_inorder_1_greedy_ver3_greedy_ver3,20260312184706,14,667.0,0.0
2x2_slot_inorder_place_inorder_1_greedy_ver3_greedy_ver3,20260312184710,18,893.0,0.0
2x2_slot_inorder_place_inorder_1_greedy_ver3_greedy_ver3,20260312184712,2,314.0,0.0
2x2_slot_inorder_place_inorder_1_greedy_ver3_greedy_ver3,20260312184715,16,765.0,0.0
2x2_slot_inorder_place_inorder_1_greedy_ver3_greedy_ver3,20260312184719,2,204.0,0.0
2x2_slot_inorder_place_inorder_1_greedy_ver3_greedy_ver3,20260312184722,8,622.0,0.0
2x2_slot_inorder_place_inorder_1_greedy_ver3_greedy_ver3,20260312184727,8,642.0,0.0
2x2_slot_inorder_place_inorder_1_greedy_ver3_greedy_ver3,20260312184732,10,498.0,0.0
2x2_slot_inorder_place_inorder_1_greedy_ver3_greedy_ver3,20260312184736,10,578.0,0.0
2x2_slot_inorder_place_inorder_1_greedy_ver3_greedy_ver3,20260312184740,12,611.0,0.0
2x2_slot_inorder_place_inorder_1_greedy_ver3_greedy_ver3,20260312184743,14,1061.0,0.0
2x2_slot_inorder_place_inorder_1_greedy_ver3_greedy_ver3,20260312184744,5,570.0,0.0
2x2_slot_inorder_place_inorder_1_greedy_ver3_greedy_ver3,20260312184749,16,771.0,0.0
2x2_slot_inorder_place_inorder_1_greedy_ver3_greedy_ver3,20260312184754,10,608.0,0.0
2x2_slot_inorder_place_inorder_1_greedy_ver3_greedy_ver3,20260312184757,9,832.0,0.0
2x2_slot_inorder_place_inorder_1_greedy_ver3_greedy_ver3,20260312184801,11,606.0,0.0
2x2_slot_inorder_place_inorder_1_greedy_ver3_greedy_ver3,20260312184805,12,737.0,0.015625
2x2_slot_inorder_place_inorder_1_greedy_ver3_greedy_ver3,20260312184808,15,877.0,0.0
2x2_slot_inorder_place_inorder_1_greedy_ver3_greedy_ver3,20260312184811,13,705.0,0.0
2x2_slot_inorder_place_inorder_1_greedy_ver3_greedy_ver3,20260312184813,27,3890.0,0.0
2x2_slot_inorder_place_inorder_1_greedy_ver3_greedy_ver3,20260312184816,8,530.0,0.0
2x2_slot_inorder_place_inorder_1_greedy_ver3_greedy_ver3,20260312184819,8,380.0,0.0
2x2_slot_inorder_place_inorder_1_greedy_ver3_greedy_ver3,20260312184823,6,322.0,0.0
2x2_slot_inorder_place_inorder_1_greedy_ver3_greedy_ver3,20260312184826,6,462.0,0.0
2x2_slot_inorder_place_inorder_1_greedy_ver3_greedy_ver3,20260312184829,16,767.0,0.0
2x2_slot_inorder_place_inorder_1_greedy_ver3_greedy_ver3,20260312184833,8,460.0,0.0
2x2_slot_inorder_place_inorder_1_greedy_ver3_greedy_ver3,20260312184837,10,572.0,0.0
2x2_slot_inorder_place_inorder_1_greedy_ver3_greedy_ver3,20260312184841,12,567.0,0.0
2x2_slot_inorder_place_inorder_1_greedy_ver3_greedy_ver3,20260312184843,25,1113.0,0.0
2x2_slot_inorder_place_inorder_1_greedy_ver3_greedy_ver3,20260312184847,4,244.0,0.0
2x2_slot_inorder_place_inorder_1_greedy_ver3_greedy_ver3,20260312184850,10,588.0,0.0
2x2_slot_inorder_place_inorder_1_greedy_ver3_greedy_ver3,20260312184854,12,583.0,0.0
2x2_slot_inorder_place_inorder_1_greedy_ver3_greedy_ver3,20260312184858,12,559.0,0.0
2x2_slot_inorder_place_inorder_1_greedy_ver3_greedy_ver3,20260312184902,6,402.0,0.0
2x2_slot_inorder_place_inorder_1_greedy_ver3_greedy_ver3,20260312184906,14,733.0,0.0
2x2_slot_inorder_place_inorder_1_greedy_ver3_greedy_ver3,20260312184910,20,1035.0,0.015625
2x2_slot_inorder_place_inorder_1_greedy_ver3_greedy_ver3,20260312184914,17,941.0,0.0
2x2_slot_inorder_place_inorder_1_greedy_ver3_greedy_ver3,20260312184916,8,450.0,0.0
2x2_slot_inorder_place_inorder_1_greedy_ver3_greedy_ver3,20260312184919,14,719.0,0.0
2x2_slot_inorder_place_inorder_1_greedy_ver3_greedy_ver3,20260312184923,10,554.0,0.0
2x2_slot_inorder_place_inorder_1_greedy_ver3_greedy_ver3,20260312184927,11,586.0,0.0
2x2_slot_inorder_place_inorder_1_greedy_ver3_greedy_ver3,20260312184930,12,731.0,0.015625
2x2_slot_inorder_place_inorder_1_greedy_ver3_greedy_ver3,20260312184935,14,647.0,0.0
2x2_slot_inorder_place_inorder_1_greedy_ver3_greedy_ver3,20260312184938,4,254.0,0.0
2x2_slot_inorder_place_inorder_1_greedy_ver3_greedy_ver3,20260312184941,6,474.0,0.0
2x2_slot_inorder_place_inorder_1_greedy_ver3_greedy_ver3,20260312184945,10,496.0,0.0
2x2_slot_inorder_place_inorder_1_greedy_ver3_greedy_ver3,20260312184948,10,570.0,0.0
2x2_slot_inorder_place_inorder_1_greedy_ver3_greedy_ver3,20260312184954,18,881.0,0.0
2x2_slot_inorder_place_inorder_1_greedy_ver3_greedy_ver3,20260312184959,18,1085.0,0.0
2x2_slot_inorder_place_inorder_1_greedy_ver3_greedy_ver3,20260312185003,6,282.0,0.0
2x2_slot_inorder_place_inorder_1_greedy_ver3_greedy_ver3,20260312185006,10,536.0,0.0
2x2_slot_inorder_place_inorder_1_greedy_ver3_greedy_ver3,20260312185013,57,2742.0,0.0
2x2_slot_inorder_place_inorder_1_greedy_ver3_greedy_ver3,20260312185018,14,761.0,0.0
2x2_slot_inorder_place_inorder_1_greedy_ver3_greedy_ver3,20260312185022,6,334.0,0.0
2x2_slot_inorder_place_inorder_1_greedy_ver3_greedy_ver3,20260312185026,15,893.0,0.0
2x2_slot_inorder_place_inorder_1_greedy_ver3_greedy_ver3,20260312185030,14,835.0,0.0
2x2_slot_inorder_place_inorder_1_greedy_ver3_greedy_ver3,20260312185034,14,781.0,0.0
2x2_slot_inorder_place_inorder_1_greedy_ver3_greedy_ver3,20260312185038,14,806.0,0.0
2x2_slot_inorder_place_inorder_1_greedy_ver3_greedy_ver3,20260312185043,20,1123.0,0.0
2x2_slot_inorder_place_inorder_1_greedy_ver3_greedy_ver3,20260312185045,10,566.0,0.0
2x2_slot_inorder_place_inorder_1_greedy_ver3_greedy_ver3,20260312185051,18,1205.0,0.015625
2x2_slot_inorder_place_inorder_1_greedy_ver3_greedy_ver3,20260312185057,22,1201.0,0.0
2x2_slot_inorder_place_inorder_1_greedy_ver3_greedy_ver3,20260312185101,4,242.0,0.0
2x2_slot_inorder_place_inorder_1_greedy_ver3_greedy_ver3,20260312185105,12,618.0,0.0
2x2_slot_inorder_place_inorder_1_greedy_ver3_greedy_ver3,20260312185109,6,410.0,0.0
2x2_slot_inorder_place_inorder_1_greedy_ver3_greedy_ver3,20260312185113,14,647.0,0.0
2x2_slot_inorder_place_inorder_1_greedy_ver3_greedy_ver3,20260312185116,14,757.0,0.0
2x2_slot_inorder_place_inorder_1_greedy_ver3_greedy_ver3,20260312185117,12,607.0,0.0
2x2_slot_inorder_place_inorder_1_greedy_ver3_greedy_ver3,20260312185122,22,1245.0,0.0
2x2_slot_inorder_place_inorder_1_greedy_ver3_greedy_ver3,20260312185127,14,653.0,0.0
2x2_slot_inorder_place_inorder_1_greedy_ver3_greedy_ver3,20260312185130,4,244.0,0.0
2x2_slot_inorder_place_inorder_1_greedy_ver3_greedy_ver3,20260312185133,11,674.0,0.0
2x2_slot_inorder_place_inorder_1_greedy_ver3_greedy_ver3,20260312185137,8,428.0,0.0
2x2_slot_inorder_place_inorder_1_greedy_ver3_greedy_ver3,20260312185140,18,1015.0,0.0
2x2_slot_inorder_place_inorder_1_greedy_ver3_greedy_ver3,20260312185144,11,715.0,0.015625
2x2_slot_inorder_place_inorder_1_greedy_ver3_greedy_ver3,20260312185147,6,424.0,0.0
2x2_slot_inorder_place_inorder_1_greedy_ver3_greedy_ver3,20260312185148,10,552.0,0.015625
2x2_slot_inorder_place_inorder_1_greedy_ver3_greedy_ver3,20260312185152,12,607.0,0.0
2x2_slot_inorder_place_inorder_1_greedy_ver3_greedy_ver3,20260312185156,10,552.0,0.0
2x2_slot_inorder_place_inorder_1_greedy_ver3_greedy_ver3,20260312185200,10,574.0,0.0
2x2_slot_inorder_place_inorder_1_greedy_ver3_greedy_ver3,20260312185203,2,204.0,0.0
2x2_slot_inorder_place_inorder_1_greedy_ver3_greedy_ver3,20260312185206,14,683.0,0.0
2x2_slot_inorder_place_inorder_1_greedy_ver3_greedy_ver3,20260312185209,2,194.0,0.0
2x2_slot_inorder_place_inorder_1_greedy_ver3_greedy_ver3,20260312185213,12,796.0,0.0
2x2_slot_inorder_place_inorder_1_greedy_ver3_greedy_ver3,20260312185216,4,244.0,0.0
2x2_slot_inorder_place_inorder_1_greedy_ver3_greedy_ver3,20260312185218,13,890.0,0.0
2x2_slot_inorder_place_inorder_1_greedy_ver3_greedy_ver3,20260312185223,14,703.0,0.0
2x2_slot_inorder_place_inorder_1_greedy_ver3_greedy_ver3,20260312185227,9,542.0,0.0
2x2_slot_inorder_place_inorder_1_greedy_ver3_greedy_ver3,20260312185232,16,751.0,0.0
2x2_slot_inorder_place_inorder_1_greedy_ver3_greedy_ver3,20260312185236,15,765.0,0.0
2x2_slot_inorder_place_inorder_1_greedy_ver3_greedy_ver3,20260312185240,8,368.0,0.0
2x2_slot_inorder_place_inorder_1_greedy_ver3_greedy_ver3,20260312185243,15,955.0,0.0
2x2_slot_inorder_place_inorder_1_greedy_ver3_greedy_ver3,20260312185248,16,767.0,0.0
2x2_slot_inorder_place_inorder_1_greedy_ver3_greedy_ver3,20260312185251,15,949.0,0.0
2x2_slot_inorder_place_inorder_1_greedy_ver3_greedy_ver3,20260312185256,11,690.0,0.0
2x2_slot_inorder_place_inorder_1_greedy_ver3_greedy_ver3,20260312185259,4,244.0,0.0
2x2_slot_inorder_place_inorder_1_greedy_ver3_greedy_ver3,20260312185302,12,701.0,0.015625
2x2_slot_inorder_place_inorder_1_greedy_ver3_greedy_ver3,20260312185307,14,783.0,0.0
2x2_slot_inorder_place_inorder_1_greedy_ver3_greedy_ver3,20260312185310,4,244.0,0.0
2x2_slot_inorder_place_inorder_1_greedy_ver3_greedy_ver3,20260312185313,12,637.0,0.0
2x2_slot_inorder_place_inorder_1_greedy_ver3_greedy_ver3,20260312185317,5,308.0,0.0
2x2_slot_inorder_place_inorder_1_greedy_ver3_greedy_ver3,20260312185319,22,1297.0,0.015625
2x2_slot_inorder_place_inorder_1_greedy_ver3_greedy_ver3,20260312185323,12,580.0,0.0
2x2_slot_inorder_place_inorder_1_greedy_ver3_greedy_ver3,20260312185327,4,252.0,0.0
2x2_slot_inorder_place_inorder_1_greedy_ver3_greedy_ver3,20260312185330,14,693.0,0.0
2x2_slot_inorder_place_inorder_1_greedy_ver3_greedy_ver3,20260312185335,10,594.0,0.015625
2x2_slot_inorder_place_inorder_1_greedy_ver3_greedy_ver3,20260312185339,10,564.0,0.0
2x2_slot_inorder_place_inorder_1_greedy_ver3_greedy_ver3,20260312185343,14,643.0,0.0
2x2_slot_inorder_place_inorder_1_greedy_ver3_greedy_ver3,20260312185347,4,254.0,0.0
2x2_slot_inorder_place_inorder_1_greedy_ver3_greedy_ver3,20260312185348,16,1093.0,0.0
2x2_slot_inorder_place_inorder_1_greedy_ver3_greedy_ver3,20260312185353,16,819.0,0.0
2x2_slot_inorder_place_inorder_1_greedy_ver3_greedy_ver3,20260312185358,10,452.0,0.0
2x2_slot_inorder_place_inorder_1_greedy_ver3_greedy_ver3,20260312185402,14,727.0,0.0
2x2_slot_inorder_place_inorder_1_greedy_ver3_greedy_ver3,20260312185407,12,603.0,0.0
2x2_slot_inorder_place_inorder_1_greedy_ver3_greedy_ver3,20260312185411,15,827.0,0.0
2x2_slot_inorder_place_inorder_1_greedy_ver3_greedy_ver3,20260312185414,4,348.0,0.0
2x2_slot_inorder_place_inorder_1_greedy_ver3_greedy_ver3,20260312185417,8,460.0,0.015625
2x2_slot_inorder_place_inorder_1_greedy_ver3_greedy_ver3,20260312185419,17,933.0,0.0
2x2_slot_inorder_place_inorder_1_greedy_ver3_greedy_ver3,20260312185422,4,284.0,0.0
2x2_slot_inorder_place_inorder_1_greedy_ver3_greedy_ver3,20260312185426,7,542.0,0.015625
2x2_slot_inorder_place_inorder_1_greedy_ver3_greedy_ver3,20260312185430,14,741.0,0.015625
2x2_slot_inorder_place_inorder_1_greedy_ver3_greedy_ver3,20260312185434,14,875.0,0.0
2x2_slot_inorder_place_inorder_1_greedy_ver3_greedy_ver3,20260312185440,26,1515.0,0.015625
2x2_slot_inorder_place_inorder_1_greedy_ver3_greedy_ver3,20260312185446,6,286.0,0.0
2x2_slot_inorder_place_inorder_1_greedy_ver3_greedy_ver3,20260312185449,2,174.0,0.0
2x2_slot_inorder_place_inorder_1_greedy_ver3_greedy_ver3,20260312185450,22,1015.0,0.0
2x2_slot_inorder_place_inorder_1_greedy_ver3_greedy_ver3,20260312185454,12,673.0,0.0
2x2_slot_inorder_place_inorder_1_greedy_ver3_greedy_ver3,20260312185457,6,428.0,0.0
2x2_slot_inorder_place_inorder_1_greedy_ver3_greedy_ver3,20260312185501,8,412.0,0.0
2x2_slot_inorder_place_inorder_1_greedy_ver3_greedy_ver3,20260312185506,22,1127.0,0.015625
2x2_slot_inorder_place_inorder_1_greedy_ver3_greedy_ver3,20260312185510,4,212.0,0.0
2x2_slot_inorder_place_inorder_1_greedy_ver3_greedy_ver3,20260312185513,4,254.0,0.0
2x2_slot_inorder_place_inorder_1_greedy_ver3_greedy_ver3,20260312185517,10,752.0,0.0
2x2_slot_inorder_place_inorder_1_greedy_ver3_greedy_ver3,20260312185521,23,1377.0,0.0
2x2_slot_inorder_place_inorder_1_greedy_ver3_greedy_ver3,20260312185523,9,740.0,0.0
2x2_slot_inorder_place_inorder_1_greedy_ver3_greedy_ver3,20260312185527,14,721.0,0.015625
2x2_slot_inorder_place_inorder_1_greedy_ver3_greedy_ver3,20260312185531,10,602.0,0.0
2x2_slot_inorder_place_inorder_1_greedy_ver3_greedy_ver3,20260312185535,12,576.0,0.0
2x2_slot_inorder_place_inorder_1_greedy_ver3_greedy_ver3,20260312185539,10,718.0,0.0
2x2_slot_inorder_place_inorder_1_greedy_ver3_greedy_ver3,20260312185542,4,238.0,0.0
2x2_slot_inorder_place_inorder_1_greedy_ver3_greedy_ver3,20260312185547,16,823.0,0.0
2x2_slot_inorder_place_inorder_1_greedy_ver3_greedy_ver3,20260312185551,12,637.0,0.0
2x2_slot_inorder_place_inorder_1_greedy_ver3_greedy_ver3,20260312185553,8,472.0,0.0
2x2_slot_inorder_place_inorder_1_greedy_ver3_greedy_ver3,20260312185557,14,683.0,0.0
2x2_slot_inorder_place_inorder_1_greedy_ver3_greedy_ver3,20260312185601,8,498.0,0.0
2x2_slot_inorder_place_inorder_1_greedy_ver3_greedy_ver3,20260312185605,8,468.0,0.0
2x2_slot_inorder_place_inorder_1_greedy_ver3_greedy_ver3,20260312185609,8,460.0,0.0
2x2_slot_inorder_place_inorder_1_greedy_ver3_greedy_ver3,20260312185613,12,663.0,0.015625
2x2_slot_inorder_place_inorder_1_greedy_ver3_greedy_ver3,20260312185616,6,388.0,0.015625
2x2_slot_inorder_place_inorder_1_greedy_ver3_greedy_ver3,20260312185620,15,907.0,0.0
2x2_slot_inorder_place_inorder_1_greedy_ver3_greedy_ver3,20260312185623,19,1063.0,0.0
2x2_slot_inorder_place_inorder_1_greedy_ver3_greedy_ver3,20260312185628,14,801.0,0.0
2x2_slot_inorder_place_inorder_1_greedy_ver3_greedy_ver3,20260312185632,12,667.0,0.0
2x2_slot_inorder_place_inorder_1_greedy_ver3_greedy_ver3,20260312185636,6,510.0,0.0
2x2_slot_inorder_place_inorder_1_greedy_ver3_greedy_ver3,20260312185639,6,494.0,0.0
2x2_slot_inorder_place_inorder_1_greedy_ver3_greedy_ver3,20260312185643,12,638.0,0.0
2x2_slot_inorder_place_inorder_1_greedy_ver3_greedy_ver3,20260312185647,6,410.0,0.0
2x2_slot_inorder_place_inorder_1_greedy_ver3_greedy_ver3,20260312185651,14,659.0,0.0
2x2_slot_inorder_place_inorder_1_greedy_ver3_greedy_ver3,20260312185653,22,1149.0,0.0
2x2_slot_inorder_place_inorder_1_greedy_ver3_greedy_ver3,20260312185657,9,802.0,0.0
2x2_slot_inorder_place_inorder_1_greedy_ver3_greedy_ver3,20260312185701,22,1165.0,0.0
2x2_slot_inorder_place_inorder_1_greedy_ver3_greedy_ver3,20260312185705,11,675.0,0.0
2x2_slot_inorder_place_inorder_1_greedy_ver3_greedy_ver3,20260312185709,16,801.0,0.015625
2x2_slot_inorder_place_inorder_1_greedy_ver3_greedy_ver3,20260312185714,17,739.0,0.0
2x2_slot_inorder_place_inorder_1_greedy_ver3_greedy_ver3,20260312185718,14,723.0,0.015625
2x2_slot_inorder_place_inorder_1_greedy_ver3_greedy_ver3,20260312185722,16,751.0,0.0
2x2_slot_inorder_place_inorder_1_greedy_ver3_greedy_ver3,20260312185726,12,743.0,0.0
2x2_slot_inorder_place_inorder_1_greedy_ver3_greedy_ver3,20260312185731,14,741.0,0.0
2x2_slot_inorder_place_inorder_1_greedy_ver3_greedy_ver3,20260312185735,4,258.0,0.0
2x2_slot_inorder_place_inorder_1_greedy_ver3_greedy_ver3,20260312185738,8,442.0,0.0
2x2_slot_inorder_place_inorder_1_greedy_ver3_greedy_ver3,20260312185742,4,292.0,0.0
2x2_slot_inorder_place_inorder_1_greedy_ver3_greedy_ver3,20260312185745,16,815.0,0.0
2x2_slot_inorder_place_inorder_1_greedy_ver3_greedy_ver3,20260312185750,23,1247.0,0.015625
2x2_slot_inorder_place_inorder_1_greedy_ver3_greedy_ver3,20260312185753,8,508.0,0.0
2x2_slot_inorder_place_inorder_1_greedy_ver3_greedy_ver3,20260312185756,13,639.0,0.0
2x2_slot_inorder_place_inorder_5_grasp_ver3_grasp_ver3,20260310135439,2,304.0,0.0
2x2_slot_inorder_place_inorder_5_grasp_ver3_grasp_ver3,20260310135441,2,254.0,0.0
2x2_slot_inorder_place_inorder_5_grasp_ver3_grasp_ver3,20260310135443,2,276.0,0.0
2x2_slot_inorder_place_inorder_5_grasp_ver3_grasp_ver3,20260310135446,7,536.0,0.0
2x2_slot_inorder_place_inorder_5_grasp_ver3_grasp_ver3,20260310135448,5,418.0,0.0
2x2_slot_inorder_place_inorder_5_grasp_ver3_grasp_ver3,20260310135452,8,534.0,0.0
2x2_slot_inorder_place_inorder_5_grasp_ver3_grasp_ver3,20260310135455,6,320.0,0.0
2x2_slot_inorder_place_inorder_5_grasp_ver3_grasp_ver3,20260310135457,17,939.0,0.0
2x2_slot_inorder_place_inorder_5_grasp_ver3_grasp_ver3,20260310135502,58,2803.0,0.0
2x2_slot_inorder_place_inorder_5_grasp_ver3_grasp_ver3,20260310135515,36,1930.0,0.0
2x2_slot_inorder_place_inorder_5_grasp_ver3_grasp_ver3,20260310135526,6,330.0,0.0
2x2_slot_inorder_place_inorder_5_grasp_ver3_grasp_ver3,20260310135528,2,244.0,0.0
2x2_slot_inorder_place_inorder_5_grasp_ver3_grasp_ver3,20260310135530,2,280.0,0.0
2x2_slot_inorder_place_inorder_5_grasp_ver3_grasp_ver3,20260310135532,11,655.0,0.0
2x2_slot_inorder_place_inorder_5_grasp_ver3_grasp_ver3,20260310135535,7,538.0,0.015625
2x2_slot_inorder_place_inorder_5_grasp_ver3_grasp_ver3,20260310135539,4,288.0,0.0
2x2_slot_inorder_place_inorder_5_grasp_ver3_grasp_ver3,20260310135542,7,564.0,0.0
2x2_slot_inorder_place_inorder_5_grasp_ver3_grasp_ver3,20260310135545,10,674.0,0.0
2x2_slot_inorder_place_inorder_5_grasp_ver3_grasp_ver3,20260310135548,6,374.0,0.0
2x2_slot_inorder_place_inorder_5_grasp_ver3_grasp_ver3,20260310135551,4,296.0,0.0
2x2_slot_inorder_place_inorder_5_grasp_ver3_grasp_ver3,20260310135554,4,274.0,0.0
2x2_slot_inorder_place_inorder_5_grasp_ver3_grasp_ver3,20260310135559,8,606.0,0.0
2x2_slot_inorder_place_inorder_5_grasp_ver3_grasp_ver3,20260310135604,10,616.0,0.015625
2x2_slot_inorder_place_inorder_5_grasp_ver3_grasp_ver3,20260310135606,14,785.0,0.0
2x2_slot_inorder_place_inorder_5_grasp_ver3_grasp_ver3,20260310135611,17,967.0,0.0
2x2_slot_inorder_place_inorder_5_grasp_ver3_grasp_ver3,20260310135615,2,252.0,0.0
2x2_slot_inorder_place_inorder_5_grasp_ver3_grasp_ver3,20260310135617,5,370.0,0.0
2x2_slot_inorder_place_inorder_5_grasp_ver3_grasp_ver3,20260310135620,12,985.0,0.0
2x2_slot_inorder_place_inorder_5_grasp_ver3_grasp_ver3,20260310135623,20,1169.0,0.0
2x2_slot_inorder_place_inorder_5_grasp_ver3_grasp_ver3,20260310135627,12,734.0,0.0
2x2_slot_inorder_place_inorder_5_grasp_ver3_grasp_ver3,20260310135633,23,1757.0,0.0
2x2_slot_inorder_place_inorder_5_grasp_ver3_grasp_ver3,20260310135637,16,995.0,0.0
2x2_slot_inorder_place_inorder_5_grasp_ver3_grasp_ver3,20260310135641,12,619.0,0.0
2x2_slot_inorder_place_inorder_5_grasp_ver3_grasp_ver3,20260310135642,2,244.0,0.0
2x2_slot_inorder_place_inorder_5_grasp_ver3_grasp_ver3,20260310135644,2,260.0,0.0
2x2_slot_inorder_place_inorder_5_grasp_ver3_grasp_ver3,20260310135646,5,414.0,0.0
2x2_slot_inorder_place_inorder_5_grasp_ver3_grasp_ver3,20260310135649,4,312.0,0.0
2x2_slot_inorder_place_inorder_5_grasp_ver3_grasp_ver3,20260310135650,9,574.0,0.0
2x2_slot_inorder_place_inorder_5_grasp_ver3_grasp_ver3,20260310135654,8,508.0,0.0
2x2_slot_inorder_place_inorder_5_grasp_ver3_grasp_ver3,20260310135657,4,288.0,0.0
2x2_slot_inorder_place_inorder_5_grasp_ver3_grasp_ver3,20260310135700,2,234.0,0.0
2x2_slot_inorder_place_inorder_5_grasp_ver3_grasp_ver3,20260310135702,4,304.0,0.0
2x2_slot_inorder_place_inorder_5_grasp_ver3_grasp_ver3,20260310135706,7,424.0,0.0
2x2_slot_inorder_place_inorder_5_grasp_ver3_grasp_ver3,20260310135708,5,420.0,0.0
2x2_slot_inorder_place_inorder_5_grasp_ver3_grasp_ver3,20260310135711,14,711.0,0.0
2x2_slot_inorder_place_inorder_5_grasp_ver3_grasp_ver3,20260310135713,20,1179.0,0.0
2x2_slot_inorder_place_inorder_5_grasp_ver3_grasp_ver3,20260310135717,12,645.0,0.0
2x2_slot_inorder_place_inorder_5_grasp_ver3_grasp_ver3,20260310135721,9,566.0,0.0
2x2_slot_inorder_place_inorder_5_grasp_ver3_grasp_ver3,20260310135724,11,675.0,0.0
2x2_slot_inorder_place_inorder_5_grasp_ver3_grasp_ver3,20260310135727,14,753.0,0.0
2x2_slot_inorder_place_inorder_5_grasp_ver3_grasp_ver3,20260310135730,8,394.0,0.015625
2x2_slot_inorder_place_inorder_5_grasp_ver3_grasp_ver3,20260310135733,7,536.0,0.0
2x2_slot_inorder_place_inorder_5_grasp_ver3_grasp_ver3,20260310135736,4,284.0,0.0
2x2_slot_inorder_place_inorder_5_grasp_ver3_grasp_ver3,20260310135740,13,646.0,0.0
2x2_slot_inorder_place_inorder_5_grasp_ver3_grasp_ver3,20260310135746,10,618.0,0.0
2x2_slot_inorder_place_inorder_5_grasp_ver3_grasp_ver3,20260310135749,8,442.0,0.015625
2x2_slot_inorder_place_inorder_5_grasp_ver3_grasp_ver3,20260310135753,13,879.0,0.0
2x2_slot_inorder_place_inorder_5_grasp_ver3_grasp_ver3,20260310135758,7,446.0,0.0
2x2_slot_inorder_place_inorder_5_grasp_ver3_grasp_ver3,20260310135801,57,2840.0,0.0
2x2_slot_inorder_place_inorder_5_grasp_ver3_grasp_ver3,20260310135810,8,498.0,0.0
2x2_slot_inorder_place_inorder_5_grasp_ver3_grasp_ver3,20260310135815,14,849.0,0.0
2x2_slot_inorder_place_inorder_5_grasp_ver3_grasp_ver3,20260310135819,16,1013.0,0.0
2x2_slot_inorder_place_inorder_5_grasp_ver3_grasp_ver3,20260310135823,17,1017.0,0.0
2x2_slot_inorder_place_inorder_5_grasp_ver3_grasp_ver3,20260310135828,17,901.0,0.0
2x2_slot_inorder_place_inorder_5_grasp_ver3_grasp_ver3,20260310135832,7,472.0,0.015625
2x2_slot_inorder_place_inorder_5_grasp_ver3_grasp_ver3,20260310135834,4,312.0,0.0
2x2_slot_inorder_place_inorder_5_grasp_ver3_grasp_ver3,20260310135837,6,330.0,0.015625
2x2_slot_inorder_place_inorder_5_grasp_ver3_grasp_ver3,20260310135839,7,428.0,0.0
2x2_slot_inorder_place_inorder_5_grasp_ver3_grasp_ver3,20260310135841,24,1423.0,0.0
2x2_slot_inorder_place_inorder_5_grasp_ver3_grasp_ver3,20260310135850,7,442.0,0.0
2x2_slot_inorder_place_inorder_5_grasp_ver3_grasp_ver3,20260310135853,22,1339.0,0.0
2x2_slot_inorder_place_inorder_5_grasp_ver3_grasp_ver3,20260310135857,11,675.0,0.0
2x2_slot_inorder_place_inorder_5_grasp_ver3_grasp_ver3,20260310135901,13,695.0,0.015625
2x2_slot_inorder_place_inorder_5_grasp_ver3_grasp_ver3,20260310135904,16,929.0,0.0
2x2_slot_inorder_place_inorder_5_grasp_ver3_grasp_ver3,20260310135909,12,645.0,0.015625
2x2_slot_inorder_place_inorder_5_grasp_ver3_grasp_ver3,20260310135913,23,1391.0,0.0
2x2_slot_inorder_place_inorder_5_grasp_ver3_grasp_ver3,20260310135919,15,847.0,0.0
2x2_slot_inorder_place_inorder_5_grasp_ver3_grasp_ver3,20260310135924,11,675.0,0.015625
2x2_slot_inorder_place_inorder_5_grasp_ver3_grasp_ver3,20260310135926,5,410.0,0.0
2x2_slot_inorder_place_inorder_5_grasp_ver3_grasp_ver3,20260310135929,4,308.0,0.0
2x2_slot_inorder_place_inorder_5_grasp_ver3_grasp_ver3,20260310135931,2,200.0,0.0
2x2_slot_inorder_place_inorder_5_grasp_ver3_grasp_ver3,20260310135933,14,947.0,0.015625
2x2_slot_inorder_place_inorder_5_grasp_ver3_grasp_ver3,20260310135937,2,268.0,0.0
2x2_slot_inorder_place_inorder_5_grasp_ver3_grasp_ver3,20260310135939,20,1123.0,0.0
2x2_slot_inorder_place_inorder_5_grasp_ver3_grasp_ver3,20260310135944,4,302.0,0.0
2x2_slot_inorder_place_inorder_5_grasp_ver3_grasp_ver3,20260310135947,7,512.0,0.0
2x2_slot_inorder_place_inorder_5_grasp_ver3_grasp_ver3,20260310135950,13,669.0,0.0
2x2_slot_inorder_place_inorder_5_grasp_ver3_grasp_ver3,20260310135956,14,861.0,0.0
2x2_slot_inorder_place_inorder_5_grasp_ver3_grasp_ver3,20260310140000,16,895.0,0.0
2x2_slot_inorder_place_inorder_5_grasp_ver3_grasp_ver3,20260310140006,14,747.0,0.0
2x2_slot_inorder_place_inorder_5_grasp_ver3_grasp_ver3,20260310140010,13,751.0,0.0
2x2_slot_inorder_place_inorder_5_grasp_ver3_grasp_ver3,20260310140013,11,658.0,0.015625
2x2_slot_inorder_place_inorder_5_grasp_ver3_grasp_ver3,20260310140016,13,755.0,0.0
2x2_slot_inorder_place_inorder_5_grasp_ver3_grasp_ver3,20260310140020,16,989.0,0.0
2x2_slot_inorder_place_inorder_5_grasp_ver3_grasp_ver3,20260310140025,2,254.0,0.0
2x2_slot_inorder_place_inorder_5_grasp_ver3_grasp_ver3,20260310140027,4,308.0,0.0
2x2_slot_inorder_place_inorder_5_grasp_ver3_grasp_ver3,20260310140030,19,955.0,0.0
2x2_slot_inorder_place_inorder_5_grasp_ver3_grasp_ver3,20260310140034,7,514.0,0.0
2x2_slot_inorder_place_inorder_5_grasp_ver3_grasp_ver3,20260310140037,10,572.0,0.0
2x2_slot_inorder_place_inorder_5_grasp_ver3_grasp_ver3,20260310140041,10,662.0,0.0
2x2_slot_inorder_place_inorder_5_grasp_ver3_grasp_ver3,20260310140045,8,514.0,0.0
2x2_slot_inorder_place_inorder_5_grasp_ver3_grasp_ver3,20260310140047,7,436.0,0.0
2x2_slot_inorder_place_inorder_5_grasp_ver3_grasp_ver3,20260310140050,25,1356.0,0.0
2x2_slot_inorder_place_inorder_5_grasp_ver3_grasp_ver3,20260310140059,15,735.0,0.0
2x2_slot_inorder_place_inorder_5_grasp_ver3_grasp_ver3,20260310140103,5,402.0,0.0
2x2_slot_inorder_place_inorder_5_grasp_ver3_grasp_ver3,20260310140105,15,737.0,0.0
2x2_slot_inorder_place_inorder_5_grasp_ver3_grasp_ver3,20260310140108,15,777.0,0.0
2x2_slot_inorder_place_inorder_5_grasp_ver3_grasp_ver3,20260310140112,9,484.0,0.0
2x2_slot_inorder_place_inorder_5_grasp_ver3_grasp_ver3,20260310140115,9,536.0,0.0
2x2_slot_inorder_place_inorder_5_grasp_ver3_grasp_ver3,20260310140119,4,276.0,0.0
2x2_slot_inorder_place_inorder_5_grasp_ver3_grasp_ver3,20260310140121,8,582.0,0.0
2x2_slot_inorder_place_inorder_5_grasp_ver3_grasp_ver3,20260310140124,23,1093.0,0.0
2x2_slot_inorder_place_inorder_5_grasp_ver3_grasp_ver3,20260310140133,6,326.0,0.0
2x2_slot_inorder_place_inorder_5_grasp_ver3_grasp_ver3,20260310140137,22,1249.0,0.015625
2x2_slot_inorder_place_inorder_5_grasp_ver3_grasp_ver3,20260310140143,13,683.0,0.0
2x2_slot_inorder_place_inorder_5_grasp_ver3_grasp_ver3,20260310140147,13,771.0,0.0
2x2_slot_inorder_place_inorder_5_grasp_ver3_grasp_ver3,20260310140150,7,364.0,0.0
2x2_slot_inorder_place_inorder_5_grasp_ver3_grasp_ver3,20260310140153,17,841.0,0.015625
2x2_slot_inorder_place_inorder_5_grasp_ver3_grasp_ver3,20260310140157,14,751.0,0.015625
2x2_slot_inorder_place_inorder_5_grasp_ver3_grasp_ver3,20260310140200,4,302.0,0.0
2x2_slot_inorder_place_inorder_5_grasp_ver3_grasp_ver3,20260310140202,4,304.0,0.0
2x2_slot_inorder_place_inorder_5_grasp_ver3_grasp_ver3,20260310140206,10,552.0,0.0
2x2_slot_inorder_place_inorder_5_grasp_ver3_grasp_ver3,20260310140209,15,747.0,0.0
2x2_slot_inorder_place_inorder_5_grasp_ver3_grasp_ver3,20260310140213,9,828.0,0.0
2x2_slot_inorder_place_inorder_5_grasp_ver3_grasp_ver3,20260310140216,21,1108.0,0.0
2x2_slot_inorder_place_inorder_5_grasp_ver3_grasp_ver3,20260310140224,14,791.0,0.0
2x2_slot_inorder_place_inorder_5_grasp_ver3_grasp_ver3,20260310140228,17,869.0,0.0
2x2_slot_inorder_place_inorder_5_grasp_ver3_grasp_ver3,20260310140233,22,1301.0,0.0
2x2_slot_inorder_place_inorder_5_grasp_ver3_grasp_ver3,20260310140240,16,971.0,0.0
2x2_slot_inorder_place_inorder_5_grasp_ver3_grasp_ver3,20260310140244,9,562.0,0.0
2x2_slot_inorder_place_inorder_5_grasp_ver3_grasp_ver3,20260310140248,9,562.0,0.0
2x2_slot_inorder_place_inorder_5_grasp_ver3_grasp_ver3,20260310140251,13,783.0,0.0
2x2_slot_inorder_place_inorder_5_grasp_ver3_grasp_ver3,20260310140255,2,202.0,0.0
2x2_slot_inorder_place_inorder_5_grasp_ver3_grasp_ver3,20260310140257,17,967.0,0.015625
2x2_slot_inorder_place_inorder_5_grasp_ver3_grasp_ver3,20260310140302,27,1178.0,0.0
2x2_slot_inorder_place_inorder_5_grasp_ver3_grasp_ver3,20260310140309,19,1251.0,0.0
2x2_slot_inorder_place_inorder_5_grasp_ver3_grasp_ver3,20260310140316,6,454.0,0.0
2x2_slot_inorder_place_inorder_5_grasp_ver3_grasp_ver3,20260310140319,15,839.0,0.0
2x2_slot_inorder_place_inorder_5_grasp_ver3_grasp_ver3,20260310140323,7,500.0,0.0
2x2_slot_inorder_place_inorder_5_grasp_ver3_grasp_ver3,20260310140325,23,1311.0,0.0
2x2_slot_inorder_place_inorder_5_grasp_ver3_grasp_ver3,20260310140332,22,1105.0,0.0
2x2_slot_inorder_place_inorder_5_grasp_ver3_grasp_ver3,20260310140336,28,1356.0,0.0
2x2_slot_inorder_place_inorder_5_grasp_ver3_grasp_ver3,20260310140342,17,935.0,0.0
2x2_slot_inorder_place_inorder_5_grasp_ver3_grasp_ver3,20260310140347,15,813.0,0.015625
2x2_slot_inorder_place_inorder_5_grasp_ver3_grasp_ver3,20260310140352,18,899.0,0.0
2x2_slot_inorder_place_inorder_5_grasp_ver3_grasp_ver3,20260310140357,2,254.0,0.0
2x2_slot_inorder_place_inorder_5_grasp_ver3_grasp_ver3,20260310140359,16,981.0,0.0
2x2_slot_inorder_place_inorder_5_grasp_ver3_grasp_ver3,20260310140403,9,564.0,0.0
2x2_slot_inorder_place_inorder_5_grasp_ver3_grasp_ver3,20260310140407,13,799.0,0.015625
2x2_slot_inorder_place_inorder_5_grasp_ver3_grasp_ver3,20260310140410,8,496.0,0.0
2x2_slot_inorder_place_inorder_5_grasp_ver3_grasp_ver3,20260310140413,17,919.0,0.0
2x2_slot_inorder_place_inorder_5_grasp_ver3_grasp_ver3,20260310140418,8,488.0,0.0
2x2_slot_inorder_place_inorder_5_grasp_ver3_grasp_ver3,20260310140422,14,749.0,0.0
2x2_slot_inorder_place_inorder_5_grasp_ver3_greedy_ver3,20260310135440,2,214.0,0.0
2x2_slot_inorder_place_inorder_5_grasp_ver3_greedy_ver3,20260310135442,2,284.0,0.0
2x2_slot_inorder_place_inorder_5_grasp_ver3_greedy_ver3,20260310135444,4,262.0,0.0
2x2_slot_inorder_place_inorder_5_grasp_ver3_greedy_ver3,20260310135447,6,476.0,0.0
2x2_slot_inorder_place_inorder_5_grasp_ver3_greedy_ver3,20260310135451,8,438.0,0.0
2x2_slot_inorder_place_inorder_5_grasp_ver3_greedy_ver3,20260310135454,8,494.0,0.0
2x2_slot_inorder_place_inorder_5_grasp_ver3_greedy_ver3,20260310135456,6,340.0,0.0
2x2_slot_inorder_place_inorder_5_grasp_ver3_greedy_ver3,20260310135459,17,1055.0,0.0
2x2_slot_inorder_place_inorder_5_grasp_ver3_greedy_ver3,20260310135508,56,2805.0,0.0
2x2_slot_inorder_place_inorder_5_grasp_ver3_greedy_ver3,20260310135520,40,2078.0,0.0
2x2_slot_inorder_place_inorder_5_grasp_ver3_greedy_ver3,20260310135527,6,350.0,0.0
2x2_slot_inorder_place_inorder_5_grasp_ver3_greedy_ver3,20260310135529,2,274.0,0.0
2x2_slot_inorder_place_inorder_5_grasp_ver3_greedy_ver3,20260310135531,2,230.0,0.015625
2x2_slot_inorder_place_inorder_5_grasp_ver3_greedy_ver3,20260310135534,10,510.0,0.0
2x2_slot_inorder_place_inorder_5_grasp_ver3_greedy_ver3,20260310135537,10,658.0,0.015625
2x2_slot_inorder_place_inorder_5_grasp_ver3_greedy_ver3,20260310135540,4,238.0,0.0
2x2_slot_inorder_place_inorder_5_grasp_ver3_greedy_ver3,20260310135543,10,604.0,0.0
2x2_slot_inorder_place_inorder_5_grasp_ver3_greedy_ver3,20260310135546,8,444.0,0.0
2x2_slot_inorder_place_inorder_5_grasp_ver3_greedy_ver3,20260310135550,6,288.0,0.0
2x2_slot_inorder_place_inorder_5_grasp_ver3_greedy_ver3,20260310135553,4,334.0,0.0
2x2_slot_inorder_place_inorder_5_grasp_ver3_greedy_ver3,20260310135556,4,304.0,0.015625
2x2_slot_inorder_place_inorder_5_grasp_ver3_greedy_ver3,20260310135601,10,564.0,0.0
2x2_slot_inorder_place_inorder_5_grasp_ver3_greedy_ver3,20260310135605,10,676.0,0.0
2x2_slot_inorder_place_inorder_5_grasp_ver3_greedy_ver3,20260310135609,14,855.0,0.0
2x2_slot_inorder_place_inorder_5_grasp_ver3_greedy_ver3,20260310135613,16,797.0,0.0
2x2_slot_inorder_place_inorder_5_grasp_ver3_greedy_ver3,20260310135616,2,282.0,0.0
2x2_slot_inorder_place_inorder_5_grasp_ver3_greedy_ver3,20260310135618,7,574.0,0.0
2x2_slot_inorder_place_inorder_5_grasp_ver3_greedy_ver3,20260310135622,12,995.0,0.0
2x2_slot_inorder_place_inorder_5_grasp_ver3_greedy_ver3,20260310135625,26,1403.0,0.0
2x2_slot_inorder_place_inorder_5_grasp_ver3_greedy_ver3,20260310135629,10,474.0,0.0
2x2_slot_inorder_place_inorder_5_grasp_ver3_greedy_ver3,20260310135635,29,2114.0,0.0
2x2_slot_inorder_place_inorder_5_grasp_ver3_greedy_ver3,20260310135639,15,875.0,0.0
2x2_slot_inorder_place_inorder_5_grasp_ver3_greedy_ver3,20260310135641,12,619.0,0.0
2x2_slot_inorder_place_inorder_5_grasp_ver3_greedy_ver3,20260310135643,2,274.0,0.015625
2x2_slot_inorder_place_inorder_5_grasp_ver3_greedy_ver3,20260310135645,2,290.0,0.0
2x2_slot_inorder_place_inorder_5_grasp_ver3_greedy_ver3,20260310135647,8,434.0,0.0
2x2_slot_inorder_place_inorder_5_grasp_ver3_greedy_ver3,20260310135649,4,312.0,0.0
2x2_slot_inorder_place_inorder_5_grasp_ver3_greedy_ver3,20260310135652,12,604.0,0.0
2x2_slot_inorder_place_inorder_5_grasp_ver3_greedy_ver3,20260310135656,8,548.0,0.0
2x2_slot_inorder_place_inorder_5_grasp_ver3_greedy_ver3,20260310135658,4,238.0,0.0
2x2_slot_inorder_place_inorder_5_grasp_ver3_greedy_ver3,20260310135701,2,264.0,0.0
2x2_slot_inorder_place_inorder_5_grasp_ver3_greedy_ver3,20260310135704,4,246.0,0.0
2x2_slot_inorder_place_inorder_5_grasp_ver3_greedy_ver3,20260310135707,6,456.0,0.0
2x2_slot_inorder_place_inorder_5_grasp_ver3_greedy_ver3,20260310135709,8,450.0,0.015625
2x2_slot_inorder_place_inorder_5_grasp_ver3_greedy_ver3,20260310135712,14,731.0,0.0
2x2_slot_inorder_place_inorder_5_grasp_ver3_greedy_ver3,20260310135715,20,1079.0,0.0
2x2_slot_inorder_place_inorder_5_grasp_ver3_greedy_ver3,20260310135719,12,665.0,0.0
2x2_slot_inorder_place_inorder_5_grasp_ver3_greedy_ver3,20260310135722,8,426.0,0.015625
2x2_slot_inorder_place_inorder_5_grasp_ver3_greedy_ver3,20260310135725,10,530.0,0.0
2x2_slot_inorder_place_inorder_5_grasp_ver3_greedy_ver3,20260310135728,13,663.0,0.0
2x2_slot_inorder_place_inorder_5_grasp_ver3_greedy_ver3,20260310135732,8,544.0,0.0
2x2_slot_inorder_place_inorder_5_grasp_ver3_greedy_ver3,20260310135734,10,504.0,0.0
2x2_slot_inorder_place_inorder_5_grasp_ver3_greedy_ver3,20260310135739,4,284.0,0.015625
2x2_slot_inorder_place_inorder_5_grasp_ver3_greedy_ver3,20260310135743,18,973.0,0.0
2x2_slot_inorder_place_inorder_5_grasp_ver3_greedy_ver3,20260310135748,10,528.0,0.0
2x2_slot_inorder_place_inorder_5_grasp_ver3_greedy_ver3,20260310135751,8,600.0,0.0
2x2_slot_inorder_place_inorder_5_grasp_ver3_greedy_ver3,20260310135755,21,1131.0,0.0
2x2_slot_inorder_place_inorder_5_grasp_ver3_greedy_ver3,20260310135759,10,544.0,0.0
2x2_slot_inorder_place_inorder_5_grasp_ver3_greedy_ver3,20260310135805,61,2822.0,0.0
2x2_slot_inorder_place_inorder_5_grasp_ver3_greedy_ver3,20260310135813,8,520.0,0.0
2x2_slot_inorder_place_inorder_5_grasp_ver3_greedy_ver3,20260310135817,14,851.0,0.0
2x2_slot_inorder_place_inorder_5_grasp_ver3_greedy_ver3,20260310135821,16,1011.0,0.0
2x2_slot_inorder_place_inorder_5_grasp_ver3_greedy_ver3,20260310135825,16,889.0,0.0
2x2_slot_inorder_place_inorder_5_grasp_ver3_greedy_ver3,20260310135830,21,1203.0,0.0
2x2_slot_inorder_place_inorder_5_grasp_ver3_greedy_ver3,20260310135833,7,472.0,0.0
2x2_slot_inorder_place_inorder_5_grasp_ver3_greedy_ver3,20260310135835,4,278.0,0.015625
2x2_slot_inorder_place_inorder_5_grasp_ver3_greedy_ver3,20260310135838,6,350.0,0.0
2x2_slot_inorder_place_inorder_5_grasp_ver3_greedy_ver3,20260310135840,6,450.0,0.0
2x2_slot_inorder_place_inorder_5_grasp_ver3_greedy_ver3,20260310135846,28,1606.0,0.0
2x2_slot_inorder_place_inorder_5_grasp_ver3_greedy_ver3,20260310135852,6,292.0,0.0
2x2_slot_inorder_place_inorder_5_grasp_ver3_greedy_ver3,20260310135855,21,1255.0,0.0
2x2_slot_inorder_place_inorder_5_grasp_ver3_greedy_ver3,20260310135859,14,715.0,0.0
2x2_slot_inorder_place_inorder_5_grasp_ver3_greedy_ver3,20260310135902,13,815.0,0.0
2x2_slot_inorder_place_inorder_5_grasp_ver3_greedy_ver3,20260310135906,16,911.0,0.0
2x2_slot_inorder_place_inorder_5_grasp_ver3_greedy_ver3,20260310135911,12,565.0,0.0
2x2_slot_inorder_place_inorder_5_grasp_ver3_greedy_ver3,20260310135915,31,1742.0,0.0
2x2_slot_inorder_place_inorder_5_grasp_ver3_greedy_ver3,20260310135921,14,737.0,0.0
2x2_slot_inorder_place_inorder_5_grasp_ver3_greedy_ver3,20260310135925,10,530.0,0.0
2x2_slot_inorder_place_inorder_5_grasp_ver3_greedy_ver3,20260310135927,8,430.0,0.0
2x2_slot_inorder_place_inorder_5_grasp_ver3_greedy_ver3,20260310135930,4,262.0,0.0
2x2_slot_inorder_place_inorder_5_grasp_ver3_greedy_ver3,20260310135932,4,258.0,0.0
2x2_slot_inorder_place_inorder_5_grasp_ver3_greedy_ver3,20260310135935,14,851.0,0.0
2x2_slot_inorder_place_inorder_5_grasp_ver3_greedy_ver3,20260310135938,2,178.0,0.0
2x2_slot_inorder_place_inorder_5_grasp_ver3_greedy_ver3,20260310135941,23,1281.0,0.0
2x2_slot_inorder_place_inorder_5_grasp_ver3_greedy_ver3,20260310135946,4,348.0,0.015625
2x2_slot_inorder_place_inorder_5_grasp_ver3_greedy_ver3,20260310135948,10,622.0,0.0
2x2_slot_inorder_place_inorder_5_grasp_ver3_greedy_ver3,20260310135953,13,763.0,0.0
2x2_slot_inorder_place_inorder_5_grasp_ver3_greedy_ver3,20260310135957,17,1077.0,0.0
2x2_slot_inorder_place_inorder_5_grasp_ver3_greedy_ver3,20260310140002,19,1111.0,0.015625
2x2_slot_inorder_place_inorder_5_grasp_ver3_greedy_ver3,20260310140008,14,817.0,0.0
2x2_slot_inorder_place_inorder_5_grasp_ver3_greedy_ver3,20260310140011,13,791.0,0.0
2x2_slot_inorder_place_inorder_5_grasp_ver3_greedy_ver3,20260310140014,11,728.0,0.0
2x2_slot_inorder_place_inorder_5_grasp_ver3_greedy_ver3,20260310140018,12,705.0,0.0
2x2_slot_inorder_place_inorder_5_grasp_ver3_greedy_ver3,20260310140022,14,733.0,0.0
2x2_slot_inorder_place_inorder_5_grasp_ver3_greedy_ver3,20260310140026,2,204.0,0.0
2x2_slot_inorder_place_inorder_5_grasp_ver3_greedy_ver3,20260310140029,4,338.0,0.0
2x2_slot_inorder_place_inorder_5_grasp_ver3_greedy_ver3,20260310140032,17,945.0,0.0
2x2_slot_inorder_place_inorder_5_grasp_ver3_greedy_ver3,20260310140036,10,526.0,0.0
2x2_slot_inorder_place_inorder_5_grasp_ver3_greedy_ver3,20260310140039,10,626.0,0.0
2x2_slot_inorder_place_inorder_5_grasp_ver3_greedy_ver3,20260310140043,10,692.0,0.0
2x2_slot_inorder_place_inorder_5_grasp_ver3_greedy_ver3,20260310140046,8,474.0,0.0
2x2_slot_inorder_place_inorder_5_grasp_ver3_greedy_ver3,20260310140049,6,466.0,0.0
2x2_slot_inorder_place_inorder_5_grasp_ver3_greedy_ver3,20260310140054,26,1299.0,0.0
2x2_slot_inorder_place_inorder_5_grasp_ver3_greedy_ver3,20260310140101,14,735.0,0.015625
2x2_slot_inorder_place_inorder_5_grasp_ver3_greedy_ver3,20260310140104,4,252.0,0.0
2x2_slot_inorder_place_inorder_5_grasp_ver3_greedy_ver3,20260310140107,15,777.0,0.0
2x2_slot_inorder_place_inorder_5_grasp_ver3_greedy_ver3,20260310140110,15,841.0,0.0
2x2_slot_inorder_place_inorder_5_grasp_ver3_greedy_ver3,20260310140114,8,488.0,0.0
2x2_slot_inorder_place_inorder_5_grasp_ver3_greedy_ver3,20260310140117,8,434.0,0.0
2x2_slot_inorder_place_inorder_5_grasp_ver3_greedy_ver3,20260310140120,4,284.0,0.0
2x2_slot_inorder_place_inorder_5_grasp_ver3_greedy_ver3,20260310140123,7,522.0,0.0
2x2_slot_inorder_place_inorder_5_grasp_ver3_greedy_ver3,20260310140128,28,1513.0,0.0
2x2_slot_inorder_place_inorder_5_grasp_ver3_greedy_ver3,20260310140135,6,296.0,0.0
2x2_slot_inorder_place_inorder_5_grasp_ver3_greedy_ver3,20260310140140,28,1616.0,0.0
2x2_slot_inorder_place_inorder_5_grasp_ver3_greedy_ver3,20260310140145,12,587.0,0.0
2x2_slot_inorder_place_inorder_5_grasp_ver3_greedy_ver3,20260310140148,12,643.0,0.0
2x2_slot_inorder_place_inorder_5_grasp_ver3_greedy_ver3,20260310140151,6,428.0,0.0
2x2_slot_inorder_place_inorder_5_grasp_ver3_greedy_ver3,20260310140155,16,841.0,0.0
2x2_slot_inorder_place_inorder_5_grasp_ver3_greedy_ver3,20260310140158,14,691.0,0.0
2x2_slot_inorder_place_inorder_5_grasp_ver3_greedy_ver3,20260310140201,4,212.0,0.0
2x2_slot_inorder_place_inorder_5_grasp_ver3_greedy_ver3,20260310140204,4,254.0,0.0
2x2_slot_inorder_place_inorder_5_grasp_ver3_greedy_ver3,20260310140208,10,642.0,0.0
2x2_slot_inorder_place_inorder_5_grasp_ver3_greedy_ver3,20260310140211,14,727.0,0.0
2x2_slot_inorder_place_inorder_5_grasp_ver3_greedy_ver3,20260310140215,9,768.0,0.0
2x2_slot_inorder_place_inorder_5_grasp_ver3_greedy_ver3,20260310140219,26,1461.0,0.0
2x2_slot_inorder_place_inorder_5_grasp_ver3_greedy_ver3,20260310140226,14,797.0,0.0
2x2_slot_inorder_place_inorder_5_grasp_ver3_greedy_ver3,20260310140231,16,693.0,0.0
2x2_slot_inorder_place_inorder_5_grasp_ver3_greedy_ver3,20260310140236,20,1051.0,0.0
2x2_slot_inorder_place_inorder_5_grasp_ver3_greedy_ver3,20260310140242,14,693.0,0.0
2x2_slot_inorder_place_inorder_5_grasp_ver3_greedy_ver3,20260310140246,8,498.0,0.0
2x2_slot_inorder_place_inorder_5_grasp_ver3_greedy_ver3,20260310140249,8,414.0,0.015625
2x2_slot_inorder_place_inorder_5_grasp_ver3_greedy_ver3,20260310140253,18,947.0,0.0
2x2_slot_inorder_place_inorder_5_grasp_ver3_greedy_ver3,20260310140256,2,212.0,0.0
2x2_slot_inorder_place_inorder_5_grasp_ver3_greedy_ver3,20260310140259,21,1305.0,0.0
2x2_slot_inorder_place_inorder_5_grasp_ver3_greedy_ver3,20260310140306,31,1498.0,0.0
2x2_slot_inorder_place_inorder_5_grasp_ver3_greedy_ver3,20260310140313,18,1055.0,0.015625
2x2_slot_inorder_place_inorder_5_grasp_ver3_greedy_ver3,20260310140317,6,474.0,0.0
2x2_slot_inorder_place_inorder_5_grasp_ver3_greedy_ver3,20260310140321,14,617.0,0.0
2x2_slot_inorder_place_inorder_5_grasp_ver3_greedy_ver3,20260310140324,6,440.0,0.0
2x2_slot_inorder_place_inorder_5_grasp_ver3_greedy_ver3,20260310140329,23,1317.0,0.0
2x2_slot_inorder_place_inorder_5_grasp_ver3_greedy_ver3,20260310140334,22,1125.0,0.0
2x2_slot_inorder_place_inorder_5_grasp_ver3_greedy_ver3,20260310140339,27,1346.0,0.0
2x2_slot_inorder_place_inorder_5_grasp_ver3_greedy_ver3,20260310140344,17,835.0,0.0
2x2_slot_inorder_place_inorder_5_grasp_ver3_greedy_ver3,20260310140350,14,693.0,0.0
2x2_slot_inorder_place_inorder_5_grasp_ver3_greedy_ver3,20260310140354,22,1173.0,0.0
2x2_slot_inorder_place_inorder_5_grasp_ver3_greedy_ver3,20260310140358,2,204.0,0.015625
2x2_slot_inorder_place_inorder_5_grasp_ver3_greedy_ver3,20260310140401,14,691.0,0.0
2x2_slot_inorder_place_inorder_5_grasp_ver3_greedy_ver3,20260310140405,8,442.0,0.0
2x2_slot_inorder_place_inorder_5_grasp_ver3_greedy_ver3,20260310140408,16,899.0,0.0
2x2_slot_inorder_place_inorder_5_grasp_ver3_greedy_ver3,20260310140412,8,456.0,0.0
2x2_slot_inorder_place_inorder_5_grasp_ver3_greedy_ver3,20260310140415,22,1247.0,0.0
2x2_slot_inorder_place_inorder_5_grasp_ver3_greedy_ver3,20260310140421,8,528.0,0.0
2x2_slot_inorder_place_inorder_5_grasp_ver3_greedy_ver3,20260310140424,13,639.0,0.0
2x2_slot_inorder_place_inorder_5_greedy_ver3_grasp_ver3,20260310134408,2,244.0,0.0
2x2_slot_inorder_place_inorder_5_greedy_ver3_grasp_ver3,20260310134410,4,294.0,0.0
2x2_slot_inorder_place_inorder_5_greedy_ver3_grasp_ver3,20260310134413,2,276.0,0.0
2x2_slot_inorder_place_inorder_5_greedy_ver3_grasp_ver3,20260310134417,8,422.0,0.0
2x2_slot_inorder_place_inorder_5_greedy_ver3_grasp_ver3,20260310134420,11,655.0,0.0
2x2_slot_inorder_place_inorder_5_greedy_ver3_grasp_ver3,20260310134423,5,428.0,0.0
2x2_slot_inorder_place_inorder_5_greedy_ver3_grasp_ver3,20260310134425,7,568.0,0.0
2x2_slot_inorder_place_inorder_5_greedy_ver3_grasp_ver3,20260310134428,38,2013.0,0.0
2x2_slot_inorder_place_inorder_5_greedy_ver3_grasp_ver3,20260310134439,44,2146.0,0.0
2x2_slot_inorder_place_inorder_5_greedy_ver3_grasp_ver3,20260310134452,15,883.0,0.0
2x2_slot_inorder_place_inorder_5_greedy_ver3_grasp_ver3,20260310134456,6,330.0,0.0
2x2_slot_inorder_place_inorder_5_greedy_ver3_grasp_ver3,20260310134458,8,482.0,0.0
2x2_slot_inorder_place_inorder_5_greedy_ver3_grasp_ver3,20260310134501,2,254.0,0.0
2x2_slot_inorder_place_inorder_5_greedy_ver3_grasp_ver3,20260310134503,4,292.0,0.0
2x2_slot_inorder_place_inorder_5_greedy_ver3_grasp_ver3,20260310134506,2,280.0,0.0
2x2_slot_inorder_place_inorder_5_greedy_ver3_grasp_ver3,20260310134508,5,418.0,0.0
2x2_slot_inorder_place_inorder_5_greedy_ver3_grasp_ver3,20260310134510,7,570.0,0.0
2x2_slot_inorder_place_inorder_5_greedy_ver3_grasp_ver3,20260310134513,6,326.0,0.0
2x2_slot_inorder_place_inorder_5_greedy_ver3_grasp_ver3,20260310134517,8,560.0,0.0
2x2_slot_inorder_place_inorder_5_greedy_ver3_grasp_ver3,20260310134523,7,456.0,0.0
2x2_slot_inorder_place_inorder_5_greedy_ver3_grasp_ver3,20260310134526,7,564.0,0.0
2x2_slot_inorder_place_inorder_5_greedy_ver3_grasp_ver3,20260310134529,6,364.0,0.0
2x2_slot_inorder_place_inorder_5_greedy_ver3_grasp_ver3,20260310134533,10,530.0,0.0
2x2_slot_inorder_place_inorder_5_greedy_ver3_grasp_ver3,20260310134536,8,384.0,0.0
2x2_slot_inorder_place_inorder_5_greedy_ver3_grasp_ver3,20260310134539,14,689.0,0.0
2x2_slot_inorder_place_inorder_5_greedy_ver3_grasp_ver3,20260310134543,2,252.0,0.0
2x2_slot_inorder_place_inorder_5_greedy_ver3_grasp_ver3,20260310134545,5,370.0,0.0
2x2_slot_inorder_place_inorder_5_greedy_ver3_grasp_ver3,20260310134548,12,717.0,0.0
2x2_slot_inorder_place_inorder_5_greedy_ver3_grasp_ver3,20260310134552,10,578.0,0.015625
2x2_slot_inorder_place_inorder_5_greedy_ver3_grasp_ver3,20260310134557,23,1106.0,0.0
2x2_slot_inorder_place_inorder_5_greedy_ver3_grasp_ver3,20260310134603,24,1977.0,0.0
2x2_slot_inorder_place_inorder_5_greedy_ver3_grasp_ver3,20260310134607,28,1406.0,0.015625
2x2_slot_inorder_place_inorder_5_greedy_ver3_grasp_ver3,20260310134612,2,254.0,0.0
2x2_slot_inorder_place_inorder_5_greedy_ver3_grasp_ver3,20260310134614,2,250.0,0.0
2x2_slot_inorder_place_inorder_5_greedy_ver3_grasp_ver3,20260310134616,7,536.0,0.0
2x2_slot_inorder_place_inorder_5_greedy_ver3_grasp_ver3,20260310134619,5,418.0,0.0
2x2_slot_inorder_place_inorder_5_greedy_ver3_grasp_ver3,20260310134622,11,677.0,0.0
2x2_slot_inorder_place_inorder_5_greedy_ver3_grasp_ver3,20260310134625,8,516.0,0.0
2x2_slot_inorder_place_inorder_5_greedy_ver3_grasp_ver3,20260310134629,2,282.0,0.0
2x2_slot_inorder_place_inorder_5_greedy_ver3_grasp_ver3,20260310134631,4,288.0,0.0
2x2_slot_inorder_place_inorder_5_greedy_ver3_grasp_ver3,20260310134634,2,272.0,0.0
2x2_slot_inorder_place_inorder_5_greedy_ver3_grasp_ver3,20260310134636,5,420.0,0.0
2x2_slot_inorder_place_inorder_5_greedy_ver3_grasp_ver3,20260310134638,7,516.0,0.0
2x2_slot_inorder_place_inorder_5_greedy_ver3_grasp_ver3,20260310134641,14,830.0,0.0
2x2_slot_inorder_place_inorder_5_greedy_ver3_grasp_ver3,20260310134645,8,440.0,0.0
2x2_slot_inorder_place_inorder_5_greedy_ver3_grasp_ver3,20260310134647,10,578.0,0.015625
2x2_slot_inorder_place_inorder_5_greedy_ver3_grasp_ver3,20260310134651,18,851.0,0.0
2x2_slot_inorder_place_inorder_5_greedy_ver3_grasp_ver3,20260310134655,11,599.0,0.0
2x2_slot_inorder_place_inorder_5_greedy_ver3_grasp_ver3,20260310134658,7,530.0,0.0
2x2_slot_inorder_place_inorder_5_greedy_ver3_grasp_ver3,20260310134702,11,546.0,0.0
2x2_slot_inorder_place_inorder_5_greedy_ver3_grasp_ver3,20260310134706,8,504.0,0.0
2x2_slot_inorder_place_inorder_5_greedy_ver3_grasp_ver3,20260310134709,7,536.0,0.0
2x2_slot_inorder_place_inorder_5_greedy_ver3_grasp_ver3,20260310134712,8,450.0,0.0
2x2_slot_inorder_place_inorder_5_greedy_ver3_grasp_ver3,20260310134717,11,692.0,0.0
2x2_slot_inorder_place_inorder_5_greedy_ver3_grasp_ver3,20260310134722,13,711.0,0.0
2x2_slot_inorder_place_inorder_5_greedy_ver3_grasp_ver3,20260310134725,9,580.0,0.0
2x2_slot_inorder_place_inorder_5_greedy_ver3_grasp_ver3,20260310134729,7,448.0,0.0
2x2_slot_inorder_place_inorder_5_greedy_ver3_grasp_ver3,20260310134733,55,2515.0,0.0
2x2_slot_inorder_place_inorder_5_greedy_ver3_grasp_ver3,20260310134743,13,825.0,0.0
2x2_slot_inorder_place_inorder_5_greedy_ver3_grasp_ver3,20260310134747,10,708.0,0.0
2x2_slot_inorder_place_inorder_5_greedy_ver3_grasp_ver3,20260310134751,15,957.0,0.0
2x2_slot_inorder_place_inorder_5_greedy_ver3_grasp_ver3,20260310134755,14,711.0,0.0
2x2_slot_inorder_place_inorder_5_greedy_ver3_grasp_ver3,20260310134759,9,368.0,0.0
2x2_slot_inorder_place_inorder_5_greedy_ver3_grasp_ver3,20260310134803,30,1732.0,0.015625
2x2_slot_inorder_place_inorder_5_greedy_ver3_grasp_ver3,20260310134811,2,272.0,0.0
2x2_slot_inorder_place_inorder_5_greedy_ver3_grasp_ver3,20260310134813,4,282.0,0.0
2x2_slot_inorder_place_inorder_5_greedy_ver3_grasp_ver3,20260310134816,6,330.0,0.0
2x2_slot_inorder_place_inorder_5_greedy_ver3_grasp_ver3,20260310134818,7,428.0,0.0
2x2_slot_inorder_place_inorder_5_greedy_ver3_grasp_ver3,20260310134821,25,1307.0,0.0
2x2_slot_inorder_place_inorder_5_greedy_ver3_grasp_ver3,20260310134828,4,346.0,0.0
2x2_slot_inorder_place_inorder_5_greedy_ver3_grasp_ver3,20260310134831,8,414.0,0.015625
2x2_slot_inorder_place_inorder_5_greedy_ver3_grasp_ver3,20260310134834,25,1485.0,0.0
2x2_slot_inorder_place_inorder_5_greedy_ver3_grasp_ver3,20260310134839,13,695.0,0.0
2x2_slot_inorder_place_inorder_5_greedy_ver3_grasp_ver3,20260310134844,15,889.0,0.0
2x2_slot_inorder_place_inorder_5_greedy_ver3_grasp_ver3,20260310134850,13,801.0,0.0
2x2_slot_inorder_place_inorder_5_greedy_ver3_grasp_ver3,20260310134853,15,851.0,0.0
2x2_slot_inorder_place_inorder_5_greedy_ver3_grasp_ver3,20260310134858,26,1344.0,0.0
2x2_slot_inorder_place_inorder_5_greedy_ver3_grasp_ver3,20260310134904,5,420.0,0.0
2x2_slot_inorder_place_inorder_5_greedy_ver3_grasp_ver3,20260310134906,7,422.0,0.0
2x2_slot_inorder_place_inorder_5_greedy_ver3_grasp_ver3,20260310134909,8,530.0,0.0
2x2_slot_inorder_place_inorder_5_greedy_ver3_grasp_ver3,20260310134912,8,506.0,0.0
2x2_slot_inorder_place_inorder_5_greedy_ver3_grasp_ver3,20260310134916,14,885.0,0.0
2x2_slot_inorder_place_inorder_5_greedy_ver3_grasp_ver3,20260310134920,2,268.0,0.0
2x2_slot_inorder_place_inorder_5_greedy_ver3_grasp_ver3,20260310134922,4,284.0,0.0
2x2_slot_inorder_place_inorder_5_greedy_ver3_grasp_ver3,20260310134925,9,544.0,0.015625
2x2_slot_inorder_place_inorder_5_greedy_ver3_grasp_ver3,20260310134928,17,919.0,0.0
2x2_slot_inorder_place_inorder_5_greedy_ver3_grasp_ver3,20260310134934,23,1377.0,0.0
2x2_slot_inorder_place_inorder_5_greedy_ver3_grasp_ver3,20260310134939,18,931.0,0.0
2x2_slot_inorder_place_inorder_5_greedy_ver3_grasp_ver3,20260310134945,13,813.0,0.0
2x2_slot_inorder_place_inorder_5_greedy_ver3_grasp_ver3,20260310134950,19,1035.0,0.0
2x2_slot_inorder_place_inorder_5_greedy_ver3_grasp_ver3,20260310134955,6,334.0,0.0
2x2_slot_inorder_place_inorder_5_greedy_ver3_grasp_ver3,20260310134959,14,917.0,0.015625
2x2_slot_inorder_place_inorder_5_greedy_ver3_grasp_ver3,20260310135002,12,600.0,0.0
2x2_slot_inorder_place_inorder_5_greedy_ver3_grasp_ver3,20260310135007,14,799.0,0.015625
2x2_slot_inorder_place_inorder_5_greedy_ver3_grasp_ver3,20260310135011,5,394.0,0.0
2x2_slot_inorder_place_inorder_5_greedy_ver3_grasp_ver3,20260310135014,8,408.0,0.0
2x2_slot_inorder_place_inorder_5_greedy_ver3_grasp_ver3,20260310135016,4,322.0,0.0
2x2_slot_inorder_place_inorder_5_greedy_ver3_grasp_ver3,20260310135019,7,430.0,0.0
2x2_slot_inorder_place_inorder_5_greedy_ver3_grasp_ver3,20260310135024,15,957.0,0.0
2x2_slot_inorder_place_inorder_5_greedy_ver3_grasp_ver3,20260310135028,10,592.0,0.0
2x2_slot_inorder_place_inorder_5_greedy_ver3_grasp_ver3,20260310135032,4,294.0,0.0
2x2_slot_inorder_place_inorder_5_greedy_ver3_grasp_ver3,20260310135035,11,671.0,0.0
2x2_slot_inorder_place_inorder_5_greedy_ver3_grasp_ver3,20260310135038,26,1324.0,0.0
2x2_slot_inorder_place_inorder_5_greedy_ver3_grasp_ver3,20260310135046,15,739.0,0.0
2x2_slot_inorder_place_inorder_5_greedy_ver3_grasp_ver3,20260310135050,5,402.0,0.0
2x2_slot_inorder_place_inorder_5_greedy_ver3_grasp_ver3,20260310135053,19,941.0,0.0
2x2_slot_inorder_place_inorder_5_greedy_ver3_grasp_ver3,20260310135057,10,658.0,0.0
2x2_slot_inorder_place_inorder_5_greedy_ver3_grasp_ver3,20260310135101,9,588.0,0.0
2x2_slot_inorder_place_inorder_5_greedy_ver3_grasp_ver3,20260310135105,9,536.0,0.0
2x2_slot_inorder_place_inorder_5_greedy_ver3_grasp_ver3,20260310135109,4,276.0,0.0
2x2_slot_inorder_place_inorder_5_greedy_ver3_grasp_ver3,20260310135112,8,582.0,0.0
2x2_slot_inorder_place_inorder_5_greedy_ver3_grasp_ver3,20260310135114,24,1411.0,0.0
2x2_slot_inorder_place_inorder_5_greedy_ver3_grasp_ver3,20260310135122,6,324.0,0.0
2x2_slot_inorder_place_inorder_5_greedy_ver3_grasp_ver3,20260310135126,21,1313.0,0.0
2x2_slot_inorder_place_inorder_5_greedy_ver3_grasp_ver3,20260310135135,13,781.0,0.0
2x2_slot_inorder_place_inorder_5_greedy_ver3_grasp_ver3,20260310135138,12,641.0,0.0
2x2_slot_inorder_place_inorder_5_greedy_ver3_grasp_ver3,20260310135142,7,448.0,0.0
2x2_slot_inorder_place_inorder_5_greedy_ver3_grasp_ver3,20260310135145,17,985.0,0.0
2x2_slot_inorder_place_inorder_5_greedy_ver3_grasp_ver3,20260310135149,14,751.0,0.0
2x2_slot_inorder_place_inorder_5_greedy_ver3_grasp_ver3,20260310135152,4,302.0,0.0
2x2_slot_inorder_place_inorder_5_greedy_ver3_grasp_ver3,20260310135155,4,296.0,0.0
2x2_slot_inorder_place_inorder_5_greedy_ver3_grasp_ver3,20260310135158,10,682.0,0.0
2x2_slot_inorder_place_inorder_5_greedy_ver3_grasp_ver3,20260310135201,15,841.0,0.0
2x2_slot_inorder_place_inorder_5_greedy_ver3_grasp_ver3,20260310135207,9,860.0,0.0
2x2_slot_inorder_place_inorder_5_greedy_ver3_grasp_ver3,20260310135210,20,1043.0,0.0
2x2_slot_inorder_place_inorder_5_greedy_ver3_grasp_ver3,20260310135217,14,731.0,0.0
2x2_slot_inorder_place_inorder_5_greedy_ver3_grasp_ver3,20260310135222,17,867.0,0.0
2x2_slot_inorder_place_inorder_5_greedy_ver3_grasp_ver3,20260310135228,21,1109.0,0.0
2x2_slot_inorder_place_inorder_5_greedy_ver3_grasp_ver3,20260310135233,15,841.0,0.0
2x2_slot_inorder_place_inorder_5_greedy_ver3_grasp_ver3,20260310135239,9,548.0,0.0
2x2_slot_inorder_place_inorder_5_greedy_ver3_grasp_ver3,20260310135242,9,582.0,0.0
2x2_slot_inorder_place_inorder_5_greedy_ver3_grasp_ver3,20260310135246,13,773.0,0.0
2x2_slot_inorder_place_inorder_5_greedy_ver3_grasp_ver3,20260310135250,2,202.0,0.0
2x2_slot_inorder_place_inorder_5_greedy_ver3_grasp_ver3,20260310135252,16,748.0,0.0
2x2_slot_inorder_place_inorder_5_greedy_ver3_grasp_ver3,20260310135258,29,1461.0,0.0
2x2_slot_inorder_place_inorder_5_greedy_ver3_grasp_ver3,20260310135306,19,1271.0,0.0
2x2_slot_inorder_place_inorder_5_greedy_ver3_grasp_ver3,20260310135312,6,436.0,0.0
2x2_slot_inorder_place_inorder_5_greedy_ver3_grasp_ver3,20260310135316,12,618.0,0.0
2x2_slot_inorder_place_inorder_5_greedy_ver3_grasp_ver3,20260310135322,7,434.0,0.0
2x2_slot_inorder_place_inorder_5_greedy_ver3_grasp_ver3,20260310135326,24,1367.0,0.0
2x2_slot_inorder_place_inorder_5_greedy_ver3_grasp_ver3,20260310135332,22,1145.0,0.0
2x2_slot_inorder_place_inorder_5_greedy_ver3_grasp_ver3,20260310135337,27,1316.0,0.0
2x2_slot_inorder_place_inorder_5_greedy_ver3_grasp_ver3,20260310135345,17,855.0,0.0
2x2_slot_inorder_place_inorder_5_greedy_ver3_grasp_ver3,20260310135349,15,783.0,0.0
2x2_slot_inorder_place_inorder_5_greedy_ver3_grasp_ver3,20260310135353,16,785.0,0.0
2x2_slot_inorder_place_inorder_5_greedy_ver3_grasp_ver3,20260310135359,6,422.0,0.0
2x2_slot_inorder_place_inorder_5_greedy_ver3_grasp_ver3,20260310135402,15,761.0,0.0
2x2_slot_inorder_place_inorder_5_greedy_ver3_grasp_ver3,20260310135407,9,564.0,0.0
2x2_slot_inorder_place_inorder_5_greedy_ver3_grasp_ver3,20260310135410,13,799.0,0.0
2x2_slot_inorder_place_inorder_5_greedy_ver3_grasp_ver3,20260310135415,8,496.0,0.0
2x2_slot_inorder_place_inorder_5_greedy_ver3_grasp_ver3,20260310135419,17,919.0,0.0
2x2_slot_inorder_place_inorder_5_greedy_ver3_grasp_ver3,20260310135424,8,488.0,0.0
2x2_slot_inorder_place_inorder_5_greedy_ver3_grasp_ver3,20260310135427,14,749.0,0.0
2x2_slot_inorder_place_inorder_5_greedy_ver3_greedy_ver3,20260310134409,2,274.0,0.015625
2x2_slot_inorder_place_inorder_5_greedy_ver3_greedy_ver3,20260310134412,4,282.0,0.0
2x2_slot_inorder_place_inorder_5_greedy_ver3_greedy_ver3,20260310134415,4,292.0,0.0
2x2_slot_inorder_place_inorder_5_greedy_ver3_greedy_ver3,20260310134418,8,382.0,0.015625
2x2_slot_inorder_place_inorder_5_greedy_ver3_greedy_ver3,20260310134421,10,510.0,0.0
2x2_slot_inorder_place_inorder_5_greedy_ver3_greedy_ver3,20260310134424,8,458.0,0.0
2x2_slot_inorder_place_inorder_5_greedy_ver3_greedy_ver3,20260310134427,6,324.0,0.0
2x2_slot_inorder_place_inorder_5_greedy_ver3_greedy_ver3,20260310134433,34,1888.0,0.0
2x2_slot_inorder_place_inorder_5_greedy_ver3_greedy_ver3,20260310134444,44,2193.0,0.0
2x2_slot_inorder_place_inorder_5_greedy_ver3_greedy_ver3,20260310134453,17,1049.0,0.015625
2x2_slot_inorder_place_inorder_5_greedy_ver3_greedy_ver3,20260310134457,6,350.0,0.0
2x2_slot_inorder_place_inorder_5_greedy_ver3_greedy_ver3,20260310134459,8,522.0,0.0
2x2_slot_inorder_place_inorder_5_greedy_ver3_greedy_ver3,20260310134502,2,284.0,0.0
2x2_slot_inorder_place_inorder_5_greedy_ver3_greedy_ver3,20260310134504,4,260.0,0.0
2x2_slot_inorder_place_inorder_5_greedy_ver3_greedy_ver3,20260310134507,2,230.0,0.0
2x2_slot_inorder_place_inorder_5_greedy_ver3_greedy_ver3,20260310134509,8,438.0,0.0
2x2_slot_inorder_place_inorder_5_greedy_ver3_greedy_ver3,20260310134512,6,390.0,0.0
2x2_slot_inorder_place_inorder_5_greedy_ver3_greedy_ver3,20260310134515,6,366.0,0.0
2x2_slot_inorder_place_inorder_5_greedy_ver3_greedy_ver3,20260310134519,8,642.0,0.0
2x2_slot_inorder_place_inorder_5_greedy_ver3_greedy_ver3,20260310134524,10,604.0,0.0
2x2_slot_inorder_place_inorder_5_greedy_ver3_greedy_ver3,20260310134528,6,424.0,0.015625
2x2_slot_inorder_place_inorder_5_greedy_ver3_greedy_ver3,20260310134531,6,258.0,0.0
2x2_slot_inorder_place_inorder_5_greedy_ver3_greedy_ver3,20260310134534,12,619.0,0.0
2x2_slot_inorder_place_inorder_5_greedy_ver3_greedy_ver3,20260310134538,8,424.0,0.0
2x2_slot_inorder_place_inorder_5_greedy_ver3_greedy_ver3,20260310134541,14,717.0,0.0
2x2_slot_inorder_place_inorder_5_greedy_ver3_greedy_ver3,20260310134544,2,282.0,0.0
2x2_slot_inorder_place_inorder_5_greedy_ver3_greedy_ver3,20260310134546,7,574.0,0.0
2x2_slot_inorder_place_inorder_5_greedy_ver3_greedy_ver3,20260310134550,12,727.0,0.0
2x2_slot_inorder_place_inorder_5_greedy_ver3_greedy_ver3,20260310134554,10,608.0,0.0
2x2_slot_inorder_place_inorder_5_greedy_ver3_greedy_ver3,20260310134600,28,1284.0,0.0
2x2_slot_inorder_place_inorder_5_greedy_ver3_greedy_ver3,20260310134605,24,1841.0,0.0
2x2_slot_inorder_place_inorder_5_greedy_ver3_greedy_ver3,20260310134610,27,1404.0,0.0
2x2_slot_inorder_place_inorder_5_greedy_ver3_greedy_ver3,20260310134613,2,284.0,0.0
2x2_slot_inorder_place_inorder_5_greedy_ver3_greedy_ver3,20260310134615,2,280.0,0.0
2x2_slot_inorder_place_inorder_5_greedy_ver3_greedy_ver3,20260310134617,10,578.0,0.0
2x2_slot_inorder_place_inorder_5_greedy_ver3_greedy_ver3,20260310134620,8,438.0,0.0
2x2_slot_inorder_place_inorder_5_greedy_ver3_greedy_ver3,20260310134623,10,532.0,0.0
2x2_slot_inorder_place_inorder_5_greedy_ver3_greedy_ver3,20260310134626,8,374.0,0.0
2x2_slot_inorder_place_inorder_5_greedy_ver3_greedy_ver3,20260310134630,2,232.0,0.0
2x2_slot_inorder_place_inorder_5_greedy_ver3_greedy_ver3,20260310134632,4,212.0,0.015625
2x2_slot_inorder_place_inorder_5_greedy_ver3_greedy_ver3,20260310134635,2,182.0,0.0
2x2_slot_inorder_place_inorder_5_greedy_ver3_greedy_ver3,20260310134637,8,450.0,0.0
2x2_slot_inorder_place_inorder_5_greedy_ver3_greedy_ver3,20260310134639,6,394.0,0.0
2x2_slot_inorder_place_inorder_5_greedy_ver3_greedy_ver3,20260310134643,14,695.0,0.0
2x2_slot_inorder_place_inorder_5_greedy_ver3_greedy_ver3,20260310134646,8,466.0,0.0
2x2_slot_inorder_place_inorder_5_greedy_ver3_greedy_ver3,20260310134649,10,502.0,0.015625
2x2_slot_inorder_place_inorder_5_greedy_ver3_greedy_ver3,20260310134653,18,931.0,0.0
2x2_slot_inorder_place_inorder_5_greedy_ver3_greedy_ver3,20260310134656,10,514.0,0.0
2x2_slot_inorder_place_inorder_5_greedy_ver3_greedy_ver3,20260310134659,10,650.0,0.0
2x2_slot_inorder_place_inorder_5_greedy_ver3_greedy_ver3,20260310134704,11,572.0,0.0
2x2_slot_inorder_place_inorder_5_greedy_ver3_greedy_ver3,20260310134707,8,544.0,0.0
2x2_slot_inorder_place_inorder_5_greedy_ver3_greedy_ver3,20260310134710,10,504.0,0.0
2x2_slot_inorder_place_inorder_5_greedy_ver3_greedy_ver3,20260310134714,8,482.0,0.0
2x2_slot_inorder_place_inorder_5_greedy_ver3_greedy_ver3,20260310134719,12,636.0,0.015625
2x2_slot_inorder_place_inorder_5_greedy_ver3_greedy_ver3,20260310134724,12,573.0,0.0
2x2_slot_inorder_place_inorder_5_greedy_ver3_greedy_ver3,20260310134727,8,550.0,0.0
2x2_slot_inorder_place_inorder_5_greedy_ver3_greedy_ver3,20260310134731,10,476.0,0.0
2x2_slot_inorder_place_inorder_5_greedy_ver3_greedy_ver3,20260310134738,58,2634.0,0.0
2x2_slot_inorder_place_inorder_5_greedy_ver3_greedy_ver3,20260310134745,20,1115.0,0.0
2x2_slot_inorder_place_inorder_5_greedy_ver3_greedy_ver3,20260310134749,12,792.0,0.0
2x2_slot_inorder_place_inorder_5_greedy_ver3_greedy_ver3,20260310134753,15,857.0,0.0
2x2_slot_inorder_place_inorder_5_greedy_ver3_greedy_ver3,20260310134757,14,787.0,0.0
2x2_slot_inorder_place_inorder_5_greedy_ver3_greedy_ver3,20260310134800,14,795.0,0.0
2x2_slot_inorder_place_inorder_5_greedy_ver3_greedy_ver3,20260310134806,32,1708.0,0.0
2x2_slot_inorder_place_inorder_5_greedy_ver3_greedy_ver3,20260310134812,2,302.0,0.0
2x2_slot_inorder_place_inorder_5_greedy_ver3_greedy_ver3,20260310134814,4,278.0,0.0
2x2_slot_inorder_place_inorder_5_greedy_ver3_greedy_ver3,20260310134817,6,350.0,0.0
2x2_slot_inorder_place_inorder_5_greedy_ver3_greedy_ver3,20260310134819,6,450.0,0.0
2x2_slot_inorder_place_inorder_5_greedy_ver3_greedy_ver3,20260310134824,24,1423.0,0.0
2x2_slot_inorder_place_inorder_5_greedy_ver3_greedy_ver3,20260310134829,8,586.0,0.0
2x2_slot_inorder_place_inorder_5_greedy_ver3_greedy_ver3,20260310134832,8,474.0,0.015625
2x2_slot_inorder_place_inorder_5_greedy_ver3_greedy_ver3,20260310134836,24,1325.0,0.0
2x2_slot_inorder_place_inorder_5_greedy_ver3_greedy_ver3,20260310134841,13,815.0,0.0
2x2_slot_inorder_place_inorder_5_greedy_ver3_greedy_ver3,20260310134847,15,909.0,0.0
2x2_slot_inorder_place_inorder_5_greedy_ver3_greedy_ver3,20260310134851,12,535.0,0.0
2x2_slot_inorder_place_inorder_5_greedy_ver3_greedy_ver3,20260310134856,14,767.0,0.0
2x2_slot_inorder_place_inorder_5_greedy_ver3_greedy_ver3,20260310134901,33,1744.0,0.0
2x2_slot_inorder_place_inorder_5_greedy_ver3_greedy_ver3,20260310134905,8,450.0,0.0
2x2_slot_inorder_place_inorder_5_greedy_ver3_greedy_ver3,20260310134908,6,388.0,0.0
2x2_slot_inorder_place_inorder_5_greedy_ver3_greedy_ver3,20260310134910,8,490.0,0.0
2x2_slot_inorder_place_inorder_5_greedy_ver3_greedy_ver3,20260310134913,8,386.0,0.0
2x2_slot_inorder_place_inorder_5_greedy_ver3_greedy_ver3,20260310134918,14,769.0,0.0
2x2_slot_inorder_place_inorder_5_greedy_ver3_greedy_ver3,20260310134921,2,178.0,0.015625
2x2_slot_inorder_place_inorder_5_greedy_ver3_greedy_ver3,20260310134923,4,344.0,0.0
2x2_slot_inorder_place_inorder_5_greedy_ver3_greedy_ver3,20260310134926,8,418.0,0.0
2x2_slot_inorder_place_inorder_5_greedy_ver3_greedy_ver3,20260310134931,23,1225.0,0.015625
2x2_slot_inorder_place_inorder_5_greedy_ver3_greedy_ver3,20260310134937,23,1253.0,0.0
2x2_slot_inorder_place_inorder_5_greedy_ver3_greedy_ver3,20260310134942,21,1211.0,0.0
2x2_slot_inorder_place_inorder_5_greedy_ver3_greedy_ver3,20260310134947,16,835.0,0.0
2x2_slot_inorder_place_inorder_5_greedy_ver3_greedy_ver3,20260310134953,19,1005.0,0.0
2x2_slot_inorder_place_inorder_5_greedy_ver3_greedy_ver3,20260310134957,6,316.0,0.0
2x2_slot_inorder_place_inorder_5_greedy_ver3_greedy_ver3,20260310135000,13,777.0,0.0
2x2_slot_inorder_place_inorder_5_greedy_ver3_greedy_ver3,20260310135005,12,628.0,0.0
2x2_slot_inorder_place_inorder_5_greedy_ver3_greedy_ver3,20260310135009,14,729.0,0.0
2x2_slot_inorder_place_inorder_5_greedy_ver3_greedy_ver3,20260310135012,4,244.0,0.0
2x2_slot_inorder_place_inorder_5_greedy_ver3_greedy_ver3,20260310135015,8,474.0,0.0
2x2_slot_inorder_place_inorder_5_greedy_ver3_greedy_ver3,20260310135018,4,322.0,0.0
2x2_slot_inorder_place_inorder_5_greedy_ver3_greedy_ver3,20260310135021,10,526.0,0.015625
2x2_slot_inorder_place_inorder_5_greedy_ver3_greedy_ver3,20260310135026,15,747.0,0.015625
2x2_slot_inorder_place_inorder_5_greedy_ver3_greedy_ver3,20260310135030,10,598.0,0.0
2x2_slot_inorder_place_inorder_5_greedy_ver3_greedy_ver3,20260310135033,4,260.0,0.0
2x2_slot_inorder_place_inorder_5_greedy_ver3_greedy_ver3,20260310135036,10,526.0,0.0
2x2_slot_inorder_place_inorder_5_greedy_ver3_greedy_ver3,20260310135042,26,1299.0,0.0
2x2_slot_inorder_place_inorder_5_greedy_ver3_greedy_ver3,20260310135048,14,701.0,0.0
2x2_slot_inorder_place_inorder_5_greedy_ver3_greedy_ver3,20260310135051,4,252.0,0.0
2x2_slot_inorder_place_inorder_5_greedy_ver3_greedy_ver3,20260310135054,19,1001.0,0.0
2x2_slot_inorder_place_inorder_5_greedy_ver3_greedy_ver3,20260310135059,10,622.0,0.015625
2x2_slot_inorder_place_inorder_5_greedy_ver3_greedy_ver3,20260310135103,8,488.0,0.0
2x2_slot_inorder_place_inorder_5_greedy_ver3_greedy_ver3,20260310135107,8,486.0,0.0
2x2_slot_inorder_place_inorder_5_greedy_ver3_greedy_ver3,20260310135110,4,254.0,0.0
2x2_slot_inorder_place_inorder_5_greedy_ver3_greedy_ver3,20260310135113,7,412.0,0.0
2x2_slot_inorder_place_inorder_5_greedy_ver3_greedy_ver3,20260310135118,28,1416.0,0.015625
2x2_slot_inorder_place_inorder_5_greedy_ver3_greedy_ver3,20260310135124,6,296.0,0.0
2x2_slot_inorder_place_inorder_5_greedy_ver3_greedy_ver3,20260310135131,28,1546.0,0.0
2x2_slot_inorder_place_inorder_5_greedy_ver3_greedy_ver3,20260310135136,12,583.0,0.0
2x2_slot_inorder_place_inorder_5_greedy_ver3_greedy_ver3,20260310135140,12,643.0,0.0
2x2_slot_inorder_place_inorder_5_greedy_ver3_greedy_ver3,20260310135143,6,428.0,0.0
2x2_slot_inorder_place_inorder_5_greedy_ver3_greedy_ver3,20260310135147,16,841.0,0.0
2x2_slot_inorder_place_inorder_5_greedy_ver3_greedy_ver3,20260310135151,14,691.0,0.0
2x2_slot_inorder_place_inorder_5_greedy_ver3_greedy_ver3,20260310135154,4,212.0,0.0
2x2_slot_inorder_place_inorder_5_greedy_ver3_greedy_ver3,20260310135156,4,254.0,0.0
2x2_slot_inorder_place_inorder_5_greedy_ver3_greedy_ver3,20260310135159,10,772.0,0.0
2x2_slot_inorder_place_inorder_5_greedy_ver3_greedy_ver3,20260310135204,14,711.0,0.0
2x2_slot_inorder_place_inorder_5_greedy_ver3_greedy_ver3,20260310135208,9,740.0,0.0
2x2_slot_inorder_place_inorder_5_greedy_ver3_greedy_ver3,20260310135213,26,1426.0,0.0
2x2_slot_inorder_place_inorder_5_greedy_ver3_greedy_ver3,20260310135219,14,797.0,0.0
2x2_slot_inorder_place_inorder_5_greedy_ver3_greedy_ver3,20260310135225,16,733.0,0.0
2x2_slot_inorder_place_inorder_5_greedy_ver3_greedy_ver3,20260310135230,20,1017.0,0.0
2x2_slot_inorder_place_inorder_5_greedy_ver3_greedy_ver3,20260310135235,14,757.0,0.0
2x2_slot_inorder_place_inorder_5_greedy_ver3_greedy_ver3,20260310135241,8,498.0,0.0
2x2_slot_inorder_place_inorder_5_greedy_ver3_greedy_ver3,20260310135244,8,414.0,0.0
2x2_slot_inorder_place_inorder_5_greedy_ver3_greedy_ver3,20260310135248,18,987.0,0.0
2x2_slot_inorder_place_inorder_5_greedy_ver3_greedy_ver3,20260310135251,2,212.0,0.0
2x2_slot_inorder_place_inorder_5_greedy_ver3_greedy_ver3,20260310135255,21,1275.0,0.0
2x2_slot_inorder_place_inorder_5_greedy_ver3_greedy_ver3,20260310135302,31,1612.0,0.0
2x2_slot_inorder_place_inorder_5_greedy_ver3_greedy_ver3,20260310135308,18,1031.0,0.0
2x2_slot_inorder_place_inorder_5_greedy_ver3_greedy_ver3,20260310135314,6,474.0,0.0
2x2_slot_inorder_place_inorder_5_greedy_ver3_greedy_ver3,20260310135319,12,548.0,0.0
2x2_slot_inorder_place_inorder_5_greedy_ver3_greedy_ver3,20260310135324,6,324.0,0.0
2x2_slot_inorder_place_inorder_5_greedy_ver3_greedy_ver3,20260310135329,23,1351.0,0.0
2x2_slot_inorder_place_inorder_5_greedy_ver3_greedy_ver3,20260310135334,22,1125.0,0.0
2x2_slot_inorder_place_inorder_5_greedy_ver3_greedy_ver3,20260310135340,27,1312.0,0.0
2x2_slot_inorder_place_inorder_5_greedy_ver3_greedy_ver3,20260310135347,17,867.0,0.0
2x2_slot_inorder_place_inorder_5_greedy_ver3_greedy_ver3,20260310135351,14,681.0,0.0
2x2_slot_inorder_place_inorder_5_greedy_ver3_greedy_ver3,20260310135356,16,797.0,0.0
2x2_slot_inorder_place_inorder_5_greedy_ver3_greedy_ver3,20260310135400,12,743.0,0.0
2x2_slot_inorder_place_inorder_5_greedy_ver3_greedy_ver3,20260310135404,14,691.0,0.015625
2x2_slot_inorder_place_inorder_5_greedy_ver3_greedy_ver3,20260310135409,8,442.0,0.0
2x2_slot_inorder_place_inorder_5_greedy_ver3_greedy_ver3,20260310135412,16,899.0,0.0
2x2_slot_inorder_place_inorder_5_greedy_ver3_greedy_ver3,20260310135417,8,456.0,0.0
2x2_slot_inorder_place_inorder_5_greedy_ver3_greedy_ver3,20260310135421,22,1247.0,0.0
2x2_slot_inorder_place_inorder_5_greedy_ver3_greedy_ver3,20260310135426,8,528.0,0.0
2x2_slot_inorder_place_inorder_5_greedy_ver3_greedy_ver3,20260310135428,13,639.0,0.0
2x2_slot_inorder_place_inorder_10_grasp_ver3_grasp_ver3,20260311235553,5,418.0,0.0
2x2_slot_inorder_place_inorder_10_grasp_ver3_grasp_ver3,20260311235556,8,576.0,0.0
2x2_slot_inorder_place_inorder_10_grasp_ver3_grasp_ver3,20260311235558,6,312.0,0.0
2x2_slot_inorder_place_inorder_10_grasp_ver3_grasp_ver3,20260311235601,6,330.0,0.0
2x2_slot_inorder_place_inorder_10_grasp_ver3_grasp_ver3,20260311235603,2,246.0,0.0
2x2_slot_inorder_place_inorder_10_grasp_ver3_grasp_ver3,20260311235605,7,602.0,0.0
2x2_slot_inorder_place_inorder_10_grasp_ver3_grasp_ver3,20260311235608,27,1324.0,0.0
2x2_slot_inorder_place_inorder_10_grasp_ver3_grasp_ver3,20260311235610,2,282.0,0.0
2x2_slot_inorder_place_inorder_10_grasp_ver3_grasp_ver3,20260311235612,2,274.0,0.015625
2x2_slot_inorder_place_inorder_10_grasp_ver3_grasp_ver3,20260311235615,6,330.0,0.0
2x2_slot_inorder_place_inorder_10_grasp_ver3_grasp_ver3,20260311235617,4,286.0,0.0
2x2_slot_inorder_place_inorder_10_grasp_ver3_grasp_ver3,20260311235620,14,737.0,0.0
2x2_slot_inorder_place_inorder_10_grasp_ver3_grasp_ver3,20260311235623,6,320.0,0.0
2x2_slot_inorder_place_inorder_10_grasp_ver3_grasp_ver3,20260311235626,7,534.0,0.0
2x2_slot_inorder_place_inorder_10_grasp_ver3_grasp_ver3,20260311235629,17,907.0,0.0
2x2_slot_inorder_place_inorder_10_grasp_ver3_grasp_ver3,20260311235635,60,2883.0,0.0
2x2_slot_inorder_place_inorder_10_grasp_ver3_grasp_ver3,20260311235650,42,2101.0,0.0
2x2_slot_inorder_place_inorder_10_grasp_ver3_grasp_ver3,20260311235701,5,432.0,0.0
2x2_slot_inorder_place_inorder_10_grasp_ver3_grasp_ver3,20260311235703,33,1678.0,0.0
2x2_slot_inorder_place_inorder_10_grasp_ver3_grasp_ver3,20260311235708,2,258.0,0.0
2x2_slot_inorder_place_inorder_10_grasp_ver3_grasp_ver3,20260311235710,2,276.0,0.0
2x2_slot_inorder_place_inorder_10_grasp_ver3_grasp_ver3,20260311235713,25,1396.0,0.0
2x2_slot_inorder_place_inorder_10_grasp_ver3_grasp_ver3,20260311235717,4,304.0,0.0
2x2_slot_inorder_place_inorder_10_grasp_ver3_grasp_ver3,20260311235720,11,717.0,0.0
2x2_slot_inorder_place_inorder_10_grasp_ver3_grasp_ver3,20260311235723,5,420.0,0.0
2x2_slot_inorder_place_inorder_10_grasp_ver3_grasp_ver3,20260311235726,11,614.0,0.015625
2x2_slot_inorder_place_inorder_10_grasp_ver3_grasp_ver3,20260311235731,24,1257.0,0.0
2x2_slot_inorder_place_inorder_10_grasp_ver3_grasp_ver3,20260311235735,10,602.0,0.0
2x2_slot_inorder_place_inorder_10_grasp_ver3_grasp_ver3,20260311235742,14,913.0,0.0
2x2_slot_inorder_place_inorder_10_grasp_ver3_grasp_ver3,20260311235746,22,1183.0,0.0
2x2_slot_inorder_place_inorder_10_grasp_ver3_grasp_ver3,20260311235751,27,1611.0,0.0
2x2_slot_inorder_place_inorder_10_grasp_ver3_grasp_ver3,20260311235754,2,244.0,0.0
2x2_slot_inorder_place_inorder_10_grasp_ver3_grasp_ver3,20260311235757,6,332.0,0.0
2x2_slot_inorder_place_inorder_10_grasp_ver3_grasp_ver3,20260311235759,2,250.0,0.0
2x2_slot_inorder_place_inorder_10_grasp_ver3_grasp_ver3,20260311235802,7,498.0,0.0
2x2_slot_inorder_place_inorder_10_grasp_ver3_grasp_ver3,20260311235804,16,907.0,0.0
2x2_slot_inorder_place_inorder_10_grasp_ver3_grasp_ver3,20260311235808,13,826.0,0.0
2x2_slot_inorder_place_inorder_10_grasp_ver3_grasp_ver3,20260311235811,10,576.0,0.0
2x2_slot_inorder_place_inorder_10_grasp_ver3_grasp_ver3,20260311235815,35,2244.0,0.0
2x2_slot_inorder_place_inorder_10_grasp_ver3_grasp_ver3,20260311235821,31,1474.0,0.0
2x2_slot_inorder_place_inorder_10_grasp_ver3_grasp_ver3,20260311235825,21,1081.0,0.0
2x2_slot_inorder_place_inorder_10_grasp_ver3_grasp_ver3,20260311235828,5,406.0,0.0
2x2_slot_inorder_place_inorder_10_grasp_ver3_grasp_ver3,20260311235831,5,414.0,0.0
2x2_slot_inorder_place_inorder_10_grasp_ver3_grasp_ver3,20260311235834,2,280.0,0.0
2x2_slot_inorder_place_inorder_10_grasp_ver3_grasp_ver3,20260311235836,11,597.0,0.0
2x2_slot_inorder_place_inorder_10_grasp_ver3_grasp_ver3,20260311235840,9,482.0,0.0
2x2_slot_inorder_place_inorder_10_grasp_ver3_grasp_ver3,20260311235843,6,324.0,0.0
2x2_slot_inorder_place_inorder_10_grasp_ver3_grasp_ver3,20260311235846,20,1213.0,0.0
2x2_slot_inorder_place_inorder_10_grasp_ver3_grasp_ver3,20260311235850,27,1329.0,0.0
2x2_slot_inorder_place_inorder_10_grasp_ver3_grasp_ver3,20260311235856,19,1029.0,0.015625
2x2_slot_inorder_place_inorder_10_grasp_ver3_grasp_ver3,20260311235859,18,1147.0,0.0
2x2_slot_inorder_place_inorder_10_grasp_ver3_grasp_ver3,20260311235902,14,689.0,0.0
2x2_slot_inorder_place_inorder_10_grasp_ver3_grasp_ver3,20260311235905,28,1407.0,0.0
2x2_slot_inorder_place_inorder_10_grasp_ver3_grasp_ver3,20260311235910,23,1228.0,0.0
2x2_slot_inorder_place_inorder_10_grasp_ver3_grasp_ver3,20260311235914,29,1318.0,0.015625
2x2_slot_inorder_place_inorder_10_grasp_ver3_grasp_ver3,20260311235918,21,1309.0,0.0
2x2_slot_inorder_place_inorder_10_grasp_ver3_grasp_ver3,20260311235925,10,582.0,0.0
2x2_slot_inorder_place_inorder_10_grasp_ver3_grasp_ver3,20260311235928,20,1146.0,0.0
2x2_slot_inorder_place_inorder_10_grasp_ver3_grasp_ver3,20260311235931,10,712.0,0.0
2x2_slot_inorder_place_inorder_10_grasp_ver3_grasp_ver3,20260311235936,24,1455.0,0.015625
2x2_slot_inorder_place_inorder_10_grasp_ver3_grasp_ver3,20260311235945,49,2494.0,0.0
2x2_slot_inorder_place_inorder_10_grasp_ver3_grasp_ver3,20260311235953,20,1163.0,0.0
2x2_slot_inorder_place_inorder_10_grasp_ver3_grasp_ver3,20260311235958,25,1420.0,0.0
2x2_slot_inorder_place_inorder_10_grasp_ver3_grasp_ver3,20260312000004,18,1069.0,0.0
2x2_slot_inorder_place_inorder_10_grasp_ver3_grasp_ver3,20260312000008,25,1325.0,0.015625
2x2_slot_inorder_place_inorder_10_grasp_ver3_grasp_ver3,20260312000013,5,410.0,0.0
2x2_slot_inorder_place_inorder_10_grasp_ver3_grasp_ver3,20260312000017,8,398.0,0.0
2x2_slot_inorder_place_inorder_10_grasp_ver3_grasp_ver3,20260312000021,14,787.0,0.0
2x2_slot_inorder_place_inorder_10_grasp_ver3_grasp_ver3,20260312000024,8,488.0,0.0
2x2_slot_inorder_place_inorder_10_grasp_ver3_grasp_ver3,20260312000029,21,1035.0,0.0
2x2_slot_inorder_place_inorder_10_grasp_ver3_grasp_ver3,20260312000036,13,825.0,0.0
2x2_slot_inorder_place_inorder_10_grasp_ver3_grasp_ver3,20260312000041,43,1986.0,0.0
2x2_slot_inorder_place_inorder_10_grasp_ver3_grasp_ver3,20260312000048,11,615.0,0.0
2x2_slot_inorder_place_inorder_10_grasp_ver3_grasp_ver3,20260312000052,9,520.0,0.0
2x2_slot_inorder_place_inorder_10_grasp_ver3_grasp_ver3,20260312000056,11,675.0,0.0
2x2_slot_inorder_place_inorder_10_grasp_ver3_grasp_ver3,20260312000059,5,410.0,0.0
2x2_slot_inorder_place_inorder_10_grasp_ver3_grasp_ver3,20260312000102,4,308.0,0.0
2x2_slot_inorder_place_inorder_10_grasp_ver3_grasp_ver3,20260312000106,12,644.0,0.0
2x2_slot_inorder_place_inorder_10_grasp_ver3_grasp_ver3,20260312000110,14,917.0,0.0
2x2_slot_inorder_place_inorder_10_grasp_ver3_grasp_ver3,20260312000114,19,1097.0,0.0
2x2_slot_inorder_place_inorder_10_grasp_ver3_grasp_ver3,20260312000116,24,1229.0,0.0
2x2_slot_inorder_place_inorder_10_grasp_ver3_grasp_ver3,20260312000120,4,292.0,0.0
2x2_slot_inorder_place_inorder_10_grasp_ver3_grasp_ver3,20260312000124,6,320.0,0.015625
2x2_slot_inorder_place_inorder_10_grasp_ver3_grasp_ver3,20260312000126,48,2223.0,0.0
2x2_slot_inorder_place_inorder_10_grasp_ver3_grasp_ver3,20260312000129,8,554.0,0.0
2x2_slot_inorder_place_inorder_10_grasp_ver3_grasp_ver3,20260312000134,26,1615.0,0.0
2x2_slot_inorder_place_inorder_10_grasp_ver3_grasp_ver3,20260312000141,11,664.0,0.0
2x2_slot_inorder_place_inorder_10_grasp_ver3_grasp_ver3,20260312000147,12,681.0,0.0
2x2_slot_inorder_place_inorder_10_grasp_ver3_grasp_ver3,20260312000151,11,628.0,0.0
2x2_slot_inorder_place_inorder_10_grasp_ver3_grasp_ver3,20260312000155,7,512.0,0.0
2x2_slot_inorder_place_inorder_10_grasp_ver3_grasp_ver3,20260312000159,23,1052.0,0.0
2x2_slot_inorder_place_inorder_10_grasp_ver3_grasp_ver3,20260312000204,29,1491.0,0.0
2x2_slot_inorder_place_inorder_10_grasp_ver3_grasp_ver3,20260312000207,47,2234.0,0.0
2x2_slot_inorder_place_inorder_10_grasp_ver3_grasp_ver3,20260312000212,21,1133.0,0.0
2x2_slot_inorder_place_inorder_10_grasp_ver3_grasp_ver3,20260312000216,10,676.0,0.0
2x2_slot_inorder_place_inorder_10_grasp_ver3_grasp_ver3,20260312000221,4,294.0,0.015625
2x2_slot_inorder_place_inorder_10_grasp_ver3_grasp_ver3,20260312000224,21,1177.0,0.0
2x2_slot_inorder_place_inorder_10_grasp_ver3_grasp_ver3,20260312000229,4,254.0,0.015625
2x2_slot_inorder_place_inorder_10_grasp_ver3_grasp_ver3,20260312000232,28,1337.0,0.0
2x2_slot_inorder_place_inorder_10_grasp_ver3_grasp_ver3,20260312000243,17,901.0,0.015625
2x2_slot_inorder_place_inorder_10_grasp_ver3_grasp_ver3,20260312000248,11,677.0,0.0
2x2_slot_inorder_place_inorder_10_grasp_ver3_grasp_ver3,20260312000250,25,1151.0,0.0
2x2_slot_inorder_place_inorder_10_grasp_ver3_grasp_ver3,20260312000255,24,1227.0,0.0
2x2_slot_inorder_place_inorder_10_grasp_ver3_grasp_ver3,20260312000259,17,895.0,0.0
2x2_slot_inorder_place_inorder_10_grasp_ver3_grasp_ver3,20260312000303,13,646.0,0.0
2x2_slot_inorder_place_inorder_10_grasp_ver3_grasp_ver3,20260312000310,27,1500.0,0.0
2x2_slot_inorder_place_inorder_10_grasp_ver3_grasp_ver3,20260312000319,8,484.0,0.015625
2x2_slot_inorder_place_inorder_10_grasp_ver3_grasp_ver3,20260312000323,28,1464.0,0.0
2x2_slot_inorder_place_inorder_10_grasp_ver3_grasp_ver3,20260312000327,22,1297.0,0.0
2x2_slot_inorder_place_inorder_10_grasp_ver3_grasp_ver3,20260312000335,14,933.0,0.0
2x2_slot_inorder_place_inorder_10_grasp_ver3_grasp_ver3,20260312000340,12,588.0,0.0
2x2_slot_inorder_place_inorder_10_grasp_ver3_grasp_ver3,20260312000345,62,3104.0,0.0
2x2_slot_inorder_place_inorder_10_grasp_ver3_grasp_ver3,20260312000349,6,334.0,0.0
2x2_slot_inorder_place_inorder_10_grasp_ver3_grasp_ver3,20260312000353,10,682.0,0.0
2x2_slot_inorder_place_inorder_10_grasp_ver3_grasp_ver3,20260312000356,15,1143.0,0.0
2x2_slot_inorder_place_inorder_10_grasp_ver3_grasp_ver3,20260312000401,9,474.0,0.0
2x2_slot_inorder_place_inorder_10_grasp_ver3_grasp_ver3,20260312000405,23,1135.0,0.0
2x2_slot_inorder_place_inorder_10_grasp_ver3_grasp_ver3,20260312000414,14,779.0,0.015625
2x2_slot_inorder_place_inorder_10_grasp_ver3_grasp_ver3,20260312000419,14,967.0,0.0
2x2_slot_inorder_place_inorder_10_grasp_ver3_grasp_ver3,20260312000423,29,1612.0,0.0
2x2_slot_inorder_place_inorder_10_grasp_ver3_grasp_ver3,20260312000430,26,1439.0,0.0
2x2_slot_inorder_place_inorder_10_grasp_ver3_grasp_ver3,20260312000435,9,548.0,0.015625
2x2_slot_inorder_place_inorder_10_grasp_ver3_grasp_ver3,20260312000439,13,712.0,0.0
2x2_slot_inorder_place_inorder_10_grasp_ver3_grasp_ver3,20260312000444,13,849.0,0.0
2x2_slot_inorder_place_inorder_10_grasp_ver3_grasp_ver3,20260312000449,2,202.0,0.0
2x2_slot_inorder_place_inorder_10_grasp_ver3_grasp_ver3,20260312000451,16,762.0,0.0
2x2_slot_inorder_place_inorder_10_grasp_ver3_grasp_ver3,20260312000458,33,1590.0,0.0
2x2_slot_inorder_place_inorder_10_grasp_ver3_grasp_ver3,20260312000506,11,812.0,0.0
2x2_slot_inorder_place_inorder_10_grasp_ver3_grasp_ver3,20260312000511,15,953.0,0.0
2x2_slot_inorder_place_inorder_10_grasp_ver3_grasp_ver3,20260312000515,19,929.0,0.0
2x2_slot_inorder_place_inorder_10_grasp_ver3_grasp_ver3,20260312000520,24,1309.0,0.0
2x2_slot_inorder_place_inorder_10_grasp_ver3_grasp_ver3,20260312000524,45,2353.0,0.0
2x2_slot_inorder_place_inorder_10_grasp_ver3_grasp_ver3,20260312000531,22,1145.0,0.015625
2x2_slot_inorder_place_inorder_10_grasp_ver3_grasp_ver3,20260312000537,46,2012.0,0.0
2x2_slot_inorder_place_inorder_10_grasp_ver3_grasp_ver3,20260312000549,14,767.0,0.0
2x2_slot_inorder_place_inorder_10_grasp_ver3_grasp_ver3,20260312000555,11,474.0,0.0
2x2_slot_inorder_place_inorder_10_grasp_ver3_grasp_ver3,20260312000600,9,548.0,0.015625
2x2_slot_inorder_place_inorder_10_grasp_ver3_grasp_ver3,20260312000605,59,2626.0,0.0
2x2_slot_inorder_place_inorder_10_grasp_ver3_grasp_ver3,20260312000607,13,765.0,0.015625
2x2_slot_inorder_place_inorder_10_grasp_ver3_grasp_ver3,20260312000612,8,414.0,0.0
2x2_slot_inorder_place_inorder_10_grasp_ver3_grasp_ver3,20260312000616,17,975.0,0.015625
2x2_slot_inorder_place_inorder_10_grasp_ver3_grasp_ver3,20260312000623,8,468.0,0.0
2x2_slot_inorder_place_inorder_10_grasp_ver3_grasp_ver3,20260312000626,14,729.0,0.0
2x2_slot_inorder_place_inorder_10_grasp_ver3_greedy_ver3,20260311235554,11,682.0,0.0
2x2_slot_inorder_place_inorder_10_grasp_ver3_greedy_ver3,20260311235557,8,458.0,0.0
2x2_slot_inorder_place_inorder_10_grasp_ver3_greedy_ver3,20260311235600,10,676.0,0.015625
2x2_slot_inorder_place_inorder_10_grasp_ver3_greedy_ver3,20260311235602,11,646.0,0.0
2x2_slot_inorder_place_inorder_10_grasp_ver3_greedy_ver3,20260311235604,2,276.0,0.0
2x2_slot_inorder_place_inorder_10_grasp_ver3_greedy_ver3,20260311235606,10,524.0,0.0
2x2_slot_inorder_place_inorder_10_grasp_ver3_greedy_ver3,20260311235609,2,274.0,0.0
2x2_slot_inorder_place_inorder_10_grasp_ver3_greedy_ver3,20260311235611,27,1497.0,0.0
2x2_slot_inorder_place_inorder_10_grasp_ver3_greedy_ver3,20260311235613,2,224.0,0.0
2x2_slot_inorder_place_inorder_10_grasp_ver3_greedy_ver3,20260311235616,9,652.0,0.0
2x2_slot_inorder_place_inorder_10_grasp_ver3_greedy_ver3,20260311235618,10,476.0,0.0
2x2_slot_inorder_place_inorder_10_grasp_ver3_greedy_ver3,20260311235622,8,392.0,0.0
2x2_slot_inorder_place_inorder_10_grasp_ver3_greedy_ver3,20260311235624,18,1085.0,0.0
2x2_slot_inorder_place_inorder_10_grasp_ver3_greedy_ver3,20260311235627,35,1788.0,0.0
2x2_slot_inorder_place_inorder_10_grasp_ver3_greedy_ver3,20260311235632,17,985.0,0.0
2x2_slot_inorder_place_inorder_10_grasp_ver3_greedy_ver3,20260311235642,56,2879.0,0.0
2x2_slot_inorder_place_inorder_10_grasp_ver3_greedy_ver3,20260311235655,34,1809.0,0.0
2x2_slot_inorder_place_inorder_10_grasp_ver3_greedy_ver3,20260311235702,8,462.0,0.0
2x2_slot_inorder_place_inorder_10_grasp_ver3_greedy_ver3,20260311235705,6,286.0,0.0
2x2_slot_inorder_place_inorder_10_grasp_ver3_greedy_ver3,20260311235709,21,1201.0,0.015625
2x2_slot_inorder_place_inorder_10_grasp_ver3_greedy_ver3,20260311235711,4,262.0,0.0
2x2_slot_inorder_place_inorder_10_grasp_ver3_greedy_ver3,20260311235715,18,967.0,0.015625
2x2_slot_inorder_place_inorder_10_grasp_ver3_greedy_ver3,20260311235718,15,919.0,0.0
2x2_slot_inorder_place_inorder_10_grasp_ver3_greedy_ver3,20260311235721,12,635.0,0.015625
2x2_slot_inorder_place_inorder_10_grasp_ver3_greedy_ver3,20260311235725,5,450.0,0.015625
2x2_slot_inorder_place_inorder_10_grasp_ver3_greedy_ver3,20260311235729,11,628.0,0.0
2x2_slot_inorder_place_inorder_10_grasp_ver3_greedy_ver3,20260311235733,6,350.0,0.0
2x2_slot_inorder_place_inorder_10_grasp_ver3_greedy_ver3,20260311235739,17,927.0,0.0
2x2_slot_inorder_place_inorder_10_grasp_ver3_greedy_ver3,20260311235744,13,845.0,0.0
2x2_slot_inorder_place_inorder_10_grasp_ver3_greedy_ver3,20260311235749,22,1223.0,0.0
2x2_slot_inorder_place_inorder_10_grasp_ver3_greedy_ver3,20260311235752,8,454.0,0.0
2x2_slot_inorder_place_inorder_10_grasp_ver3_greedy_ver3,20260311235755,13,802.0,0.0
2x2_slot_inorder_place_inorder_10_grasp_ver3_greedy_ver3,20260311235758,17,919.0,0.0
2x2_slot_inorder_place_inorder_10_grasp_ver3_greedy_ver3,20260311235800,2,280.0,0.015625
2x2_slot_inorder_place_inorder_10_grasp_ver3_greedy_ver3,20260311235803,2,232.0,0.015625
2x2_slot_inorder_place_inorder_10_grasp_ver3_greedy_ver3,20260311235805,14,691.0,0.0
2x2_slot_inorder_place_inorder_10_grasp_ver3_greedy_ver3,20260311235809,15,1133.0,0.0
2x2_slot_inorder_place_inorder_10_grasp_ver3_greedy_ver3,20260311235813,4,214.0,0.0
2x2_slot_inorder_place_inorder_10_grasp_ver3_greedy_ver3,20260311235818,41,2092.0,0.0
2x2_slot_inorder_place_inorder_10_grasp_ver3_greedy_ver3,20260311235823,11,596.0,0.0
2x2_slot_inorder_place_inorder_10_grasp_ver3_greedy_ver3,20260311235826,4,248.0,0.0
2x2_slot_inorder_place_inorder_10_grasp_ver3_greedy_ver3,20260311235829,2,284.0,0.0
2x2_slot_inorder_place_inorder_10_grasp_ver3_greedy_ver3,20260311235832,25,1152.0,0.0
2x2_slot_inorder_place_inorder_10_grasp_ver3_greedy_ver3,20260311235835,20,1075.0,0.0
2x2_slot_inorder_place_inorder_10_grasp_ver3_greedy_ver3,20260311235837,14,629.0,0.0
2x2_slot_inorder_place_inorder_10_grasp_ver3_greedy_ver3,20260311235841,26,1364.0,0.0
2x2_slot_inorder_place_inorder_10_grasp_ver3_greedy_ver3,20260311235844,6,344.0,0.0
2x2_slot_inorder_place_inorder_10_grasp_ver3_greedy_ver3,20260311235848,20,1085.0,0.0
2x2_slot_inorder_place_inorder_10_grasp_ver3_greedy_ver3,20260311235853,27,1287.0,0.0
2x2_slot_inorder_place_inorder_10_grasp_ver3_greedy_ver3,20260311235858,4,322.0,0.0
2x2_slot_inorder_place_inorder_10_grasp_ver3_greedy_ver3,20260311235901,8,430.0,0.0
2x2_slot_inorder_place_inorder_10_grasp_ver3_greedy_ver3,20260311235903,2,230.0,0.0
2x2_slot_inorder_place_inorder_10_grasp_ver3_greedy_ver3,20260311235907,14,675.0,0.0
2x2_slot_inorder_place_inorder_10_grasp_ver3_greedy_ver3,20260311235912,6,324.0,0.0
2x2_slot_inorder_place_inorder_10_grasp_ver3_greedy_ver3,20260311235916,4,286.0,0.0
2x2_slot_inorder_place_inorder_10_grasp_ver3_greedy_ver3,20260311235921,29,1700.0,0.0
2x2_slot_inorder_place_inorder_10_grasp_ver3_greedy_ver3,20260311235926,9,652.0,0.0
2x2_slot_inorder_place_inorder_10_grasp_ver3_greedy_ver3,20260311235929,8,430.0,0.0
2x2_slot_inorder_place_inorder_10_grasp_ver3_greedy_ver3,20260311235933,10,636.0,0.0
2x2_slot_inorder_place_inorder_10_grasp_ver3_greedy_ver3,20260311235940,30,1726.0,0.0
2x2_slot_inorder_place_inorder_10_grasp_ver3_greedy_ver3,20260311235949,48,2050.0,0.0
2x2_slot_inorder_place_inorder_10_grasp_ver3_greedy_ver3,20260311235956,20,1071.0,0.0
2x2_slot_inorder_place_inorder_10_grasp_ver3_greedy_ver3,20260312000001,35,1842.0,0.0
2x2_slot_inorder_place_inorder_10_grasp_ver3_greedy_ver3,20260312000006,25,1416.0,0.0
2x2_slot_inorder_place_inorder_10_grasp_ver3_greedy_ver3,20260312000010,25,1437.0,0.015625
2x2_slot_inorder_place_inorder_10_grasp_ver3_greedy_ver3,20260312000014,8,430.0,0.0
2x2_slot_inorder_place_inorder_10_grasp_ver3_greedy_ver3,20260312000019,8,540.0,0.0
2x2_slot_inorder_place_inorder_10_grasp_ver3_greedy_ver3,20260312000022,6,340.0,0.0
2x2_slot_inorder_place_inorder_10_grasp_ver3_greedy_ver3,20260312000026,12,804.0,0.0
2x2_slot_inorder_place_inorder_10_grasp_ver3_greedy_ver3,20260312000032,33,1780.0,0.0
2x2_slot_inorder_place_inorder_10_grasp_ver3_greedy_ver3,20260312000039,28,1474.0,0.015625
2x2_slot_inorder_place_inorder_10_grasp_ver3_greedy_ver3,20260312000044,36,1892.0,0.0
2x2_slot_inorder_place_inorder_10_grasp_ver3_greedy_ver3,20260312000050,14,667.0,0.0
2x2_slot_inorder_place_inorder_10_grasp_ver3_greedy_ver3,20260312000054,9,450.0,0.0
2x2_slot_inorder_place_inorder_10_grasp_ver3_greedy_ver3,20260312000058,10,540.0,0.0
2x2_slot_inorder_place_inorder_10_grasp_ver3_greedy_ver3,20260312000100,21,1143.0,0.0
2x2_slot_inorder_place_inorder_10_grasp_ver3_greedy_ver3,20260312000104,4,262.0,0.0
2x2_slot_inorder_place_inorder_10_grasp_ver3_greedy_ver3,20260312000108,4,288.0,0.0
2x2_slot_inorder_place_inorder_10_grasp_ver3_greedy_ver3,20260312000112,14,727.0,0.0
2x2_slot_inorder_place_inorder_10_grasp_ver3_greedy_ver3,20260312000115,2,178.0,0.0
2x2_slot_inorder_place_inorder_10_grasp_ver3_greedy_ver3,20260312000118,10,634.0,0.0
2x2_slot_inorder_place_inorder_10_grasp_ver3_greedy_ver3,20260312000122,4,322.0,0.0
2x2_slot_inorder_place_inorder_10_grasp_ver3_greedy_ver3,20260312000125,6,340.0,0.0
2x2_slot_inorder_place_inorder_10_grasp_ver3_greedy_ver3,20260312000128,4,344.0,0.0
2x2_slot_inorder_place_inorder_10_grasp_ver3_greedy_ver3,20260312000132,52,2633.0,0.0
2x2_slot_inorder_place_inorder_10_grasp_ver3_greedy_ver3,20260312000138,28,1736.0,0.015625
2x2_slot_inorder_place_inorder_10_grasp_ver3_greedy_ver3,20260312000144,11,634.0,0.0
2x2_slot_inorder_place_inorder_10_grasp_ver3_greedy_ver3,20260312000149,12,781.0,0.0
2x2_slot_inorder_place_inorder_10_grasp_ver3_greedy_ver3,20260312000153,11,696.0,0.015625
2x2_slot_inorder_place_inorder_10_grasp_ver3_greedy_ver3,20260312000157,17,875.0,0.0
2x2_slot_inorder_place_inorder_10_grasp_ver3_greedy_ver3,20260312000202,15,821.0,0.0
2x2_slot_inorder_place_inorder_10_grasp_ver3_greedy_ver3,20260312000205,4,308.0,0.0
2x2_slot_inorder_place_inorder_10_grasp_ver3_greedy_ver3,20260312000210,17,959.0,0.0
2x2_slot_inorder_place_inorder_10_grasp_ver3_greedy_ver3,20260312000214,20,979.0,0.0
2x2_slot_inorder_place_inorder_10_grasp_ver3_greedy_ver3,20260312000218,10,504.0,0.0
2x2_slot_inorder_place_inorder_10_grasp_ver3_greedy_ver3,20260312000222,4,260.0,0.0
2x2_slot_inorder_place_inorder_10_grasp_ver3_greedy_ver3,20260312000226,20,1115.0,0.0
2x2_slot_inorder_place_inorder_10_grasp_ver3_greedy_ver3,20260312000230,8,516.0,0.015625
2x2_slot_inorder_place_inorder_10_grasp_ver3_greedy_ver3,20260312000238,28,1414.0,0.0
2x2_slot_inorder_place_inorder_10_grasp_ver3_greedy_ver3,20260312000245,16,987.0,0.0
2x2_slot_inorder_place_inorder_10_grasp_ver3_greedy_ver3,20260312000249,7,370.0,0.0
2x2_slot_inorder_place_inorder_10_grasp_ver3_greedy_ver3,20260312000252,20,1127.0,0.0
2x2_slot_inorder_place_inorder_10_grasp_ver3_greedy_ver3,20260312000257,17,940.0,0.0
2x2_slot_inorder_place_inorder_10_grasp_ver3_greedy_ver3,20260312000301,13,759.0,0.0
2x2_slot_inorder_place_inorder_10_grasp_ver3_greedy_ver3,20260312000306,12,576.0,0.0
2x2_slot_inorder_place_inorder_10_grasp_ver3_greedy_ver3,20260312000314,33,1788.0,0.0
2x2_slot_inorder_place_inorder_10_grasp_ver3_greedy_ver3,20260312000321,8,422.0,0.0
2x2_slot_inorder_place_inorder_10_grasp_ver3_greedy_ver3,20260312000325,6,306.0,0.0
2x2_slot_inorder_place_inorder_10_grasp_ver3_greedy_ver3,20260312000331,42,2232.0,0.015625
2x2_slot_inorder_place_inorder_10_grasp_ver3_greedy_ver3,20260312000337,16,839.0,0.0
2x2_slot_inorder_place_inorder_10_grasp_ver3_greedy_ver3,20260312000342,9,470.0,0.0
2x2_slot_inorder_place_inorder_10_grasp_ver3_greedy_ver3,20260312000347,16,849.0,0.0
2x2_slot_inorder_place_inorder_10_grasp_ver3_greedy_ver3,20260312000351,66,3052.0,0.0
2x2_slot_inorder_place_inorder_10_grasp_ver3_greedy_ver3,20260312000355,10,642.0,0.015625
2x2_slot_inorder_place_inorder_10_grasp_ver3_greedy_ver3,20260312000359,15,1061.0,0.0
2x2_slot_inorder_place_inorder_10_grasp_ver3_greedy_ver3,20260312000403,13,729.0,0.015625
2x2_slot_inorder_place_inorder_10_grasp_ver3_greedy_ver3,20260312000409,35,1764.0,0.0
2x2_slot_inorder_place_inorder_10_grasp_ver3_greedy_ver3,20260312000416,15,909.0,0.0
2x2_slot_inorder_place_inorder_10_grasp_ver3_greedy_ver3,20260312000421,13,841.0,0.0
2x2_slot_inorder_place_inorder_10_grasp_ver3_greedy_ver3,20260312000427,23,1283.0,0.0
2x2_slot_inorder_place_inorder_10_grasp_ver3_greedy_ver3,20260312000432,14,781.0,0.0
2x2_slot_inorder_place_inorder_10_grasp_ver3_greedy_ver3,20260312000437,8,448.0,0.0
2x2_slot_inorder_place_inorder_10_grasp_ver3_greedy_ver3,20260312000441,11,558.0,0.0
2x2_slot_inorder_place_inorder_10_grasp_ver3_greedy_ver3,20260312000446,18,947.0,0.0
2x2_slot_inorder_place_inorder_10_grasp_ver3_greedy_ver3,20260312000450,29,1672.0,0.0
2x2_slot_inorder_place_inorder_10_grasp_ver3_greedy_ver3,20260312000454,26,1531.0,0.0
2x2_slot_inorder_place_inorder_10_grasp_ver3_greedy_ver3,20260312000501,34,1708.0,0.0
2x2_slot_inorder_place_inorder_10_grasp_ver3_greedy_ver3,20260312000509,15,901.0,0.0
2x2_slot_inorder_place_inorder_10_grasp_ver3_greedy_ver3,20260312000513,17,875.0,0.0
2x2_slot_inorder_place_inorder_10_grasp_ver3_greedy_ver3,20260312000518,24,1274.0,0.0
2x2_slot_inorder_place_inorder_10_grasp_ver3_greedy_ver3,20260312000522,24,1142.0,0.0
2x2_slot_inorder_place_inorder_10_grasp_ver3_greedy_ver3,20260312000527,46,2453.0,0.015625
2x2_slot_inorder_place_inorder_10_grasp_ver3_greedy_ver3,20260312000534,30,1500.0,0.015625
2x2_slot_inorder_place_inorder_10_grasp_ver3_greedy_ver3,20260312000542,39,1886.0,0.015625
2x2_slot_inorder_place_inorder_10_grasp_ver3_greedy_ver3,20260312000551,20,1143.0,0.0
2x2_slot_inorder_place_inorder_10_grasp_ver3_greedy_ver3,20260312000557,10,468.0,0.0
2x2_slot_inorder_place_inorder_10_grasp_ver3_greedy_ver3,20260312000602,8,466.0,0.0
2x2_slot_inorder_place_inorder_10_grasp_ver3_greedy_ver3,20260312000606,6,322.0,0.0
2x2_slot_inorder_place_inorder_10_grasp_ver3_greedy_ver3,20260312000609,16,805.0,0.0
2x2_slot_inorder_place_inorder_10_grasp_ver3_greedy_ver3,20260312000614,8,374.0,0.0
2x2_slot_inorder_place_inorder_10_grasp_ver3_greedy_ver3,20260312000619,22,1275.0,0.0
2x2_slot_inorder_place_inorder_10_grasp_ver3_greedy_ver3,20260312000624,37,2072.0,0.0
2x2_slot_inorder_place_inorder_10_grasp_ver3_greedy_ver3,20260312000628,13,599.0,0.0
2x2_slot_inorder_place_inorder_10_greedy_ver3_grasp_ver3,20260311234510,2,244.0,0.0
2x2_slot_inorder_place_inorder_10_greedy_ver3_grasp_ver3,20260311234512,2,256.0,0.0
2x2_slot_inorder_place_inorder_10_greedy_ver3_grasp_ver3,20260311234514,8,404.0,0.0
2x2_slot_inorder_place_inorder_10_greedy_ver3_grasp_ver3,20260311234517,15,759.0,0.0
2x2_slot_inorder_place_inorder_10_greedy_ver3_grasp_ver3,20260311234520,13,705.0,0.0
2x2_slot_inorder_place_inorder_10_greedy_ver3_grasp_ver3,20260311234522,10,564.0,0.0
2x2_slot_inorder_place_inorder_10_greedy_ver3_grasp_ver3,20260311234525,8,406.0,0.0
2x2_slot_inorder_place_inorder_10_greedy_ver3_grasp_ver3,20260311234528,21,1355.0,0.0
2x2_slot_inorder_place_inorder_10_greedy_ver3_grasp_ver3,20260311234530,2,272.0,0.0
2x2_slot_inorder_place_inorder_10_greedy_ver3_grasp_ver3,20260311234533,7,462.0,0.0
2x2_slot_inorder_place_inorder_10_greedy_ver3_grasp_ver3,20260311234536,32,1821.0,0.0
2x2_slot_inorder_place_inorder_10_greedy_ver3_grasp_ver3,20260311234539,5,428.0,0.0
2x2_slot_inorder_place_inorder_10_greedy_ver3_grasp_ver3,20260311234542,7,556.0,0.0
2x2_slot_inorder_place_inorder_10_greedy_ver3_grasp_ver3,20260311234546,2,308.0,0.0
2x2_slot_inorder_place_inorder_10_greedy_ver3_grasp_ver3,20260311234548,44,2206.0,0.0
2x2_slot_inorder_place_inorder_10_greedy_ver3_grasp_ver3,20260311234601,62,3070.0,0.0
2x2_slot_inorder_place_inorder_10_greedy_ver3_grasp_ver3,20260311234616,19,1131.0,0.0
2x2_slot_inorder_place_inorder_10_greedy_ver3_grasp_ver3,20260311234621,10,604.0,0.0
2x2_slot_inorder_place_inorder_10_greedy_ver3_grasp_ver3,20260311234626,8,590.0,0.0
2x2_slot_inorder_place_inorder_10_greedy_ver3_grasp_ver3,20260311234631,10,606.0,0.0
2x2_slot_inorder_place_inorder_10_greedy_ver3_grasp_ver3,20260311234635,2,276.0,0.0
2x2_slot_inorder_place_inorder_10_greedy_ver3_grasp_ver3,20260311234638,14,805.0,0.015625
2x2_slot_inorder_place_inorder_10_greedy_ver3_grasp_ver3,20260311234640,7,518.0,0.015625
2x2_slot_inorder_place_inorder_10_greedy_ver3_grasp_ver3,20260311234644,7,600.0,0.0
2x2_slot_inorder_place_inorder_10_greedy_ver3_grasp_ver3,20260311234648,6,382.0,0.0
2x2_slot_inorder_place_inorder_10_greedy_ver3_grasp_ver3,20260311234652,6,330.0,0.0
2x2_slot_inorder_place_inorder_10_greedy_ver3_grasp_ver3,20260311234655,9,454.0,0.0
2x2_slot_inorder_place_inorder_10_greedy_ver3_grasp_ver3,20260311234658,17,1015.0,0.0
2x2_slot_inorder_place_inorder_10_greedy_ver3_grasp_ver3,20260311234701,12,895.0,0.0
2x2_slot_inorder_place_inorder_10_greedy_ver3_grasp_ver3,20260311234706,30,1566.0,0.0
2x2_slot_inorder_place_inorder_10_greedy_ver3_grasp_ver3,20260311234712,19,1119.0,0.0
2x2_slot_inorder_place_inorder_10_greedy_ver3_grasp_ver3,20260311234715,19,1125.0,0.0
2x2_slot_inorder_place_inorder_10_greedy_ver3_grasp_ver3,20260311234717,7,536.0,0.0
2x2_slot_inorder_place_inorder_10_greedy_ver3_grasp_ver3,20260311234722,14,813.0,0.0
2x2_slot_inorder_place_inorder_10_greedy_ver3_grasp_ver3,20260311234725,20,1039.0,0.0
2x2_slot_inorder_place_inorder_10_greedy_ver3_grasp_ver3,20260311234728,8,402.0,0.0
2x2_slot_inorder_place_inorder_10_greedy_ver3_grasp_ver3,20260311234731,2,282.0,0.015625
2x2_slot_inorder_place_inorder_10_greedy_ver3_grasp_ver3,20260311234733,4,302.0,0.0
2x2_slot_inorder_place_inorder_10_greedy_ver3_grasp_ver3,20260311234737,19,1057.0,0.0
2x2_slot_inorder_place_inorder_10_greedy_ver3_grasp_ver3,20260311234742,28,1362.0,0.0
2x2_slot_inorder_place_inorder_10_greedy_ver3_grasp_ver3,20260311234747,15,917.0,0.0
2x2_slot_inorder_place_inorder_10_greedy_ver3_grasp_ver3,20260311234750,11,677.0,0.015625
2x2_slot_inorder_place_inorder_10_greedy_ver3_grasp_ver3,20260311234754,6,324.0,0.0
2x2_slot_inorder_place_inorder_10_greedy_ver3_grasp_ver3,20260311234756,8,504.0,0.0
2x2_slot_inorder_place_inorder_10_greedy_ver3_grasp_ver3,20260311234800,4,314.0,0.0
2x2_slot_inorder_place_inorder_10_greedy_ver3_grasp_ver3,20260311234803,4,306.0,0.0
2x2_slot_inorder_place_inorder_10_greedy_ver3_grasp_ver3,20260311234807,22,1225.0,0.0
2x2_slot_inorder_place_inorder_10_greedy_ver3_grasp_ver3,20260311234810,18,985.0,0.0
2x2_slot_inorder_place_inorder_10_greedy_ver3_grasp_ver3,20260311234815,23,1103.0,0.015625
2x2_slot_inorder_place_inorder_10_greedy_ver3_grasp_ver3,20260311234819,4,292.0,0.0
2x2_slot_inorder_place_inorder_10_greedy_ver3_grasp_ver3,20260311234823,2,270.0,0.0
2x2_slot_inorder_place_inorder_10_greedy_ver3_grasp_ver3,20260311234825,10,434.0,0.0
2x2_slot_inorder_place_inorder_10_greedy_ver3_grasp_ver3,20260311234828,12,616.0,0.0
2x2_slot_inorder_place_inorder_10_greedy_ver3_grasp_ver3,20260311234833,4,304.0,0.0
2x2_slot_inorder_place_inorder_10_greedy_ver3_grasp_ver3,20260311234837,4,292.0,0.0
2x2_slot_inorder_place_inorder_10_greedy_ver3_grasp_ver3,20260311234840,7,438.0,0.0
2x2_slot_inorder_place_inorder_10_greedy_ver3_grasp_ver3,20260311234844,7,438.0,0.0
2x2_slot_inorder_place_inorder_10_greedy_ver3_grasp_ver3,20260311234847,26,1468.0,0.0
2x2_slot_inorder_place_inorder_10_greedy_ver3_grasp_ver3,20260311234853,60,2629.0,0.0
2x2_slot_inorder_place_inorder_10_greedy_ver3_grasp_ver3,20260311234902,15,821.0,0.0
2x2_slot_inorder_place_inorder_10_greedy_ver3_grasp_ver3,20260311234907,21,1307.0,0.0
2x2_slot_inorder_place_inorder_10_greedy_ver3_grasp_ver3,20260311234913,33,1810.0,0.0
2x2_slot_inorder_place_inorder_10_greedy_ver3_grasp_ver3,20260311234920,26,1485.0,0.0
2x2_slot_inorder_place_inorder_10_greedy_ver3_grasp_ver3,20260311234928,4,282.0,0.0
2x2_slot_inorder_place_inorder_10_greedy_ver3_grasp_ver3,20260311234931,34,1704.0,0.015625
2x2_slot_inorder_place_inorder_10_greedy_ver3_grasp_ver3,20260311234934,6,320.0,0.0
2x2_slot_inorder_place_inorder_10_greedy_ver3_grasp_ver3,20260311234936,5,420.0,0.0
2x2_slot_inorder_place_inorder_10_greedy_ver3_grasp_ver3,20260311234939,20,1165.0,0.0
2x2_slot_inorder_place_inorder_10_greedy_ver3_grasp_ver3,20260311234942,46,2340.0,0.0
2x2_slot_inorder_place_inorder_10_greedy_ver3_grasp_ver3,20260311234952,23,1239.0,0.0
2x2_slot_inorder_place_inorder_10_greedy_ver3_grasp_ver3,20260311234958,8,440.0,0.0
2x2_slot_inorder_place_inorder_10_greedy_ver3_grasp_ver3,20260311235001,14,843.0,0.0
2x2_slot_inorder_place_inorder_10_greedy_ver3_grasp_ver3,20260311235007,12,686.0,0.0
2x2_slot_inorder_place_inorder_10_greedy_ver3_grasp_ver3,20260311235012,21,1095.0,0.0
2x2_slot_inorder_place_inorder_10_greedy_ver3_grasp_ver3,20260311235017,5,420.0,0.0
2x2_slot_inorder_place_inorder_10_greedy_ver3_grasp_ver3,20260311235020,7,510.0,0.0
2x2_slot_inorder_place_inorder_10_greedy_ver3_grasp_ver3,20260311235023,16,901.0,0.0
2x2_slot_inorder_place_inorder_10_greedy_ver3_grasp_ver3,20260311235027,8,506.0,0.0
2x2_slot_inorder_place_inorder_10_greedy_ver3_grasp_ver3,20260311235030,14,879.0,0.0
2x2_slot_inorder_place_inorder_10_greedy_ver3_grasp_ver3,20260311235034,2,268.0,0.0
2x2_slot_inorder_place_inorder_10_greedy_ver3_grasp_ver3,20260311235036,4,282.0,0.0
2x2_slot_inorder_place_inorder_10_greedy_ver3_grasp_ver3,20260311235039,8,386.0,0.0
2x2_slot_inorder_place_inorder_10_greedy_ver3_grasp_ver3,20260311235043,10,548.0,0.0
2x2_slot_inorder_place_inorder_10_greedy_ver3_grasp_ver3,20260311235047,7,592.0,0.0
2x2_slot_inorder_place_inorder_10_greedy_ver3_grasp_ver3,20260311235051,8,562.0,0.0
2x2_slot_inorder_place_inorder_10_greedy_ver3_grasp_ver3,20260311235055,17,1043.0,0.0
2x2_slot_inorder_place_inorder_10_greedy_ver3_grasp_ver3,20260311235102,18,1071.0,0.0
2x2_slot_inorder_place_inorder_10_greedy_ver3_grasp_ver3,20260311235108,19,1097.0,0.0
2x2_slot_inorder_place_inorder_10_greedy_ver3_grasp_ver3,20260311235113,11,648.0,0.0
2x2_slot_inorder_place_inorder_10_greedy_ver3_grasp_ver3,20260311235117,15,731.0,0.0
2x2_slot_inorder_place_inorder_10_greedy_ver3_grasp_ver3,20260311235121,16,803.0,0.0
2x2_slot_inorder_place_inorder_10_greedy_ver3_grasp_ver3,20260311235125,8,514.0,0.0
2x2_slot_inorder_place_inorder_10_greedy_ver3_grasp_ver3,20260311235128,9,708.0,0.0
2x2_slot_inorder_place_inorder_10_greedy_ver3_grasp_ver3,20260311235132,7,430.0,0.0
2x2_slot_inorder_place_inorder_10_greedy_ver3_grasp_ver3,20260311235136,17,943.0,0.0
2x2_slot_inorder_place_inorder_10_greedy_ver3_grasp_ver3,20260311235142,4,264.0,0.0
2x2_slot_inorder_place_inorder_10_greedy_ver3_grasp_ver3,20260311235145,14,915.0,0.0
2x2_slot_inorder_place_inorder_10_greedy_ver3_grasp_ver3,20260311235149,8,542.0,0.0
2x2_slot_inorder_place_inorder_10_greedy_ver3_grasp_ver3,20260311235152,28,1461.0,0.0
2x2_slot_inorder_place_inorder_10_greedy_ver3_grasp_ver3,20260311235202,16,941.0,0.0
2x2_slot_inorder_place_inorder_10_greedy_ver3_grasp_ver3,20260311235207,19,1017.0,0.015625
2x2_slot_inorder_place_inorder_10_greedy_ver3_grasp_ver3,20260311235209,19,911.0,0.0
2x2_slot_inorder_place_inorder_10_greedy_ver3_grasp_ver3,20260311235214,17,999.0,0.015625
2x2_slot_inorder_place_inorder_10_greedy_ver3_grasp_ver3,20260311235218,9,474.0,0.0
2x2_slot_inorder_place_inorder_10_greedy_ver3_grasp_ver3,20260311235222,13,650.0,0.0
2x2_slot_inorder_place_inorder_10_greedy_ver3_grasp_ver3,20260311235228,24,1211.0,0.0
2x2_slot_inorder_place_inorder_10_greedy_ver3_grasp_ver3,20260311235237,7,564.0,0.0
2x2_slot_inorder_place_inorder_10_greedy_ver3_grasp_ver3,20260311235240,6,336.0,0.015625
2x2_slot_inorder_place_inorder_10_greedy_ver3_grasp_ver3,20260311235244,22,1303.0,0.0
2x2_slot_inorder_place_inorder_10_greedy_ver3_grasp_ver3,20260311235252,13,558.0,0.0
2x2_slot_inorder_place_inorder_10_greedy_ver3_grasp_ver3,20260311235257,14,733.0,0.0
2x2_slot_inorder_place_inorder_10_greedy_ver3_grasp_ver3,20260311235302,19,968.0,0.0
2x2_slot_inorder_place_inorder_10_greedy_ver3_grasp_ver3,20260311235308,6,334.0,0.0
2x2_slot_inorder_place_inorder_10_greedy_ver3_grasp_ver3,20260311235312,20,1375.0,0.0
2x2_slot_inorder_place_inorder_10_greedy_ver3_grasp_ver3,20260311235315,15,1133.0,0.015625
2x2_slot_inorder_place_inorder_10_greedy_ver3_grasp_ver3,20260311235320,9,578.0,0.0
2x2_slot_inorder_place_inorder_10_greedy_ver3_grasp_ver3,20260311235324,20,1001.0,0.0
2x2_slot_inorder_place_inorder_10_greedy_ver3_grasp_ver3,20260311235333,18,1051.0,0.0
2x2_slot_inorder_place_inorder_10_greedy_ver3_grasp_ver3,20260311235338,14,823.0,0.0
2x2_slot_inorder_place_inorder_10_greedy_ver3_grasp_ver3,20260311235342,24,1289.0,0.0
2x2_slot_inorder_place_inorder_10_greedy_ver3_grasp_ver3,20260311235349,15,901.0,0.0
2x2_slot_inorder_place_inorder_10_greedy_ver3_grasp_ver3,20260311235354,32,1708.0,0.0
2x2_slot_inorder_place_inorder_10_greedy_ver3_grasp_ver3,20260311235358,9,478.0,0.015625
2x2_slot_inorder_place_inorder_10_greedy_ver3_grasp_ver3,20260311235402,21,1253.0,0.0
2x2_slot_inorder_place_inorder_10_greedy_ver3_grasp_ver3,20260311235407,4,256.0,0.0
2x2_slot_inorder_place_inorder_10_greedy_ver3_grasp_ver3,20260311235410,16,915.0,0.0
2x2_slot_inorder_place_inorder_10_greedy_ver3_grasp_ver3,20260311235416,32,1542.0,0.0
2x2_slot_inorder_place_inorder_10_greedy_ver3_grasp_ver3,20260311235424,22,1223.0,0.0
2x2_slot_inorder_place_inorder_10_greedy_ver3_grasp_ver3,20260311235430,14,881.0,0.0
2x2_slot_inorder_place_inorder_10_greedy_ver3_grasp_ver3,20260311235434,12,642.0,0.0
2x2_slot_inorder_place_inorder_10_greedy_ver3_grasp_ver3,20260311235439,28,1414.0,0.0
2x2_slot_inorder_place_inorder_10_greedy_ver3_grasp_ver3,20260311235442,25,1456.0,0.0
2x2_slot_inorder_place_inorder_10_greedy_ver3_grasp_ver3,20260311235449,22,1135.0,0.0
2x2_slot_inorder_place_inorder_10_greedy_ver3_grasp_ver3,20260311235455,52,2496.0,0.0
2x2_slot_inorder_place_inorder_10_greedy_ver3_grasp_ver3,20260311235506,16,949.0,0.0
2x2_slot_inorder_place_inorder_10_greedy_ver3_grasp_ver3,20260311235511,10,564.0,0.0
2x2_slot_inorder_place_inorder_10_greedy_ver3_grasp_ver3,20260311235517,9,464.0,0.0
2x2_slot_inorder_place_inorder_10_greedy_ver3_grasp_ver3,20260311235521,6,302.0,0.0
2x2_slot_inorder_place_inorder_10_greedy_ver3_grasp_ver3,20260311235524,13,769.0,0.0
2x2_slot_inorder_place_inorder_10_greedy_ver3_grasp_ver3,20260311235528,8,516.0,0.0
2x2_slot_inorder_place_inorder_10_greedy_ver3_grasp_ver3,20260311235532,17,949.0,0.0
2x2_slot_inorder_place_inorder_10_greedy_ver3_grasp_ver3,20260311235538,25,1423.0,0.0
2x2_slot_inorder_place_inorder_10_greedy_ver3_grasp_ver3,20260311235541,14,729.0,0.0
2x2_slot_inorder_place_inorder_10_greedy_ver3_greedy_ver3,20260311234511,12,564.0,0.0
2x2_slot_inorder_place_inorder_10_greedy_ver3_greedy_ver3,20260311234513,8,436.0,0.0
2x2_slot_inorder_place_inorder_10_greedy_ver3_greedy_ver3,20260311234515,13,659.0,0.0
2x2_slot_inorder_place_inorder_10_greedy_ver3_greedy_ver3,20260311234518,15,927.0,0.0
2x2_slot_inorder_place_inorder_10_greedy_ver3_greedy_ver3,20260311234521,6,340.0,0.0
2x2_slot_inorder_place_inorder_10_greedy_ver3_greedy_ver3,20260311234523,6,350.0,0.0
2x2_slot_inorder_place_inorder_10_greedy_ver3_greedy_ver3,20260311234526,28,1597.0,0.0
2x2_slot_inorder_place_inorder_10_greedy_ver3_greedy_ver3,20260311234529,2,234.0,0.0
2x2_slot_inorder_place_inorder_10_greedy_ver3_greedy_ver3,20260311234532,31,1612.0,0.0
2x2_slot_inorder_place_inorder_10_greedy_ver3_greedy_ver3,20260311234534,6,424.0,0.0
2x2_slot_inorder_place_inorder_10_greedy_ver3_greedy_ver3,20260311234537,8,438.0,0.0
2x2_slot_inorder_place_inorder_10_greedy_ver3_greedy_ver3,20260311234540,16,832.0,0.0
2x2_slot_inorder_place_inorder_10_greedy_ver3_greedy_ver3,20260311234543,24,1229.0,0.0
2x2_slot_inorder_place_inorder_10_greedy_ver3_greedy_ver3,20260311234547,10,588.0,0.0
2x2_slot_inorder_place_inorder_10_greedy_ver3_greedy_ver3,20260311234555,42,1930.0,0.015625
2x2_slot_inorder_place_inorder_10_greedy_ver3_greedy_ver3,20260311234608,43,2375.0,0.0
2x2_slot_inorder_place_inorder_10_greedy_ver3_greedy_ver3,20260311234618,21,1129.0,0.015625
2x2_slot_inorder_place_inorder_10_greedy_ver3_greedy_ver3,20260311234624,6,386.0,0.0
2x2_slot_inorder_place_inorder_10_greedy_ver3_greedy_ver3,20260311234629,8,622.0,0.0
2x2_slot_inorder_place_inorder_10_greedy_ver3_greedy_ver3,20260311234633,4,346.0,0.0
2x2_slot_inorder_place_inorder_10_greedy_ver3_greedy_ver3,20260311234636,16,847.0,0.0
2x2_slot_inorder_place_inorder_10_greedy_ver3_greedy_ver3,20260311234639,2,288.0,0.0
2x2_slot_inorder_place_inorder_10_greedy_ver3_greedy_ver3,20260311234642,10,628.0,0.0
2x2_slot_inorder_place_inorder_10_greedy_ver3_greedy_ver3,20260311234646,10,490.0,0.0
2x2_slot_inorder_place_inorder_10_greedy_ver3_greedy_ver3,20260311234650,6,316.0,0.0
2x2_slot_inorder_place_inorder_10_greedy_ver3_greedy_ver3,20260311234653,6,350.0,0.0
2x2_slot_inorder_place_inorder_10_greedy_ver3_greedy_ver3,20260311234656,22,1045.0,0.0
2x2_slot_inorder_place_inorder_10_greedy_ver3_greedy_ver3,20260311234659,12,673.0,0.0
2x2_slot_inorder_place_inorder_10_greedy_ver3_greedy_ver3,20260311234703,12,895.0,0.0
2x2_slot_inorder_place_inorder_10_greedy_ver3_greedy_ver3,20260311234709,34,1782.0,0.0
2x2_slot_inorder_place_inorder_10_greedy_ver3_greedy_ver3,20260311234713,2,284.0,0.0
2x2_slot_inorder_place_inorder_10_greedy_ver3_greedy_ver3,20260311234716,2,280.0,0.0
2x2_slot_inorder_place_inorder_10_greedy_ver3_greedy_ver3,20260311234719,14,695.0,0.0
2x2_slot_inorder_place_inorder_10_greedy_ver3_greedy_ver3,20260311234723,8,438.0,0.0
2x2_slot_inorder_place_inorder_10_greedy_ver3_greedy_ver3,20260311234726,10,532.0,0.0
2x2_slot_inorder_place_inorder_10_greedy_ver3_greedy_ver3,20260311234730,18,753.0,0.0
2x2_slot_inorder_place_inorder_10_greedy_ver3_greedy_ver3,20260311234732,11,732.0,0.0
2x2_slot_inorder_place_inorder_10_greedy_ver3_greedy_ver3,20260311234735,4,238.0,0.0
2x2_slot_inorder_place_inorder_10_greedy_ver3_greedy_ver3,20260311234739,19,1407.0,0.0
2x2_slot_inorder_place_inorder_10_greedy_ver3_greedy_ver3,20260311234744,27,1378.0,0.015625
2x2_slot_inorder_place_inorder_10_greedy_ver3_greedy_ver3,20260311234748,8,434.0,0.0
2x2_slot_inorder_place_inorder_10_greedy_ver3_greedy_ver3,20260311234751,14,669.0,0.0
2x2_slot_inorder_place_inorder_10_greedy_ver3_greedy_ver3,20260311234755,26,1367.0,0.0
2x2_slot_inorder_place_inorder_10_greedy_ver3_greedy_ver3,20260311234758,8,440.0,0.0
2x2_slot_inorder_place_inorder_10_greedy_ver3_greedy_ver3,20260311234802,4,294.0,0.0
2x2_slot_inorder_place_inorder_10_greedy_ver3_greedy_ver3,20260311234805,19,911.0,0.0
2x2_slot_inorder_place_inorder_10_greedy_ver3_greedy_ver3,20260311234808,8,486.0,0.0
2x2_slot_inorder_place_inorder_10_greedy_ver3_greedy_ver3,20260311234812,14,685.0,0.0
2x2_slot_inorder_place_inorder_10_greedy_ver3_greedy_ver3,20260311234817,23,1183.0,0.0
2x2_slot_inorder_place_inorder_10_greedy_ver3_greedy_ver3,20260311234821,4,292.0,0.0
2x2_slot_inorder_place_inorder_10_greedy_ver3_greedy_ver3,20260311234824,2,220.0,0.0
2x2_slot_inorder_place_inorder_10_greedy_ver3_greedy_ver3,20260311234826,8,450.0,0.0
2x2_slot_inorder_place_inorder_10_greedy_ver3_greedy_ver3,20260311234830,14,853.0,0.0
2x2_slot_inorder_place_inorder_10_greedy_ver3_greedy_ver3,20260311234835,10,576.0,0.0
2x2_slot_inorder_place_inorder_10_greedy_ver3_greedy_ver3,20260311234839,4,286.0,0.0
2x2_slot_inorder_place_inorder_10_greedy_ver3_greedy_ver3,20260311234842,10,486.0,0.0
2x2_slot_inorder_place_inorder_10_greedy_ver3_greedy_ver3,20260311234846,6,474.0,0.0
2x2_slot_inorder_place_inorder_10_greedy_ver3_greedy_ver3,20260311234850,25,1367.0,0.0
2x2_slot_inorder_place_inorder_10_greedy_ver3_greedy_ver3,20260311234857,49,2176.0,0.0
2x2_slot_inorder_place_inorder_10_greedy_ver3_greedy_ver3,20260311234904,28,1426.0,0.0
2x2_slot_inorder_place_inorder_10_greedy_ver3_greedy_ver3,20260311234910,32,1660.0,0.015625
2x2_slot_inorder_place_inorder_10_greedy_ver3_greedy_ver3,20260311234916,30,1591.0,0.0
2x2_slot_inorder_place_inorder_10_greedy_ver3_greedy_ver3,20260311234924,35,1900.0,0.0
2x2_slot_inorder_place_inorder_10_greedy_ver3_greedy_ver3,20260311234929,19,983.0,0.0
2x2_slot_inorder_place_inorder_10_greedy_ver3_greedy_ver3,20260311234932,8,498.0,0.0
2x2_slot_inorder_place_inorder_10_greedy_ver3_greedy_ver3,20260311234935,38,2012.0,0.0
2x2_slot_inorder_place_inorder_10_greedy_ver3_greedy_ver3,20260311234937,8,450.0,0.0
2x2_slot_inorder_place_inorder_10_greedy_ver3_greedy_ver3,20260311234941,7,502.0,0.0
2x2_slot_inorder_place_inorder_10_greedy_ver3_greedy_ver3,20260311234947,49,2650.0,0.0
2x2_slot_inorder_place_inorder_10_greedy_ver3_greedy_ver3,20260311234954,36,1958.0,0.0
2x2_slot_inorder_place_inorder_10_greedy_ver3_greedy_ver3,20260311234959,10,576.0,0.0
2x2_slot_inorder_place_inorder_10_greedy_ver3_greedy_ver3,20260311235003,20,1045.0,0.0
2x2_slot_inorder_place_inorder_10_greedy_ver3_greedy_ver3,20260311235009,12,642.0,0.0
2x2_slot_inorder_place_inorder_10_greedy_ver3_greedy_ver3,20260311235014,62,2960.0,0.0
2x2_slot_inorder_place_inorder_10_greedy_ver3_greedy_ver3,20260311235019,8,450.0,0.0
2x2_slot_inorder_place_inorder_10_greedy_ver3_greedy_ver3,20260311235022,7,388.0,0.0
2x2_slot_inorder_place_inorder_10_greedy_ver3_greedy_ver3,20260311235025,8,378.0,0.0
2x2_slot_inorder_place_inorder_10_greedy_ver3_greedy_ver3,20260311235028,35,1638.0,0.0
2x2_slot_inorder_place_inorder_10_greedy_ver3_greedy_ver3,20260311235032,14,687.0,0.0
2x2_slot_inorder_place_inorder_10_greedy_ver3_greedy_ver3,20260311235035,2,178.0,0.0
2x2_slot_inorder_place_inorder_10_greedy_ver3_greedy_ver3,20260311235038,8,506.0,0.0
2x2_slot_inorder_place_inorder_10_greedy_ver3_greedy_ver3,20260311235041,8,544.0,0.0
2x2_slot_inorder_place_inorder_10_greedy_ver3_greedy_ver3,20260311235045,10,566.0,0.0
2x2_slot_inorder_place_inorder_10_greedy_ver3_greedy_ver3,20260311235048,16,955.0,0.0
2x2_slot_inorder_place_inorder_10_greedy_ver3_greedy_ver3,20260311235053,8,506.0,0.015625
2x2_slot_inorder_place_inorder_10_greedy_ver3_greedy_ver3,20260311235058,20,1369.0,0.0
2x2_slot_inorder_place_inorder_10_greedy_ver3_greedy_ver3,20260311235105,18,1077.0,0.0
2x2_slot_inorder_place_inorder_10_greedy_ver3_greedy_ver3,20260311235110,19,999.0,0.0
2x2_slot_inorder_place_inorder_10_greedy_ver3_greedy_ver3,20260311235114,10,528.0,0.0
2x2_slot_inorder_place_inorder_10_greedy_ver3_greedy_ver3,20260311235119,16,775.0,0.0
2x2_slot_inorder_place_inorder_10_greedy_ver3_greedy_ver3,20260311235123,16,883.0,0.0
2x2_slot_inorder_place_inorder_10_greedy_ver3_greedy_ver3,20260311235127,8,474.0,0.0
2x2_slot_inorder_place_inorder_10_greedy_ver3_greedy_ver3,20260311235130,9,438.0,0.0
2x2_slot_inorder_place_inorder_10_greedy_ver3_greedy_ver3,20260311235133,12,720.0,0.0
2x2_slot_inorder_place_inorder_10_greedy_ver3_greedy_ver3,20260311235139,15,731.0,0.0
2x2_slot_inorder_place_inorder_10_greedy_ver3_greedy_ver3,20260311235143,12,650.0,0.0
2x2_slot_inorder_place_inorder_10_greedy_ver3_greedy_ver3,20260311235147,12,609.0,0.0
2x2_slot_inorder_place_inorder_10_greedy_ver3_greedy_ver3,20260311235151,10,538.0,0.0
2x2_slot_inorder_place_inorder_10_greedy_ver3_greedy_ver3,20260311235157,29,1522.0,0.0
2x2_slot_inorder_place_inorder_10_greedy_ver3_greedy_ver3,20260311235204,15,733.0,0.0
2x2_slot_inorder_place_inorder_10_greedy_ver3_greedy_ver3,20260311235208,4,242.0,0.0
2x2_slot_inorder_place_inorder_10_greedy_ver3_greedy_ver3,20260311235211,19,961.0,0.0
2x2_slot_inorder_place_inorder_10_greedy_ver3_greedy_ver3,20260311235216,10,708.0,0.0
2x2_slot_inorder_place_inorder_10_greedy_ver3_greedy_ver3,20260311235220,21,1084.0,0.015625
2x2_slot_inorder_place_inorder_10_greedy_ver3_greedy_ver3,20260311235225,12,576.0,0.0
2x2_slot_inorder_place_inorder_10_greedy_ver3_greedy_ver3,20260311235232,86,3911.0,0.0
2x2_slot_inorder_place_inorder_10_greedy_ver3_greedy_ver3,20260311235238,6,504.0,0.0
2x2_slot_inorder_place_inorder_10_greedy_ver3_greedy_ver3,20260311235242,6,286.0,0.0
2x2_slot_inorder_place_inorder_10_greedy_ver3_greedy_ver3,20260311235248,28,1440.0,0.0
2x2_slot_inorder_place_inorder_10_greedy_ver3_greedy_ver3,20260311235254,16,793.0,0.0
2x2_slot_inorder_place_inorder_10_greedy_ver3_greedy_ver3,20260311235300,10,498.0,0.0
2x2_slot_inorder_place_inorder_10_greedy_ver3_greedy_ver3,20260311235305,25,1927.0,0.0
2x2_slot_inorder_place_inorder_10_greedy_ver3_greedy_ver3,20260311235310,6,242.0,0.0
2x2_slot_inorder_place_inorder_10_greedy_ver3_greedy_ver3,20260311235314,15,931.0,0.0
2x2_slot_inorder_place_inorder_10_greedy_ver3_greedy_ver3,20260311235318,17,1051.0,0.0
2x2_slot_inorder_place_inorder_10_greedy_ver3_greedy_ver3,20260311235322,8,418.0,0.0
2x2_slot_inorder_place_inorder_10_greedy_ver3_greedy_ver3,20260311235328,30,1497.0,0.0
2x2_slot_inorder_place_inorder_10_greedy_ver3_greedy_ver3,20260311235336,14,801.0,0.0
2x2_slot_inorder_place_inorder_10_greedy_ver3_greedy_ver3,20260311235340,14,777.0,0.0
2x2_slot_inorder_place_inorder_10_greedy_ver3_greedy_ver3,20260311235346,32,1600.0,0.0
2x2_slot_inorder_place_inorder_10_greedy_ver3_greedy_ver3,20260311235351,38,1802.0,0.015625
2x2_slot_inorder_place_inorder_10_greedy_ver3_greedy_ver3,20260311235356,8,478.0,0.0
2x2_slot_inorder_place_inorder_10_greedy_ver3_greedy_ver3,20260311235400,8,488.0,0.0
2x2_slot_inorder_place_inorder_10_greedy_ver3_greedy_ver3,20260311235405,19,1017.0,0.0
2x2_slot_inorder_place_inorder_10_greedy_ver3_greedy_ver3,20260311235408,4,286.0,0.0
2x2_slot_inorder_place_inorder_10_greedy_ver3_greedy_ver3,20260311235413,21,1225.0,0.0
2x2_slot_inorder_place_inorder_10_greedy_ver3_greedy_ver3,20260311235420,31,1532.0,0.0
2x2_slot_inorder_place_inorder_10_greedy_ver3_greedy_ver3,20260311235427,14,717.0,0.0
2x2_slot_inorder_place_inorder_10_greedy_ver3_greedy_ver3,20260311235432,13,667.0,0.0
2x2_slot_inorder_place_inorder_10_greedy_ver3_greedy_ver3,20260311235436,34,1582.0,0.0
2x2_slot_inorder_place_inorder_10_greedy_ver3_greedy_ver3,20260311235440,6,334.0,0.0
2x2_slot_inorder_place_inorder_10_greedy_ver3_greedy_ver3,20260311235446,27,1530.0,0.0
2x2_slot_inorder_place_inorder_10_greedy_ver3_greedy_ver3,20260311235452,22,1175.0,0.0
2x2_slot_inorder_place_inorder_10_greedy_ver3_greedy_ver3,20260311235500,39,1838.0,0.0
2x2_slot_inorder_place_inorder_10_greedy_ver3_greedy_ver3,20260311235509,12,737.0,0.0
2x2_slot_inorder_place_inorder_10_greedy_ver3_greedy_ver3,20260311235514,14,715.0,0.0
2x2_slot_inorder_place_inorder_10_greedy_ver3_greedy_ver3,20260311235519,8,526.0,0.0
2x2_slot_inorder_place_inorder_10_greedy_ver3_greedy_ver3,20260311235523,6,322.0,0.0
2x2_slot_inorder_place_inorder_10_greedy_ver3_greedy_ver3,20260311235526,16,737.0,0.0
2x2_slot_inorder_place_inorder_10_greedy_ver3_greedy_ver3,20260311235530,8,476.0,0.0
2x2_slot_inorder_place_inorder_10_greedy_ver3_greedy_ver3,20260311235534,23,1287.0,0.0
2x2_slot_inorder_place_inorder_10_greedy_ver3_greedy_ver3,20260311235539,8,414.0,0.0
2x2_slot_inorder_place_inorder_10_greedy_ver3_greedy_ver3,20260311235543,13,619.0,0.0
2x2_slot_inorder_place_inorder_15_grasp_ver3_grasp_ver3,20260311235109,6,320.0,0.0
2x2_slot_inorder_place_inorder_15_grasp_ver3_grasp_ver3,20260311235112,2,332.0,0.0
2x2_slot_inorder_place_inorder_15_grasp_ver3_grasp_ver3,20260311235115,5,418.0,0.0
2x2_slot_inorder_place_inorder_15_grasp_ver3_grasp_ver3,20260311235119,16,775.0,0.015625
2x2_slot_inorder_place_inorder_15_grasp_ver3_grasp_ver3,20260311235121,16,803.0,0.0
2x2_slot_inorder_place_inorder_15_grasp_ver3_grasp_ver3,20260311235124,2,326.0,0.0
2x2_slot_inorder_place_inorder_15_grasp_ver3_grasp_ver3,20260311235128,9,708.0,0.0
2x2_slot_inorder_place_inorder_15_grasp_ver3_grasp_ver3,20260311235133,12,720.0,0.015625
2x2_slot_inorder_place_inorder_15_grasp_ver3_grasp_ver3,20260311235136,17,943.0,0.0
2x2_slot_inorder_place_inorder_15_grasp_ver3_grasp_ver3,20260311235138,2,254.0,0.015625
2x2_slot_inorder_place_inorder_15_grasp_ver3_grasp_ver3,20260311235141,10,656.0,0.0
2x2_slot_inorder_place_inorder_15_grasp_ver3_grasp_ver3,20260311235145,14,915.0,0.0
2x2_slot_inorder_place_inorder_15_grasp_ver3_grasp_ver3,20260311235148,2,272.0,0.0
2x2_slot_inorder_place_inorder_15_grasp_ver3_grasp_ver3,20260311235151,10,538.0,0.0
2x2_slot_inorder_place_inorder_15_grasp_ver3_grasp_ver3,20260311235154,2,270.0,0.0
2x2_slot_inorder_place_inorder_15_grasp_ver3_grasp_ver3,20260311235157,29,1522.0,0.0
2x2_slot_inorder_place_inorder_15_grasp_ver3_grasp_ver3,20260311235200,2,274.0,0.0
2x2_slot_inorder_place_inorder_15_grasp_ver3_grasp_ver3,20260311235202,16,941.0,0.0
2x2_slot_inorder_place_inorder_15_grasp_ver3_grasp_ver3,20260311235205,11,683.0,0.0
2x2_slot_inorder_place_inorder_15_grasp_ver3_grasp_ver3,20260311235210,10,616.0,0.0
2x2_slot_inorder_place_inorder_15_grasp_ver3_grasp_ver3,20260311235214,17,999.0,0.0
2x2_slot_inorder_place_inorder_15_grasp_ver3_grasp_ver3,20260311235220,21,1084.0,0.0
2x2_slot_inorder_place_inorder_15_grasp_ver3_grasp_ver3,20260311235226,12,584.0,0.015625
2x2_slot_inorder_place_inorder_15_grasp_ver3_grasp_ver3,20260311235232,86,3911.0,0.015625
2x2_slot_inorder_place_inorder_15_grasp_ver3_grasp_ver3,20260311235249,27,1499.0,0.0
2x2_slot_inorder_place_inorder_15_grasp_ver3_grasp_ver3,20260311235302,19,968.0,0.0
2x2_slot_inorder_place_inorder_15_grasp_ver3_grasp_ver3,20260311235305,25,1927.0,0.0
2x2_slot_inorder_place_inorder_15_grasp_ver3_grasp_ver3,20260311235309,11,862.0,0.015625
2x2_slot_inorder_place_inorder_15_grasp_ver3_grasp_ver3,20260311235314,15,931.0,0.0
2x2_slot_inorder_place_inorder_15_grasp_ver3_grasp_ver3,20260311235318,17,1051.0,0.0
2x2_slot_inorder_place_inorder_15_grasp_ver3_grasp_ver3,20260311235321,8,700.0,0.0
2x2_slot_inorder_place_inorder_15_grasp_ver3_grasp_ver3,20260311235325,2,254.0,0.0
2x2_slot_inorder_place_inorder_15_grasp_ver3_grasp_ver3,20260311235328,30,1497.0,0.0
2x2_slot_inorder_place_inorder_15_grasp_ver3_grasp_ver3,20260311235332,2,288.0,0.0
2x2_slot_inorder_place_inorder_15_grasp_ver3_grasp_ver3,20260311235335,9,808.0,0.0
2x2_slot_inorder_place_inorder_15_grasp_ver3_grasp_ver3,20260311235340,14,777.0,0.0
2x2_slot_inorder_place_inorder_15_grasp_ver3_grasp_ver3,20260311235342,24,1289.0,0.0
2x2_slot_inorder_place_inorder_15_grasp_ver3_grasp_ver3,20260311235346,32,1600.0,0.0
2x2_slot_inorder_place_inorder_15_grasp_ver3_grasp_ver3,20260311235351,38,1802.0,0.0
2x2_slot_inorder_place_inorder_15_grasp_ver3_grasp_ver3,20260311235357,7,432.0,0.0
2x2_slot_inorder_place_inorder_15_grasp_ver3_grasp_ver3,20260311235401,5,424.0,0.015625
2x2_slot_inorder_place_inorder_15_grasp_ver3_grasp_ver3,20260311235404,6,322.0,0.0
2x2_slot_inorder_place_inorder_15_grasp_ver3_grasp_ver3,20260311235407,4,256.0,0.0
2x2_slot_inorder_place_inorder_15_grasp_ver3_grasp_ver3,20260311235409,2,270.0,0.0
2x2_slot_inorder_place_inorder_15_grasp_ver3_grasp_ver3,20260311235412,4,336.0,0.0
2x2_slot_inorder_place_inorder_15_grasp_ver3_grasp_ver3,20260311235416,32,1542.0,0.0
2x2_slot_inorder_place_inorder_15_grasp_ver3_grasp_ver3,20260311235419,7,534.0,0.0
2x2_slot_inorder_place_inorder_15_grasp_ver3_grasp_ver3,20260311235423,5,410.0,0.0
2x2_slot_inorder_place_inorder_15_grasp_ver3_grasp_ver3,20260311235426,20,1225.0,0.0
2x2_slot_inorder_place_inorder_15_grasp_ver3_grasp_ver3,20260311235431,12,647.0,0.0
2x2_slot_inorder_place_inorder_15_grasp_ver3_grasp_ver3,20260311235436,34,1582.0,0.0
2x2_slot_inorder_place_inorder_15_grasp_ver3_grasp_ver3,20260311235442,25,1456.0,0.015625
2x2_slot_inorder_place_inorder_15_grasp_ver3_grasp_ver3,20260311235446,27,1530.0,0.0
2x2_slot_inorder_place_inorder_15_grasp_ver3_grasp_ver3,20260311235450,2,278.0,0.0
2x2_slot_inorder_place_inorder_15_grasp_ver3_grasp_ver3,20260311235453,7,556.0,0.0
2x2_slot_inorder_place_inorder_15_grasp_ver3_grasp_ver3,20260311235458,17,1253.0,0.0
2x2_slot_inorder_place_inorder_15_grasp_ver3_grasp_ver3,20260311235506,16,949.0,0.0
2x2_slot_inorder_place_inorder_15_grasp_ver3_grasp_ver3,20260311235510,15,775.0,0.0
2x2_slot_inorder_place_inorder_15_grasp_ver3_grasp_ver3,20260311235516,19,1273.0,0.0
2x2_slot_inorder_place_inorder_15_grasp_ver3_grasp_ver3,20260311235525,50,2319.0,0.0
2x2_slot_inorder_place_inorder_15_grasp_ver3_grasp_ver3,20260311235538,25,1423.0,0.0
2x2_slot_inorder_place_inorder_15_grasp_ver3_grasp_ver3,20260311235544,27,1284.0,0.0
2x2_slot_inorder_place_inorder_15_grasp_ver3_grasp_ver3,20260311235552,7,462.0,0.0
2x2_slot_inorder_place_inorder_15_grasp_ver3_grasp_ver3,20260311235556,8,576.0,0.0
2x2_slot_inorder_place_inorder_15_grasp_ver3_grasp_ver3,20260311235600,10,676.0,0.0
2x2_slot_inorder_place_inorder_15_grasp_ver3_grasp_ver3,20260311235605,7,602.0,0.0
2x2_slot_inorder_place_inorder_15_grasp_ver3_grasp_ver3,20260311235608,27,1324.0,0.0
2x2_slot_inorder_place_inorder_15_grasp_ver3_grasp_ver3,20260311235614,8,500.0,0.0
2x2_slot_inorder_place_inorder_15_grasp_ver3_grasp_ver3,20260311235618,10,476.0,0.0
2x2_slot_inorder_place_inorder_15_grasp_ver3_grasp_ver3,20260311235621,12,846.0,0.0
2x2_slot_inorder_place_inorder_15_grasp_ver3_grasp_ver3,20260311235627,35,1788.0,0.0
2x2_slot_inorder_place_inorder_15_grasp_ver3_grasp_ver3,20260311235638,10,492.0,0.0
2x2_slot_inorder_place_inorder_15_grasp_ver3_grasp_ver3,20260311235643,2,248.0,0.0
2x2_slot_inorder_place_inorder_15_grasp_ver3_grasp_ver3,20260311235646,2,284.0,0.0
2x2_slot_inorder_place_inorder_15_grasp_ver3_grasp_ver3,20260311235649,5,410.0,0.0
2x2_slot_inorder_place_inorder_15_grasp_ver3_grasp_ver3,20260311235652,7,434.0,0.0
2x2_slot_inorder_place_inorder_15_grasp_ver3_grasp_ver3,20260311235657,6,320.0,0.0
2x2_slot_inorder_place_inorder_15_grasp_ver3_grasp_ver3,20260311235659,20,985.0,0.0
2x2_slot_inorder_place_inorder_15_grasp_ver3_grasp_ver3,20260311235706,20,1297.0,0.0
2x2_slot_inorder_place_inorder_15_grasp_ver3_grasp_ver3,20260311235713,25,1396.0,0.0
2x2_slot_inorder_place_inorder_15_grasp_ver3_grasp_ver3,20260311235716,12,697.0,0.0
2x2_slot_inorder_place_inorder_15_grasp_ver3_grasp_ver3,20260311235720,11,717.0,0.0
2x2_slot_inorder_place_inorder_15_grasp_ver3_grasp_ver3,20260311235724,4,292.0,0.0
2x2_slot_inorder_place_inorder_15_grasp_ver3_grasp_ver3,20260311235728,2,282.0,0.0
2x2_slot_inorder_place_inorder_15_grasp_ver3_grasp_ver3,20260311235731,24,1257.0,0.0
2x2_slot_inorder_place_inorder_15_grasp_ver3_grasp_ver3,20260311235739,17,927.0,0.0
2x2_slot_inorder_place_inorder_15_grasp_ver3_grasp_ver3,20260311235743,4,296.0,0.0
2x2_slot_inorder_place_inorder_15_grasp_ver3_grasp_ver3,20260311235747,18,1051.0,0.0
2x2_slot_inorder_place_inorder_15_grasp_ver3_grasp_ver3,20260311235755,13,802.0,0.0
2x2_slot_inorder_place_inorder_15_grasp_ver3_grasp_ver3,20260311235802,7,498.0,0.0
2x2_slot_inorder_place_inorder_15_grasp_ver3_grasp_ver3,20260311235806,5,334.0,0.0
2x2_slot_inorder_place_inorder_15_grasp_ver3_grasp_ver3,20260311235810,6,330.0,0.0
2x2_slot_inorder_place_inorder_15_grasp_ver3_grasp_ver3,20260311235812,5,326.0,0.0
2x2_slot_inorder_place_inorder_15_grasp_ver3_grasp_ver3,20260311235816,7,580.0,0.0
2x2_slot_inorder_place_inorder_15_grasp_ver3_grasp_ver3,20260311235821,31,1474.0,0.0
2x2_slot_inorder_place_inorder_15_grasp_ver3_grasp_ver3,20260311235828,5,406.0,0.0
2x2_slot_inorder_place_inorder_15_grasp_ver3_grasp_ver3,20260311235832,25,1152.0,0.0
2x2_slot_inorder_place_inorder_15_grasp_ver3_grasp_ver3,20260311235838,2,264.0,0.0
2x2_slot_inorder_place_inorder_15_grasp_ver3_grasp_ver3,20260311235841,26,1364.0,0.0
2x2_slot_inorder_place_inorder_15_grasp_ver3_grasp_ver3,20260311235849,8,538.0,0.0
2x2_slot_inorder_place_inorder_15_grasp_ver3_grasp_ver3,20260311235854,15,781.0,0.0
2x2_slot_inorder_place_inorder_15_grasp_ver3_grasp_ver3,20260311235859,18,1147.0,0.0
2x2_slot_inorder_place_inorder_15_grasp_ver3_grasp_ver3,20260311235905,28,1407.0,0.0
2x2_slot_inorder_place_inorder_15_grasp_ver3_grasp_ver3,20260311235910,23,1228.0,0.0
2x2_slot_inorder_place_inorder_15_grasp_ver3_grasp_ver3,20260311235919,15,841.0,0.0
2x2_slot_inorder_place_inorder_15_grasp_ver3_grasp_ver3,20260311235925,10,582.0,0.0
2x2_slot_inorder_place_inorder_15_grasp_ver3_grasp_ver3,20260311235928,20,1146.0,0.0
2x2_slot_inorder_place_inorder_15_grasp_ver3_grasp_ver3,20260311235937,14,747.0,0.0
2x2_slot_inorder_place_inorder_15_grasp_ver3_grasp_ver3,20260311235941,12,849.0,0.0
2x2_slot_inorder_place_inorder_15_grasp_ver3_grasp_ver3,20260311235946,15,855.0,0.0
2x2_slot_inorder_place_inorder_15_grasp_ver3_grasp_ver3,20260311235950,4,312.0,0.0
2x2_slot_inorder_place_inorder_15_grasp_ver3_grasp_ver3,20260311235954,14,781.0,0.0
2x2_slot_inorder_place_inorder_15_grasp_ver3_grasp_ver3,20260311235959,10,516.0,0.0
2x2_slot_inorder_place_inorder_15_grasp_ver3_grasp_ver3,20260312000004,18,1069.0,0.0
2x2_slot_inorder_place_inorder_15_grasp_ver3_grasp_ver3,20260312000009,13,817.0,0.015625
2x2_slot_inorder_place_inorder_15_grasp_ver3_grasp_ver3,20260312000015,14,809.0,0.0
2x2_slot_inorder_place_inorder_15_grasp_ver3_grasp_ver3,20260312000021,14,787.0,0.0
2x2_slot_inorder_place_inorder_15_grasp_ver3_grasp_ver3,20260312000025,12,562.0,0.0
2x2_slot_inorder_place_inorder_15_grasp_ver3_grasp_ver3,20260312000030,12,867.0,0.0
2x2_slot_inorder_place_inorder_15_grasp_ver3_grasp_ver3,20260312000035,9,582.0,0.0
2x2_slot_inorder_place_inorder_15_grasp_ver3_grasp_ver3,20260312000039,28,1474.0,0.0
2x2_slot_inorder_place_inorder_15_grasp_ver3_grasp_ver3,20260312000044,36,1892.0,0.0
2x2_slot_inorder_place_inorder_15_grasp_ver3_grasp_ver3,20260312000049,26,1369.0,0.0
2x2_slot_inorder_place_inorder_15_grasp_ver3_grasp_ver3,20260312000057,13,713.0,0.0
2x2_slot_inorder_place_inorder_15_grasp_ver3_grasp_ver3,20260312000103,10,582.0,0.0
2x2_slot_inorder_place_inorder_15_grasp_ver3_grasp_ver3,20260312000109,10,714.0,0.015625
2x2_slot_inorder_place_inorder_15_grasp_ver3_grasp_ver3,20260312000114,19,1097.0,0.0
2x2_slot_inorder_place_inorder_15_grasp_ver3_grasp_ver3,20260312000119,23,1345.0,0.0
2x2_slot_inorder_place_inorder_15_grasp_ver3_grasp_ver3,20260312000126,48,2223.0,0.015625
2x2_slot_inorder_place_inorder_15_grasp_ver3_grasp_ver3,20260312000137,2,232.0,0.0
2x2_slot_inorder_place_inorder_15_grasp_ver3_grasp_ver3,20260312000140,14,719.0,0.0
2x2_slot_inorder_place_inorder_15_grasp_ver3_grasp_ver3,20260312000146,27,1396.0,0.0
2x2_slot_inorder_place_inorder_15_grasp_ver3_grasp_ver3,20260312000154,4,292.0,0.0
2x2_slot_inorder_place_inorder_15_grasp_ver3_grasp_ver3,20260312000157,17,875.0,0.0
2x2_slot_inorder_place_inorder_15_grasp_ver3_grasp_ver3,20260312000201,6,318.0,0.0
2x2_slot_inorder_place_inorder_15_grasp_ver3_grasp_ver3,20260312000204,29,1491.0,0.0
2x2_slot_inorder_place_inorder_15_grasp_ver3_grasp_ver3,20260312000212,21,1133.0,0.0
2x2_slot_inorder_place_inorder_15_grasp_ver3_greedy_ver3,20260311235111,6,340.0,0.0
2x2_slot_inorder_place_inorder_15_grasp_ver3_greedy_ver3,20260311235113,11,648.0,0.0
2x2_slot_inorder_place_inorder_15_grasp_ver3_greedy_ver3,20260311235117,15,731.0,0.0
2x2_slot_inorder_place_inorder_15_grasp_ver3_greedy_ver3,20260311235120,6,350.0,0.0
2x2_slot_inorder_place_inorder_15_grasp_ver3_greedy_ver3,20260311235123,16,883.0,0.0
2x2_slot_inorder_place_inorder_15_grasp_ver3_greedy_ver3,20260311235126,4,228.0,0.0
2x2_slot_inorder_place_inorder_15_grasp_ver3_greedy_ver3,20260311235130,9,438.0,0.0
2x2_slot_inorder_place_inorder_15_grasp_ver3_greedy_ver3,20260311235134,2,284.0,0.0
2x2_slot_inorder_place_inorder_15_grasp_ver3_greedy_ver3,20260311235137,2,274.0,0.0
2x2_slot_inorder_place_inorder_15_grasp_ver3_greedy_ver3,20260311235140,2,284.0,0.0
2x2_slot_inorder_place_inorder_15_grasp_ver3_greedy_ver3,20260311235143,12,650.0,0.0
2x2_slot_inorder_place_inorder_15_grasp_ver3_greedy_ver3,20260311235146,8,452.0,0.0
2x2_slot_inorder_place_inorder_15_grasp_ver3_greedy_ver3,20260311235150,2,222.0,0.0
2x2_slot_inorder_place_inorder_15_grasp_ver3_greedy_ver3,20260311235153,2,234.0,0.0
2x2_slot_inorder_place_inorder_15_grasp_ver3_greedy_ver3,20260311235155,2,220.0,0.0
2x2_slot_inorder_place_inorder_15_grasp_ver3_greedy_ver3,20260311235158,2,286.0,0.0
2x2_slot_inorder_place_inorder_15_grasp_ver3_greedy_ver3,20260311235201,2,224.0,0.0
2x2_slot_inorder_place_inorder_15_grasp_ver3_greedy_ver3,20260311235204,15,733.0,0.0
2x2_slot_inorder_place_inorder_15_grasp_ver3_greedy_ver3,20260311235207,19,1017.0,0.0
2x2_slot_inorder_place_inorder_15_grasp_ver3_greedy_ver3,20260311235212,10,550.0,0.0
2x2_slot_inorder_place_inorder_15_grasp_ver3_greedy_ver3,20260311235217,8,590.0,0.0
2x2_slot_inorder_place_inorder_15_grasp_ver3_greedy_ver3,20260311235223,13,819.0,0.015625
2x2_slot_inorder_place_inorder_15_grasp_ver3_greedy_ver3,20260311235229,12,730.0,0.0
2x2_slot_inorder_place_inorder_15_grasp_ver3_greedy_ver3,20260311235241,55,2759.0,0.0
2x2_slot_inorder_place_inorder_15_grasp_ver3_greedy_ver3,20260311235255,31,1661.0,0.0
2x2_slot_inorder_place_inorder_15_grasp_ver3_greedy_ver3,20260311235303,6,352.0,0.0
2x2_slot_inorder_place_inorder_15_grasp_ver3_greedy_ver3,20260311235307,15,1187.0,0.0
2x2_slot_inorder_place_inorder_15_grasp_ver3_greedy_ver3,20260311235312,20,1375.0,0.0
2x2_slot_inorder_place_inorder_15_grasp_ver3_greedy_ver3,20260311235316,8,434.0,0.0
2x2_slot_inorder_place_inorder_15_grasp_ver3_greedy_ver3,20260311235319,2,286.0,0.0
2x2_slot_inorder_place_inorder_15_grasp_ver3_greedy_ver3,20260311235323,14,929.0,0.0
2x2_slot_inorder_place_inorder_15_grasp_ver3_greedy_ver3,20260311235327,2,284.0,0.015625
2x2_slot_inorder_place_inorder_15_grasp_ver3_greedy_ver3,20260311235330,4,312.0,0.0
2x2_slot_inorder_place_inorder_15_grasp_ver3_greedy_ver3,20260311235333,18,1051.0,0.0
2x2_slot_inorder_place_inorder_15_grasp_ver3_greedy_ver3,20260311235337,16,1043.0,0.0
2x2_slot_inorder_place_inorder_15_grasp_ver3_greedy_ver3,20260311235341,2,234.0,0.0
2x2_slot_inorder_place_inorder_15_grasp_ver3_greedy_ver3,20260311235344,6,306.0,0.0
2x2_slot_inorder_place_inorder_15_grasp_ver3_greedy_ver3,20260311235348,15,813.0,0.0
2x2_slot_inorder_place_inorder_15_grasp_ver3_greedy_ver3,20260311235354,32,1708.0,0.0
2x2_slot_inorder_place_inorder_15_grasp_ver3_greedy_ver3,20260311235359,6,290.0,0.0
2x2_slot_inorder_place_inorder_15_grasp_ver3_greedy_ver3,20260311235402,21,1253.0,0.0
2x2_slot_inorder_place_inorder_15_grasp_ver3_greedy_ver3,20260311235405,19,1017.0,0.0
2x2_slot_inorder_place_inorder_15_grasp_ver3_greedy_ver3,20260311235408,4,286.0,0.0
2x2_slot_inorder_place_inorder_15_grasp_ver3_greedy_ver3,20260311235411,2,220.0,0.0
2x2_slot_inorder_place_inorder_15_grasp_ver3_greedy_ver3,20260311235414,4,246.0,0.0
2x2_slot_inorder_place_inorder_15_grasp_ver3_greedy_ver3,20260311235417,6,344.0,0.0
2x2_slot_inorder_place_inorder_15_grasp_ver3_greedy_ver3,20260311235421,6,474.0,0.0
2x2_slot_inorder_place_inorder_15_grasp_ver3_greedy_ver3,20260311235424,22,1223.0,0.0
2x2_slot_inorder_place_inorder_15_grasp_ver3_greedy_ver3,20260311235428,20,1079.0,0.0
2x2_slot_inorder_place_inorder_15_grasp_ver3_greedy_ver3,20260311235433,12,653.0,0.015625
2x2_slot_inorder_place_inorder_15_grasp_ver3_greedy_ver3,20260311235439,28,1414.0,0.0
2x2_slot_inorder_place_inorder_15_grasp_ver3_greedy_ver3,20260311235444,8,430.0,0.0
2x2_slot_inorder_place_inorder_15_grasp_ver3_greedy_ver3,20260311235448,4,292.0,0.0
2x2_slot_inorder_place_inorder_15_grasp_ver3_greedy_ver3,20260311235451,4,264.0,0.0
2x2_slot_inorder_place_inorder_15_grasp_ver3_greedy_ver3,20260311235455,52,2496.0,0.0
2x2_slot_inorder_place_inorder_15_grasp_ver3_greedy_ver3,20260311235501,30,1418.0,0.0
2x2_slot_inorder_place_inorder_15_grasp_ver3_greedy_ver3,20260311235508,6,316.0,0.0
2x2_slot_inorder_place_inorder_15_grasp_ver3_greedy_ver3,20260311235513,15,775.0,0.0
2x2_slot_inorder_place_inorder_15_grasp_ver3_greedy_ver3,20260311235520,23,1533.0,0.0
2x2_slot_inorder_place_inorder_15_grasp_ver3_greedy_ver3,20260311235531,51,2186.0,0.0
2x2_slot_inorder_place_inorder_15_grasp_ver3_greedy_ver3,20260311235542,16,861.0,0.0
2x2_slot_inorder_place_inorder_15_grasp_ver3_greedy_ver3,20260311235548,30,1556.0,0.0
2x2_slot_inorder_place_inorder_15_grasp_ver3_greedy_ver3,20260311235554,11,682.0,0.0
2x2_slot_inorder_place_inorder_15_grasp_ver3_greedy_ver3,20260311235558,6,312.0,0.0
2x2_slot_inorder_place_inorder_15_grasp_ver3_greedy_ver3,20260311235602,11,646.0,0.0
2x2_slot_inorder_place_inorder_15_grasp_ver3_greedy_ver3,20260311235606,10,524.0,0.0
2x2_slot_inorder_place_inorder_15_grasp_ver3_greedy_ver3,20260311235611,27,1497.0,0.0
2x2_slot_inorder_place_inorder_15_grasp_ver3_greedy_ver3,20260311235616,9,652.0,0.0
2x2_slot_inorder_place_inorder_15_grasp_ver3_greedy_ver3,20260311235620,14,737.0,0.0
2x2_slot_inorder_place_inorder_15_grasp_ver3_greedy_ver3,20260311235624,18,1085.0,0.0
2x2_slot_inorder_place_inorder_15_grasp_ver3_greedy_ver3,20260311235633,26,1425.0,0.0
2x2_slot_inorder_place_inorder_15_grasp_ver3_greedy_ver3,20260311235641,14,643.0,0.0
2x2_slot_inorder_place_inorder_15_grasp_ver3_greedy_ver3,20260311235644,2,278.0,0.0
2x2_slot_inorder_place_inorder_15_grasp_ver3_greedy_ver3,20260311235647,2,234.0,0.0
2x2_slot_inorder_place_inorder_15_grasp_ver3_greedy_ver3,20260311235650,42,2101.0,0.0
2x2_slot_inorder_place_inorder_15_grasp_ver3_greedy_ver3,20260311235654,10,572.0,0.0
2x2_slot_inorder_place_inorder_15_grasp_ver3_greedy_ver3,20260311235658,6,340.0,0.0
2x2_slot_inorder_place_inorder_15_grasp_ver3_greedy_ver3,20260311235703,33,1678.0,0.0
2x2_slot_inorder_place_inorder_15_grasp_ver3_greedy_ver3,20260311235709,21,1201.0,0.0
2x2_slot_inorder_place_inorder_15_grasp_ver3_greedy_ver3,20260311235714,6,334.0,0.0
2x2_slot_inorder_place_inorder_15_grasp_ver3_greedy_ver3,20260311235718,15,919.0,0.0
2x2_slot_inorder_place_inorder_15_grasp_ver3_greedy_ver3,20260311235722,8,442.0,0.0
2x2_slot_inorder_place_inorder_15_grasp_ver3_greedy_ver3,20260311235726,11,614.0,0.0
2x2_slot_inorder_place_inorder_15_grasp_ver3_greedy_ver3,20260311235729,11,628.0,0.0
2x2_slot_inorder_place_inorder_15_grasp_ver3_greedy_ver3,20260311235734,21,1353.0,0.0
2x2_slot_inorder_place_inorder_15_grasp_ver3_greedy_ver3,20260311235741,8,462.0,0.0
2x2_slot_inorder_place_inorder_15_grasp_ver3_greedy_ver3,20260311235745,4,334.0,0.0
2x2_slot_inorder_place_inorder_15_grasp_ver3_greedy_ver3,20260311235751,27,1611.0,0.015625
2x2_slot_inorder_place_inorder_15_grasp_ver3_greedy_ver3,20260311235758,17,919.0,0.0
2x2_slot_inorder_place_inorder_15_grasp_ver3_greedy_ver3,20260311235804,16,907.0,0.0
2x2_slot_inorder_place_inorder_15_grasp_ver3_greedy_ver3,20260311235808,13,826.0,0.0
2x2_slot_inorder_place_inorder_15_grasp_ver3_greedy_ver3,20260311235811,10,576.0,0.0
2x2_slot_inorder_place_inorder_15_grasp_ver3_greedy_ver3,20260311235814,5,330.0,0.0
2x2_slot_inorder_place_inorder_15_grasp_ver3_greedy_ver3,20260311235818,41,2092.0,0.0
2x2_slot_inorder_place_inorder_15_grasp_ver3_greedy_ver3,20260311235825,21,1081.0,0.0
2x2_slot_inorder_place_inorder_15_grasp_ver3_greedy_ver3,20260311235830,4,304.0,0.0
2x2_slot_inorder_place_inorder_15_grasp_ver3_greedy_ver3,20260311235835,20,1075.0,0.0
2x2_slot_inorder_place_inorder_15_grasp_ver3_greedy_ver3,20260311235840,9,482.0,0.0
2x2_slot_inorder_place_inorder_15_grasp_ver3_greedy_ver3,20260311235845,21,1193.0,0.0
2x2_slot_inorder_place_inorder_15_grasp_ver3_greedy_ver3,20260311235851,8,410.0,0.0
2x2_slot_inorder_place_inorder_15_grasp_ver3_greedy_ver3,20260311235856,19,1029.0,0.0
2x2_slot_inorder_place_inorder_15_grasp_ver3_greedy_ver3,20260311235902,14,689.0,0.0
2x2_slot_inorder_place_inorder_15_grasp_ver3_greedy_ver3,20260311235908,15,841.0,0.0
2x2_slot_inorder_place_inorder_15_grasp_ver3_greedy_ver3,20260311235914,29,1318.0,0.0
2x2_slot_inorder_place_inorder_15_grasp_ver3_greedy_ver3,20260311235922,14,709.0,0.0
2x2_slot_inorder_place_inorder_15_grasp_ver3_greedy_ver3,20260311235926,9,652.0,0.0
2x2_slot_inorder_place_inorder_15_grasp_ver3_greedy_ver3,20260311235932,26,1485.0,0.0
2x2_slot_inorder_place_inorder_15_grasp_ver3_greedy_ver3,20260311235939,14,697.0,0.0
2x2_slot_inorder_place_inorder_15_grasp_ver3_greedy_ver3,20260311235943,13,582.0,0.0
2x2_slot_inorder_place_inorder_15_grasp_ver3_greedy_ver3,20260311235948,18,877.0,0.015625
2x2_slot_inorder_place_inorder_15_grasp_ver3_greedy_ver3,20260311235952,4,222.0,0.0
2x2_slot_inorder_place_inorder_15_grasp_ver3_greedy_ver3,20260311235957,14,911.0,0.0
2x2_slot_inorder_place_inorder_15_grasp_ver3_greedy_ver3,20260312000001,35,1842.0,0.015625
2x2_slot_inorder_place_inorder_15_grasp_ver3_greedy_ver3,20260312000006,25,1416.0,0.0
2x2_slot_inorder_place_inorder_15_grasp_ver3_greedy_ver3,20260312000012,13,815.0,0.0
2x2_slot_inorder_place_inorder_15_grasp_ver3_greedy_ver3,20260312000018,14,831.0,0.0
2x2_slot_inorder_place_inorder_15_grasp_ver3_greedy_ver3,20260312000023,12,697.0,0.0
2x2_slot_inorder_place_inorder_15_grasp_ver3_greedy_ver3,20260312000028,12,600.0,0.0
2x2_slot_inorder_place_inorder_15_grasp_ver3_greedy_ver3,20260312000032,33,1780.0,0.0
2x2_slot_inorder_place_inorder_15_grasp_ver3_greedy_ver3,20260312000037,8,468.0,0.015625
2x2_slot_inorder_place_inorder_15_grasp_ver3_greedy_ver3,20260312000041,43,1986.0,0.0
2x2_slot_inorder_place_inorder_15_grasp_ver3_greedy_ver3,20260312000046,6,298.0,0.0
2x2_slot_inorder_place_inorder_15_grasp_ver3_greedy_ver3,20260312000053,32,1764.0,0.0
2x2_slot_inorder_place_inorder_15_grasp_ver3_greedy_ver3,20260312000100,21,1143.0,0.0
2x2_slot_inorder_place_inorder_15_grasp_ver3_greedy_ver3,20260312000106,12,644.0,0.015625
2x2_slot_inorder_place_inorder_15_grasp_ver3_greedy_ver3,20260312000111,13,751.0,0.015625
2x2_slot_inorder_place_inorder_15_grasp_ver3_greedy_ver3,20260312000116,24,1229.0,0.0
2x2_slot_inorder_place_inorder_15_grasp_ver3_greedy_ver3,20260312000123,23,1223.0,0.015625
2x2_slot_inorder_place_inorder_15_grasp_ver3_greedy_ver3,20260312000132,52,2633.0,0.0
2x2_slot_inorder_place_inorder_15_grasp_ver3_greedy_ver3,20260312000139,2,262.0,0.0
2x2_slot_inorder_place_inorder_15_grasp_ver3_greedy_ver3,20260312000142,20,1107.0,0.0
2x2_slot_inorder_place_inorder_15_grasp_ver3_greedy_ver3,20260312000150,27,1114.0,0.0
2x2_slot_inorder_place_inorder_15_grasp_ver3_greedy_ver3,20260312000156,4,320.0,0.0
2x2_slot_inorder_place_inorder_15_grasp_ver3_greedy_ver3,20260312000159,23,1052.0,0.0
2x2_slot_inorder_place_inorder_15_grasp_ver3_greedy_ver3,20260312000203,6,338.0,0.0
2x2_slot_inorder_place_inorder_15_grasp_ver3_greedy_ver3,20260312000207,47,2234.0,0.0
2x2_slot_inorder_place_inorder_15_grasp_ver3_greedy_ver3,20260312000214,20,979.0,0.0
2x2_slot_inorder_place_inorder_15_greedy_ver3_grasp_ver3,20260311234105,2,272.0,0.0
2x2_slot_inorder_place_inorder_15_greedy_ver3_grasp_ver3,20260311234108,11,801.0,0.0
2x2_slot_inorder_place_inorder_15_greedy_ver3_grasp_ver3,20260311234110,2,272.0,0.015625
2x2_slot_inorder_place_inorder_15_greedy_ver3_grasp_ver3,20260311234112,2,282.0,0.0
2x2_slot_inorder_place_inorder_15_greedy_ver3_grasp_ver3,20260311234114,53,2285.0,0.0
2x2_slot_inorder_place_inorder_15_greedy_ver3_grasp_ver3,20260311234117,2,256.0,0.0
2x2_slot_inorder_place_inorder_15_greedy_ver3_grasp_ver3,20260311234120,2,242.0,0.0
2x2_slot_inorder_place_inorder_15_greedy_ver3_grasp_ver3,20260311234122,2,254.0,0.0
2x2_slot_inorder_place_inorder_15_greedy_ver3_grasp_ver3,20260311234124,8,442.0,0.0
2x2_slot_inorder_place_inorder_15_greedy_ver3_grasp_ver3,20260311234127,25,1254.0,0.015625
2x2_slot_inorder_place_inorder_15_greedy_ver3_grasp_ver3,20260311234130,6,320.0,0.0
2x2_slot_inorder_place_inorder_15_greedy_ver3_grasp_ver3,20260311234132,17,933.0,0.0
2x2_slot_inorder_place_inorder_15_greedy_ver3_grasp_ver3,20260311234134,11,599.0,0.0
2x2_slot_inorder_place_inorder_15_greedy_ver3_grasp_ver3,20260311234138,13,620.0,0.0
2x2_slot_inorder_place_inorder_15_greedy_ver3_grasp_ver3,20260311234141,30,1386.0,0.0
2x2_slot_inorder_place_inorder_15_greedy_ver3_grasp_ver3,20260311234144,20,747.0,0.0
2x2_slot_inorder_place_inorder_15_greedy_ver3_grasp_ver3,20260311234146,7,480.0,0.015625
2x2_slot_inorder_place_inorder_15_greedy_ver3_grasp_ver3,20260311234150,4,344.0,0.0
2x2_slot_inorder_place_inorder_15_greedy_ver3_grasp_ver3,20260311234153,8,466.0,0.0
2x2_slot_inorder_place_inorder_15_greedy_ver3_grasp_ver3,20260311234157,6,336.0,0.0
2x2_slot_inorder_place_inorder_15_greedy_ver3_grasp_ver3,20260311234201,10,622.0,0.015625
2x2_slot_inorder_place_inorder_15_greedy_ver3_grasp_ver3,20260311234207,14,729.0,0.0
2x2_slot_inorder_place_inorder_15_greedy_ver3_grasp_ver3,20260311234211,43,2281.0,0.0
2x2_slot_inorder_place_inorder_15_greedy_ver3_grasp_ver3,20260311234223,45,2131.0,0.0
2x2_slot_inorder_place_inorder_15_greedy_ver3_grasp_ver3,20260311234236,11,658.0,0.0
2x2_slot_inorder_place_inorder_15_greedy_ver3_grasp_ver3,20260311234241,7,490.0,0.0
2x2_slot_inorder_place_inorder_15_greedy_ver3_grasp_ver3,20260311234243,2,248.0,0.0
2x2_slot_inorder_place_inorder_15_greedy_ver3_grasp_ver3,20260311234245,4,262.0,0.0
2x2_slot_inorder_place_inorder_15_greedy_ver3_grasp_ver3,20260311234248,4,272.0,0.0
2x2_slot_inorder_place_inorder_15_greedy_ver3_grasp_ver3,20260311234252,2,282.0,0.0
2x2_slot_inorder_place_inorder_15_greedy_ver3_grasp_ver3,20260311234254,29,1454.0,0.015625
2x2_slot_inorder_place_inorder_15_greedy_ver3_grasp_ver3,20260311234257,6,330.0,0.0
2x2_slot_inorder_place_inorder_15_greedy_ver3_grasp_ver3,20260311234300,11,601.0,0.0
2x2_slot_inorder_place_inorder_15_greedy_ver3_grasp_ver3,20260311234303,5,424.0,0.0
2x2_slot_inorder_place_inorder_15_greedy_ver3_grasp_ver3,20260311234306,7,448.0,0.0
2x2_slot_inorder_place_inorder_15_greedy_ver3_grasp_ver3,20260311234309,5,610.0,0.0
2x2_slot_inorder_place_inorder_15_greedy_ver3_grasp_ver3,20260311234313,38,2142.0,0.0
2x2_slot_inorder_place_inorder_15_greedy_ver3_grasp_ver3,20260311234316,4,270.0,0.0
2x2_slot_inorder_place_inorder_15_greedy_ver3_grasp_ver3,20260311234319,21,1729.0,0.0
2x2_slot_inorder_place_inorder_15_greedy_ver3_grasp_ver3,20260311234323,36,1898.0,0.0
2x2_slot_inorder_place_inorder_15_greedy_ver3_grasp_ver3,20260311234329,17,876.0,0.0
2x2_slot_inorder_place_inorder_15_greedy_ver3_grasp_ver3,20260311234331,5,410.0,0.0
2x2_slot_inorder_place_inorder_15_greedy_ver3_grasp_ver3,20260311234334,11,677.0,0.0
2x2_slot_inorder_place_inorder_15_greedy_ver3_grasp_ver3,20260311234338,18,1042.0,0.0
2x2_slot_inorder_place_inorder_15_greedy_ver3_grasp_ver3,20260311234340,8,506.0,0.0
2x2_slot_inorder_place_inorder_15_greedy_ver3_grasp_ver3,20260311234343,2,242.0,0.0
2x2_slot_inorder_place_inorder_15_greedy_ver3_grasp_ver3,20260311234346,4,308.0,0.0
2x2_slot_inorder_place_inorder_15_greedy_ver3_grasp_ver3,20260311234349,4,290.0,0.0
2x2_slot_inorder_place_inorder_15_greedy_ver3_grasp_ver3,20260311234352,7,622.0,0.0
2x2_slot_inorder_place_inorder_15_greedy_ver3_grasp_ver3,20260311234356,10,509.0,0.0
2x2_slot_inorder_place_inorder_15_greedy_ver3_grasp_ver3,20260311234400,30,1414.0,0.0
2x2_slot_inorder_place_inorder_15_greedy_ver3_grasp_ver3,20260311234404,2,278.0,0.0
2x2_slot_inorder_place_inorder_15_greedy_ver3_grasp_ver3,20260311234407,8,574.0,0.0
2x2_slot_inorder_place_inorder_15_greedy_ver3_grasp_ver3,20260311234411,20,896.0,0.015625
2x2_slot_inorder_place_inorder_15_greedy_ver3_grasp_ver3,20260311234414,27,1603.0,0.0
2x2_slot_inorder_place_inorder_15_greedy_ver3_grasp_ver3,20260311234418,4,292.0,0.0
2x2_slot_inorder_place_inorder_15_greedy_ver3_grasp_ver3,20260311234422,8,492.0,0.0
2x2_slot_inorder_place_inorder_15_greedy_ver3_grasp_ver3,20260311234427,18,943.0,0.0
2x2_slot_inorder_place_inorder_15_greedy_ver3_grasp_ver3,20260311234434,66,3357.0,0.0
2x2_slot_inorder_place_inorder_15_greedy_ver3_grasp_ver3,20260311234444,16,1001.0,0.0
2x2_slot_inorder_place_inorder_15_greedy_ver3_grasp_ver3,20260311234448,22,1154.0,0.0
2x2_slot_inorder_place_inorder_15_greedy_ver3_grasp_ver3,20260311234455,35,1872.0,0.0
2x2_slot_inorder_place_inorder_15_greedy_ver3_grasp_ver3,20260311234503,9,704.0,0.0
2x2_slot_inorder_place_inorder_15_greedy_ver3_grasp_ver3,20260311234506,4,292.0,0.0
2x2_slot_inorder_place_inorder_15_greedy_ver3_grasp_ver3,20260311234509,8,432.0,0.0
2x2_slot_inorder_place_inorder_15_greedy_ver3_grasp_ver3,20260311234513,8,436.0,0.0
2x2_slot_inorder_place_inorder_15_greedy_ver3_grasp_ver3,20260311234515,13,659.0,0.0
2x2_slot_inorder_place_inorder_15_greedy_ver3_grasp_ver3,20260311234518,15,927.0,0.0
2x2_slot_inorder_place_inorder_15_greedy_ver3_grasp_ver3,20260311234522,10,564.0,0.0
2x2_slot_inorder_place_inorder_15_greedy_ver3_grasp_ver3,20260311234526,28,1597.0,0.0
2x2_slot_inorder_place_inorder_15_greedy_ver3_grasp_ver3,20260311234532,31,1612.0,0.0
2x2_slot_inorder_place_inorder_15_greedy_ver3_grasp_ver3,20260311234540,16,832.0,0.0
2x2_slot_inorder_place_inorder_15_greedy_ver3_grasp_ver3,20260311234545,5,410.0,0.0
2x2_slot_inorder_place_inorder_15_greedy_ver3_grasp_ver3,20260311234548,44,2206.0,0.015625
2x2_slot_inorder_place_inorder_15_greedy_ver3_grasp_ver3,20260311234552,4,292.0,0.0
2x2_slot_inorder_place_inorder_15_greedy_ver3_grasp_ver3,20260311234555,42,1930.0,0.0
2x2_slot_inorder_place_inorder_15_greedy_ver3_grasp_ver3,20260311234559,6,320.0,0.0
2x2_slot_inorder_place_inorder_15_greedy_ver3_grasp_ver3,20260311234601,62,3070.0,0.015625
2x2_slot_inorder_place_inorder_15_greedy_ver3_grasp_ver3,20260311234606,15,759.0,0.015625
2x2_slot_inorder_place_inorder_15_greedy_ver3_grasp_ver3,20260311234613,10,634.0,0.0
2x2_slot_inorder_place_inorder_15_greedy_ver3_grasp_ver3,20260311234616,19,1131.0,0.0
2x2_slot_inorder_place_inorder_15_greedy_ver3_grasp_ver3,20260311234620,4,308.0,0.0
2x2_slot_inorder_place_inorder_15_greedy_ver3_grasp_ver3,20260311234623,7,544.0,0.0
2x2_slot_inorder_place_inorder_15_greedy_ver3_grasp_ver3,20260311234627,5,422.0,0.0
2x2_slot_inorder_place_inorder_15_greedy_ver3_grasp_ver3,20260311234630,6,330.0,0.015625
2x2_slot_inorder_place_inorder_15_greedy_ver3_grasp_ver3,20260311234632,8,426.0,0.0
2x2_slot_inorder_place_inorder_15_greedy_ver3_grasp_ver3,20260311234636,16,847.0,0.0
2x2_slot_inorder_place_inorder_15_greedy_ver3_grasp_ver3,20260311234641,20,1133.0,0.0
2x2_slot_inorder_place_inorder_15_greedy_ver3_grasp_ver3,20260311234649,18,1037.0,0.0
2x2_slot_inorder_place_inorder_15_greedy_ver3_grasp_ver3,20260311234654,12,759.0,0.0
2x2_slot_inorder_place_inorder_15_greedy_ver3_grasp_ver3,20260311234658,17,1015.0,0.0
2x2_slot_inorder_place_inorder_15_greedy_ver3_grasp_ver3,20260311234700,8,542.0,0.0
2x2_slot_inorder_place_inorder_15_greedy_ver3_grasp_ver3,20260311234704,7,514.0,0.0
2x2_slot_inorder_place_inorder_15_greedy_ver3_grasp_ver3,20260311234708,7,468.0,0.0
2x2_slot_inorder_place_inorder_15_greedy_ver3_grasp_ver3,20260311234712,19,1119.0,0.0
2x2_slot_inorder_place_inorder_15_greedy_ver3_grasp_ver3,20260311234719,14,695.0,0.0
2x2_slot_inorder_place_inorder_15_greedy_ver3_grasp_ver3,20260311234722,14,813.0,0.0
2x2_slot_inorder_place_inorder_15_greedy_ver3_grasp_ver3,20260311234727,8,582.0,0.0
2x2_slot_inorder_place_inorder_15_greedy_ver3_grasp_ver3,20260311234730,18,753.0,0.0
2x2_slot_inorder_place_inorder_15_greedy_ver3_grasp_ver3,20260311234734,21,1207.0,0.0
2x2_slot_inorder_place_inorder_15_greedy_ver3_grasp_ver3,20260311234741,19,971.0,0.0
2x2_slot_inorder_place_inorder_15_greedy_ver3_grasp_ver3,20260311234745,10,658.0,0.0
2x2_slot_inorder_place_inorder_15_greedy_ver3_grasp_ver3,20260311234749,11,718.0,0.0
2x2_slot_inorder_place_inorder_15_greedy_ver3_grasp_ver3,20260311234755,26,1367.0,0.0
2x2_slot_inorder_place_inorder_15_greedy_ver3_grasp_ver3,20260311234805,19,911.0,0.0
2x2_slot_inorder_place_inorder_15_greedy_ver3_grasp_ver3,20260311234810,18,985.0,0.0
2x2_slot_inorder_place_inorder_15_greedy_ver3_grasp_ver3,20260311234813,16,1029.0,0.0
2x2_slot_inorder_place_inorder_15_greedy_ver3_grasp_ver3,20260311234820,17,933.0,0.0
2x2_slot_inorder_place_inorder_15_greedy_ver3_grasp_ver3,20260311234825,10,434.0,0.0
2x2_slot_inorder_place_inorder_15_greedy_ver3_grasp_ver3,20260311234829,18,666.0,0.0
2x2_slot_inorder_place_inorder_15_greedy_ver3_grasp_ver3,20260311234835,10,576.0,0.0
2x2_slot_inorder_place_inorder_15_greedy_ver3_grasp_ver3,20260311234838,14,925.0,0.015625
2x2_slot_inorder_place_inorder_15_greedy_ver3_grasp_ver3,20260311234843,15,1109.0,0.0
2x2_slot_inorder_place_inorder_15_greedy_ver3_grasp_ver3,20260311234847,26,1468.0,0.0
2x2_slot_inorder_place_inorder_15_greedy_ver3_grasp_ver3,20260311234853,60,2629.0,0.015625
2x2_slot_inorder_place_inorder_15_greedy_ver3_grasp_ver3,20260311234859,14,799.0,0.0
2x2_slot_inorder_place_inorder_15_greedy_ver3_grasp_ver3,20260311234904,28,1426.0,0.015625
2x2_slot_inorder_place_inorder_15_greedy_ver3_grasp_ver3,20260311234909,13,759.0,0.0
2x2_slot_inorder_place_inorder_15_greedy_ver3_grasp_ver3,20260311234913,33,1810.0,0.0
2x2_slot_inorder_place_inorder_15_greedy_ver3_grasp_ver3,20260311234918,9,558.0,0.015625
2x2_slot_inorder_place_inorder_15_greedy_ver3_grasp_ver3,20260311234923,7,430.0,0.0
2x2_slot_inorder_place_inorder_15_greedy_ver3_grasp_ver3,20260311234926,10,600.0,0.0
2x2_slot_inorder_place_inorder_15_greedy_ver3_grasp_ver3,20260311234931,34,1704.0,0.0
2x2_slot_inorder_place_inorder_15_greedy_ver3_grasp_ver3,20260311234939,20,1165.0,0.0
2x2_slot_inorder_place_inorder_15_greedy_ver3_grasp_ver3,20260311234944,11,708.0,0.0
2x2_slot_inorder_place_inorder_15_greedy_ver3_grasp_ver3,20260311234949,13,667.0,0.0
2x2_slot_inorder_place_inorder_15_greedy_ver3_grasp_ver3,20260311234954,36,1958.0,0.0
2x2_slot_inorder_place_inorder_15_greedy_ver3_grasp_ver3,20260311235000,24,1337.0,0.0
2x2_slot_inorder_place_inorder_15_greedy_ver3_grasp_ver3,20260311235008,46,2180.0,0.0
2x2_slot_inorder_place_inorder_15_greedy_ver3_grasp_ver3,20260311235021,5,402.0,0.0
2x2_slot_inorder_place_inorder_15_greedy_ver3_grasp_ver3,20260311235023,16,901.0,0.015625
2x2_slot_inorder_place_inorder_15_greedy_ver3_grasp_ver3,20260311235028,35,1638.0,0.0
2x2_slot_inorder_place_inorder_15_greedy_ver3_grasp_ver3,20260311235038,8,506.0,0.0
2x2_slot_inorder_place_inorder_15_greedy_ver3_grasp_ver3,20260311235042,7,552.0,0.0
2x2_slot_inorder_place_inorder_15_greedy_ver3_grasp_ver3,20260311235046,6,318.0,0.0
2x2_slot_inorder_place_inorder_15_greedy_ver3_grasp_ver3,20260311235049,25,1263.0,0.0
2x2_slot_inorder_place_inorder_15_greedy_ver3_grasp_ver3,20260311235059,14,657.0,0.0
2x2_slot_inorder_place_inorder_15_greedy_ver3_greedy_ver3,20260311234107,2,222.0,0.0
2x2_slot_inorder_place_inorder_15_greedy_ver3_greedy_ver3,20260311234109,6,292.0,0.015625
2x2_slot_inorder_place_inorder_15_greedy_ver3_greedy_ver3,20260311234111,25,1336.0,0.015625
2x2_slot_inorder_place_inorder_15_greedy_ver3_greedy_ver3,20260311234113,2,232.0,0.0
2x2_slot_inorder_place_inorder_15_greedy_ver3_greedy_ver3,20260311234116,4,266.0,0.0
2x2_slot_inorder_place_inorder_15_greedy_ver3_greedy_ver3,20260311234119,9,495.0,0.0
2x2_slot_inorder_place_inorder_15_greedy_ver3_greedy_ver3,20260311234121,13,658.0,0.0
2x2_slot_inorder_place_inorder_15_greedy_ver3_greedy_ver3,20260311234123,6,329.0,0.0
2x2_slot_inorder_place_inorder_15_greedy_ver3_greedy_ver3,20260311234126,8,524.0,0.0
2x2_slot_inorder_place_inorder_15_greedy_ver3_greedy_ver3,20260311234128,6,350.0,0.0
2x2_slot_inorder_place_inorder_15_greedy_ver3_greedy_ver3,20260311234131,6,340.0,0.0
2x2_slot_inorder_place_inorder_15_greedy_ver3_greedy_ver3,20260311234133,6,350.0,0.0
2x2_slot_inorder_place_inorder_15_greedy_ver3_greedy_ver3,20260311234136,14,631.0,0.0
2x2_slot_inorder_place_inorder_15_greedy_ver3_greedy_ver3,20260311234139,8,466.0,0.0
2x2_slot_inorder_place_inorder_15_greedy_ver3_greedy_ver3,20260311234142,8,436.0,0.0
2x2_slot_inorder_place_inorder_15_greedy_ver3_greedy_ver3,20260311234145,8,456.0,0.015625
2x2_slot_inorder_place_inorder_15_greedy_ver3_greedy_ver3,20260311234148,27,1391.0,0.0
2x2_slot_inorder_place_inorder_15_greedy_ver3_greedy_ver3,20260311234151,4,228.0,0.0
2x2_slot_inorder_place_inorder_15_greedy_ver3_greedy_ver3,20260311234155,6,362.0,0.0
2x2_slot_inorder_place_inorder_15_greedy_ver3_greedy_ver3,20260311234159,6,386.0,0.0
2x2_slot_inorder_place_inorder_15_greedy_ver3_greedy_ver3,20260311234204,10,652.0,0.0
2x2_slot_inorder_place_inorder_15_greedy_ver3_greedy_ver3,20260311234209,14,699.0,0.0
2x2_slot_inorder_place_inorder_15_greedy_ver3_greedy_ver3,20260311234217,38,1813.0,0.0
2x2_slot_inorder_place_inorder_15_greedy_ver3_greedy_ver3,20260311234229,45,2260.0,0.0
2x2_slot_inorder_place_inorder_15_greedy_ver3_greedy_ver3,20260311234238,34,2070.0,0.0
2x2_slot_inorder_place_inorder_15_greedy_ver3_greedy_ver3,20260311234242,12,664.0,0.0
2x2_slot_inorder_place_inorder_15_greedy_ver3_greedy_ver3,20260311234244,15,778.0,0.0
2x2_slot_inorder_place_inorder_15_greedy_ver3_greedy_ver3,20260311234247,47,1997.0,0.0
2x2_slot_inorder_place_inorder_15_greedy_ver3_greedy_ver3,20260311234250,4,288.0,0.0
2x2_slot_inorder_place_inorder_15_greedy_ver3_greedy_ver3,20260311234253,2,232.0,0.0
2x2_slot_inorder_place_inorder_15_greedy_ver3_greedy_ver3,20260311234256,8,476.0,0.0
2x2_slot_inorder_place_inorder_15_greedy_ver3_greedy_ver3,20260311234258,9,507.0,0.015625
2x2_slot_inorder_place_inorder_15_greedy_ver3_greedy_ver3,20260311234301,24,1138.0,0.0
2x2_slot_inorder_place_inorder_15_greedy_ver3_greedy_ver3,20260311234304,8,454.0,0.0
2x2_slot_inorder_place_inorder_15_greedy_ver3_greedy_ver3,20260311234307,10,546.0,0.0
2x2_slot_inorder_place_inorder_15_greedy_ver3_greedy_ver3,20260311234311,18,1188.0,0.0
2x2_slot_inorder_place_inorder_15_greedy_ver3_greedy_ver3,20260311234314,14,937.0,0.0
2x2_slot_inorder_place_inorder_15_greedy_ver3_greedy_ver3,20260311234317,4,310.0,0.0
2x2_slot_inorder_place_inorder_15_greedy_ver3_greedy_ver3,20260311234321,35,2396.0,0.0
2x2_slot_inorder_place_inorder_15_greedy_ver3_greedy_ver3,20260311234326,19,1022.0,0.0
2x2_slot_inorder_place_inorder_15_greedy_ver3_greedy_ver3,20260311234330,8,454.0,0.0
2x2_slot_inorder_place_inorder_15_greedy_ver3_greedy_ver3,20260311234333,8,430.0,0.0
2x2_slot_inorder_place_inorder_15_greedy_ver3_greedy_ver3,20260311234336,10,532.0,0.0
2x2_slot_inorder_place_inorder_15_greedy_ver3_greedy_ver3,20260311234339,6,344.0,0.0
2x2_slot_inorder_place_inorder_15_greedy_ver3_greedy_ver3,20260311234342,30,1678.0,0.0
2x2_slot_inorder_place_inorder_15_greedy_ver3_greedy_ver3,20260311234344,2,272.0,0.0
2x2_slot_inorder_place_inorder_15_greedy_ver3_greedy_ver3,20260311234347,22,1046.0,0.0
2x2_slot_inorder_place_inorder_15_greedy_ver3_greedy_ver3,20260311234351,4,240.0,0.0
2x2_slot_inorder_place_inorder_15_greedy_ver3_greedy_ver3,20260311234354,8,502.0,0.0
2x2_slot_inorder_place_inorder_15_greedy_ver3_greedy_ver3,20260311234358,24,1074.0,0.0
2x2_slot_inorder_place_inorder_15_greedy_ver3_greedy_ver3,20260311234402,23,1239.0,0.015625
2x2_slot_inorder_place_inorder_15_greedy_ver3_greedy_ver3,20260311234405,16,785.0,0.015625
2x2_slot_inorder_place_inorder_15_greedy_ver3_greedy_ver3,20260311234409,8,502.0,0.0
2x2_slot_inorder_place_inorder_15_greedy_ver3_greedy_ver3,20260311234412,8,430.0,0.0
2x2_slot_inorder_place_inorder_15_greedy_ver3_greedy_ver3,20260311234416,10,584.0,0.0
2x2_slot_inorder_place_inorder_15_greedy_ver3_greedy_ver3,20260311234420,4,308.0,0.0
2x2_slot_inorder_place_inorder_15_greedy_ver3_greedy_ver3,20260311234425,8,530.0,0.0
2x2_slot_inorder_place_inorder_15_greedy_ver3_greedy_ver3,20260311234430,38,2052.0,0.0
2x2_slot_inorder_place_inorder_15_greedy_ver3_greedy_ver3,20260311234439,54,2416.0,0.0
2x2_slot_inorder_place_inorder_15_greedy_ver3_greedy_ver3,20260311234446,27,1478.0,0.0
2x2_slot_inorder_place_inorder_15_greedy_ver3_greedy_ver3,20260311234451,33,1864.0,0.0
2x2_slot_inorder_place_inorder_15_greedy_ver3_greedy_ver3,20260311234458,46,2271.0,0.015625
2x2_slot_inorder_place_inorder_15_greedy_ver3_greedy_ver3,20260311234504,9,662.0,0.0
2x2_slot_inorder_place_inorder_15_greedy_ver3_greedy_ver3,20260311234508,4,312.0,0.0
2x2_slot_inorder_place_inorder_15_greedy_ver3_greedy_ver3,20260311234511,12,564.0,0.0
2x2_slot_inorder_place_inorder_15_greedy_ver3_greedy_ver3,20260311234514,8,404.0,0.0
2x2_slot_inorder_place_inorder_15_greedy_ver3_greedy_ver3,20260311234517,15,759.0,0.0
2x2_slot_inorder_place_inorder_15_greedy_ver3_greedy_ver3,20260311234520,13,705.0,0.0
2x2_slot_inorder_place_inorder_15_greedy_ver3_greedy_ver3,20260311234524,4,266.0,0.0
2x2_slot_inorder_place_inorder_15_greedy_ver3_greedy_ver3,20260311234528,21,1355.0,0.0
2x2_slot_inorder_place_inorder_15_greedy_ver3_greedy_ver3,20260311234536,32,1821.0,0.0
2x2_slot_inorder_place_inorder_15_greedy_ver3_greedy_ver3,20260311234543,24,1229.0,0.0
2x2_slot_inorder_place_inorder_15_greedy_ver3_greedy_ver3,20260311234547,10,588.0,0.0
2x2_slot_inorder_place_inorder_15_greedy_ver3_greedy_ver3,20260311234550,6,474.0,0.0
2x2_slot_inorder_place_inorder_15_greedy_ver3_greedy_ver3,20260311234554,4,300.0,0.015625
2x2_slot_inorder_place_inorder_15_greedy_ver3_greedy_ver3,20260311234557,8,498.0,0.0
2x2_slot_inorder_place_inorder_15_greedy_ver3_greedy_ver3,20260311234600,6,340.0,0.0
2x2_slot_inorder_place_inorder_15_greedy_ver3_greedy_ver3,20260311234604,14,697.0,0.0
2x2_slot_inorder_place_inorder_15_greedy_ver3_greedy_ver3,20260311234609,23,1313.0,0.0
2x2_slot_inorder_place_inorder_15_greedy_ver3_greedy_ver3,20260311234614,10,644.0,0.015625
2x2_slot_inorder_place_inorder_15_greedy_ver3_greedy_ver3,20260311234618,21,1129.0,0.0
2x2_slot_inorder_place_inorder_15_greedy_ver3_greedy_ver3,20260311234621,10,604.0,0.0
2x2_slot_inorder_place_inorder_15_greedy_ver3_greedy_ver3,20260311234625,6,408.0,0.0
2x2_slot_inorder_place_inorder_15_greedy_ver3_greedy_ver3,20260311234628,8,442.0,0.0
2x2_slot_inorder_place_inorder_15_greedy_ver3_greedy_ver3,20260311234631,10,606.0,0.015625
2x2_slot_inorder_place_inorder_15_greedy_ver3_greedy_ver3,20260311234634,10,518.0,0.0
2x2_slot_inorder_place_inorder_15_greedy_ver3_greedy_ver3,20260311234638,14,805.0,0.0
2x2_slot_inorder_place_inorder_15_greedy_ver3_greedy_ver3,20260311234645,23,1425.0,0.0
2x2_slot_inorder_place_inorder_15_greedy_ver3_greedy_ver3,20260311234651,18,1093.0,0.0
2x2_slot_inorder_place_inorder_15_greedy_ver3_greedy_ver3,20260311234656,22,1045.0,0.0
2x2_slot_inorder_place_inorder_15_greedy_ver3_greedy_ver3,20260311234659,12,673.0,0.0
2x2_slot_inorder_place_inorder_15_greedy_ver3_greedy_ver3,20260311234702,10,538.0,0.0
2x2_slot_inorder_place_inorder_15_greedy_ver3_greedy_ver3,20260311234706,30,1566.0,0.0
2x2_slot_inorder_place_inorder_15_greedy_ver3_greedy_ver3,20260311234709,34,1782.0,0.0
2x2_slot_inorder_place_inorder_15_greedy_ver3_greedy_ver3,20260311234715,19,1125.0,0.0
2x2_slot_inorder_place_inorder_15_greedy_ver3_greedy_ver3,20260311234720,4,304.0,0.0
2x2_slot_inorder_place_inorder_15_greedy_ver3_greedy_ver3,20260311234725,20,1039.0,0.0
2x2_slot_inorder_place_inorder_15_greedy_ver3_greedy_ver3,20260311234729,8,582.0,0.0
2x2_slot_inorder_place_inorder_15_greedy_ver3_greedy_ver3,20260311234732,11,732.0,0.0
2x2_slot_inorder_place_inorder_15_greedy_ver3_greedy_ver3,20260311234738,18,905.0,0.0
2x2_slot_inorder_place_inorder_15_greedy_ver3_greedy_ver3,20260311234743,19,1021.0,0.0
2x2_slot_inorder_place_inorder_15_greedy_ver3_greedy_ver3,20260311234747,15,917.0,0.0
2x2_slot_inorder_place_inorder_15_greedy_ver3_greedy_ver3,20260311234752,10,492.0,0.0
2x2_slot_inorder_place_inorder_15_greedy_ver3_greedy_ver3,20260311234759,25,1309.0,0.0
2x2_slot_inorder_place_inorder_15_greedy_ver3_greedy_ver3,20260311234807,22,1225.0,0.0
2x2_slot_inorder_place_inorder_15_greedy_ver3_greedy_ver3,20260311234811,4,266.0,0.0
2x2_slot_inorder_place_inorder_15_greedy_ver3_greedy_ver3,20260311234816,22,1297.0,0.0
2x2_slot_inorder_place_inorder_15_greedy_ver3_greedy_ver3,20260311234822,16,747.0,0.0
2x2_slot_inorder_place_inorder_15_greedy_ver3_greedy_ver3,20260311234827,12,624.0,0.0
2x2_slot_inorder_place_inorder_15_greedy_ver3_greedy_ver3,20260311234832,22,1027.0,0.0
2x2_slot_inorder_place_inorder_15_greedy_ver3_greedy_ver3,20260311234836,4,222.0,0.0
2x2_slot_inorder_place_inorder_15_greedy_ver3_greedy_ver3,20260311234841,14,897.0,0.0
2x2_slot_inorder_place_inorder_15_greedy_ver3_greedy_ver3,20260311234845,15,997.0,0.0
2x2_slot_inorder_place_inorder_15_greedy_ver3_greedy_ver3,20260311234850,25,1367.0,0.0
2x2_slot_inorder_place_inorder_15_greedy_ver3_greedy_ver3,20260311234855,16,929.0,0.0
2x2_slot_inorder_place_inorder_15_greedy_ver3_greedy_ver3,20260311234901,14,783.0,0.015625
2x2_slot_inorder_place_inorder_15_greedy_ver3_greedy_ver3,20260311234906,12,697.0,0.0
2x2_slot_inorder_place_inorder_15_greedy_ver3_greedy_ver3,20260311234911,12,641.0,0.0
2x2_slot_inorder_place_inorder_15_greedy_ver3_greedy_ver3,20260311234916,30,1591.0,0.0
2x2_slot_inorder_place_inorder_15_greedy_ver3_greedy_ver3,20260311234921,8,468.0,0.0
2x2_slot_inorder_place_inorder_15_greedy_ver3_greedy_ver3,20260311234924,35,1900.0,0.0
2x2_slot_inorder_place_inorder_15_greedy_ver3_greedy_ver3,20260311234929,19,983.0,0.0
2x2_slot_inorder_place_inorder_15_greedy_ver3_greedy_ver3,20260311234935,38,2012.0,0.0
2x2_slot_inorder_place_inorder_15_greedy_ver3_greedy_ver3,20260311234942,46,2340.0,0.0
2x2_slot_inorder_place_inorder_15_greedy_ver3_greedy_ver3,20260311234947,49,2650.0,0.0
2x2_slot_inorder_place_inorder_15_greedy_ver3_greedy_ver3,20260311234952,23,1239.0,0.0
2x2_slot_inorder_place_inorder_15_greedy_ver3_greedy_ver3,20260311234957,19,967.0,0.0
2x2_slot_inorder_place_inorder_15_greedy_ver3_greedy_ver3,20260311235004,23,1317.0,0.0
2x2_slot_inorder_place_inorder_15_greedy_ver3_greedy_ver3,20260311235014,62,2960.0,0.0
2x2_slot_inorder_place_inorder_15_greedy_ver3_greedy_ver3,20260311235022,7,388.0,0.0
2x2_slot_inorder_place_inorder_15_greedy_ver3_greedy_ver3,20260311235026,12,629.0,0.0
2x2_slot_inorder_place_inorder_15_greedy_ver3_greedy_ver3,20260311235033,31,1468.0,0.0
2x2_slot_inorder_place_inorder_15_greedy_ver3_greedy_ver3,20260311235040,4,320.0,0.0
2x2_slot_inorder_place_inorder_15_greedy_ver3_greedy_ver3,20260311235044,10,514.0,0.0
2x2_slot_inorder_place_inorder_15_greedy_ver3_greedy_ver3,20260311235048,16,955.0,0.0
2x2_slot_inorder_place_inorder_15_greedy_ver3_greedy_ver3,20260311235054,30,1576.0,0.0
2x2_slot_inorder_place_inorder_15_greedy_ver3_greedy_ver3,20260311235101,13,599.0,0.0
2x2_slot_inorder_place_cluster_1_grasp_ver3_grasp_ver3,20260312192237,8,570.0,0.0
2x2_slot_inorder_place_cluster_1_grasp_ver3_grasp_ver3,20260312192241,12,635.0,0.0
2x2_slot_inorder_place_cluster_1_grasp_ver3_grasp_ver3,20260312192245,3,276.0,0.0
2x2_slot_inorder_place_cluster_1_grasp_ver3_grasp_ver3,20260312192247,13,797.0,0.0
2x2_slot_inorder_place_cluster_1_grasp_ver3_grasp_ver3,20260312192250,11,697.0,0.015625
2x2_slot_inorder_place_cluster_1_grasp_ver3_grasp_ver3,20260312192253,8,508.0,0.0
2x2_slot_inorder_place_cluster_1_grasp_ver3_grasp_ver3,20260312192256,3,278.0,0.0
2x2_slot_inorder_place_cluster_1_grasp_ver3_grasp_ver3,20260312192258,11,619.0,0.0
2x2_slot_inorder_place_cluster_1_grasp_ver3_grasp_ver3,20260312192303,58,2991.0,0.0
2x2_slot_inorder_place_cluster_1_grasp_ver3_grasp_ver3,20260312192312,28,1616.0,0.0
2x2_slot_inorder_place_cluster_1_grasp_ver3_grasp_ver3,20260312192322,21,1127.0,0.0
2x2_slot_inorder_place_cluster_1_grasp_ver3_grasp_ver3,20260312192329,15,923.0,0.0
2x2_slot_inorder_place_cluster_1_grasp_ver3_grasp_ver3,20260312192334,6,490.0,0.0
2x2_slot_inorder_place_cluster_1_grasp_ver3_grasp_ver3,20260312192336,4,290.0,0.0
2x2_slot_inorder_place_cluster_1_grasp_ver3_grasp_ver3,20260312192338,5,312.0,0.015625
2x2_slot_inorder_place_cluster_1_grasp_ver3_grasp_ver3,20260312192342,3,298.0,0.0
2x2_slot_inorder_place_cluster_1_grasp_ver3_grasp_ver3,20260312192344,17,993.0,0.0
2x2_slot_inorder_place_cluster_1_grasp_ver3_grasp_ver3,20260312192349,3,272.0,0.0
2x2_slot_inorder_place_cluster_1_grasp_ver3_grasp_ver3,20260312192351,16,975.0,0.0
2x2_slot_inorder_place_cluster_1_grasp_ver3_grasp_ver3,20260312192355,5,304.0,0.0
2x2_slot_inorder_place_cluster_1_grasp_ver3_grasp_ver3,20260312192358,8,586.0,0.0
2x2_slot_inorder_place_cluster_1_grasp_ver3_grasp_ver3,20260312192401,18,919.0,0.0
2x2_slot_inorder_place_cluster_1_grasp_ver3_grasp_ver3,20260312192406,2,234.0,0.0
2x2_slot_inorder_place_cluster_1_grasp_ver3_grasp_ver3,20260312192409,12,737.0,0.0
2x2_slot_inorder_place_cluster_1_grasp_ver3_grasp_ver3,20260312192413,4,274.0,0.0
2x2_slot_inorder_place_cluster_1_grasp_ver3_grasp_ver3,20260312192415,9,516.0,0.0
2x2_slot_inorder_place_cluster_1_grasp_ver3_grasp_ver3,20260312192420,13,799.0,0.0
2x2_slot_inorder_place_cluster_1_grasp_ver3_grasp_ver3,20260312192423,14,847.0,0.0
2x2_slot_inorder_place_cluster_1_grasp_ver3_grasp_ver3,20260312192428,11,621.0,0.0
2x2_slot_inorder_place_cluster_1_grasp_ver3_grasp_ver3,20260312192432,11,561.0,0.0
2x2_slot_inorder_place_cluster_1_grasp_ver3_grasp_ver3,20260312192436,10,751.0,0.0
2x2_slot_inorder_place_cluster_1_grasp_ver3_grasp_ver3,20260312192440,6,600.0,0.0
2x2_slot_inorder_place_cluster_1_grasp_ver3_grasp_ver3,20260312192443,19,1069.0,0.0
2x2_slot_inorder_place_cluster_1_grasp_ver3_grasp_ver3,20260312192449,13,799.0,0.0
2x2_slot_inorder_place_cluster_1_grasp_ver3_grasp_ver3,20260312192453,19,1117.0,0.0
2x2_slot_inorder_place_cluster_1_grasp_ver3_grasp_ver3,20260312192456,23,1273.0,0.0
2x2_slot_inorder_place_cluster_1_grasp_ver3_grasp_ver3,20260312192501,4,286.0,0.0
2x2_slot_inorder_place_cluster_1_grasp_ver3_grasp_ver3,20260312192504,11,849.0,0.0
2x2_slot_inorder_place_cluster_1_grasp_ver3_grasp_ver3,20260312192507,13,595.0,0.0
2x2_slot_inorder_place_cluster_1_grasp_ver3_grasp_ver3,20260312192510,16,1745.0,0.0
2x2_slot_inorder_place_cluster_1_grasp_ver3_grasp_ver3,20260312192514,9,659.0,0.015625
2x2_slot_inorder_place_cluster_1_grasp_ver3_grasp_ver3,20260312192517,10,723.0,0.0
2x2_slot_inorder_place_cluster_1_grasp_ver3_grasp_ver3,20260312192520,6,448.0,0.015625
2x2_slot_inorder_place_cluster_1_grasp_ver3_grasp_ver3,20260312192523,5,316.0,0.0
2x2_slot_inorder_place_cluster_1_grasp_ver3_grasp_ver3,20260312192525,21,1141.0,0.0
2x2_slot_inorder_place_cluster_1_grasp_ver3_grasp_ver3,20260312192529,8,480.0,0.0
2x2_slot_inorder_place_cluster_1_grasp_ver3_grasp_ver3,20260312192532,10,695.0,0.0
2x2_slot_inorder_place_cluster_1_grasp_ver3_grasp_ver3,20260312192536,11,737.0,0.0
2x2_slot_inorder_place_cluster_1_grasp_ver3_grasp_ver3,20260312192541,15,923.0,0.0
2x2_slot_inorder_place_cluster_1_grasp_ver3_grasp_ver3,20260312192545,3,274.0,0.0
2x2_slot_inorder_place_cluster_1_grasp_ver3_grasp_ver3,20260312192548,7,388.0,0.015625
2x2_slot_inorder_place_cluster_1_grasp_ver3_grasp_ver3,20260312192552,15,987.0,0.0
2x2_slot_inorder_place_cluster_1_grasp_ver3_grasp_ver3,20260312192554,33,1526.0,0.0
2x2_slot_inorder_place_cluster_1_grasp_ver3_grasp_ver3,20260312192559,6,482.0,0.0
2x2_slot_inorder_place_cluster_1_grasp_ver3_grasp_ver3,20260312192602,15,947.0,0.015625
2x2_slot_inorder_place_cluster_1_grasp_ver3_grasp_ver3,20260312192607,18,1271.0,0.0
2x2_slot_inorder_place_cluster_1_grasp_ver3_grasp_ver3,20260312192611,10,713.0,0.0
2x2_slot_inorder_place_cluster_1_grasp_ver3_grasp_ver3,20260312192615,10,631.0,0.0
2x2_slot_inorder_place_cluster_1_grasp_ver3_grasp_ver3,20260312192618,8,594.0,0.0
2x2_slot_inorder_place_cluster_1_grasp_ver3_grasp_ver3,20260312192622,7,500.0,0.015625
2x2_slot_inorder_place_cluster_1_grasp_ver3_grasp_ver3,20260312192625,32,1680.0,0.015625
2x2_slot_inorder_place_cluster_1_grasp_ver3_grasp_ver3,20260312192627,11,753.0,0.0
2x2_slot_inorder_place_cluster_1_grasp_ver3_grasp_ver3,20260312192631,15,959.0,0.0
2x2_slot_inorder_place_cluster_1_grasp_ver3_grasp_ver3,20260312192636,3,284.0,0.0
2x2_slot_inorder_place_cluster_1_grasp_ver3_grasp_ver3,20260312192639,5,306.0,0.0
2x2_slot_inorder_place_cluster_1_grasp_ver3_grasp_ver3,20260312192642,13,679.0,0.0
2x2_slot_inorder_place_cluster_1_grasp_ver3_grasp_ver3,20260312192647,16,923.0,0.0
2x2_slot_inorder_place_cluster_1_grasp_ver3_grasp_ver3,20260312192652,19,1135.0,0.0
2x2_slot_inorder_place_cluster_1_grasp_ver3_grasp_ver3,20260312192657,15,1085.0,0.0
2x2_slot_inorder_place_cluster_1_grasp_ver3_grasp_ver3,20260312192700,12,665.0,0.0
2x2_slot_inorder_place_cluster_1_grasp_ver3_grasp_ver3,20260312192704,6,446.0,0.0
2x2_slot_inorder_place_cluster_1_grasp_ver3_grasp_ver3,20260312192708,36,2044.0,0.0
2x2_slot_inorder_place_cluster_1_grasp_ver3_grasp_ver3,20260312192717,10,689.0,0.0
2x2_slot_inorder_place_cluster_1_grasp_ver3_grasp_ver3,20260312192722,8,488.0,0.0
2x2_slot_inorder_place_cluster_1_grasp_ver3_grasp_ver3,20260312192725,15,778.0,0.0
2x2_slot_inorder_place_cluster_1_grasp_ver3_grasp_ver3,20260312192728,19,1243.0,0.0
2x2_slot_inorder_place_cluster_1_grasp_ver3_grasp_ver3,20260312192732,14,817.0,0.0
2x2_slot_inorder_place_cluster_1_grasp_ver3_grasp_ver3,20260312192736,23,1275.0,0.015625
2x2_slot_inorder_place_cluster_1_grasp_ver3_grasp_ver3,20260312192741,18,1271.0,0.0
2x2_slot_inorder_place_cluster_1_grasp_ver3_grasp_ver3,20260312192746,10,645.0,0.0
2x2_slot_inorder_place_cluster_1_grasp_ver3_grasp_ver3,20260312192750,20,1207.0,0.0
2x2_slot_inorder_place_cluster_1_grasp_ver3_grasp_ver3,20260312192757,20,1151.0,0.0
2x2_slot_inorder_place_cluster_1_grasp_ver3_grasp_ver3,20260312192801,6,462.0,0.0
2x2_slot_inorder_place_cluster_1_grasp_ver3_grasp_ver3,20260312192804,16,943.0,0.0
2x2_slot_inorder_place_cluster_1_grasp_ver3_grasp_ver3,20260312192809,5,316.0,0.0
2x2_slot_inorder_place_cluster_1_grasp_ver3_grasp_ver3,20260312192812,15,893.0,0.015625
2x2_slot_inorder_place_cluster_1_grasp_ver3_grasp_ver3,20260312192817,3,284.0,0.0
2x2_slot_inorder_place_cluster_1_grasp_ver3_grasp_ver3,20260312192819,12,739.0,0.0
2x2_slot_inorder_place_cluster_1_grasp_ver3_grasp_ver3,20260312192823,25,1361.0,0.0
2x2_slot_inorder_place_cluster_1_grasp_ver3_grasp_ver3,20260312192828,33,1753.0,0.0
2x2_slot_inorder_place_cluster_1_grasp_ver3_grasp_ver3,20260312192831,6,464.0,0.0
2x2_slot_inorder_place_cluster_1_grasp_ver3_grasp_ver3,20260312192833,19,1167.0,0.0
2x2_slot_inorder_place_cluster_1_grasp_ver3_grasp_ver3,20260312192837,9,653.0,0.0
2x2_slot_inorder_place_cluster_1_grasp_ver3_grasp_ver3,20260312192840,11,749.0,0.0
2x2_slot_inorder_place_cluster_1_grasp_ver3_grasp_ver3,20260312192843,9,665.0,0.0
2x2_slot_inorder_place_cluster_1_grasp_ver3_grasp_ver3,20260312192846,6,484.0,0.0
2x2_slot_inorder_place_cluster_1_grasp_ver3_grasp_ver3,20260312192849,14,905.0,0.0
2x2_slot_inorder_place_cluster_1_grasp_ver3_grasp_ver3,20260312192853,11,757.0,0.0
2x2_slot_inorder_place_cluster_1_grasp_ver3_grasp_ver3,20260312192857,8,496.0,0.0
2x2_slot_inorder_place_cluster_1_grasp_ver3_grasp_ver3,20260312192859,17,905.0,0.0
2x2_slot_inorder_place_cluster_1_grasp_ver3_grasp_ver3,20260312192902,6,464.0,0.0
2x2_slot_inorder_place_cluster_1_grasp_ver3_grasp_ver3,20260312192904,16,983.0,0.0
2x2_slot_inorder_place_cluster_1_grasp_ver3_grasp_ver3,20260312192908,2,234.0,0.0
2x2_slot_inorder_place_cluster_1_grasp_ver3_grasp_ver3,20260312192910,16,1001.0,0.0
2x2_slot_inorder_place_cluster_1_grasp_ver3_grasp_ver3,20260312192915,2,234.0,0.0
2x2_slot_inorder_place_cluster_1_grasp_ver3_grasp_ver3,20260312192917,19,975.0,0.0
2x2_slot_inorder_place_cluster_1_grasp_ver3_grasp_ver3,20260312192922,17,981.0,0.0
2x2_slot_inorder_place_cluster_1_grasp_ver3_grasp_ver3,20260312192926,10,657.0,0.0
2x2_slot_inorder_place_cluster_1_grasp_ver3_grasp_ver3,20260312192929,19,1051.0,0.0
2x2_slot_inorder_place_cluster_1_grasp_ver3_grasp_ver3,20260312192933,13,821.0,0.0
2x2_slot_inorder_place_cluster_1_grasp_ver3_grasp_ver3,20260312192937,6,406.0,0.0
2x2_slot_inorder_place_cluster_1_grasp_ver3_grasp_ver3,20260312192939,13,857.0,0.0
2x2_slot_inorder_place_cluster_1_grasp_ver3_grasp_ver3,20260312192944,12,727.0,0.0
2x2_slot_inorder_place_cluster_1_grasp_ver3_grasp_ver3,20260312192948,13,837.0,0.0
2x2_slot_inorder_place_cluster_1_grasp_ver3_grasp_ver3,20260312192953,13,785.0,0.0
2x2_slot_inorder_place_cluster_1_grasp_ver3_grasp_ver3,20260312192957,2,234.0,0.0
2x2_slot_inorder_place_cluster_1_grasp_ver3_grasp_ver3,20260312192959,23,1320.0,0.0
2x2_slot_inorder_place_cluster_1_grasp_ver3_grasp_ver3,20260312193001,15,963.0,0.0
2x2_slot_inorder_place_cluster_1_grasp_ver3_grasp_ver3,20260312193006,3,274.0,0.0
2x2_slot_inorder_place_cluster_1_grasp_ver3_grasp_ver3,20260312193008,11,717.0,0.0
2x2_slot_inorder_place_cluster_1_grasp_ver3_grasp_ver3,20260312193012,6,466.0,0.0
2x2_slot_inorder_place_cluster_1_grasp_ver3_grasp_ver3,20260312193015,15,1011.0,0.0
2x2_slot_inorder_place_cluster_1_grasp_ver3_grasp_ver3,20260312193019,16,915.0,0.0
2x2_slot_inorder_place_cluster_1_grasp_ver3_grasp_ver3,20260312193024,3,282.0,0.0
2x2_slot_inorder_place_cluster_1_grasp_ver3_grasp_ver3,20260312193026,15,943.0,0.0
2x2_slot_inorder_place_cluster_1_grasp_ver3_grasp_ver3,20260312193031,15,881.0,0.0
2x2_slot_inorder_place_cluster_1_grasp_ver3_grasp_ver3,20260312193033,13,897.0,0.0
2x2_slot_inorder_place_cluster_1_grasp_ver3_grasp_ver3,20260312193037,15,893.0,0.0
2x2_slot_inorder_place_cluster_1_grasp_ver3_grasp_ver3,20260312193041,3,284.0,0.0
2x2_slot_inorder_place_cluster_1_grasp_ver3_grasp_ver3,20260312193044,12,797.0,0.0
2x2_slot_inorder_place_cluster_1_grasp_ver3_grasp_ver3,20260312193047,19,1143.0,0.0
2x2_slot_inorder_place_cluster_1_grasp_ver3_grasp_ver3,20260312193053,13,797.0,0.0
2x2_slot_inorder_place_cluster_1_grasp_ver3_grasp_ver3,20260312193057,15,923.0,0.015625
2x2_slot_inorder_place_cluster_1_grasp_ver3_grasp_ver3,20260312193100,11,707.0,0.0
2x2_slot_inorder_place_cluster_1_grasp_ver3_grasp_ver3,20260312193104,15,969.0,0.0
2x2_slot_inorder_place_cluster_1_grasp_ver3_grasp_ver3,20260312193108,13,769.0,0.0
2x2_slot_inorder_place_cluster_1_grasp_ver3_grasp_ver3,20260312193111,10,661.0,0.0
2x2_slot_inorder_place_cluster_1_grasp_ver3_grasp_ver3,20260312193114,9,534.0,0.0
2x2_slot_inorder_place_cluster_1_grasp_ver3_grasp_ver3,20260312193118,9,565.0,0.015625
2x2_slot_inorder_place_cluster_1_grasp_ver3_grasp_ver3,20260312193121,10,587.0,0.0
2x2_slot_inorder_place_cluster_1_grasp_ver3_grasp_ver3,20260312193124,15,981.0,0.0
2x2_slot_inorder_place_cluster_1_grasp_ver3_grasp_ver3,20260312193128,12,647.0,0.0
2x2_slot_inorder_place_cluster_1_grasp_ver3_grasp_ver3,20260312193131,20,1185.0,0.0
2x2_slot_inorder_place_cluster_1_grasp_ver3_grasp_ver3,20260312193138,11,627.0,0.0
2x2_slot_inorder_place_cluster_1_grasp_ver3_grasp_ver3,20260312193142,4,264.0,0.015625
2x2_slot_inorder_place_cluster_1_grasp_ver3_grasp_ver3,20260312193144,12,723.0,0.0
2x2_slot_inorder_place_cluster_1_grasp_ver3_grasp_ver3,20260312193148,12,777.0,0.0
2x2_slot_inorder_place_cluster_1_grasp_ver3_grasp_ver3,20260312193152,9,703.0,0.0
2x2_slot_inorder_place_cluster_1_grasp_ver3_grasp_ver3,20260312193155,9,556.0,0.0
2x2_slot_inorder_place_cluster_1_grasp_ver3_grasp_ver3,20260312193159,20,1273.0,0.0
2x2_slot_inorder_place_cluster_1_grasp_ver3_grasp_ver3,20260312193202,6,362.0,0.0
2x2_slot_inorder_place_cluster_1_grasp_ver3_grasp_ver3,20260312193205,8,500.0,0.0
2x2_slot_inorder_place_cluster_1_grasp_ver3_grasp_ver3,20260312193208,9,467.0,0.0
2x2_slot_inorder_place_cluster_1_grasp_ver3_grasp_ver3,20260312193211,16,981.0,0.015625
2x2_slot_inorder_place_cluster_1_grasp_ver3_grasp_ver3,20260312193216,11,935.0,0.0
2x2_slot_inorder_place_cluster_1_grasp_ver3_grasp_ver3,20260312193219,15,961.0,0.0
2x2_slot_inorder_place_cluster_1_grasp_ver3_grasp_ver3,20260312193224,7,478.0,0.0
2x2_slot_inorder_place_cluster_1_grasp_ver3_grasp_ver3,20260312193227,17,1001.0,0.0
2x2_slot_inorder_place_cluster_1_grasp_ver3_grasp_ver3,20260312193232,24,1341.0,0.0
2x2_slot_inorder_place_cluster_1_grasp_ver3_grasp_ver3,20260312193233,8,480.0,0.0
2x2_slot_inorder_place_cluster_1_grasp_ver3_grasp_ver3,20260312193236,19,1181.0,0.0
2x2_slot_inorder_place_cluster_1_grasp_ver3_grasp_ver3,20260312193242,11,703.0,0.0
2x2_slot_inorder_place_cluster_1_grasp_ver3_grasp_ver3,20260312193246,10,767.0,0.0
2x2_slot_inorder_place_cluster_1_grasp_ver3_grasp_ver3,20260312193249,15,963.0,0.015625
2x2_slot_inorder_place_cluster_1_grasp_ver3_grasp_ver3,20260312193254,9,562.0,0.0
2x2_slot_inorder_place_cluster_1_grasp_ver3_grasp_ver3,20260312193258,9,538.0,0.015625
2x2_slot_inorder_place_cluster_1_grasp_ver3_grasp_ver3,20260312193302,11,817.0,0.0
2x2_slot_inorder_place_cluster_1_grasp_ver3_grasp_ver3,20260312193303,22,1395.0,0.015625
2x2_slot_inorder_place_cluster_1_grasp_ver3_grasp_ver3,20260312193306,6,448.0,0.0
2x2_slot_inorder_place_cluster_1_grasp_ver3_grasp_ver3,20260312193310,10,608.0,0.0
2x2_slot_inorder_place_cluster_1_grasp_ver3_grasp_ver3,20260312193314,16,987.0,0.0
2x2_slot_inorder_place_cluster_1_grasp_ver3_grasp_ver3,20260312193319,15,941.0,0.0
2x2_slot_inorder_place_cluster_1_grasp_ver3_grasp_ver3,20260312193324,14,963.0,0.0
2x2_slot_inorder_place_cluster_1_grasp_ver3_grasp_ver3,20260312193328,10,587.0,0.0
2x2_slot_inorder_place_cluster_1_grasp_ver3_grasp_ver3,20260312193331,12,645.0,0.0
2x2_slot_inorder_place_cluster_1_grasp_ver3_grasp_ver3,20260312193334,32,1473.0,0.0
2x2_slot_inorder_place_cluster_1_grasp_ver3_grasp_ver3,20260312193337,5,316.0,0.0
2x2_slot_inorder_place_cluster_1_grasp_ver3_grasp_ver3,20260312193340,15,973.0,0.0
2x2_slot_inorder_place_cluster_1_grasp_ver3_grasp_ver3,20260312193345,12,773.0,0.0
2x2_slot_inorder_place_cluster_1_grasp_ver3_grasp_ver3,20260312193348,9,705.0,0.0
2x2_slot_inorder_place_cluster_1_grasp_ver3_grasp_ver3,20260312193352,24,1339.0,0.0
2x2_slot_inorder_place_cluster_1_grasp_ver3_grasp_ver3,20260312193356,12,617.0,0.0
2x2_slot_inorder_place_cluster_1_grasp_ver3_grasp_ver3,20260312193359,19,1151.0,0.015625
2x2_slot_inorder_place_cluster_1_grasp_ver3_grasp_ver3,20260312193403,18,1077.0,0.0
2x2_slot_inorder_place_cluster_1_grasp_ver3_grasp_ver3,20260312193407,15,921.0,0.0
2x2_slot_inorder_place_cluster_1_grasp_ver3_grasp_ver3,20260312193412,16,1000.0,0.0
2x2_slot_inorder_place_cluster_1_grasp_ver3_grasp_ver3,20260312193418,4,274.0,0.0
2x2_slot_inorder_place_cluster_1_grasp_ver3_grasp_ver3,20260312193420,15,941.0,0.0
2x2_slot_inorder_place_cluster_1_grasp_ver3_grasp_ver3,20260312193425,7,448.0,0.0
2x2_slot_inorder_place_cluster_1_grasp_ver3_grasp_ver3,20260312193428,9,554.0,0.0
2x2_slot_inorder_place_cluster_1_grasp_ver3_grasp_ver3,20260312193432,7,452.0,0.0
2x2_slot_inorder_place_cluster_1_grasp_ver3_grasp_ver3,20260312193435,25,1413.0,0.0
2x2_slot_inorder_place_cluster_1_grasp_ver3_grasp_ver3,20260312193438,15,973.0,0.0
2x2_slot_inorder_place_cluster_1_grasp_ver3_grasp_ver3,20260312193443,9,639.0,0.0
2x2_slot_inorder_place_cluster_1_grasp_ver3_grasp_ver3,20260312193446,13,637.0,0.0
2x2_slot_inorder_place_cluster_1_grasp_ver3_greedy_ver3,20260312192239,10,623.0,0.0
2x2_slot_inorder_place_cluster_1_grasp_ver3_greedy_ver3,20260312192243,12,619.0,0.0
2x2_slot_inorder_place_cluster_1_grasp_ver3_greedy_ver3,20260312192246,4,276.0,0.0
2x2_slot_inorder_place_cluster_1_grasp_ver3_greedy_ver3,20260312192249,13,849.0,0.0
2x2_slot_inorder_place_cluster_1_grasp_ver3_greedy_ver3,20260312192251,12,597.0,0.0
2x2_slot_inorder_place_cluster_1_grasp_ver3_greedy_ver3,20260312192254,10,573.0,0.0
2x2_slot_inorder_place_cluster_1_grasp_ver3_greedy_ver3,20260312192257,4,278.0,0.0
2x2_slot_inorder_place_cluster_1_grasp_ver3_greedy_ver3,20260312192300,12,641.0,0.0
2x2_slot_inorder_place_cluster_1_grasp_ver3_greedy_ver3,20260312192307,55,2769.0,0.0
2x2_slot_inorder_place_cluster_1_grasp_ver3_greedy_ver3,20260312192317,25,1221.0,0.0
2x2_slot_inorder_place_cluster_1_grasp_ver3_greedy_ver3,20260312192324,22,1145.0,0.0
2x2_slot_inorder_place_cluster_1_grasp_ver3_greedy_ver3,20260312192331,16,853.0,0.0
2x2_slot_inorder_place_cluster_1_grasp_ver3_greedy_ver3,20260312192335,6,470.0,0.0
2x2_slot_inorder_place_cluster_1_grasp_ver3_greedy_ver3,20260312192337,4,270.0,0.0
2x2_slot_inorder_place_cluster_1_grasp_ver3_greedy_ver3,20260312192340,8,460.0,0.0
2x2_slot_inorder_place_cluster_1_grasp_ver3_greedy_ver3,20260312192343,4,298.0,0.0
2x2_slot_inorder_place_cluster_1_grasp_ver3_greedy_ver3,20260312192347,18,993.0,0.0
2x2_slot_inorder_place_cluster_1_grasp_ver3_greedy_ver3,20260312192350,4,272.0,0.0
2x2_slot_inorder_place_cluster_1_grasp_ver3_greedy_ver3,20260312192352,16,843.0,0.015625
2x2_slot_inorder_place_cluster_1_grasp_ver3_greedy_ver3,20260312192356,6,354.0,0.0
2x2_slot_inorder_place_cluster_1_grasp_ver3_greedy_ver3,20260312192359,10,573.0,0.0
2x2_slot_inorder_place_cluster_1_grasp_ver3_greedy_ver3,20260312192404,17,849.0,0.0
2x2_slot_inorder_place_cluster_1_grasp_ver3_greedy_ver3,20260312192407,2,224.0,0.0
2x2_slot_inorder_place_cluster_1_grasp_ver3_greedy_ver3,20260312192411,14,719.0,0.0
2x2_slot_inorder_place_cluster_1_grasp_ver3_greedy_ver3,20260312192414,4,254.0,0.0
2x2_slot_inorder_place_cluster_1_grasp_ver3_greedy_ver3,20260312192417,11,611.0,0.0
2x2_slot_inorder_place_cluster_1_grasp_ver3_greedy_ver3,20260312192422,12,781.0,0.0
2x2_slot_inorder_place_cluster_1_grasp_ver3_greedy_ver3,20260312192426,13,715.0,0.0
2x2_slot_inorder_place_cluster_1_grasp_ver3_greedy_ver3,20260312192430,12,601.0,0.0
2x2_slot_inorder_place_cluster_1_grasp_ver3_greedy_ver3,20260312192434,11,521.0,0.0
2x2_slot_inorder_place_cluster_1_grasp_ver3_greedy_ver3,20260312192438,14,821.0,0.0
2x2_slot_inorder_place_cluster_1_grasp_ver3_greedy_ver3,20260312192442,6,600.0,0.0
2x2_slot_inorder_place_cluster_1_grasp_ver3_greedy_ver3,20260312192446,20,1031.0,0.0
2x2_slot_inorder_place_cluster_1_grasp_ver3_greedy_ver3,20260312192451,14,777.0,0.0
2x2_slot_inorder_place_cluster_1_grasp_ver3_greedy_ver3,20260312192454,20,1109.0,0.0
2x2_slot_inorder_place_cluster_1_grasp_ver3_greedy_ver3,20260312192459,24,1361.0,0.0
2x2_slot_inorder_place_cluster_1_grasp_ver3_greedy_ver3,20260312192502,4,266.0,0.015625
2x2_slot_inorder_place_cluster_1_grasp_ver3_greedy_ver3,20260312192505,8,572.0,0.0
2x2_slot_inorder_place_cluster_1_grasp_ver3_greedy_ver3,20260312192508,12,805.0,0.0
2x2_slot_inorder_place_cluster_1_grasp_ver3_greedy_ver3,20260312192512,16,1465.0,0.0
2x2_slot_inorder_place_cluster_1_grasp_ver3_greedy_ver3,20260312192515,10,621.0,0.0
2x2_slot_inorder_place_cluster_1_grasp_ver3_greedy_ver3,20260312192519,10,683.0,0.0
2x2_slot_inorder_place_cluster_1_grasp_ver3_greedy_ver3,20260312192522,6,388.0,0.0
2x2_slot_inorder_place_cluster_1_grasp_ver3_greedy_ver3,20260312192525,21,1141.0,0.0
2x2_slot_inorder_place_cluster_1_grasp_ver3_greedy_ver3,20260312192527,14,861.0,0.0
2x2_slot_inorder_place_cluster_1_grasp_ver3_greedy_ver3,20260312192531,8,430.0,0.0
2x2_slot_inorder_place_cluster_1_grasp_ver3_greedy_ver3,20260312192534,10,605.0,0.0
2x2_slot_inorder_place_cluster_1_grasp_ver3_greedy_ver3,20260312192538,12,701.0,0.0
2x2_slot_inorder_place_cluster_1_grasp_ver3_greedy_ver3,20260312192543,16,919.0,0.0
2x2_slot_inorder_place_cluster_1_grasp_ver3_greedy_ver3,20260312192547,4,274.0,0.0
2x2_slot_inorder_place_cluster_1_grasp_ver3_greedy_ver3,20260312192550,8,418.0,0.0
2x2_slot_inorder_place_cluster_1_grasp_ver3_greedy_ver3,20260312192554,33,1526.0,0.0
2x2_slot_inorder_place_cluster_1_grasp_ver3_greedy_ver3,20260312192556,17,967.0,0.0
2x2_slot_inorder_place_cluster_1_grasp_ver3_greedy_ver3,20260312192601,6,314.0,0.0
2x2_slot_inorder_place_cluster_1_grasp_ver3_greedy_ver3,20260312192605,16,853.0,0.0
2x2_slot_inorder_place_cluster_1_grasp_ver3_greedy_ver3,20260312192609,18,1177.0,0.0
2x2_slot_inorder_place_cluster_1_grasp_ver3_greedy_ver3,20260312192613,11,723.0,0.0
2x2_slot_inorder_place_cluster_1_grasp_ver3_greedy_ver3,20260312192617,10,645.0,0.0
2x2_slot_inorder_place_cluster_1_grasp_ver3_greedy_ver3,20260312192620,10,641.0,0.0
2x2_slot_inorder_place_cluster_1_grasp_ver3_greedy_ver3,20260312192624,8,480.0,0.0
2x2_slot_inorder_place_cluster_1_grasp_ver3_greedy_ver3,20260312192625,32,1680.0,0.0
2x2_slot_inorder_place_cluster_1_grasp_ver3_greedy_ver3,20260312192629,12,761.0,0.0
2x2_slot_inorder_place_cluster_1_grasp_ver3_greedy_ver3,20260312192634,16,803.0,0.0
2x2_slot_inorder_place_cluster_1_grasp_ver3_greedy_ver3,20260312192637,4,284.0,0.0
2x2_slot_inorder_place_cluster_1_grasp_ver3_greedy_ver3,20260312192640,6,444.0,0.0
2x2_slot_inorder_place_cluster_1_grasp_ver3_greedy_ver3,20260312192644,14,641.0,0.0
2x2_slot_inorder_place_cluster_1_grasp_ver3_greedy_ver3,20260312192649,23,1183.0,0.0
2x2_slot_inorder_place_cluster_1_grasp_ver3_greedy_ver3,20260312192655,26,1213.0,0.0
2x2_slot_inorder_place_cluster_1_grasp_ver3_greedy_ver3,20260312192658,21,1405.0,0.0
2x2_slot_inorder_place_cluster_1_grasp_ver3_greedy_ver3,20260312192702,12,597.0,0.0
2x2_slot_inorder_place_cluster_1_grasp_ver3_greedy_ver3,20260312192706,8,402.0,0.0
2x2_slot_inorder_place_cluster_1_grasp_ver3_greedy_ver3,20260312192712,37,2040.0,0.0
2x2_slot_inorder_place_cluster_1_grasp_ver3_greedy_ver3,20260312192719,16,1175.0,0.0
2x2_slot_inorder_place_cluster_1_grasp_ver3_greedy_ver3,20260312192723,8,468.0,0.0
2x2_slot_inorder_place_cluster_1_grasp_ver3_greedy_ver3,20260312192727,15,747.0,0.0
2x2_slot_inorder_place_cluster_1_grasp_ver3_greedy_ver3,20260312192730,19,1037.0,0.015625
2x2_slot_inorder_place_cluster_1_grasp_ver3_greedy_ver3,20260312192734,15,757.0,0.0
2x2_slot_inorder_place_cluster_1_grasp_ver3_greedy_ver3,20260312192738,24,1189.0,0.0
2x2_slot_inorder_place_cluster_1_grasp_ver3_greedy_ver3,20260312192744,18,1241.0,0.0
2x2_slot_inorder_place_cluster_1_grasp_ver3_greedy_ver3,20260312192748,14,875.0,0.0
2x2_slot_inorder_place_cluster_1_grasp_ver3_greedy_ver3,20260312192753,23,1135.0,0.0
2x2_slot_inorder_place_cluster_1_grasp_ver3_greedy_ver3,20260312192758,22,1319.0,0.0
2x2_slot_inorder_place_cluster_1_grasp_ver3_greedy_ver3,20260312192802,6,442.0,0.0
2x2_slot_inorder_place_cluster_1_grasp_ver3_greedy_ver3,20260312192806,16,869.0,0.0
2x2_slot_inorder_place_cluster_1_grasp_ver3_greedy_ver3,20260312192810,6,430.0,0.015625
2x2_slot_inorder_place_cluster_1_grasp_ver3_greedy_ver3,20260312192814,16,853.0,0.0
2x2_slot_inorder_place_cluster_1_grasp_ver3_greedy_ver3,20260312192818,4,284.0,0.0
2x2_slot_inorder_place_cluster_1_grasp_ver3_greedy_ver3,20260312192821,12,697.0,0.0
2x2_slot_inorder_place_cluster_1_grasp_ver3_greedy_ver3,20260312192825,24,1517.0,0.0
2x2_slot_inorder_place_cluster_1_grasp_ver3_greedy_ver3,20260312192828,33,1753.0,0.015625
2x2_slot_inorder_place_cluster_1_grasp_ver3_greedy_ver3,20260312192832,6,444.0,0.0
2x2_slot_inorder_place_cluster_1_grasp_ver3_greedy_ver3,20260312192835,19,1159.0,0.015625
2x2_slot_inorder_place_cluster_1_grasp_ver3_greedy_ver3,20260312192838,10,621.0,0.0
2x2_slot_inorder_place_cluster_1_grasp_ver3_greedy_ver3,20260312192841,15,1099.0,0.0
2x2_slot_inorder_place_cluster_1_grasp_ver3_greedy_ver3,20260312192845,9,765.0,0.0
2x2_slot_inorder_place_cluster_1_grasp_ver3_greedy_ver3,20260312192848,6,336.0,0.0
2x2_slot_inorder_place_cluster_1_grasp_ver3_greedy_ver3,20260312192851,14,755.0,0.0
2x2_slot_inorder_place_cluster_1_grasp_ver3_greedy_ver3,20260312192855,12,765.0,0.0
2x2_slot_inorder_place_cluster_1_grasp_ver3_greedy_ver3,20260312192859,17,905.0,0.015625
2x2_slot_inorder_place_cluster_1_grasp_ver3_greedy_ver3,20260312192900,8,500.0,0.0
2x2_slot_inorder_place_cluster_1_grasp_ver3_greedy_ver3,20260312192903,6,444.0,0.0
2x2_slot_inorder_place_cluster_1_grasp_ver3_greedy_ver3,20260312192906,15,807.0,0.0
2x2_slot_inorder_place_cluster_1_grasp_ver3_greedy_ver3,20260312192909,2,224.0,0.0
2x2_slot_inorder_place_cluster_1_grasp_ver3_greedy_ver3,20260312192912,17,1025.0,0.0
2x2_slot_inorder_place_cluster_1_grasp_ver3_greedy_ver3,20260312192916,2,194.0,0.015625
2x2_slot_inorder_place_cluster_1_grasp_ver3_greedy_ver3,20260312192919,19,1073.0,0.0
2x2_slot_inorder_place_cluster_1_grasp_ver3_greedy_ver3,20260312192924,18,983.0,0.0
2x2_slot_inorder_place_cluster_1_grasp_ver3_greedy_ver3,20260312192928,13,697.0,0.0
2x2_slot_inorder_place_cluster_1_grasp_ver3_greedy_ver3,20260312192930,20,1085.0,0.0
2x2_slot_inorder_place_cluster_1_grasp_ver3_greedy_ver3,20260312192935,14,915.0,0.0
2x2_slot_inorder_place_cluster_1_grasp_ver3_greedy_ver3,20260312192938,6,366.0,0.0
2x2_slot_inorder_place_cluster_1_grasp_ver3_greedy_ver3,20260312192941,13,833.0,0.0
2x2_slot_inorder_place_cluster_1_grasp_ver3_greedy_ver3,20260312192946,14,733.0,0.0
2x2_slot_inorder_place_cluster_1_grasp_ver3_greedy_ver3,20260312192950,13,677.0,0.0
2x2_slot_inorder_place_cluster_1_grasp_ver3_greedy_ver3,20260312192955,13,703.0,0.0
2x2_slot_inorder_place_cluster_1_grasp_ver3_greedy_ver3,20260312192958,2,194.0,0.0
2x2_slot_inorder_place_cluster_1_grasp_ver3_greedy_ver3,20260312192959,23,1320.0,0.0
2x2_slot_inorder_place_cluster_1_grasp_ver3_greedy_ver3,20260312193004,16,965.0,0.0
2x2_slot_inorder_place_cluster_1_grasp_ver3_greedy_ver3,20260312193007,4,274.0,0.0
2x2_slot_inorder_place_cluster_1_grasp_ver3_greedy_ver3,20260312193010,12,697.0,0.0
2x2_slot_inorder_place_cluster_1_grasp_ver3_greedy_ver3,20260312193014,6,436.0,0.0
2x2_slot_inorder_place_cluster_1_grasp_ver3_greedy_ver3,20260312193017,15,911.0,0.0
2x2_slot_inorder_place_cluster_1_grasp_ver3_greedy_ver3,20260312193021,16,827.0,0.0
2x2_slot_inorder_place_cluster_1_grasp_ver3_greedy_ver3,20260312193025,4,282.0,0.0
2x2_slot_inorder_place_cluster_1_grasp_ver3_greedy_ver3,20260312193028,16,961.0,0.0
2x2_slot_inorder_place_cluster_1_grasp_ver3_greedy_ver3,20260312193031,15,881.0,0.0
2x2_slot_inorder_place_cluster_1_grasp_ver3_greedy_ver3,20260312193035,14,843.0,0.0
2x2_slot_inorder_place_cluster_1_grasp_ver3_greedy_ver3,20260312193039,16,803.0,0.0
2x2_slot_inorder_place_cluster_1_grasp_ver3_greedy_ver3,20260312193042,4,284.0,0.0
2x2_slot_inorder_place_cluster_1_grasp_ver3_greedy_ver3,20260312193045,13,779.0,0.015625
2x2_slot_inorder_place_cluster_1_grasp_ver3_greedy_ver3,20260312193050,20,1093.0,0.0
2x2_slot_inorder_place_cluster_1_grasp_ver3_greedy_ver3,20260312193055,14,771.0,0.0
2x2_slot_inorder_place_cluster_1_grasp_ver3_greedy_ver3,20260312193059,16,961.0,0.0
2x2_slot_inorder_place_cluster_1_grasp_ver3_greedy_ver3,20260312193102,12,731.0,0.0
2x2_slot_inorder_place_cluster_1_grasp_ver3_greedy_ver3,20260312193106,15,899.0,0.0
2x2_slot_inorder_place_cluster_1_grasp_ver3_greedy_ver3,20260312193109,13,769.0,0.0
2x2_slot_inorder_place_cluster_1_grasp_ver3_greedy_ver3,20260312193112,10,655.0,0.0
2x2_slot_inorder_place_cluster_1_grasp_ver3_greedy_ver3,20260312193116,10,499.0,0.0
2x2_slot_inorder_place_cluster_1_grasp_ver3_greedy_ver3,20260312193119,9,505.0,0.0
2x2_slot_inorder_place_cluster_1_grasp_ver3_greedy_ver3,20260312193122,10,717.0,0.0
2x2_slot_inorder_place_cluster_1_grasp_ver3_greedy_ver3,20260312193126,16,913.0,0.0
2x2_slot_inorder_place_cluster_1_grasp_ver3_greedy_ver3,20260312193130,22,1303.0,0.0
2x2_slot_inorder_place_cluster_1_grasp_ver3_greedy_ver3,20260312193134,28,1486.0,0.0
2x2_slot_inorder_place_cluster_1_grasp_ver3_greedy_ver3,20260312193140,12,657.0,0.0
2x2_slot_inorder_place_cluster_1_grasp_ver3_greedy_ver3,20260312193143,4,234.0,0.0
2x2_slot_inorder_place_cluster_1_grasp_ver3_greedy_ver3,20260312193146,12,673.0,0.0
2x2_slot_inorder_place_cluster_1_grasp_ver3_greedy_ver3,20260312193150,12,691.0,0.0
2x2_slot_inorder_place_cluster_1_grasp_ver3_greedy_ver3,20260312193153,9,693.0,0.0
2x2_slot_inorder_place_cluster_1_grasp_ver3_greedy_ver3,20260312193157,10,521.0,0.0
2x2_slot_inorder_place_cluster_1_grasp_ver3_greedy_ver3,20260312193201,21,1251.0,0.0
2x2_slot_inorder_place_cluster_1_grasp_ver3_greedy_ver3,20260312193204,6,322.0,0.0
2x2_slot_inorder_place_cluster_1_grasp_ver3_greedy_ver3,20260312193207,8,450.0,0.0
2x2_slot_inorder_place_cluster_1_grasp_ver3_greedy_ver3,20260312193210,8,562.0,0.0
2x2_slot_inorder_place_cluster_1_grasp_ver3_greedy_ver3,20260312193214,16,925.0,0.0
2x2_slot_inorder_place_cluster_1_grasp_ver3_greedy_ver3,20260312193218,11,815.0,0.0
2x2_slot_inorder_place_cluster_1_grasp_ver3_greedy_ver3,20260312193222,16,953.0,0.0
2x2_slot_inorder_place_cluster_1_grasp_ver3_greedy_ver3,20260312193225,11,641.0,0.0
2x2_slot_inorder_place_cluster_1_grasp_ver3_greedy_ver3,20260312193230,18,881.0,0.0
2x2_slot_inorder_place_cluster_1_grasp_ver3_greedy_ver3,20260312193232,24,1341.0,0.0
2x2_slot_inorder_place_cluster_1_grasp_ver3_greedy_ver3,20260312193235,8,430.0,0.0
2x2_slot_inorder_place_cluster_1_grasp_ver3_greedy_ver3,20260312193239,20,1081.0,0.0
2x2_slot_inorder_place_cluster_1_grasp_ver3_greedy_ver3,20260312193244,12,731.0,0.0
2x2_slot_inorder_place_cluster_1_grasp_ver3_greedy_ver3,20260312193247,8,502.0,0.0
2x2_slot_inorder_place_cluster_1_grasp_ver3_greedy_ver3,20260312193251,16,925.0,0.0
2x2_slot_inorder_place_cluster_1_grasp_ver3_greedy_ver3,20260312193256,10,649.0,0.0
2x2_slot_inorder_place_cluster_1_grasp_ver3_greedy_ver3,20260312193300,10,503.0,0.0
2x2_slot_inorder_place_cluster_1_grasp_ver3_greedy_ver3,20260312193303,22,1395.0,0.0
2x2_slot_inorder_place_cluster_1_grasp_ver3_greedy_ver3,20260312193305,12,723.0,0.0
2x2_slot_inorder_place_cluster_1_grasp_ver3_greedy_ver3,20260312193308,6,324.0,0.0
2x2_slot_inorder_place_cluster_1_grasp_ver3_greedy_ver3,20260312193311,14,791.0,0.015625
2x2_slot_inorder_place_cluster_1_grasp_ver3_greedy_ver3,20260312193316,21,1075.0,0.0
2x2_slot_inorder_place_cluster_1_grasp_ver3_greedy_ver3,20260312193321,16,953.0,0.0
2x2_slot_inorder_place_cluster_1_grasp_ver3_greedy_ver3,20260312193326,14,783.0,0.0
2x2_slot_inorder_place_cluster_1_grasp_ver3_greedy_ver3,20260312193329,10,567.0,0.0
2x2_slot_inorder_place_cluster_1_grasp_ver3_greedy_ver3,20260312193332,12,625.0,0.0
2x2_slot_inorder_place_cluster_1_grasp_ver3_greedy_ver3,20260312193334,32,1473.0,0.0
2x2_slot_inorder_place_cluster_1_grasp_ver3_greedy_ver3,20260312193338,6,430.0,0.0
2x2_slot_inorder_place_cluster_1_grasp_ver3_greedy_ver3,20260312193342,16,955.0,0.0
2x2_slot_inorder_place_cluster_1_grasp_ver3_greedy_ver3,20260312193346,12,703.0,0.0
2x2_slot_inorder_place_cluster_1_grasp_ver3_greedy_ver3,20260312193350,9,677.0,0.0
2x2_slot_inorder_place_cluster_1_grasp_ver3_greedy_ver3,20260312193354,24,1277.0,0.0
2x2_slot_inorder_place_cluster_1_grasp_ver3_greedy_ver3,20260312193358,11,717.0,0.0
2x2_slot_inorder_place_cluster_1_grasp_ver3_greedy_ver3,20260312193402,20,1001.0,0.0
2x2_slot_inorder_place_cluster_1_grasp_ver3_greedy_ver3,20260312193405,18,905.0,0.0
2x2_slot_inorder_place_cluster_1_grasp_ver3_greedy_ver3,20260312193409,16,863.0,0.0
2x2_slot_inorder_place_cluster_1_grasp_ver3_greedy_ver3,20260312193415,20,1072.0,0.0
2x2_slot_inorder_place_cluster_1_grasp_ver3_greedy_ver3,20260312193419,4,254.0,0.0
2x2_slot_inorder_place_cluster_1_grasp_ver3_greedy_ver3,20260312193423,16,913.0,0.0
2x2_slot_inorder_place_cluster_1_grasp_ver3_greedy_ver3,20260312193426,8,476.0,0.0
2x2_slot_inorder_place_cluster_1_grasp_ver3_greedy_ver3,20260312193430,10,633.0,0.0
2x2_slot_inorder_place_cluster_1_grasp_ver3_greedy_ver3,20260312193433,8,476.0,0.0
2x2_slot_inorder_place_cluster_1_grasp_ver3_greedy_ver3,20260312193435,25,1413.0,0.0
2x2_slot_inorder_place_cluster_1_grasp_ver3_greedy_ver3,20260312193440,20,1085.0,0.0
2x2_slot_inorder_place_cluster_1_grasp_ver3_greedy_ver3,20260312193445,10,619.0,0.0
2x2_slot_inorder_place_cluster_1_grasp_ver3_greedy_ver3,20260312193448,13,769.0,0.0
2x2_slot_inorder_place_cluster_1_greedy_ver3_grasp_ver3,20260312191023,9,645.0,0.0
2x2_slot_inorder_place_cluster_1_greedy_ver3_grasp_ver3,20260312191026,6,400.0,0.0
2x2_slot_inorder_place_cluster_1_greedy_ver3_grasp_ver3,20260312191029,4,266.0,0.0
2x2_slot_inorder_place_cluster_1_greedy_ver3_grasp_ver3,20260312191031,13,797.0,0.0
2x2_slot_inorder_place_cluster_1_greedy_ver3_grasp_ver3,20260312191034,5,308.0,0.0
2x2_slot_inorder_place_cluster_1_greedy_ver3_grasp_ver3,20260312191038,27,1538.0,0.0
2x2_slot_inorder_place_cluster_1_greedy_ver3_grasp_ver3,20260312191040,4,278.0,0.0
2x2_slot_inorder_place_cluster_1_greedy_ver3_grasp_ver3,20260312191042,68,3586.0,0.0
2x2_slot_inorder_place_cluster_1_greedy_ver3_grasp_ver3,20260312191056,17,861.0,0.0
2x2_slot_inorder_place_cluster_1_greedy_ver3_grasp_ver3,20260312191104,12,753.0,0.0
2x2_slot_inorder_place_cluster_1_greedy_ver3_grasp_ver3,20260312191108,20,1167.0,0.0
2x2_slot_inorder_place_cluster_1_greedy_ver3_grasp_ver3,20260312191109,15,987.0,0.0
2x2_slot_inorder_place_cluster_1_greedy_ver3_grasp_ver3,20260312191114,3,306.0,0.0
2x2_slot_inorder_place_cluster_1_greedy_ver3_grasp_ver3,20260312191116,9,649.0,0.0
2x2_slot_inorder_place_cluster_1_greedy_ver3_grasp_ver3,20260312191119,10,667.0,0.0
2x2_slot_inorder_place_cluster_1_greedy_ver3_grasp_ver3,20260312191122,6,460.0,0.0
2x2_slot_inorder_place_cluster_1_greedy_ver3_grasp_ver3,20260312191125,6,470.0,0.0
2x2_slot_inorder_place_cluster_1_greedy_ver3_grasp_ver3,20260312191129,4,262.0,0.0
2x2_slot_inorder_place_cluster_1_greedy_ver3_grasp_ver3,20260312191131,17,1027.0,0.0
2x2_slot_inorder_place_cluster_1_greedy_ver3_grasp_ver3,20260312191136,6,470.0,0.0
2x2_slot_inorder_place_cluster_1_greedy_ver3_grasp_ver3,20260312191139,8,504.0,0.0
2x2_slot_inorder_place_cluster_1_greedy_ver3_grasp_ver3,20260312191140,18,915.0,0.0
2x2_slot_inorder_place_cluster_1_greedy_ver3_grasp_ver3,20260312191145,3,284.0,0.0
2x2_slot_inorder_place_cluster_1_greedy_ver3_grasp_ver3,20260312191147,12,833.0,0.0
2x2_slot_inorder_place_cluster_1_greedy_ver3_grasp_ver3,20260312191152,4,274.0,0.0
2x2_slot_inorder_place_cluster_1_greedy_ver3_grasp_ver3,20260312191154,13,761.0,0.0
2x2_slot_inorder_place_cluster_1_greedy_ver3_grasp_ver3,20260312191159,14,877.0,0.0
2x2_slot_inorder_place_cluster_1_greedy_ver3_grasp_ver3,20260312191204,10,585.0,0.0
2x2_slot_inorder_place_cluster_1_greedy_ver3_grasp_ver3,20260312191208,5,320.0,0.0
2x2_slot_inorder_place_cluster_1_greedy_ver3_grasp_ver3,20260312191210,10,587.0,0.0
2x2_slot_inorder_place_cluster_1_greedy_ver3_grasp_ver3,20260312191213,12,767.0,0.0
2x2_slot_inorder_place_cluster_1_greedy_ver3_grasp_ver3,20260312191216,6,750.0,0.0
2x2_slot_inorder_place_cluster_1_greedy_ver3_grasp_ver3,20260312191220,19,1029.0,0.0
2x2_slot_inorder_place_cluster_1_greedy_ver3_grasp_ver3,20260312191225,13,809.0,0.0
2x2_slot_inorder_place_cluster_1_greedy_ver3_grasp_ver3,20260312191229,9,707.0,0.015625
2x2_slot_inorder_place_cluster_1_greedy_ver3_grasp_ver3,20260312191232,15,831.0,0.0
2x2_slot_inorder_place_cluster_1_greedy_ver3_grasp_ver3,20260312191236,16,989.0,0.0
2x2_slot_inorder_place_cluster_1_greedy_ver3_grasp_ver3,20260312191240,14,890.0,0.0
2x2_slot_inorder_place_cluster_1_greedy_ver3_grasp_ver3,20260312191241,13,555.0,0.0
2x2_slot_inorder_place_cluster_1_greedy_ver3_grasp_ver3,20260312191244,16,1501.0,0.015625
2x2_slot_inorder_place_cluster_1_greedy_ver3_grasp_ver3,20260312191248,9,641.0,0.0
2x2_slot_inorder_place_cluster_1_greedy_ver3_grasp_ver3,20260312191251,10,673.0,0.0
2x2_slot_inorder_place_cluster_1_greedy_ver3_grasp_ver3,20260312191254,6,386.0,0.0
2x2_slot_inorder_place_cluster_1_greedy_ver3_grasp_ver3,20260312191257,5,326.0,0.0
2x2_slot_inorder_place_cluster_1_greedy_ver3_grasp_ver3,20260312191300,12,747.0,0.0
2x2_slot_inorder_place_cluster_1_greedy_ver3_grasp_ver3,20260312191305,10,639.0,0.0
2x2_slot_inorder_place_cluster_1_greedy_ver3_grasp_ver3,20260312191308,13,819.0,0.0
2x2_slot_inorder_place_cluster_1_greedy_ver3_grasp_ver3,20260312191312,24,1351.0,0.0
2x2_slot_inorder_place_cluster_1_greedy_ver3_grasp_ver3,20260312191314,15,927.0,0.0
2x2_slot_inorder_place_cluster_1_greedy_ver3_grasp_ver3,20260312191318,2,234.0,0.0
2x2_slot_inorder_place_cluster_1_greedy_ver3_grasp_ver3,20260312191321,12,785.0,0.0
2x2_slot_inorder_place_cluster_1_greedy_ver3_grasp_ver3,20260312191324,12,647.0,0.0
2x2_slot_inorder_place_cluster_1_greedy_ver3_grasp_ver3,20260312191328,12,733.0,0.015625
2x2_slot_inorder_place_cluster_1_greedy_ver3_grasp_ver3,20260312191332,6,384.0,0.0
2x2_slot_inorder_place_cluster_1_greedy_ver3_grasp_ver3,20260312191335,15,923.0,0.0
2x2_slot_inorder_place_cluster_1_greedy_ver3_grasp_ver3,20260312191340,18,1305.0,0.0
2x2_slot_inorder_place_cluster_1_greedy_ver3_grasp_ver3,20260312191342,29,1638.0,0.0
2x2_slot_inorder_place_cluster_1_greedy_ver3_grasp_ver3,20260312191346,10,631.0,0.0
2x2_slot_inorder_place_cluster_1_greedy_ver3_grasp_ver3,20260312191349,8,594.0,0.0
2x2_slot_inorder_place_cluster_1_greedy_ver3_grasp_ver3,20260312191352,13,865.0,0.0
2x2_slot_inorder_place_cluster_1_greedy_ver3_grasp_ver3,20260312191356,14,809.0,0.0
2x2_slot_inorder_place_cluster_1_greedy_ver3_grasp_ver3,20260312191400,11,767.0,0.0
2x2_slot_inorder_place_cluster_1_greedy_ver3_grasp_ver3,20260312191404,15,929.0,0.0
2x2_slot_inorder_place_cluster_1_greedy_ver3_grasp_ver3,20260312191409,2,244.0,0.0
2x2_slot_inorder_place_cluster_1_greedy_ver3_grasp_ver3,20260312191411,5,306.0,0.0
2x2_slot_inorder_place_cluster_1_greedy_ver3_grasp_ver3,20260312191412,19,1133.0,0.0
2x2_slot_inorder_place_cluster_1_greedy_ver3_grasp_ver3,20260312191417,16,929.0,0.0
2x2_slot_inorder_place_cluster_1_greedy_ver3_grasp_ver3,20260312191422,19,1137.0,0.0
2x2_slot_inorder_place_cluster_1_greedy_ver3_grasp_ver3,20260312191428,15,1105.0,0.0
2x2_slot_inorder_place_cluster_1_greedy_ver3_grasp_ver3,20260312191432,12,675.0,0.015625
2x2_slot_inorder_place_cluster_1_greedy_ver3_grasp_ver3,20260312191435,6,446.0,0.0
2x2_slot_inorder_place_cluster_1_greedy_ver3_grasp_ver3,20260312191439,36,1864.0,0.0
2x2_slot_inorder_place_cluster_1_greedy_ver3_grasp_ver3,20260312191446,14,1023.0,0.0
2x2_slot_inorder_place_cluster_1_greedy_ver3_grasp_ver3,20260312191451,6,394.0,0.0
2x2_slot_inorder_place_cluster_1_greedy_ver3_grasp_ver3,20260312191454,20,1143.0,0.0
2x2_slot_inorder_place_cluster_1_greedy_ver3_grasp_ver3,20260312191458,16,913.0,0.0
2x2_slot_inorder_place_cluster_1_greedy_ver3_grasp_ver3,20260312191502,9,466.0,0.0
2x2_slot_inorder_place_cluster_1_greedy_ver3_grasp_ver3,20260312191506,13,857.0,0.0
2x2_slot_inorder_place_cluster_1_greedy_ver3_grasp_ver3,20260312191510,18,1241.0,0.0
2x2_slot_inorder_place_cluster_1_greedy_ver3_grasp_ver3,20260312191513,28,1694.0,0.0
2x2_slot_inorder_place_cluster_1_greedy_ver3_grasp_ver3,20260312191517,19,1143.0,0.015625
2x2_slot_inorder_place_cluster_1_greedy_ver3_grasp_ver3,20260312191523,19,1201.0,0.0
2x2_slot_inorder_place_cluster_1_greedy_ver3_grasp_ver3,20260312191529,2,232.0,0.0
2x2_slot_inorder_place_cluster_1_greedy_ver3_grasp_ver3,20260312191531,17,1013.0,0.015625
2x2_slot_inorder_place_cluster_1_greedy_ver3_grasp_ver3,20260312191536,6,470.0,0.0
2x2_slot_inorder_place_cluster_1_greedy_ver3_grasp_ver3,20260312191539,15,929.0,0.0
2x2_slot_inorder_place_cluster_1_greedy_ver3_grasp_ver3,20260312191544,13,889.0,0.015625
2x2_slot_inorder_place_cluster_1_greedy_ver3_grasp_ver3,20260312191548,25,1361.0,0.0
2x2_slot_inorder_place_cluster_1_greedy_ver3_grasp_ver3,20260312191553,16,1051.0,0.0
2x2_slot_inorder_place_cluster_1_greedy_ver3_grasp_ver3,20260312191558,2,234.0,0.0
2x2_slot_inorder_place_cluster_1_greedy_ver3_grasp_ver3,20260312191600,19,1193.0,0.0
2x2_slot_inorder_place_cluster_1_greedy_ver3_grasp_ver3,20260312191604,9,641.0,0.015625
2x2_slot_inorder_place_cluster_1_greedy_ver3_grasp_ver3,20260312191607,11,669.0,0.0
2x2_slot_inorder_place_cluster_1_greedy_ver3_grasp_ver3,20260312191610,9,665.0,0.0
2x2_slot_inorder_place_cluster_1_greedy_ver3_grasp_ver3,20260312191613,6,396.0,0.0
2x2_slot_inorder_place_cluster_1_greedy_ver3_grasp_ver3,20260312191614,13,803.0,0.0
2x2_slot_inorder_place_cluster_1_greedy_ver3_grasp_ver3,20260312191618,12,787.0,0.0
2x2_slot_inorder_place_cluster_1_greedy_ver3_grasp_ver3,20260312191622,5,306.0,0.0
2x2_slot_inorder_place_cluster_1_greedy_ver3_grasp_ver3,20260312191626,13,855.0,0.0
2x2_slot_inorder_place_cluster_1_greedy_ver3_grasp_ver3,20260312191630,4,274.0,0.0
2x2_slot_inorder_place_cluster_1_greedy_ver3_grasp_ver3,20260312191632,16,1107.0,0.0
2x2_slot_inorder_place_cluster_1_greedy_ver3_grasp_ver3,20260312191636,2,234.0,0.0
2x2_slot_inorder_place_cluster_1_greedy_ver3_grasp_ver3,20260312191638,16,1025.0,0.0
2x2_slot_inorder_place_cluster_1_greedy_ver3_grasp_ver3,20260312191642,2,234.0,0.0
2x2_slot_inorder_place_cluster_1_greedy_ver3_grasp_ver3,20260312191645,43,2102.0,0.0
2x2_slot_inorder_place_cluster_1_greedy_ver3_grasp_ver3,20260312191648,15,959.0,0.0
2x2_slot_inorder_place_cluster_1_greedy_ver3_grasp_ver3,20260312191653,10,713.0,0.0
2x2_slot_inorder_place_cluster_1_greedy_ver3_grasp_ver3,20260312191656,19,1029.0,0.0
2x2_slot_inorder_place_cluster_1_greedy_ver3_grasp_ver3,20260312191701,15,965.0,0.0
2x2_slot_inorder_place_cluster_1_greedy_ver3_grasp_ver3,20260312191705,10,637.0,0.015625
2x2_slot_inorder_place_cluster_1_greedy_ver3_grasp_ver3,20260312191708,11,833.0,0.0
2x2_slot_inorder_place_cluster_1_greedy_ver3_grasp_ver3,20260312191713,12,733.0,0.0
2x2_slot_inorder_place_cluster_1_greedy_ver3_grasp_ver3,20260312191715,25,1342.0,0.0
2x2_slot_inorder_place_cluster_1_greedy_ver3_grasp_ver3,20260312191720,13,853.0,0.0
2x2_slot_inorder_place_cluster_1_greedy_ver3_grasp_ver3,20260312191724,2,234.0,0.0
2x2_slot_inorder_place_cluster_1_greedy_ver3_grasp_ver3,20260312191726,11,737.0,0.0
2x2_slot_inorder_place_cluster_1_greedy_ver3_grasp_ver3,20260312191730,15,963.0,0.0
2x2_slot_inorder_place_cluster_1_greedy_ver3_grasp_ver3,20260312191735,2,234.0,0.0
2x2_slot_inorder_place_cluster_1_greedy_ver3_grasp_ver3,20260312191737,11,703.0,0.0
2x2_slot_inorder_place_cluster_1_greedy_ver3_grasp_ver3,20260312191741,6,466.0,0.0
2x2_slot_inorder_place_cluster_1_greedy_ver3_grasp_ver3,20260312191744,15,1031.0,0.0
2x2_slot_inorder_place_cluster_1_greedy_ver3_grasp_ver3,20260312191746,32,1774.0,0.0
2x2_slot_inorder_place_cluster_1_greedy_ver3_grasp_ver3,20260312191751,2,242.0,0.0
2x2_slot_inorder_place_cluster_1_greedy_ver3_grasp_ver3,20260312191753,15,987.0,0.0
2x2_slot_inorder_place_cluster_1_greedy_ver3_grasp_ver3,20260312191758,9,584.0,0.0
2x2_slot_inorder_place_cluster_1_greedy_ver3_grasp_ver3,20260312191802,13,839.0,0.0
2x2_slot_inorder_place_cluster_1_greedy_ver3_grasp_ver3,20260312191806,15,903.0,0.0
2x2_slot_inorder_place_cluster_1_greedy_ver3_grasp_ver3,20260312191810,2,244.0,0.0
2x2_slot_inorder_place_cluster_1_greedy_ver3_grasp_ver3,20260312191813,13,777.0,0.0
2x2_slot_inorder_place_cluster_1_greedy_ver3_grasp_ver3,20260312191817,19,1073.0,0.0
2x2_slot_inorder_place_cluster_1_greedy_ver3_grasp_ver3,20260312191820,13,797.0,0.0
2x2_slot_inorder_place_cluster_1_greedy_ver3_grasp_ver3,20260312191824,20,1103.0,0.0
2x2_slot_inorder_place_cluster_1_greedy_ver3_grasp_ver3,20260312191829,11,707.0,0.0
2x2_slot_inorder_place_cluster_1_greedy_ver3_grasp_ver3,20260312191833,19,1045.0,0.015625
2x2_slot_inorder_place_cluster_1_greedy_ver3_grasp_ver3,20260312191837,9,699.0,0.0
2x2_slot_inorder_place_cluster_1_greedy_ver3_grasp_ver3,20260312191840,10,705.0,0.0
2x2_slot_inorder_place_cluster_1_greedy_ver3_grasp_ver3,20260312191844,9,534.0,0.0
2x2_slot_inorder_place_cluster_1_greedy_ver3_grasp_ver3,20260312191848,9,565.0,0.015625
2x2_slot_inorder_place_cluster_1_greedy_ver3_grasp_ver3,20260312191849,10,587.0,0.0
2x2_slot_inorder_place_cluster_1_greedy_ver3_grasp_ver3,20260312191852,15,921.0,0.0
2x2_slot_inorder_place_cluster_1_greedy_ver3_grasp_ver3,20260312191857,12,707.0,0.0
2x2_slot_inorder_place_cluster_1_greedy_ver3_grasp_ver3,20260312191903,20,1185.0,0.015625
2x2_slot_inorder_place_cluster_1_greedy_ver3_grasp_ver3,20260312191909,11,627.0,0.0
2x2_slot_inorder_place_cluster_1_greedy_ver3_grasp_ver3,20260312191913,4,264.0,0.0
2x2_slot_inorder_place_cluster_1_greedy_ver3_grasp_ver3,20260312191916,12,737.0,0.0
2x2_slot_inorder_place_cluster_1_greedy_ver3_grasp_ver3,20260312191918,24,1307.0,0.0
2x2_slot_inorder_place_cluster_1_greedy_ver3_grasp_ver3,20260312191922,9,703.0,0.0
2x2_slot_inorder_place_cluster_1_greedy_ver3_grasp_ver3,20260312191925,9,556.0,0.0
2x2_slot_inorder_place_cluster_1_greedy_ver3_grasp_ver3,20260312191929,25,1407.0,0.0
2x2_slot_inorder_place_cluster_1_greedy_ver3_grasp_ver3,20260312191935,6,434.0,0.0
2x2_slot_inorder_place_cluster_1_greedy_ver3_grasp_ver3,20260312191939,8,500.0,0.0
2x2_slot_inorder_place_cluster_1_greedy_ver3_grasp_ver3,20260312191942,9,537.0,0.0
2x2_slot_inorder_place_cluster_1_greedy_ver3_grasp_ver3,20260312191945,16,941.0,0.0
2x2_slot_inorder_place_cluster_1_greedy_ver3_grasp_ver3,20260312191948,27,1669.0,0.0
2x2_slot_inorder_place_cluster_1_greedy_ver3_grasp_ver3,20260312191952,15,979.0,0.0
2x2_slot_inorder_place_cluster_1_greedy_ver3_grasp_ver3,20260312191957,7,436.0,0.0
2x2_slot_inorder_place_cluster_1_greedy_ver3_grasp_ver3,20260312192000,17,991.0,0.0
2x2_slot_inorder_place_cluster_1_greedy_ver3_grasp_ver3,20260312192005,12,763.0,0.0
2x2_slot_inorder_place_cluster_1_greedy_ver3_grasp_ver3,20260312192008,8,480.0,0.0
2x2_slot_inorder_place_cluster_1_greedy_ver3_grasp_ver3,20260312192012,19,1063.0,0.015625
2x2_slot_inorder_place_cluster_1_greedy_ver3_grasp_ver3,20260312192017,11,717.0,0.0
2x2_slot_inorder_place_cluster_1_greedy_ver3_grasp_ver3,20260312192020,22,1227.0,0.0
2x2_slot_inorder_place_cluster_1_greedy_ver3_grasp_ver3,20260312192023,15,883.0,0.0
2x2_slot_inorder_place_cluster_1_greedy_ver3_grasp_ver3,20260312192028,9,532.0,0.0
2x2_slot_inorder_place_cluster_1_greedy_ver3_grasp_ver3,20260312192032,9,522.0,0.0
2x2_slot_inorder_place_cluster_1_greedy_ver3_grasp_ver3,20260312192036,11,817.0,0.0
2x2_slot_inorder_place_cluster_1_greedy_ver3_grasp_ver3,20260312192039,11,743.0,0.0
2x2_slot_inorder_place_cluster_1_greedy_ver3_grasp_ver3,20260312192043,6,384.0,0.0
2x2_slot_inorder_place_cluster_1_greedy_ver3_grasp_ver3,20260312192047,9,532.0,0.0
2x2_slot_inorder_place_cluster_1_greedy_ver3_grasp_ver3,20260312192049,29,1582.0,0.015625
2x2_slot_inorder_place_cluster_1_greedy_ver3_grasp_ver3,20260312192055,15,939.0,0.0
2x2_slot_inorder_place_cluster_1_greedy_ver3_grasp_ver3,20260312192100,14,973.0,0.0
2x2_slot_inorder_place_cluster_1_greedy_ver3_grasp_ver3,20260312192104,10,637.0,0.015625
2x2_slot_inorder_place_cluster_1_greedy_ver3_grasp_ver3,20260312192107,12,695.0,0.0
2x2_slot_inorder_place_cluster_1_greedy_ver3_grasp_ver3,20260312192110,17,1049.0,0.0
2x2_slot_inorder_place_cluster_1_greedy_ver3_grasp_ver3,20260312192115,6,396.0,0.0
2x2_slot_inorder_place_cluster_1_greedy_ver3_grasp_ver3,20260312192118,15,909.0,0.0
2x2_slot_inorder_place_cluster_1_greedy_ver3_grasp_ver3,20260312192122,12,747.0,0.0
2x2_slot_inorder_place_cluster_1_greedy_ver3_grasp_ver3,20260312192126,9,705.0,0.0
2x2_slot_inorder_place_cluster_1_greedy_ver3_grasp_ver3,20260312192129,24,1329.0,0.0
2x2_slot_inorder_place_cluster_1_greedy_ver3_grasp_ver3,20260312192134,12,617.0,0.0
2x2_slot_inorder_place_cluster_1_greedy_ver3_grasp_ver3,20260312192137,19,1039.0,0.0
2x2_slot_inorder_place_cluster_1_greedy_ver3_grasp_ver3,20260312192143,18,1037.0,0.0
2x2_slot_inorder_place_cluster_1_greedy_ver3_grasp_ver3,20260312192147,15,871.0,0.0
2x2_slot_inorder_place_cluster_1_greedy_ver3_grasp_ver3,20260312192150,32,1656.0,0.0
2x2_slot_inorder_place_cluster_1_greedy_ver3_grasp_ver3,20260312192156,4,266.0,0.0
2x2_slot_inorder_place_cluster_1_greedy_ver3_grasp_ver3,20260312192200,15,921.0,0.0
2x2_slot_inorder_place_cluster_1_greedy_ver3_grasp_ver3,20260312192205,7,496.0,0.0
2x2_slot_inorder_place_cluster_1_greedy_ver3_grasp_ver3,20260312192208,9,556.0,0.015625
2x2_slot_inorder_place_cluster_1_greedy_ver3_grasp_ver3,20260312192212,7,496.0,0.0
2x2_slot_inorder_place_cluster_1_greedy_ver3_grasp_ver3,20260312192215,11,743.0,0.0
2x2_slot_inorder_place_cluster_1_greedy_ver3_grasp_ver3,20260312192220,29,1640.0,0.0
2x2_slot_inorder_place_cluster_1_greedy_ver3_grasp_ver3,20260312192224,9,639.0,0.0
2x2_slot_inorder_place_cluster_1_greedy_ver3_grasp_ver3,20260312192227,13,637.0,0.0
2x2_slot_inorder_place_cluster_1_greedy_ver3_greedy_ver3,20260312191024,10,625.0,0.0
2x2_slot_inorder_place_cluster_1_greedy_ver3_greedy_ver3,20260312191027,8,402.0,0.0
2x2_slot_inorder_place_cluster_1_greedy_ver3_greedy_ver3,20260312191030,4,236.0,0.0
2x2_slot_inorder_place_cluster_1_greedy_ver3_greedy_ver3,20260312191033,13,797.0,0.0
2x2_slot_inorder_place_cluster_1_greedy_ver3_greedy_ver3,20260312191036,8,446.0,0.0
2x2_slot_inorder_place_cluster_1_greedy_ver3_greedy_ver3,20260312191038,27,1538.0,0.0
2x2_slot_inorder_place_cluster_1_greedy_ver3_greedy_ver3,20260312191041,4,258.0,0.0
2x2_slot_inorder_place_cluster_1_greedy_ver3_greedy_ver3,20260312191049,65,3546.0,0.0
2x2_slot_inorder_place_cluster_1_greedy_ver3_greedy_ver3,20260312191100,20,1039.0,0.0
2x2_slot_inorder_place_cluster_1_greedy_ver3_greedy_ver3,20260312191106,14,795.0,0.0
2x2_slot_inorder_place_cluster_1_greedy_ver3_greedy_ver3,20260312191108,20,1167.0,0.0
2x2_slot_inorder_place_cluster_1_greedy_ver3_greedy_ver3,20260312191112,16,853.0,0.015625
2x2_slot_inorder_place_cluster_1_greedy_ver3_greedy_ver3,20260312191115,4,306.0,0.0
2x2_slot_inorder_place_cluster_1_greedy_ver3_greedy_ver3,20260312191118,10,629.0,0.0
2x2_slot_inorder_place_cluster_1_greedy_ver3_greedy_ver3,20260312191121,10,627.0,0.0
2x2_slot_inorder_place_cluster_1_greedy_ver3_greedy_ver3,20260312191124,6,400.0,0.0
2x2_slot_inorder_place_cluster_1_greedy_ver3_greedy_ver3,20260312191127,8,388.0,0.0
2x2_slot_inorder_place_cluster_1_greedy_ver3_greedy_ver3,20260312191130,4,232.0,0.0
2x2_slot_inorder_place_cluster_1_greedy_ver3_greedy_ver3,20260312191133,18,953.0,0.0
2x2_slot_inorder_place_cluster_1_greedy_ver3_greedy_ver3,20260312191137,6,410.0,0.0
2x2_slot_inorder_place_cluster_1_greedy_ver3_greedy_ver3,20260312191138,10,569.0,0.0
2x2_slot_inorder_place_cluster_1_greedy_ver3_greedy_ver3,20260312191143,18,795.0,0.0
2x2_slot_inorder_place_cluster_1_greedy_ver3_greedy_ver3,20260312191146,3,254.0,0.0
2x2_slot_inorder_place_cluster_1_greedy_ver3_greedy_ver3,20260312191149,14,845.0,0.0
2x2_slot_inorder_place_cluster_1_greedy_ver3_greedy_ver3,20260312191153,4,254.0,0.0
2x2_slot_inorder_place_cluster_1_greedy_ver3_greedy_ver3,20260312191156,12,747.0,0.0
2x2_slot_inorder_place_cluster_1_greedy_ver3_greedy_ver3,20260312191201,13,747.0,0.0
2x2_slot_inorder_place_cluster_1_greedy_ver3_greedy_ver3,20260312191206,14,599.0,0.0
2x2_slot_inorder_place_cluster_1_greedy_ver3_greedy_ver3,20260312191209,8,428.0,0.0
2x2_slot_inorder_place_cluster_1_greedy_ver3_greedy_ver3,20260312191211,11,521.0,0.0
2x2_slot_inorder_place_cluster_1_greedy_ver3_greedy_ver3,20260312191215,12,727.0,0.0
2x2_slot_inorder_place_cluster_1_greedy_ver3_greedy_ver3,20260312191218,6,740.0,0.0
2x2_slot_inorder_place_cluster_1_greedy_ver3_greedy_ver3,20260312191222,20,1011.0,0.0
2x2_slot_inorder_place_cluster_1_greedy_ver3_greedy_ver3,20260312191227,14,769.0,0.0
2x2_slot_inorder_place_cluster_1_greedy_ver3_greedy_ver3,20260312191231,10,707.0,0.0
2x2_slot_inorder_place_cluster_1_greedy_ver3_greedy_ver3,20260312191234,16,931.0,0.0
2x2_slot_inorder_place_cluster_1_greedy_ver3_greedy_ver3,20260312191238,16,929.0,0.0
2x2_slot_inorder_place_cluster_1_greedy_ver3_greedy_ver3,20260312191240,14,890.0,0.0
2x2_slot_inorder_place_cluster_1_greedy_ver3_greedy_ver3,20260312191243,12,805.0,0.015625
2x2_slot_inorder_place_cluster_1_greedy_ver3_greedy_ver3,20260312191246,16,1465.0,0.0
2x2_slot_inorder_place_cluster_1_greedy_ver3_greedy_ver3,20260312191250,10,621.0,0.015625
2x2_slot_inorder_place_cluster_1_greedy_ver3_greedy_ver3,20260312191253,10,633.0,0.0
2x2_slot_inorder_place_cluster_1_greedy_ver3_greedy_ver3,20260312191256,6,326.0,0.0
2x2_slot_inorder_place_cluster_1_greedy_ver3_greedy_ver3,20260312191259,6,346.0,0.0
2x2_slot_inorder_place_cluster_1_greedy_ver3_greedy_ver3,20260312191302,14,767.0,0.0
2x2_slot_inorder_place_cluster_1_greedy_ver3_greedy_ver3,20260312191306,10,599.0,0.0
2x2_slot_inorder_place_cluster_1_greedy_ver3_greedy_ver3,20260312191310,14,757.0,0.0
2x2_slot_inorder_place_cluster_1_greedy_ver3_greedy_ver3,20260312191312,24,1351.0,0.0
2x2_slot_inorder_place_cluster_1_greedy_ver3_greedy_ver3,20260312191316,16,879.0,0.0
2x2_slot_inorder_place_cluster_1_greedy_ver3_greedy_ver3,20260312191319,2,194.0,0.0
2x2_slot_inorder_place_cluster_1_greedy_ver3_greedy_ver3,20260312191322,13,588.0,0.0
2x2_slot_inorder_place_cluster_1_greedy_ver3_greedy_ver3,20260312191326,11,745.0,0.0
2x2_slot_inorder_place_cluster_1_greedy_ver3_greedy_ver3,20260312191330,12,691.0,0.0
2x2_slot_inorder_place_cluster_1_greedy_ver3_greedy_ver3,20260312191334,6,412.0,0.015625
2x2_slot_inorder_place_cluster_1_greedy_ver3_greedy_ver3,20260312191338,16,877.0,0.0
2x2_slot_inorder_place_cluster_1_greedy_ver3_greedy_ver3,20260312191342,29,1638.0,0.0
2x2_slot_inorder_place_cluster_1_greedy_ver3_greedy_ver3,20260312191344,12,731.0,0.0
2x2_slot_inorder_place_cluster_1_greedy_ver3_greedy_ver3,20260312191347,10,645.0,0.0
2x2_slot_inorder_place_cluster_1_greedy_ver3_greedy_ver3,20260312191350,10,573.0,0.0
2x2_slot_inorder_place_cluster_1_greedy_ver3_greedy_ver3,20260312191354,14,865.0,0.0
2x2_slot_inorder_place_cluster_1_greedy_ver3_greedy_ver3,20260312191358,14,763.0,0.0
2x2_slot_inorder_place_cluster_1_greedy_ver3_greedy_ver3,20260312191402,12,677.0,0.0
2x2_slot_inorder_place_cluster_1_greedy_ver3_greedy_ver3,20260312191406,16,853.0,0.0
2x2_slot_inorder_place_cluster_1_greedy_ver3_greedy_ver3,20260312191410,2,204.0,0.0
2x2_slot_inorder_place_cluster_1_greedy_ver3_greedy_ver3,20260312191412,19,1133.0,0.0
2x2_slot_inorder_place_cluster_1_greedy_ver3_greedy_ver3,20260312191414,14,711.0,0.0
2x2_slot_inorder_place_cluster_1_greedy_ver3_greedy_ver3,20260312191419,23,1177.0,0.015625
2x2_slot_inorder_place_cluster_1_greedy_ver3_greedy_ver3,20260312191425,26,1302.0,0.0
2x2_slot_inorder_place_cluster_1_greedy_ver3_greedy_ver3,20260312191430,21,1405.0,0.0
2x2_slot_inorder_place_cluster_1_greedy_ver3_greedy_ver3,20260312191433,12,631.0,0.0
2x2_slot_inorder_place_cluster_1_greedy_ver3_greedy_ver3,20260312191437,8,432.0,0.0
2x2_slot_inorder_place_cluster_1_greedy_ver3_greedy_ver3,20260312191443,37,2060.0,0.0
2x2_slot_inorder_place_cluster_1_greedy_ver3_greedy_ver3,20260312191448,20,1207.0,0.0
2x2_slot_inorder_place_cluster_1_greedy_ver3_greedy_ver3,20260312191452,6,334.0,0.0
2x2_slot_inorder_place_cluster_1_greedy_ver3_greedy_ver3,20260312191456,20,957.0,0.0
2x2_slot_inorder_place_cluster_1_greedy_ver3_greedy_ver3,20260312191500,17,941.0,0.0
2x2_slot_inorder_place_cluster_1_greedy_ver3_greedy_ver3,20260312191504,12,647.0,0.0
2x2_slot_inorder_place_cluster_1_greedy_ver3_greedy_ver3,20260312191508,14,767.0,0.0
2x2_slot_inorder_place_cluster_1_greedy_ver3_greedy_ver3,20260312191513,28,1694.0,0.0
2x2_slot_inorder_place_cluster_1_greedy_ver3_greedy_ver3,20260312191515,14,771.0,0.0
2x2_slot_inorder_place_cluster_1_greedy_ver3_greedy_ver3,20260312191520,23,1294.0,0.0
2x2_slot_inorder_place_cluster_1_greedy_ver3_greedy_ver3,20260312191526,22,1257.0,0.0
2x2_slot_inorder_place_cluster_1_greedy_ver3_greedy_ver3,20260312191530,2,192.0,0.0
2x2_slot_inorder_place_cluster_1_greedy_ver3_greedy_ver3,20260312191534,18,943.0,0.0
2x2_slot_inorder_place_cluster_1_greedy_ver3_greedy_ver3,20260312191538,6,336.0,0.0
2x2_slot_inorder_place_cluster_1_greedy_ver3_greedy_ver3,20260312191542,16,925.0,0.0
2x2_slot_inorder_place_cluster_1_greedy_ver3_greedy_ver3,20260312191543,2,204.0,0.015625
2x2_slot_inorder_place_cluster_1_greedy_ver3_greedy_ver3,20260312191546,12,657.0,0.0
2x2_slot_inorder_place_cluster_1_greedy_ver3_greedy_ver3,20260312191551,24,1501.0,0.0
2x2_slot_inorder_place_cluster_1_greedy_ver3_greedy_ver3,20260312191555,16,889.0,0.0
2x2_slot_inorder_place_cluster_1_greedy_ver3_greedy_ver3,20260312191559,2,194.0,0.0
2x2_slot_inorder_place_cluster_1_greedy_ver3_greedy_ver3,20260312191602,19,1149.0,0.0
2x2_slot_inorder_place_cluster_1_greedy_ver3_greedy_ver3,20260312191605,10,621.0,0.0
2x2_slot_inorder_place_cluster_1_greedy_ver3_greedy_ver3,20260312191608,15,1119.0,0.0
2x2_slot_inorder_place_cluster_1_greedy_ver3_greedy_ver3,20260312191612,9,665.0,0.0
2x2_slot_inorder_place_cluster_1_greedy_ver3_greedy_ver3,20260312191615,6,424.0,0.0
2x2_slot_inorder_place_cluster_1_greedy_ver3_greedy_ver3,20260312191616,14,845.0,0.0
2x2_slot_inorder_place_cluster_1_greedy_ver3_greedy_ver3,20260312191620,12,745.0,0.0
2x2_slot_inorder_place_cluster_1_greedy_ver3_greedy_ver3,20260312191624,8,406.0,0.0
2x2_slot_inorder_place_cluster_1_greedy_ver3_greedy_ver3,20260312191628,14,895.0,0.0
2x2_slot_inorder_place_cluster_1_greedy_ver3_greedy_ver3,20260312191631,4,254.0,0.0
2x2_slot_inorder_place_cluster_1_greedy_ver3_greedy_ver3,20260312191634,16,732.0,0.0
2x2_slot_inorder_place_cluster_1_greedy_ver3_greedy_ver3,20260312191637,2,224.0,0.0
2x2_slot_inorder_place_cluster_1_greedy_ver3_greedy_ver3,20260312191640,17,1029.0,0.0
2x2_slot_inorder_place_cluster_1_greedy_ver3_greedy_ver3,20260312191644,2,194.0,0.0
2x2_slot_inorder_place_cluster_1_greedy_ver3_greedy_ver3,20260312191645,43,2102.0,0.0
2x2_slot_inorder_place_cluster_1_greedy_ver3_greedy_ver3,20260312191650,16,919.0,0.0
2x2_slot_inorder_place_cluster_1_greedy_ver3_greedy_ver3,20260312191654,13,743.0,0.0
2x2_slot_inorder_place_cluster_1_greedy_ver3_greedy_ver3,20260312191659,20,1011.0,0.0
2x2_slot_inorder_place_cluster_1_greedy_ver3_greedy_ver3,20260312191703,16,991.0,0.0
2x2_slot_inorder_place_cluster_1_greedy_ver3_greedy_ver3,20260312191707,10,597.0,0.0
2x2_slot_inorder_place_cluster_1_greedy_ver3_greedy_ver3,20260312191710,13,833.0,0.0
2x2_slot_inorder_place_cluster_1_greedy_ver3_greedy_ver3,20260312191715,25,1342.0,0.015625
2x2_slot_inorder_place_cluster_1_greedy_ver3_greedy_ver3,20260312191718,13,663.0,0.015625
2x2_slot_inorder_place_cluster_1_greedy_ver3_greedy_ver3,20260312191722,13,703.0,0.0
2x2_slot_inorder_place_cluster_1_greedy_ver3_greedy_ver3,20260312191725,2,194.0,0.0
2x2_slot_inorder_place_cluster_1_greedy_ver3_greedy_ver3,20260312191728,12,731.0,0.0
2x2_slot_inorder_place_cluster_1_greedy_ver3_greedy_ver3,20260312191733,16,879.0,0.0
2x2_slot_inorder_place_cluster_1_greedy_ver3_greedy_ver3,20260312191736,2,194.0,0.0
2x2_slot_inorder_place_cluster_1_greedy_ver3_greedy_ver3,20260312191739,12,717.0,0.0
2x2_slot_inorder_place_cluster_1_greedy_ver3_greedy_ver3,20260312191743,6,388.0,0.0
2x2_slot_inorder_place_cluster_1_greedy_ver3_greedy_ver3,20260312191746,32,1774.0,0.0
2x2_slot_inorder_place_cluster_1_greedy_ver3_greedy_ver3,20260312191749,18,915.0,0.0
2x2_slot_inorder_place_cluster_1_greedy_ver3_greedy_ver3,20260312191752,2,202.0,0.0
2x2_slot_inorder_place_cluster_1_greedy_ver3_greedy_ver3,20260312191756,16,917.0,0.0
2x2_slot_inorder_place_cluster_1_greedy_ver3_greedy_ver3,20260312191800,10,637.0,0.0
2x2_slot_inorder_place_cluster_1_greedy_ver3_greedy_ver3,20260312191804,14,891.0,0.0
2x2_slot_inorder_place_cluster_1_greedy_ver3_greedy_ver3,20260312191808,16,883.0,0.0
2x2_slot_inorder_place_cluster_1_greedy_ver3_greedy_ver3,20260312191812,2,204.0,0.0
2x2_slot_inorder_place_cluster_1_greedy_ver3_greedy_ver3,20260312191815,13,863.0,0.0
2x2_slot_inorder_place_cluster_1_greedy_ver3_greedy_ver3,20260312191818,20,1073.0,0.0
2x2_slot_inorder_place_cluster_1_greedy_ver3_greedy_ver3,20260312191822,14,811.0,0.0
2x2_slot_inorder_place_cluster_1_greedy_ver3_greedy_ver3,20260312191827,16,961.0,0.015625
2x2_slot_inorder_place_cluster_1_greedy_ver3_greedy_ver3,20260312191831,12,731.0,0.0
2x2_slot_inorder_place_cluster_1_greedy_ver3_greedy_ver3,20260312191835,19,1045.0,0.0
2x2_slot_inorder_place_cluster_1_greedy_ver3_greedy_ver3,20260312191839,9,669.0,0.0
2x2_slot_inorder_place_cluster_1_greedy_ver3_greedy_ver3,20260312191842,10,611.0,0.0
2x2_slot_inorder_place_cluster_1_greedy_ver3_greedy_ver3,20260312191846,10,603.0,0.015625
2x2_slot_inorder_place_cluster_1_greedy_ver3_greedy_ver3,20260312191847,9,535.0,0.0
2x2_slot_inorder_place_cluster_1_greedy_ver3_greedy_ver3,20260312191851,10,717.0,0.0
2x2_slot_inorder_place_cluster_1_greedy_ver3_greedy_ver3,20260312191855,16,901.0,0.0
2x2_slot_inorder_place_cluster_1_greedy_ver3_greedy_ver3,20260312191859,22,1303.0,0.0
2x2_slot_inorder_place_cluster_1_greedy_ver3_greedy_ver3,20260312191905,28,1486.0,0.0
2x2_slot_inorder_place_cluster_1_greedy_ver3_greedy_ver3,20260312191911,12,585.0,0.0
2x2_slot_inorder_place_cluster_1_greedy_ver3_greedy_ver3,20260312191915,4,234.0,0.0
2x2_slot_inorder_place_cluster_1_greedy_ver3_greedy_ver3,20260312191918,24,1307.0,0.0
2x2_slot_inorder_place_cluster_1_greedy_ver3_greedy_ver3,20260312191920,12,733.0,0.0
2x2_slot_inorder_place_cluster_1_greedy_ver3_greedy_ver3,20260312191924,9,693.0,0.0
2x2_slot_inorder_place_cluster_1_greedy_ver3_greedy_ver3,20260312191927,10,521.0,0.0
2x2_slot_inorder_place_cluster_1_greedy_ver3_greedy_ver3,20260312191932,21,1251.0,0.0
2x2_slot_inorder_place_cluster_1_greedy_ver3_greedy_ver3,20260312191937,6,394.0,0.0
2x2_slot_inorder_place_cluster_1_greedy_ver3_greedy_ver3,20260312191940,8,450.0,0.0
2x2_slot_inorder_place_cluster_1_greedy_ver3_greedy_ver3,20260312191944,8,562.0,0.0
2x2_slot_inorder_place_cluster_1_greedy_ver3_greedy_ver3,20260312191948,27,1669.0,0.0
2x2_slot_inorder_place_cluster_1_greedy_ver3_greedy_ver3,20260312191950,11,843.0,0.0
2x2_slot_inorder_place_cluster_1_greedy_ver3_greedy_ver3,20260312191954,16,901.0,0.0
2x2_slot_inorder_place_cluster_1_greedy_ver3_greedy_ver3,20260312191958,11,641.0,0.0
2x2_slot_inorder_place_cluster_1_greedy_ver3_greedy_ver3,20260312192003,18,943.0,0.0
2x2_slot_inorder_place_cluster_1_greedy_ver3_greedy_ver3,20260312192007,12,703.0,0.0
2x2_slot_inorder_place_cluster_1_greedy_ver3_greedy_ver3,20260312192010,8,430.0,0.0
2x2_slot_inorder_place_cluster_1_greedy_ver3_greedy_ver3,20260312192014,20,1047.0,0.0
2x2_slot_inorder_place_cluster_1_greedy_ver3_greedy_ver3,20260312192020,22,1227.0,0.015625
2x2_slot_inorder_place_cluster_1_greedy_ver3_greedy_ver3,20260312192021,9,422.0,0.0
2x2_slot_inorder_place_cluster_1_greedy_ver3_greedy_ver3,20260312192025,16,877.0,0.0
2x2_slot_inorder_place_cluster_1_greedy_ver3_greedy_ver3,20260312192030,10,573.0,0.0
2x2_slot_inorder_place_cluster_1_greedy_ver3_greedy_ver3,20260312192034,10,547.0,0.0
2x2_slot_inorder_place_cluster_1_greedy_ver3_greedy_ver3,20260312192038,11,817.0,0.0
2x2_slot_inorder_place_cluster_1_greedy_ver3_greedy_ver3,20260312192041,12,737.0,0.0
2x2_slot_inorder_place_cluster_1_greedy_ver3_greedy_ver3,20260312192045,6,388.0,0.015625
2x2_slot_inorder_place_cluster_1_greedy_ver3_greedy_ver3,20260312192049,29,1582.0,0.0
2x2_slot_inorder_place_cluster_1_greedy_ver3_greedy_ver3,20260312192052,21,1065.0,0.0
2x2_slot_inorder_place_cluster_1_greedy_ver3_greedy_ver3,20260312192057,16,901.0,0.0
2x2_slot_inorder_place_cluster_1_greedy_ver3_greedy_ver3,20260312192102,14,749.0,0.0
2x2_slot_inorder_place_cluster_1_greedy_ver3_greedy_ver3,20260312192105,10,597.0,0.015625
2x2_slot_inorder_place_cluster_1_greedy_ver3_greedy_ver3,20260312192109,12,655.0,0.0
2x2_slot_inorder_place_cluster_1_greedy_ver3_greedy_ver3,20260312192113,18,959.0,0.0
2x2_slot_inorder_place_cluster_1_greedy_ver3_greedy_ver3,20260312192117,6,410.0,0.015625
2x2_slot_inorder_place_cluster_1_greedy_ver3_greedy_ver3,20260312192119,16,903.0,0.0
2x2_slot_inorder_place_cluster_1_greedy_ver3_greedy_ver3,20260312192124,12,669.0,0.0
2x2_slot_inorder_place_cluster_1_greedy_ver3_greedy_ver3,20260312192127,9,675.0,0.0
2x2_slot_inorder_place_cluster_1_greedy_ver3_greedy_ver3,20260312192131,24,1346.0,0.015625
2x2_slot_inorder_place_cluster_1_greedy_ver3_greedy_ver3,20260312192135,11,757.0,0.0
2x2_slot_inorder_place_cluster_1_greedy_ver3_greedy_ver3,20260312192140,20,1021.0,0.0
2x2_slot_inorder_place_cluster_1_greedy_ver3_greedy_ver3,20260312192145,18,937.0,0.0
2x2_slot_inorder_place_cluster_1_greedy_ver3_greedy_ver3,20260312192150,32,1656.0,0.015625
2x2_slot_inorder_place_cluster_1_greedy_ver3_greedy_ver3,20260312192153,17,909.0,0.0
2x2_slot_inorder_place_cluster_1_greedy_ver3_greedy_ver3,20260312192158,8,486.0,0.0
2x2_slot_inorder_place_cluster_1_greedy_ver3_greedy_ver3,20260312192202,16,881.0,0.0
2x2_slot_inorder_place_cluster_1_greedy_ver3_greedy_ver3,20260312192206,8,476.0,0.0
2x2_slot_inorder_place_cluster_1_greedy_ver3_greedy_ver3,20260312192210,10,519.0,0.015625
2x2_slot_inorder_place_cluster_1_greedy_ver3_greedy_ver3,20260312192214,8,476.0,0.0
2x2_slot_inorder_place_cluster_1_greedy_ver3_greedy_ver3,20260312192217,14,811.0,0.0
2x2_slot_inorder_place_cluster_1_greedy_ver3_greedy_ver3,20260312192220,29,1640.0,0.0
2x2_slot_inorder_place_cluster_1_greedy_ver3_greedy_ver3,20260312192225,10,619.0,0.0
2x2_slot_inorder_place_cluster_1_greedy_ver3_greedy_ver3,20260312192229,13,769.0,0.0
2x2_slot_inorder_place_cluster_5_grasp_ver3_grasp_ver3,20260310141441,4,296.0,0.0
2x2_slot_inorder_place_cluster_5_grasp_ver3_grasp_ver3,20260310141444,3,304.0,0.0
2x2_slot_inorder_place_cluster_5_grasp_ver3_grasp_ver3,20260310141445,6,408.0,0.0
2x2_slot_inorder_place_cluster_5_grasp_ver3_grasp_ver3,20260310141448,8,528.0,0.0
2x2_slot_inorder_place_cluster_5_grasp_ver3_grasp_ver3,20260310141451,9,639.0,0.0
2x2_slot_inorder_place_cluster_5_grasp_ver3_grasp_ver3,20260310141453,6,490.0,0.0
2x2_slot_inorder_place_cluster_5_grasp_ver3_grasp_ver3,20260310141455,15,741.0,0.0
2x2_slot_inorder_place_cluster_5_grasp_ver3_grasp_ver3,20260310141500,59,3097.0,0.0
2x2_slot_inorder_place_cluster_5_grasp_ver3_grasp_ver3,20260310141509,34,1599.0,0.0
2x2_slot_inorder_place_cluster_5_grasp_ver3_grasp_ver3,20260310141522,12,787.0,0.0
2x2_slot_inorder_place_cluster_5_grasp_ver3_grasp_ver3,20260310141526,4,300.0,0.0
2x2_slot_inorder_place_cluster_5_grasp_ver3_grasp_ver3,20260310141528,3,294.0,0.0
2x2_slot_inorder_place_cluster_5_grasp_ver3_grasp_ver3,20260310141532,6,490.0,0.0
2x2_slot_inorder_place_cluster_5_grasp_ver3_grasp_ver3,20260310141534,8,570.0,0.015625
2x2_slot_inorder_place_cluster_5_grasp_ver3_grasp_ver3,20260310141537,8,510.0,0.0
2x2_slot_inorder_place_cluster_5_grasp_ver3_grasp_ver3,20260310141540,2,258.0,0.0
2x2_slot_inorder_place_cluster_5_grasp_ver3_grasp_ver3,20260310141542,9,558.0,0.0
2x2_slot_inorder_place_cluster_5_grasp_ver3_grasp_ver3,20260310141546,9,599.0,0.0
2x2_slot_inorder_place_cluster_5_grasp_ver3_grasp_ver3,20260310141549,7,524.0,0.0
2x2_slot_inorder_place_cluster_5_grasp_ver3_grasp_ver3,20260310141552,12,633.0,0.0
2x2_slot_inorder_place_cluster_5_grasp_ver3_grasp_ver3,20260310141556,15,983.0,0.0
2x2_slot_inorder_place_cluster_5_grasp_ver3_grasp_ver3,20260310141601,9,581.0,0.0
2x2_slot_inorder_place_cluster_5_grasp_ver3_grasp_ver3,20260310141605,16,967.0,0.0
2x2_slot_inorder_place_cluster_5_grasp_ver3_grasp_ver3,20260310141610,8,550.0,0.0
2x2_slot_inorder_place_cluster_5_grasp_ver3_grasp_ver3,20260310141613,15,897.0,0.0
2x2_slot_inorder_place_cluster_5_grasp_ver3_grasp_ver3,20260310141617,3,302.0,0.0
2x2_slot_inorder_place_cluster_5_grasp_ver3_grasp_ver3,20260310141619,8,618.0,0.0
2x2_slot_inorder_place_cluster_5_grasp_ver3_grasp_ver3,20260310141623,11,665.0,0.0
2x2_slot_inorder_place_cluster_5_grasp_ver3_grasp_ver3,20260310141626,12,875.0,0.0
2x2_slot_inorder_place_cluster_5_grasp_ver3_grasp_ver3,20260310141629,33,1606.0,0.0
2x2_slot_inorder_place_cluster_5_grasp_ver3_grasp_ver3,20260310141636,28,1592.0,0.0
2x2_slot_inorder_place_cluster_5_grasp_ver3_grasp_ver3,20260310141642,18,1183.0,0.0
2x2_slot_inorder_place_cluster_5_grasp_ver3_grasp_ver3,20260310141646,6,492.0,0.0
2x2_slot_inorder_place_cluster_5_grasp_ver3_grasp_ver3,20260310141648,4,292.0,0.0
2x2_slot_inorder_place_cluster_5_grasp_ver3_grasp_ver3,20260310141650,2,264.0,0.0
2x2_slot_inorder_place_cluster_5_grasp_ver3_grasp_ver3,20260310141653,3,294.0,0.0
2x2_slot_inorder_place_cluster_5_grasp_ver3_grasp_ver3,20260310141656,9,677.0,0.0
2x2_slot_inorder_place_cluster_5_grasp_ver3_grasp_ver3,20260310141659,3,300.0,0.0
2x2_slot_inorder_place_cluster_5_grasp_ver3_grasp_ver3,20260310141701,8,510.0,0.0
2x2_slot_inorder_place_cluster_5_grasp_ver3_grasp_ver3,20260310141704,6,402.0,0.0
2x2_slot_inorder_place_cluster_5_grasp_ver3_grasp_ver3,20260310141707,3,284.0,0.0
2x2_slot_inorder_place_cluster_5_grasp_ver3_grasp_ver3,20260310141711,8,530.0,0.0
2x2_slot_inorder_place_cluster_5_grasp_ver3_grasp_ver3,20260310141714,5,324.0,0.0
2x2_slot_inorder_place_cluster_5_grasp_ver3_grasp_ver3,20260310141717,2,260.0,0.0
2x2_slot_inorder_place_cluster_5_grasp_ver3_grasp_ver3,20260310141719,13,883.0,0.0
2x2_slot_inorder_place_cluster_5_grasp_ver3_grasp_ver3,20260310141722,18,1129.0,0.0
2x2_slot_inorder_place_cluster_5_grasp_ver3_grasp_ver3,20260310141726,12,627.0,0.0
2x2_slot_inorder_place_cluster_5_grasp_ver3_grasp_ver3,20260310141729,10,561.0,0.0
2x2_slot_inorder_place_cluster_5_grasp_ver3_grasp_ver3,20260310141733,9,673.0,0.0
2x2_slot_inorder_place_cluster_5_grasp_ver3_grasp_ver3,20260310141736,11,655.0,0.0
2x2_slot_inorder_place_cluster_5_grasp_ver3_grasp_ver3,20260310141740,5,324.0,0.0
2x2_slot_inorder_place_cluster_5_grasp_ver3_grasp_ver3,20260310141745,10,645.0,0.0
2x2_slot_inorder_place_cluster_5_grasp_ver3_grasp_ver3,20260310141748,7,484.0,0.0
2x2_slot_inorder_place_cluster_5_grasp_ver3_grasp_ver3,20260310141751,18,1145.0,0.015625
2x2_slot_inorder_place_cluster_5_grasp_ver3_grasp_ver3,20260310141757,14,811.0,0.0
2x2_slot_inorder_place_cluster_5_grasp_ver3_grasp_ver3,20260310141801,14,1047.0,0.0
2x2_slot_inorder_place_cluster_5_grasp_ver3_grasp_ver3,20260310141805,4,328.0,0.0
2x2_slot_inorder_place_cluster_5_grasp_ver3_grasp_ver3,20260310141808,17,933.0,0.015625
2x2_slot_inorder_place_cluster_5_grasp_ver3_grasp_ver3,20260310141811,33,1762.0,0.0
2x2_slot_inorder_place_cluster_5_grasp_ver3_grasp_ver3,20260310141820,15,1007.0,0.0
2x2_slot_inorder_place_cluster_5_grasp_ver3_grasp_ver3,20260310141825,21,1097.0,0.015625
2x2_slot_inorder_place_cluster_5_grasp_ver3_grasp_ver3,20260310141830,11,726.0,0.0
2x2_slot_inorder_place_cluster_5_grasp_ver3_grasp_ver3,20260310141834,16,963.0,0.0
2x2_slot_inorder_place_cluster_5_grasp_ver3_grasp_ver3,20260310141839,18,1151.0,0.0
2x2_slot_inorder_place_cluster_5_grasp_ver3_grasp_ver3,20260310141844,6,522.0,0.0
2x2_slot_inorder_place_cluster_5_grasp_ver3_grasp_ver3,20260310141846,8,532.0,0.0
2x2_slot_inorder_place_cluster_5_grasp_ver3_grasp_ver3,20260310141849,6,490.0,0.0
2x2_slot_inorder_place_cluster_5_grasp_ver3_grasp_ver3,20260310141852,5,312.0,0.0
2x2_slot_inorder_place_cluster_5_grasp_ver3_grasp_ver3,20260310141855,27,1392.0,0.0
2x2_slot_inorder_place_cluster_5_grasp_ver3_grasp_ver3,20260310141903,6,372.0,0.0
2x2_slot_inorder_place_cluster_5_grasp_ver3_grasp_ver3,20260310141906,24,1225.0,0.0
2x2_slot_inorder_place_cluster_5_grasp_ver3_grasp_ver3,20260310141911,8,590.0,0.0
2x2_slot_inorder_place_cluster_5_grasp_ver3_grasp_ver3,20260310141914,15,767.0,0.0
2x2_slot_inorder_place_cluster_5_grasp_ver3_grasp_ver3,20260310141918,22,1161.0,0.0
2x2_slot_inorder_place_cluster_5_grasp_ver3_grasp_ver3,20260310141925,15,941.0,0.0
2x2_slot_inorder_place_cluster_5_grasp_ver3_grasp_ver3,20260310141928,22,1361.0,0.0
2x2_slot_inorder_place_cluster_5_grasp_ver3_grasp_ver3,20260310141934,12,735.0,0.0
2x2_slot_inorder_place_cluster_5_grasp_ver3_grasp_ver3,20260310141939,8,590.0,0.0
2x2_slot_inorder_place_cluster_5_grasp_ver3_grasp_ver3,20260310141942,2,250.0,0.0
2x2_slot_inorder_place_cluster_5_grasp_ver3_grasp_ver3,20260310141944,7,462.0,0.0
2x2_slot_inorder_place_cluster_5_grasp_ver3_grasp_ver3,20260310141947,2,230.0,0.0
2x2_slot_inorder_place_cluster_5_grasp_ver3_grasp_ver3,20260310141950,18,1207.0,0.0
2x2_slot_inorder_place_cluster_5_grasp_ver3_grasp_ver3,20260310141953,3,278.0,0.0
2x2_slot_inorder_place_cluster_5_grasp_ver3_grasp_ver3,20260310141956,34,1989.0,0.0
2x2_slot_inorder_place_cluster_5_grasp_ver3_grasp_ver3,20260310142004,7,520.0,0.0
2x2_slot_inorder_place_cluster_5_grasp_ver3_grasp_ver3,20260310142006,5,316.0,0.0
2x2_slot_inorder_place_cluster_5_grasp_ver3_grasp_ver3,20260310142009,18,1111.0,0.0
2x2_slot_inorder_place_cluster_5_grasp_ver3_grasp_ver3,20260310142015,11,717.0,0.0
2x2_slot_inorder_place_cluster_5_grasp_ver3_grasp_ver3,20260310142019,17,1033.0,0.0
2x2_slot_inorder_place_cluster_5_grasp_ver3_grasp_ver3,20260310142023,23,1406.0,0.0
2x2_slot_inorder_place_cluster_5_grasp_ver3_grasp_ver3,20260310142030,14,865.0,0.0
2x2_slot_inorder_place_cluster_5_grasp_ver3_grasp_ver3,20260310142035,13,813.0,0.0
2x2_slot_inorder_place_cluster_5_grasp_ver3_grasp_ver3,20260310142038,11,717.0,0.015625
2x2_slot_inorder_place_cluster_5_grasp_ver3_grasp_ver3,20260310142042,15,933.0,0.0
2x2_slot_inorder_place_cluster_5_grasp_ver3_grasp_ver3,20260310142046,3,274.0,0.0
2x2_slot_inorder_place_cluster_5_grasp_ver3_grasp_ver3,20260310142048,7,448.0,0.0
2x2_slot_inorder_place_cluster_5_grasp_ver3_grasp_ver3,20260310142051,12,831.0,0.0
2x2_slot_inorder_place_cluster_5_grasp_ver3_grasp_ver3,20260310142053,14,851.0,0.0
2x2_slot_inorder_place_cluster_5_grasp_ver3_grasp_ver3,20260310142058,9,510.0,0.015625
2x2_slot_inorder_place_cluster_5_grasp_ver3_grasp_ver3,20260310142101,9,588.0,0.0
2x2_slot_inorder_place_cluster_5_grasp_ver3_grasp_ver3,20260310142106,10,645.0,0.0
2x2_slot_inorder_place_cluster_5_grasp_ver3_grasp_ver3,20260310142109,5,320.0,0.0
2x2_slot_inorder_place_cluster_5_grasp_ver3_grasp_ver3,20260310142112,30,1614.0,0.0
2x2_slot_inorder_place_cluster_5_grasp_ver3_grasp_ver3,20260310142119,15,905.0,0.0
2x2_slot_inorder_place_cluster_5_grasp_ver3_grasp_ver3,20260310142123,2,242.0,0.0
2x2_slot_inorder_place_cluster_5_grasp_ver3_grasp_ver3,20260310142125,19,1057.0,0.0
2x2_slot_inorder_place_cluster_5_grasp_ver3_grasp_ver3,20260310142129,11,777.0,0.0
2x2_slot_inorder_place_cluster_5_grasp_ver3_grasp_ver3,20260310142132,14,773.0,0.0
2x2_slot_inorder_place_cluster_5_grasp_ver3_grasp_ver3,20260310142136,9,536.0,0.0
2x2_slot_inorder_place_cluster_5_grasp_ver3_grasp_ver3,20260310142141,9,565.0,0.0
2x2_slot_inorder_place_cluster_5_grasp_ver3_grasp_ver3,20260310142144,10,507.0,0.0
2x2_slot_inorder_place_cluster_5_grasp_ver3_grasp_ver3,20260310142146,23,1223.0,0.015625
2x2_slot_inorder_place_cluster_5_grasp_ver3_grasp_ver3,20260310142154,11,607.0,0.0
2x2_slot_inorder_place_cluster_5_grasp_ver3_grasp_ver3,20260310142157,23,1379.0,0.0
2x2_slot_inorder_place_cluster_5_grasp_ver3_grasp_ver3,20260310142204,12,749.0,0.0
2x2_slot_inorder_place_cluster_5_grasp_ver3_grasp_ver3,20260310142207,12,727.0,0.0
2x2_slot_inorder_place_cluster_5_grasp_ver3_grasp_ver3,20260310142212,9,579.0,0.0
2x2_slot_inorder_place_cluster_5_grasp_ver3_grasp_ver3,20260310142215,15,969.0,0.0
2x2_slot_inorder_place_cluster_5_grasp_ver3_grasp_ver3,20260310142219,11,741.0,0.0
2x2_slot_inorder_place_cluster_5_grasp_ver3_grasp_ver3,20260310142222,6,434.0,0.0
2x2_slot_inorder_place_cluster_5_grasp_ver3_grasp_ver3,20260310142225,8,500.0,0.0
2x2_slot_inorder_place_cluster_5_grasp_ver3_grasp_ver3,20260310142227,9,557.0,0.0
2x2_slot_inorder_place_cluster_5_grasp_ver3_grasp_ver3,20260310142230,16,987.0,0.0
2x2_slot_inorder_place_cluster_5_grasp_ver3_grasp_ver3,20260310142234,11,935.0,0.0
2x2_slot_inorder_place_cluster_5_grasp_ver3_grasp_ver3,20260310142237,26,1401.0,0.0
2x2_slot_inorder_place_cluster_5_grasp_ver3_grasp_ver3,20260310142244,20,1141.0,0.0
2x2_slot_inorder_place_cluster_5_grasp_ver3_grasp_ver3,20260310142250,19,997.0,0.0
2x2_slot_inorder_place_cluster_5_grasp_ver3_grasp_ver3,20260310142255,21,1311.0,0.0
2x2_slot_inorder_place_cluster_5_grasp_ver3_grasp_ver3,20260310142300,15,949.0,0.0
2x2_slot_inorder_place_cluster_5_grasp_ver3_grasp_ver3,20260310142304,9,548.0,0.0
2x2_slot_inorder_place_cluster_5_grasp_ver3_grasp_ver3,20260310142308,9,558.0,0.0
2x2_slot_inorder_place_cluster_5_grasp_ver3_grasp_ver3,20260310142311,11,773.0,0.0
2x2_slot_inorder_place_cluster_5_grasp_ver3_grasp_ver3,20260310142315,5,442.0,0.0
2x2_slot_inorder_place_cluster_5_grasp_ver3_grasp_ver3,20260310142317,16,925.0,0.0
2x2_slot_inorder_place_cluster_5_grasp_ver3_grasp_ver3,20260310142324,27,1450.0,0.0
2x2_slot_inorder_place_cluster_5_grasp_ver3_grasp_ver3,20260310142331,29,1636.0,0.0
2x2_slot_inorder_place_cluster_5_grasp_ver3_grasp_ver3,20260310142336,12,625.0,0.0
2x2_slot_inorder_place_cluster_5_grasp_ver3_grasp_ver3,20260310142339,16,933.0,0.0
2x2_slot_inorder_place_cluster_5_grasp_ver3_grasp_ver3,20260310142343,5,294.0,0.0
2x2_slot_inorder_place_cluster_5_grasp_ver3_grasp_ver3,20260310142346,24,1563.0,0.0
2x2_slot_inorder_place_cluster_5_grasp_ver3_grasp_ver3,20260310142353,24,1349.0,0.0
2x2_slot_inorder_place_cluster_5_grasp_ver3_grasp_ver3,20260310142358,31,1668.0,0.0
2x2_slot_inorder_place_cluster_5_grasp_ver3_grasp_ver3,20260310142404,18,1067.0,0.0
2x2_slot_inorder_place_cluster_5_grasp_ver3_grasp_ver3,20260310142408,15,927.0,0.0
2x2_slot_inorder_place_cluster_5_grasp_ver3_grasp_ver3,20260310142412,21,1150.0,0.0
2x2_slot_inorder_place_cluster_5_grasp_ver3_grasp_ver3,20260310142417,4,274.0,0.0
2x2_slot_inorder_place_cluster_5_grasp_ver3_grasp_ver3,20260310142419,15,987.0,0.0
2x2_slot_inorder_place_cluster_5_grasp_ver3_grasp_ver3,20260310142424,9,554.0,0.015625
2x2_slot_inorder_place_cluster_5_grasp_ver3_grasp_ver3,20260310142429,11,731.0,0.0
2x2_slot_inorder_place_cluster_5_grasp_ver3_grasp_ver3,20260310142433,10,637.0,0.0
2x2_slot_inorder_place_cluster_5_grasp_ver3_grasp_ver3,20260310142435,15,955.0,0.0
2x2_slot_inorder_place_cluster_5_grasp_ver3_grasp_ver3,20260310142440,9,659.0,0.0
2x2_slot_inorder_place_cluster_5_grasp_ver3_grasp_ver3,20260310142443,13,637.0,0.0
2x2_slot_inorder_place_cluster_5_grasp_ver3_greedy_ver3,20260310141442,8,476.0,0.0
2x2_slot_inorder_place_cluster_5_grasp_ver3_greedy_ver3,20260310141445,6,408.0,0.0
2x2_slot_inorder_place_cluster_5_grasp_ver3_greedy_ver3,20260310141446,4,228.0,0.0
2x2_slot_inorder_place_cluster_5_grasp_ver3_greedy_ver3,20260310141449,8,478.0,0.0
2x2_slot_inorder_place_cluster_5_grasp_ver3_greedy_ver3,20260310141452,10,619.0,0.0
2x2_slot_inorder_place_cluster_5_grasp_ver3_greedy_ver3,20260310141454,6,470.0,0.0
2x2_slot_inorder_place_cluster_5_grasp_ver3_greedy_ver3,20260310141458,15,681.0,0.0
2x2_slot_inorder_place_cluster_5_grasp_ver3_greedy_ver3,20260310141504,65,3375.0,0.0
2x2_slot_inorder_place_cluster_5_grasp_ver3_greedy_ver3,20260310141516,31,1609.0,0.0
2x2_slot_inorder_place_cluster_5_grasp_ver3_greedy_ver3,20260310141524,18,987.0,0.0
2x2_slot_inorder_place_cluster_5_grasp_ver3_greedy_ver3,20260310141527,4,280.0,0.015625
2x2_slot_inorder_place_cluster_5_grasp_ver3_greedy_ver3,20260310141531,4,294.0,0.0
2x2_slot_inorder_place_cluster_5_grasp_ver3_greedy_ver3,20260310141533,6,470.0,0.0
2x2_slot_inorder_place_cluster_5_grasp_ver3_greedy_ver3,20260310141535,8,520.0,0.0
2x2_slot_inorder_place_cluster_5_grasp_ver3_greedy_ver3,20260310141538,8,460.0,0.0
2x2_slot_inorder_place_cluster_5_grasp_ver3_greedy_ver3,20260310141541,4,228.0,0.0
2x2_slot_inorder_place_cluster_5_grasp_ver3_greedy_ver3,20260310141544,10,503.0,0.0
2x2_slot_inorder_place_cluster_5_grasp_ver3_greedy_ver3,20260310141547,4,228.0,0.0
2x2_slot_inorder_place_cluster_5_grasp_ver3_greedy_ver3,20260310141550,7,474.0,0.0
2x2_slot_inorder_place_cluster_5_grasp_ver3_greedy_ver3,20260310141554,12,589.0,0.0
2x2_slot_inorder_place_cluster_5_grasp_ver3_greedy_ver3,20260310141558,18,1061.0,0.0
2x2_slot_inorder_place_cluster_5_grasp_ver3_greedy_ver3,20260310141602,9,531.0,0.0
2x2_slot_inorder_place_cluster_5_grasp_ver3_greedy_ver3,20260310141607,16,999.0,0.0
2x2_slot_inorder_place_cluster_5_grasp_ver3_greedy_ver3,20260310141612,12,707.0,0.0
2x2_slot_inorder_place_cluster_5_grasp_ver3_greedy_ver3,20260310141615,15,847.0,0.0
2x2_slot_inorder_place_cluster_5_grasp_ver3_greedy_ver3,20260310141618,4,302.0,0.0
2x2_slot_inorder_place_cluster_5_grasp_ver3_greedy_ver3,20260310141621,12,729.0,0.0
2x2_slot_inorder_place_cluster_5_grasp_ver3_greedy_ver3,20260310141624,12,795.0,0.0
2x2_slot_inorder_place_cluster_5_grasp_ver3_greedy_ver3,20260310141627,12,855.0,0.0
2x2_slot_inorder_place_cluster_5_grasp_ver3_greedy_ver3,20260310141632,28,1336.0,0.0
2x2_slot_inorder_place_cluster_5_grasp_ver3_greedy_ver3,20260310141640,27,1890.0,0.0
2x2_slot_inorder_place_cluster_5_grasp_ver3_greedy_ver3,20260310141644,18,1243.0,0.0
2x2_slot_inorder_place_cluster_5_grasp_ver3_greedy_ver3,20260310141647,6,472.0,0.0
2x2_slot_inorder_place_cluster_5_grasp_ver3_greedy_ver3,20260310141649,4,272.0,0.0
2x2_slot_inorder_place_cluster_5_grasp_ver3_greedy_ver3,20260310141651,4,238.0,0.0
2x2_slot_inorder_place_cluster_5_grasp_ver3_greedy_ver3,20260310141654,4,294.0,0.0
2x2_slot_inorder_place_cluster_5_grasp_ver3_greedy_ver3,20260310141658,10,657.0,0.0
2x2_slot_inorder_place_cluster_5_grasp_ver3_greedy_ver3,20260310141700,4,300.0,0.0
2x2_slot_inorder_place_cluster_5_grasp_ver3_greedy_ver3,20260310141703,8,460.0,0.015625
2x2_slot_inorder_place_cluster_5_grasp_ver3_greedy_ver3,20260310141706,8,394.0,0.015625
2x2_slot_inorder_place_cluster_5_grasp_ver3_greedy_ver3,20260310141708,4,284.0,0.0
2x2_slot_inorder_place_cluster_5_grasp_ver3_greedy_ver3,20260310141712,8,480.0,0.0
2x2_slot_inorder_place_cluster_5_grasp_ver3_greedy_ver3,20260310141715,6,342.0,0.015625
2x2_slot_inorder_place_cluster_5_grasp_ver3_greedy_ver3,20260310141718,4,238.0,0.0
2x2_slot_inorder_place_cluster_5_grasp_ver3_greedy_ver3,20260310141720,13,743.0,0.0
2x2_slot_inorder_place_cluster_5_grasp_ver3_greedy_ver3,20260310141724,17,1059.0,0.0
2x2_slot_inorder_place_cluster_5_grasp_ver3_greedy_ver3,20260310141727,11,647.0,0.0
2x2_slot_inorder_place_cluster_5_grasp_ver3_greedy_ver3,20260310141731,10,491.0,0.0
2x2_slot_inorder_place_cluster_5_grasp_ver3_greedy_ver3,20260310141735,10,653.0,0.0
2x2_slot_inorder_place_cluster_5_grasp_ver3_greedy_ver3,20260310141738,14,697.0,0.0
2x2_slot_inorder_place_cluster_5_grasp_ver3_greedy_ver3,20260310141742,8,422.0,0.0
2x2_slot_inorder_place_cluster_5_grasp_ver3_greedy_ver3,20260310141746,10,605.0,0.0
2x2_slot_inorder_place_cluster_5_grasp_ver3_greedy_ver3,20260310141749,8,514.0,0.0
2x2_slot_inorder_place_cluster_5_grasp_ver3_greedy_ver3,20260310141753,27,1298.0,0.0
2x2_slot_inorder_place_cluster_5_grasp_ver3_greedy_ver3,20260310141759,14,771.0,0.0
2x2_slot_inorder_place_cluster_5_grasp_ver3_greedy_ver3,20260310141802,20,1239.0,0.015625
2x2_slot_inorder_place_cluster_5_grasp_ver3_greedy_ver3,20260310141806,4,328.0,0.0
2x2_slot_inorder_place_cluster_5_grasp_ver3_greedy_ver3,20260310141809,17,901.0,0.0
2x2_slot_inorder_place_cluster_5_grasp_ver3_greedy_ver3,20260310141815,39,1992.0,0.0
2x2_slot_inorder_place_cluster_5_grasp_ver3_greedy_ver3,20260310141823,16,1089.0,0.0
2x2_slot_inorder_place_cluster_5_grasp_ver3_greedy_ver3,20260310141828,21,1017.0,0.0
2x2_slot_inorder_place_cluster_5_grasp_ver3_greedy_ver3,20260310141832,14,887.0,0.0
2x2_slot_inorder_place_cluster_5_grasp_ver3_greedy_ver3,20260310141837,14,775.0,0.0
2x2_slot_inorder_place_cluster_5_grasp_ver3_greedy_ver3,20260310141841,20,1147.0,0.0
2x2_slot_inorder_place_cluster_5_grasp_ver3_greedy_ver3,20260310141845,6,522.0,0.0
2x2_slot_inorder_place_cluster_5_grasp_ver3_greedy_ver3,20260310141847,8,492.0,0.0
2x2_slot_inorder_place_cluster_5_grasp_ver3_greedy_ver3,20260310141850,6,470.0,0.0
2x2_slot_inorder_place_cluster_5_grasp_ver3_greedy_ver3,20260310141853,6,348.0,0.0
2x2_slot_inorder_place_cluster_5_grasp_ver3_greedy_ver3,20260310141859,33,1816.0,0.0
2x2_slot_inorder_place_cluster_5_grasp_ver3_greedy_ver3,20260310141905,6,302.0,0.0
2x2_slot_inorder_place_cluster_5_grasp_ver3_greedy_ver3,20260310141909,23,1435.0,0.0
2x2_slot_inorder_place_cluster_5_grasp_ver3_greedy_ver3,20260310141912,10,567.0,0.0
2x2_slot_inorder_place_cluster_5_grasp_ver3_greedy_ver3,20260310141916,16,957.0,0.0
2x2_slot_inorder_place_cluster_5_grasp_ver3_greedy_ver3,20260310141921,22,1195.0,0.0
2x2_slot_inorder_place_cluster_5_grasp_ver3_greedy_ver3,20260310141926,15,887.0,0.0
2x2_slot_inorder_place_cluster_5_grasp_ver3_greedy_ver3,20260310141931,27,1552.0,0.0
2x2_slot_inorder_place_cluster_5_grasp_ver3_greedy_ver3,20260310141937,14,750.0,0.0
2x2_slot_inorder_place_cluster_5_grasp_ver3_greedy_ver3,20260310141940,8,498.0,0.0
2x2_slot_inorder_place_cluster_5_grasp_ver3_greedy_ver3,20260310141943,4,228.0,0.0
2x2_slot_inorder_place_cluster_5_grasp_ver3_greedy_ver3,20260310141946,8,500.0,0.0
2x2_slot_inorder_place_cluster_5_grasp_ver3_greedy_ver3,20260310141948,6,372.0,0.0
2x2_slot_inorder_place_cluster_5_grasp_ver3_greedy_ver3,20260310141952,18,927.0,0.015625
2x2_slot_inorder_place_cluster_5_grasp_ver3_greedy_ver3,20260310141954,4,278.0,0.0
2x2_slot_inorder_place_cluster_5_grasp_ver3_greedy_ver3,20260310142000,36,1850.0,0.0
2x2_slot_inorder_place_cluster_5_grasp_ver3_greedy_ver3,20260310142005,7,470.0,0.0
2x2_slot_inorder_place_cluster_5_grasp_ver3_greedy_ver3,20260310142008,6,348.0,0.0
2x2_slot_inorder_place_cluster_5_grasp_ver3_greedy_ver3,20260310142012,21,1151.0,0.0
2x2_slot_inorder_place_cluster_5_grasp_ver3_greedy_ver3,20260310142017,14,855.0,0.0
2x2_slot_inorder_place_cluster_5_grasp_ver3_greedy_ver3,20260310142021,17,925.0,0.0
2x2_slot_inorder_place_cluster_5_grasp_ver3_greedy_ver3,20260310142026,22,1349.0,0.0
2x2_slot_inorder_place_cluster_5_grasp_ver3_greedy_ver3,20260310142033,14,795.0,0.015625
2x2_slot_inorder_place_cluster_5_grasp_ver3_greedy_ver3,20260310142036,13,743.0,0.0
2x2_slot_inorder_place_cluster_5_grasp_ver3_greedy_ver3,20260310142040,12,697.0,0.015625
2x2_slot_inorder_place_cluster_5_grasp_ver3_greedy_ver3,20260310142044,16,919.0,0.0
2x2_slot_inorder_place_cluster_5_grasp_ver3_greedy_ver3,20260310142047,4,274.0,0.0
2x2_slot_inorder_place_cluster_5_grasp_ver3_greedy_ver3,20260310142049,7,462.0,0.0
2x2_slot_inorder_place_cluster_5_grasp_ver3_greedy_ver3,20260310142052,12,791.0,0.0
2x2_slot_inorder_place_cluster_5_grasp_ver3_greedy_ver3,20260310142056,15,855.0,0.0
2x2_slot_inorder_place_cluster_5_grasp_ver3_greedy_ver3,20260310142100,9,450.0,0.0
2x2_slot_inorder_place_cluster_5_grasp_ver3_greedy_ver3,20260310142103,10,633.0,0.0
2x2_slot_inorder_place_cluster_5_grasp_ver3_greedy_ver3,20260310142108,10,605.0,0.0
2x2_slot_inorder_place_cluster_5_grasp_ver3_greedy_ver3,20260310142110,6,356.0,0.0
2x2_slot_inorder_place_cluster_5_grasp_ver3_greedy_ver3,20260310142115,33,1628.0,0.0
2x2_slot_inorder_place_cluster_5_grasp_ver3_greedy_ver3,20260310142121,16,879.0,0.0
2x2_slot_inorder_place_cluster_5_grasp_ver3_greedy_ver3,20260310142124,2,202.0,0.0
2x2_slot_inorder_place_cluster_5_grasp_ver3_greedy_ver3,20260310142127,19,1017.0,0.0
2x2_slot_inorder_place_cluster_5_grasp_ver3_greedy_ver3,20260310142131,11,687.0,0.0
2x2_slot_inorder_place_cluster_5_grasp_ver3_greedy_ver3,20260310142134,15,733.0,0.0
2x2_slot_inorder_place_cluster_5_grasp_ver3_greedy_ver3,20260310142139,10,539.0,0.0
2x2_slot_inorder_place_cluster_5_grasp_ver3_greedy_ver3,20260310142142,9,535.0,0.0
2x2_slot_inorder_place_cluster_5_grasp_ver3_greedy_ver3,20260310142145,10,697.0,0.0
2x2_slot_inorder_place_cluster_5_grasp_ver3_greedy_ver3,20260310142150,38,1962.0,0.0
2x2_slot_inorder_place_cluster_5_grasp_ver3_greedy_ver3,20260310142155,12,637.0,0.0
2x2_slot_inorder_place_cluster_5_grasp_ver3_greedy_ver3,20260310142200,32,1556.0,0.0
2x2_slot_inorder_place_cluster_5_grasp_ver3_greedy_ver3,20260310142206,12,711.0,0.0
2x2_slot_inorder_place_cluster_5_grasp_ver3_greedy_ver3,20260310142209,12,637.0,0.0
2x2_slot_inorder_place_cluster_5_grasp_ver3_greedy_ver3,20260310142214,9,693.0,0.0
2x2_slot_inorder_place_cluster_5_grasp_ver3_greedy_ver3,20260310142217,16,919.0,0.0
2x2_slot_inorder_place_cluster_5_grasp_ver3_greedy_ver3,20260310142221,11,771.0,0.0
2x2_slot_inorder_place_cluster_5_grasp_ver3_greedy_ver3,20260310142223,6,394.0,0.0
2x2_slot_inorder_place_cluster_5_grasp_ver3_greedy_ver3,20260310142226,8,450.0,0.0
2x2_slot_inorder_place_cluster_5_grasp_ver3_greedy_ver3,20260310142229,8,582.0,0.0
2x2_slot_inorder_place_cluster_5_grasp_ver3_greedy_ver3,20260310142232,16,881.0,0.0
2x2_slot_inorder_place_cluster_5_grasp_ver3_greedy_ver3,20260310142236,11,815.0,0.0
2x2_slot_inorder_place_cluster_5_grasp_ver3_greedy_ver3,20260310142241,31,1484.0,0.0
2x2_slot_inorder_place_cluster_5_grasp_ver3_greedy_ver3,20260310142248,20,1009.0,0.0
2x2_slot_inorder_place_cluster_5_grasp_ver3_greedy_ver3,20260310142253,20,1003.0,0.0
2x2_slot_inorder_place_cluster_5_grasp_ver3_greedy_ver3,20260310142258,20,1101.0,0.0
2x2_slot_inorder_place_cluster_5_grasp_ver3_greedy_ver3,20260310142302,16,823.0,0.015625
2x2_slot_inorder_place_cluster_5_grasp_ver3_greedy_ver3,20260310142306,10,487.0,0.015625
2x2_slot_inorder_place_cluster_5_grasp_ver3_greedy_ver3,20260310142310,10,523.0,0.0
2x2_slot_inorder_place_cluster_5_grasp_ver3_greedy_ver3,20260310142313,18,1123.0,0.015625
2x2_slot_inorder_place_cluster_5_grasp_ver3_greedy_ver3,20260310142316,5,422.0,0.0
2x2_slot_inorder_place_cluster_5_grasp_ver3_greedy_ver3,20260310142321,20,1041.0,0.0
2x2_slot_inorder_place_cluster_5_grasp_ver3_greedy_ver3,20260310142328,33,1654.0,0.0
2x2_slot_inorder_place_cluster_5_grasp_ver3_greedy_ver3,20260310142334,24,1229.0,0.0
2x2_slot_inorder_place_cluster_5_grasp_ver3_greedy_ver3,20260310142338,12,605.0,0.0
2x2_slot_inorder_place_cluster_5_grasp_ver3_greedy_ver3,20260310142341,16,873.0,0.0
2x2_slot_inorder_place_cluster_5_grasp_ver3_greedy_ver3,20260310142345,6,344.0,0.0
2x2_slot_inorder_place_cluster_5_grasp_ver3_greedy_ver3,20260310142349,25,1508.0,0.0
2x2_slot_inorder_place_cluster_5_grasp_ver3_greedy_ver3,20260310142355,24,1302.0,0.0
2x2_slot_inorder_place_cluster_5_grasp_ver3_greedy_ver3,20260310142401,31,1606.0,0.0
2x2_slot_inorder_place_cluster_5_grasp_ver3_greedy_ver3,20260310142406,18,915.0,0.0
2x2_slot_inorder_place_cluster_5_grasp_ver3_greedy_ver3,20260310142410,16,895.0,0.0
2x2_slot_inorder_place_cluster_5_grasp_ver3_greedy_ver3,20260310142414,20,1037.0,0.0
2x2_slot_inorder_place_cluster_5_grasp_ver3_greedy_ver3,20260310142418,4,254.0,0.0
2x2_slot_inorder_place_cluster_5_grasp_ver3_greedy_ver3,20260310142422,16,913.0,0.015625
2x2_slot_inorder_place_cluster_5_grasp_ver3_greedy_ver3,20260310142427,10,619.0,0.0
2x2_slot_inorder_place_cluster_5_grasp_ver3_greedy_ver3,20260310142430,14,757.0,0.0
2x2_slot_inorder_place_cluster_5_grasp_ver3_greedy_ver3,20260310142434,10,597.0,0.0
2x2_slot_inorder_place_cluster_5_grasp_ver3_greedy_ver3,20260310142437,20,1081.0,0.0
2x2_slot_inorder_place_cluster_5_grasp_ver3_greedy_ver3,20260310142442,10,639.0,0.0
2x2_slot_inorder_place_cluster_5_grasp_ver3_greedy_ver3,20260310142444,13,769.0,0.0
2x2_slot_inorder_place_cluster_5_greedy_ver3_grasp_ver3,20260310140433,3,294.0,0.0
2x2_slot_inorder_place_cluster_5_greedy_ver3_grasp_ver3,20260310140435,7,482.0,0.0
2x2_slot_inorder_place_cluster_5_greedy_ver3_grasp_ver3,20260310140438,4,296.0,0.0
2x2_slot_inorder_place_cluster_5_greedy_ver3_grasp_ver3,20260310140440,10,667.0,0.0
2x2_slot_inorder_place_cluster_5_greedy_ver3_grasp_ver3,20260310140443,8,508.0,0.0
2x2_slot_inorder_place_cluster_5_greedy_ver3_grasp_ver3,20260310140446,6,290.0,0.0
2x2_slot_inorder_place_cluster_5_greedy_ver3_grasp_ver3,20260310140448,6,468.0,0.0
2x2_slot_inorder_place_cluster_5_greedy_ver3_grasp_ver3,20260310140451,47,2614.0,0.0
2x2_slot_inorder_place_cluster_5_greedy_ver3_grasp_ver3,20260310140502,45,1964.0,0.0
2x2_slot_inorder_place_cluster_5_greedy_ver3_grasp_ver3,20260310140513,17,1043.0,0.0
2x2_slot_inorder_place_cluster_5_greedy_ver3_grasp_ver3,20260310140517,6,490.0,0.0
2x2_slot_inorder_place_cluster_5_greedy_ver3_grasp_ver3,20260310140519,9,641.0,0.0
2x2_slot_inorder_place_cluster_5_greedy_ver3_grasp_ver3,20260310140522,3,304.0,0.0
2x2_slot_inorder_place_cluster_5_greedy_ver3_grasp_ver3,20260310140524,7,450.0,0.0
2x2_slot_inorder_place_cluster_5_greedy_ver3_grasp_ver3,20260310140529,4,300.0,0.0
2x2_slot_inorder_place_cluster_5_greedy_ver3_grasp_ver3,20260310140531,2,258.0,0.0
2x2_slot_inorder_place_cluster_5_greedy_ver3_grasp_ver3,20260310140533,6,388.0,0.0
2x2_slot_inorder_place_cluster_5_greedy_ver3_grasp_ver3,20260310140536,10,627.0,0.0
2x2_slot_inorder_place_cluster_5_greedy_ver3_grasp_ver3,20260310140540,13,801.0,0.0
2x2_slot_inorder_place_cluster_5_greedy_ver3_grasp_ver3,20260310140544,5,306.0,0.0
2x2_slot_inorder_place_cluster_5_greedy_ver3_grasp_ver3,20260310140547,6,398.0,0.0
2x2_slot_inorder_place_cluster_5_greedy_ver3_grasp_ver3,20260310140550,12,633.0,0.0
2x2_slot_inorder_place_cluster_5_greedy_ver3_grasp_ver3,20260310140554,10,641.0,0.0
2x2_slot_inorder_place_cluster_5_greedy_ver3_grasp_ver3,20260310140558,9,641.0,0.0
2x2_slot_inorder_place_cluster_5_greedy_ver3_grasp_ver3,20260310140602,15,885.0,0.0
2x2_slot_inorder_place_cluster_5_greedy_ver3_grasp_ver3,20260310140606,3,302.0,0.0
2x2_slot_inorder_place_cluster_5_greedy_ver3_grasp_ver3,20260310140608,8,618.0,0.0
2x2_slot_inorder_place_cluster_5_greedy_ver3_grasp_ver3,20260310140611,12,887.0,0.0
2x2_slot_inorder_place_cluster_5_greedy_ver3_grasp_ver3,20260310140614,13,813.0,0.0
2x2_slot_inorder_place_cluster_5_greedy_ver3_grasp_ver3,20260310140618,24,1273.0,0.0
2x2_slot_inorder_place_cluster_5_greedy_ver3_grasp_ver3,20260310140624,21,1591.0,0.015625
2x2_slot_inorder_place_cluster_5_greedy_ver3_grasp_ver3,20260310140629,25,1283.0,0.0
2x2_slot_inorder_place_cluster_5_greedy_ver3_grasp_ver3,20260310140634,3,304.0,0.0
2x2_slot_inorder_place_cluster_5_greedy_ver3_grasp_ver3,20260310140636,3,300.0,0.0
2x2_slot_inorder_place_cluster_5_greedy_ver3_grasp_ver3,20260310140638,5,320.0,0.0
2x2_slot_inorder_place_cluster_5_greedy_ver3_grasp_ver3,20260310140642,2,258.0,0.0
2x2_slot_inorder_place_cluster_5_greedy_ver3_grasp_ver3,20260310140644,8,592.0,0.015625
2x2_slot_inorder_place_cluster_5_greedy_ver3_grasp_ver3,20260310140647,10,659.0,0.0
2x2_slot_inorder_place_cluster_5_greedy_ver3_grasp_ver3,20260310140650,4,302.0,0.0
2x2_slot_inorder_place_cluster_5_greedy_ver3_grasp_ver3,20260310140652,8,490.0,0.0
2x2_slot_inorder_place_cluster_5_greedy_ver3_grasp_ver3,20260310140656,4,272.0,0.0
2x2_slot_inorder_place_cluster_5_greedy_ver3_grasp_ver3,20260310140658,2,260.0,0.0
2x2_slot_inorder_place_cluster_5_greedy_ver3_grasp_ver3,20260310140700,5,324.0,0.0
2x2_slot_inorder_place_cluster_5_greedy_ver3_grasp_ver3,20260310140703,18,1249.0,0.0
2x2_slot_inorder_place_cluster_5_greedy_ver3_grasp_ver3,20260310140708,10,641.0,0.0
2x2_slot_inorder_place_cluster_5_greedy_ver3_grasp_ver3,20260310140711,12,757.0,0.0
2x2_slot_inorder_place_cluster_5_greedy_ver3_grasp_ver3,20260310140715,13,783.0,0.0
2x2_slot_inorder_place_cluster_5_greedy_ver3_grasp_ver3,20260310140718,8,574.0,0.0
2x2_slot_inorder_place_cluster_5_greedy_ver3_grasp_ver3,20260310140721,5,320.0,0.0
2x2_slot_inorder_place_cluster_5_greedy_ver3_grasp_ver3,20260310140725,14,743.0,0.015625
2x2_slot_inorder_place_cluster_5_greedy_ver3_grasp_ver3,20260310140728,9,665.0,0.015625
2x2_slot_inorder_place_cluster_5_greedy_ver3_grasp_ver3,20260310140731,6,390.0,0.0
2x2_slot_inorder_place_cluster_5_greedy_ver3_grasp_ver3,20260310140735,16,979.0,0.0
2x2_slot_inorder_place_cluster_5_greedy_ver3_grasp_ver3,20260310140739,16,881.0,0.0
2x2_slot_inorder_place_cluster_5_greedy_ver3_grasp_ver3,20260310140746,12,757.0,0.0
2x2_slot_inorder_place_cluster_5_greedy_ver3_grasp_ver3,20260310140749,10,581.0,0.0
2x2_slot_inorder_place_cluster_5_greedy_ver3_grasp_ver3,20260310140753,6,382.0,0.0
2x2_slot_inorder_place_cluster_5_greedy_ver3_grasp_ver3,20260310140756,40,2042.0,0.0
2x2_slot_inorder_place_cluster_5_greedy_ver3_grasp_ver3,20260310140806,18,1315.0,0.0
2x2_slot_inorder_place_cluster_5_greedy_ver3_grasp_ver3,20260310140810,11,879.0,0.0
2x2_slot_inorder_place_cluster_5_greedy_ver3_grasp_ver3,20260310140815,20,1053.0,0.0
2x2_slot_inorder_place_cluster_5_greedy_ver3_grasp_ver3,20260310140819,16,935.0,0.0
2x2_slot_inorder_place_cluster_5_greedy_ver3_grasp_ver3,20260310140823,9,466.0,0.0
2x2_slot_inorder_place_cluster_5_greedy_ver3_grasp_ver3,20260310140827,28,1734.0,0.0
2x2_slot_inorder_place_cluster_5_greedy_ver3_grasp_ver3,20260310140833,3,272.0,0.0
2x2_slot_inorder_place_cluster_5_greedy_ver3_grasp_ver3,20260310140835,8,532.0,0.0
2x2_slot_inorder_place_cluster_5_greedy_ver3_grasp_ver3,20260310140838,6,490.0,0.0
2x2_slot_inorder_place_cluster_5_greedy_ver3_grasp_ver3,20260310140840,5,312.0,0.0
2x2_slot_inorder_place_cluster_5_greedy_ver3_grasp_ver3,20260310140843,24,1237.0,0.0
2x2_slot_inorder_place_cluster_5_greedy_ver3_grasp_ver3,20260310140852,4,326.0,0.0
2x2_slot_inorder_place_cluster_5_greedy_ver3_grasp_ver3,20260310140855,10,645.0,0.0
2x2_slot_inorder_place_cluster_5_greedy_ver3_grasp_ver3,20260310140858,22,1215.0,0.0
2x2_slot_inorder_place_cluster_5_greedy_ver3_grasp_ver3,20260310140903,14,735.0,0.0
2x2_slot_inorder_place_cluster_5_greedy_ver3_grasp_ver3,20260310140906,27,1535.0,0.0
2x2_slot_inorder_place_cluster_5_greedy_ver3_grasp_ver3,20260310140912,12,731.0,0.0
2x2_slot_inorder_place_cluster_5_greedy_ver3_grasp_ver3,20260310140916,15,929.0,0.0
2x2_slot_inorder_place_cluster_5_greedy_ver3_grasp_ver3,20260310140920,22,1359.0,0.0
2x2_slot_inorder_place_cluster_5_greedy_ver3_grasp_ver3,20260310140927,2,260.0,0.0
2x2_slot_inorder_place_cluster_5_greedy_ver3_grasp_ver3,20260310140930,5,318.0,0.0
2x2_slot_inorder_place_cluster_5_greedy_ver3_grasp_ver3,20260310140933,10,673.0,0.0
2x2_slot_inorder_place_cluster_5_greedy_ver3_grasp_ver3,20260310140935,11,757.0,0.0
2x2_slot_inorder_place_cluster_5_greedy_ver3_grasp_ver3,20260310140938,16,1209.0,0.0
2x2_slot_inorder_place_cluster_5_greedy_ver3_grasp_ver3,20260310140942,4,268.0,0.0
2x2_slot_inorder_place_cluster_5_greedy_ver3_grasp_ver3,20260310140944,6,448.0,0.0
2x2_slot_inorder_place_cluster_5_greedy_ver3_grasp_ver3,20260310140947,9,578.0,0.0
2x2_slot_inorder_place_cluster_5_greedy_ver3_grasp_ver3,20260310140951,20,1169.0,0.0
2x2_slot_inorder_place_cluster_5_greedy_ver3_grasp_ver3,20260310140957,26,1562.0,0.0
2x2_slot_inorder_place_cluster_5_greedy_ver3_grasp_ver3,20260310141003,17,979.0,0.0
2x2_slot_inorder_place_cluster_5_greedy_ver3_grasp_ver3,20260310141008,11,767.0,0.0
2x2_slot_inorder_place_cluster_5_greedy_ver3_grasp_ver3,20260310141012,21,1265.0,0.0
2x2_slot_inorder_place_cluster_5_greedy_ver3_grasp_ver3,20260310141016,11,685.0,0.0
2x2_slot_inorder_place_cluster_5_greedy_ver3_grasp_ver3,20260310141020,11,709.0,0.0
2x2_slot_inorder_place_cluster_5_greedy_ver3_grasp_ver3,20260310141024,16,1019.0,0.0
2x2_slot_inorder_place_cluster_5_greedy_ver3_grasp_ver3,20260310141029,15,999.0,0.0
2x2_slot_inorder_place_cluster_5_greedy_ver3_grasp_ver3,20260310141033,2,234.0,0.0
2x2_slot_inorder_place_cluster_5_greedy_ver3_grasp_ver3,20260310141035,10,699.0,0.0
2x2_slot_inorder_place_cluster_5_greedy_ver3_grasp_ver3,20260310141038,7,472.0,0.0
2x2_slot_inorder_place_cluster_5_greedy_ver3_grasp_ver3,20260310141041,5,314.0,0.0
2x2_slot_inorder_place_cluster_5_greedy_ver3_grasp_ver3,20260310141044,19,1193.0,0.0
2x2_slot_inorder_place_cluster_5_greedy_ver3_grasp_ver3,20260310141048,9,584.0,0.0
2x2_slot_inorder_place_cluster_5_greedy_ver3_grasp_ver3,20260310141052,7,450.0,0.0
2x2_slot_inorder_place_cluster_5_greedy_ver3_grasp_ver3,20260310141054,8,510.0,0.0
2x2_slot_inorder_place_cluster_5_greedy_ver3_grasp_ver3,20260310141057,36,1984.0,0.0
2x2_slot_inorder_place_cluster_5_greedy_ver3_grasp_ver3,20260310141106,15,937.0,0.0
2x2_slot_inorder_place_cluster_5_greedy_ver3_grasp_ver3,20260310141110,2,242.0,0.0
2x2_slot_inorder_place_cluster_5_greedy_ver3_grasp_ver3,20260310141112,19,1077.0,0.0
2x2_slot_inorder_place_cluster_5_greedy_ver3_grasp_ver3,20260310141115,16,923.0,0.0
2x2_slot_inorder_place_cluster_5_greedy_ver3_grasp_ver3,20260310141119,9,558.0,0.0
2x2_slot_inorder_place_cluster_5_greedy_ver3_grasp_ver3,20260310141122,9,534.0,0.0
2x2_slot_inorder_place_cluster_5_greedy_ver3_grasp_ver3,20260310141126,9,565.0,0.0
2x2_slot_inorder_place_cluster_5_greedy_ver3_grasp_ver3,20260310141129,10,567.0,0.0
2x2_slot_inorder_place_cluster_5_greedy_ver3_grasp_ver3,20260310141131,26,1510.0,0.0
2x2_slot_inorder_place_cluster_5_greedy_ver3_grasp_ver3,20260310141140,11,585.0,0.0
2x2_slot_inorder_place_cluster_5_greedy_ver3_grasp_ver3,20260310141144,23,1281.0,0.015625
2x2_slot_inorder_place_cluster_5_greedy_ver3_grasp_ver3,20260310141150,12,749.0,0.0
2x2_slot_inorder_place_cluster_5_greedy_ver3_grasp_ver3,20260310141154,12,783.0,0.0
2x2_slot_inorder_place_cluster_5_greedy_ver3_grasp_ver3,20260310141157,9,703.0,0.0
2x2_slot_inorder_place_cluster_5_greedy_ver3_grasp_ver3,20260310141200,14,901.0,0.0
2x2_slot_inorder_place_cluster_5_greedy_ver3_grasp_ver3,20260310141204,11,751.0,0.0
2x2_slot_inorder_place_cluster_5_greedy_ver3_grasp_ver3,20260310141207,6,362.0,0.0
2x2_slot_inorder_place_cluster_5_greedy_ver3_grasp_ver3,20260310141211,8,500.0,0.0
2x2_slot_inorder_place_cluster_5_greedy_ver3_grasp_ver3,20260310141214,9,557.0,0.0
2x2_slot_inorder_place_cluster_5_greedy_ver3_grasp_ver3,20260310141217,16,1025.0,0.0
2x2_slot_inorder_place_cluster_5_greedy_ver3_grasp_ver3,20260310141221,11,935.0,0.0
2x2_slot_inorder_place_cluster_5_greedy_ver3_grasp_ver3,20260310141224,26,1504.0,0.0
2x2_slot_inorder_place_cluster_5_greedy_ver3_grasp_ver3,20260310141231,20,1025.0,0.0
2x2_slot_inorder_place_cluster_5_greedy_ver3_grasp_ver3,20260310141235,19,1017.0,0.0
2x2_slot_inorder_place_cluster_5_greedy_ver3_grasp_ver3,20260310141240,21,1337.0,0.0
2x2_slot_inorder_place_cluster_5_greedy_ver3_grasp_ver3,20260310141247,15,981.0,0.0
2x2_slot_inorder_place_cluster_5_greedy_ver3_grasp_ver3,20260310141251,9,548.0,0.0
2x2_slot_inorder_place_cluster_5_greedy_ver3_grasp_ver3,20260310141254,9,558.0,0.0
2x2_slot_inorder_place_cluster_5_greedy_ver3_grasp_ver3,20260310141258,11,773.0,0.0
2x2_slot_inorder_place_cluster_5_greedy_ver3_grasp_ver3,20260310141302,5,442.0,0.0
2x2_slot_inorder_place_cluster_5_greedy_ver3_grasp_ver3,20260310141304,15,975.0,0.0
2x2_slot_inorder_place_cluster_5_greedy_ver3_grasp_ver3,20260310141309,28,1438.0,0.0
2x2_slot_inorder_place_cluster_5_greedy_ver3_grasp_ver3,20260310141318,24,1319.0,0.0
2x2_slot_inorder_place_cluster_5_greedy_ver3_grasp_ver3,20260310141323,12,625.0,0.0
2x2_slot_inorder_place_cluster_5_greedy_ver3_grasp_ver3,20260310141326,16,995.0,0.0
2x2_slot_inorder_place_cluster_5_greedy_ver3_grasp_ver3,20260310141330,6,386.0,0.0
2x2_slot_inorder_place_cluster_5_greedy_ver3_grasp_ver3,20260310141333,24,1499.0,0.0
2x2_slot_inorder_place_cluster_5_greedy_ver3_grasp_ver3,20260310141339,24,1349.0,0.0
2x2_slot_inorder_place_cluster_5_greedy_ver3_grasp_ver3,20260310141343,31,1696.0,0.0
2x2_slot_inorder_place_cluster_5_greedy_ver3_grasp_ver3,20260310141351,18,1067.0,0.0
2x2_slot_inorder_place_cluster_5_greedy_ver3_grasp_ver3,20260310141354,15,921.0,0.0
2x2_slot_inorder_place_cluster_5_greedy_ver3_grasp_ver3,20260310141359,21,1237.0,0.0
2x2_slot_inorder_place_cluster_5_greedy_ver3_grasp_ver3,20260310141404,5,292.0,0.0
2x2_slot_inorder_place_cluster_5_greedy_ver3_grasp_ver3,20260310141407,20,1107.0,0.0
2x2_slot_inorder_place_cluster_5_greedy_ver3_grasp_ver3,20260310141411,9,572.0,0.0
2x2_slot_inorder_place_cluster_5_greedy_ver3_grasp_ver3,20260310141415,11,761.0,0.0
2x2_slot_inorder_place_cluster_5_greedy_ver3_grasp_ver3,20260310141419,10,681.0,0.0
2x2_slot_inorder_place_cluster_5_greedy_ver3_grasp_ver3,20260310141422,15,973.0,0.0
2x2_slot_inorder_place_cluster_5_greedy_ver3_grasp_ver3,20260310141428,9,659.0,0.0
2x2_slot_inorder_place_cluster_5_greedy_ver3_grasp_ver3,20260310141430,13,637.0,0.0
2x2_slot_inorder_place_cluster_5_greedy_ver3_greedy_ver3,20260310140434,4,294.0,0.0
2x2_slot_inorder_place_cluster_5_greedy_ver3_greedy_ver3,20260310140436,8,506.0,0.0
2x2_slot_inorder_place_cluster_5_greedy_ver3_greedy_ver3,20260310140439,8,476.0,0.0
2x2_slot_inorder_place_cluster_5_greedy_ver3_greedy_ver3,20260310140441,10,627.0,0.0
2x2_slot_inorder_place_cluster_5_greedy_ver3_greedy_ver3,20260310140444,8,488.0,0.0
2x2_slot_inorder_place_cluster_5_greedy_ver3_greedy_ver3,20260310140446,6,290.0,0.0
2x2_slot_inorder_place_cluster_5_greedy_ver3_greedy_ver3,20260310140449,6,398.0,0.0
2x2_slot_inorder_place_cluster_5_greedy_ver3_greedy_ver3,20260310140457,41,2144.0,0.0
2x2_slot_inorder_place_cluster_5_greedy_ver3_greedy_ver3,20260310140507,54,2625.0,0.0
2x2_slot_inorder_place_cluster_5_greedy_ver3_greedy_ver3,20260310140515,23,1223.0,0.0
2x2_slot_inorder_place_cluster_5_greedy_ver3_greedy_ver3,20260310140518,6,470.0,0.015625
2x2_slot_inorder_place_cluster_5_greedy_ver3_greedy_ver3,20260310140521,10,631.0,0.0
2x2_slot_inorder_place_cluster_5_greedy_ver3_greedy_ver3,20260310140523,4,304.0,0.0
2x2_slot_inorder_place_cluster_5_greedy_ver3_greedy_ver3,20260310140527,8,482.0,0.0
2x2_slot_inorder_place_cluster_5_greedy_ver3_greedy_ver3,20260310140530,4,280.0,0.0
2x2_slot_inorder_place_cluster_5_greedy_ver3_greedy_ver3,20260310140532,4,228.0,0.0
2x2_slot_inorder_place_cluster_5_greedy_ver3_greedy_ver3,20260310140535,6,318.0,0.0
2x2_slot_inorder_place_cluster_5_greedy_ver3_greedy_ver3,20260310140538,9,560.0,0.0
2x2_slot_inorder_place_cluster_5_greedy_ver3_greedy_ver3,20260310140542,12,779.0,0.0
2x2_slot_inorder_place_cluster_5_greedy_ver3_greedy_ver3,20260310140546,7,342.0,0.0
2x2_slot_inorder_place_cluster_5_greedy_ver3_greedy_ver3,20260310140549,6,338.0,0.0
2x2_slot_inorder_place_cluster_5_greedy_ver3_greedy_ver3,20260310140552,12,589.0,0.0
2x2_slot_inorder_place_cluster_5_greedy_ver3_greedy_ver3,20260310140556,14,721.0,0.0
2x2_slot_inorder_place_cluster_5_greedy_ver3_greedy_ver3,20260310140559,10,621.0,0.0
2x2_slot_inorder_place_cluster_5_greedy_ver3_greedy_ver3,20260310140604,15,865.0,0.0
2x2_slot_inorder_place_cluster_5_greedy_ver3_greedy_ver3,20260310140607,4,302.0,0.0
2x2_slot_inorder_place_cluster_5_greedy_ver3_greedy_ver3,20260310140609,12,729.0,0.0
2x2_slot_inorder_place_cluster_5_greedy_ver3_greedy_ver3,20260310140613,12,877.0,0.0
2x2_slot_inorder_place_cluster_5_greedy_ver3_greedy_ver3,20260310140616,14,963.0,0.0
2x2_slot_inorder_place_cluster_5_greedy_ver3_greedy_ver3,20260310140621,30,1426.0,0.0
2x2_slot_inorder_place_cluster_5_greedy_ver3_greedy_ver3,20260310140626,18,1517.0,0.0
2x2_slot_inorder_place_cluster_5_greedy_ver3_greedy_ver3,20260310140631,24,1463.0,0.0
2x2_slot_inorder_place_cluster_5_greedy_ver3_greedy_ver3,20260310140635,4,304.0,0.0
2x2_slot_inorder_place_cluster_5_greedy_ver3_greedy_ver3,20260310140637,4,300.0,0.0
2x2_slot_inorder_place_cluster_5_greedy_ver3_greedy_ver3,20260310140640,8,428.0,0.0
2x2_slot_inorder_place_cluster_5_greedy_ver3_greedy_ver3,20260310140643,4,228.0,0.0
2x2_slot_inorder_place_cluster_5_greedy_ver3_greedy_ver3,20260310140646,8,542.0,0.0
2x2_slot_inorder_place_cluster_5_greedy_ver3_greedy_ver3,20260310140649,10,619.0,0.0
2x2_slot_inorder_place_cluster_5_greedy_ver3_greedy_ver3,20260310140651,4,282.0,0.0
2x2_slot_inorder_place_cluster_5_greedy_ver3_greedy_ver3,20260310140654,8,440.0,0.0
2x2_slot_inorder_place_cluster_5_greedy_ver3_greedy_ver3,20260310140657,4,242.0,0.0
2x2_slot_inorder_place_cluster_5_greedy_ver3_greedy_ver3,20260310140659,4,238.0,0.0
2x2_slot_inorder_place_cluster_5_greedy_ver3_greedy_ver3,20260310140702,6,342.0,0.0
2x2_slot_inorder_place_cluster_5_greedy_ver3_greedy_ver3,20260310140705,18,979.0,0.0
2x2_slot_inorder_place_cluster_5_greedy_ver3_greedy_ver3,20260310140709,10,591.0,0.0
2x2_slot_inorder_place_cluster_5_greedy_ver3_greedy_ver3,20260310140713,12,699.0,0.0
2x2_slot_inorder_place_cluster_5_greedy_ver3_greedy_ver3,20260310140716,12,833.0,0.0
2x2_slot_inorder_place_cluster_5_greedy_ver3_greedy_ver3,20260310140720,8,524.0,0.0
2x2_slot_inorder_place_cluster_5_greedy_ver3_greedy_ver3,20260310140723,8,422.0,0.0
2x2_slot_inorder_place_cluster_5_greedy_ver3_greedy_ver3,20260310140726,14,677.0,0.0
2x2_slot_inorder_place_cluster_5_greedy_ver3_greedy_ver3,20260310140730,10,645.0,0.0
2x2_slot_inorder_place_cluster_5_greedy_ver3_greedy_ver3,20260310140733,8,382.0,0.0
2x2_slot_inorder_place_cluster_5_greedy_ver3_greedy_ver3,20260310140737,19,1017.0,0.0
2x2_slot_inorder_place_cluster_5_greedy_ver3_greedy_ver3,20260310140743,21,1023.0,0.0
2x2_slot_inorder_place_cluster_5_greedy_ver3_greedy_ver3,20260310140747,12,671.0,0.0
2x2_slot_inorder_place_cluster_5_greedy_ver3_greedy_ver3,20260310140751,10,659.0,0.015625
2x2_slot_inorder_place_cluster_5_greedy_ver3_greedy_ver3,20260310140754,8,364.0,0.0
2x2_slot_inorder_place_cluster_5_greedy_ver3_greedy_ver3,20260310140801,41,2160.0,0.0
2x2_slot_inorder_place_cluster_5_greedy_ver3_greedy_ver3,20260310140807,25,1587.0,0.0
2x2_slot_inorder_place_cluster_5_greedy_ver3_greedy_ver3,20260310140811,16,1183.0,0.0
2x2_slot_inorder_place_cluster_5_greedy_ver3_greedy_ver3,20260310140817,20,929.0,0.0
2x2_slot_inorder_place_cluster_5_greedy_ver3_greedy_ver3,20260310140821,17,925.0,0.0
2x2_slot_inorder_place_cluster_5_greedy_ver3_greedy_ver3,20260310140824,12,637.0,0.0
2x2_slot_inorder_place_cluster_5_greedy_ver3_greedy_ver3,20260310140830,29,1718.0,0.0
2x2_slot_inorder_place_cluster_5_greedy_ver3_greedy_ver3,20260310140834,3,242.0,0.0
2x2_slot_inorder_place_cluster_5_greedy_ver3_greedy_ver3,20260310140837,8,492.0,0.0
2x2_slot_inorder_place_cluster_5_greedy_ver3_greedy_ver3,20260310140839,6,470.0,0.0
2x2_slot_inorder_place_cluster_5_greedy_ver3_greedy_ver3,20260310140842,6,348.0,0.0
2x2_slot_inorder_place_cluster_5_greedy_ver3_greedy_ver3,20260310140848,29,1378.0,0.0
2x2_slot_inorder_place_cluster_5_greedy_ver3_greedy_ver3,20260310140853,6,558.0,0.0
2x2_slot_inorder_place_cluster_5_greedy_ver3_greedy_ver3,20260310140856,10,659.0,0.015625
2x2_slot_inorder_place_cluster_5_greedy_ver3_greedy_ver3,20260310140900,23,1461.0,0.0
2x2_slot_inorder_place_cluster_5_greedy_ver3_greedy_ver3,20260310140904,14,881.0,0.0
2x2_slot_inorder_place_cluster_5_greedy_ver3_greedy_ver3,20260310140909,27,1357.0,0.0
2x2_slot_inorder_place_cluster_5_greedy_ver3_greedy_ver3,20260310140914,12,655.0,0.0
2x2_slot_inorder_place_cluster_5_greedy_ver3_greedy_ver3,20260310140918,16,903.0,0.0
2x2_slot_inorder_place_cluster_5_greedy_ver3_greedy_ver3,20260310140924,26,1523.0,0.0
2x2_slot_inorder_place_cluster_5_greedy_ver3_greedy_ver3,20260310140928,4,252.0,0.0
2x2_slot_inorder_place_cluster_5_greedy_ver3_greedy_ver3,20260310140931,6,420.0,0.0
2x2_slot_inorder_place_cluster_5_greedy_ver3_greedy_ver3,20260310140934,10,633.0,0.0
2x2_slot_inorder_place_cluster_5_greedy_ver3_greedy_ver3,20260310140937,11,617.0,0.0
2x2_slot_inorder_place_cluster_5_greedy_ver3_greedy_ver3,20260310140940,16,757.0,0.0
2x2_slot_inorder_place_cluster_5_greedy_ver3_greedy_ver3,20260310140943,4,238.0,0.0
2x2_slot_inorder_place_cluster_5_greedy_ver3_greedy_ver3,20260310140945,7,424.0,0.0
2x2_slot_inorder_place_cluster_5_greedy_ver3_greedy_ver3,20260310140949,10,569.0,0.0
2x2_slot_inorder_place_cluster_5_greedy_ver3_greedy_ver3,20260310140953,28,1562.0,0.0
2x2_slot_inorder_place_cluster_5_greedy_ver3_greedy_ver3,20260310141000,29,1492.0,0.0
2x2_slot_inorder_place_cluster_5_greedy_ver3_greedy_ver3,20260310141005,16,1009.0,0.0
2x2_slot_inorder_place_cluster_5_greedy_ver3_greedy_ver3,20260310141010,14,839.0,0.0
2x2_slot_inorder_place_cluster_5_greedy_ver3_greedy_ver3,20260310141014,21,1135.0,0.0
2x2_slot_inorder_place_cluster_5_greedy_ver3_greedy_ver3,20260310141018,11,575.0,0.0
2x2_slot_inorder_place_cluster_5_greedy_ver3_greedy_ver3,20260310141022,11,623.0,0.0
2x2_slot_inorder_place_cluster_5_greedy_ver3_greedy_ver3,20260310141026,17,963.0,0.015625
2x2_slot_inorder_place_cluster_5_greedy_ver3_greedy_ver3,20260310141031,16,879.0,0.0
2x2_slot_inorder_place_cluster_5_greedy_ver3_greedy_ver3,20260310141034,2,194.0,0.0
2x2_slot_inorder_place_cluster_5_greedy_ver3_greedy_ver3,20260310141037,10,659.0,0.0
2x2_slot_inorder_place_cluster_5_greedy_ver3_greedy_ver3,20260310141039,7,422.0,0.0
2x2_slot_inorder_place_cluster_5_greedy_ver3_greedy_ver3,20260310141042,8,398.0,0.0
2x2_slot_inorder_place_cluster_5_greedy_ver3_greedy_ver3,20260310141046,19,1129.0,0.015625
2x2_slot_inorder_place_cluster_5_greedy_ver3_greedy_ver3,20260310141050,10,589.0,0.0
2x2_slot_inorder_place_cluster_5_greedy_ver3_greedy_ver3,20260310141053,8,484.0,0.0
2x2_slot_inorder_place_cluster_5_greedy_ver3_greedy_ver3,20260310141056,8,490.0,0.0
2x2_slot_inorder_place_cluster_5_greedy_ver3_greedy_ver3,20260310141102,33,1770.0,0.015625
2x2_slot_inorder_place_cluster_5_greedy_ver3_greedy_ver3,20260310141108,16,927.0,0.0
2x2_slot_inorder_place_cluster_5_greedy_ver3_greedy_ver3,20260310141111,2,202.0,0.0
2x2_slot_inorder_place_cluster_5_greedy_ver3_greedy_ver3,20260310141114,19,1031.0,0.0
2x2_slot_inorder_place_cluster_5_greedy_ver3_greedy_ver3,20260310141117,16,893.0,0.0
2x2_slot_inorder_place_cluster_5_greedy_ver3_greedy_ver3,20260310141121,10,523.0,0.0
2x2_slot_inorder_place_cluster_5_greedy_ver3_greedy_ver3,20260310141124,10,499.0,0.015625
2x2_slot_inorder_place_cluster_5_greedy_ver3_greedy_ver3,20260310141127,9,505.0,0.0
2x2_slot_inorder_place_cluster_5_greedy_ver3_greedy_ver3,20260310141130,10,697.0,0.0
2x2_slot_inorder_place_cluster_5_greedy_ver3_greedy_ver3,20260310141136,38,1890.0,0.0
2x2_slot_inorder_place_cluster_5_greedy_ver3_greedy_ver3,20260310141142,12,605.0,0.0
2x2_slot_inorder_place_cluster_5_greedy_ver3_greedy_ver3,20260310141147,32,1640.0,0.0
2x2_slot_inorder_place_cluster_5_greedy_ver3_greedy_ver3,20260310141152,12,677.0,0.0
2x2_slot_inorder_place_cluster_5_greedy_ver3_greedy_ver3,20260310141156,12,703.0,0.0
2x2_slot_inorder_place_cluster_5_greedy_ver3_greedy_ver3,20260310141159,9,693.0,0.0
2x2_slot_inorder_place_cluster_5_greedy_ver3_greedy_ver3,20260310141202,15,977.0,0.0
2x2_slot_inorder_place_cluster_5_greedy_ver3_greedy_ver3,20260310141206,11,771.0,0.0
2x2_slot_inorder_place_cluster_5_greedy_ver3_greedy_ver3,20260310141210,6,322.0,0.0
2x2_slot_inorder_place_cluster_5_greedy_ver3_greedy_ver3,20260310141212,8,450.0,0.0
2x2_slot_inorder_place_cluster_5_greedy_ver3_greedy_ver3,20260310141215,8,530.0,0.0
2x2_slot_inorder_place_cluster_5_greedy_ver3_greedy_ver3,20260310141219,16,925.0,0.0
2x2_slot_inorder_place_cluster_5_greedy_ver3_greedy_ver3,20260310141222,11,815.0,0.0
2x2_slot_inorder_place_cluster_5_greedy_ver3_greedy_ver3,20260310141227,31,1540.0,0.0
2x2_slot_inorder_place_cluster_5_greedy_ver3_greedy_ver3,20260310141233,20,961.0,0.015625
2x2_slot_inorder_place_cluster_5_greedy_ver3_greedy_ver3,20260310141238,20,1095.0,0.015625
2x2_slot_inorder_place_cluster_5_greedy_ver3_greedy_ver3,20260310141244,21,1097.0,0.0
2x2_slot_inorder_place_cluster_5_greedy_ver3_greedy_ver3,20260310141249,16,965.0,0.0
2x2_slot_inorder_place_cluster_5_greedy_ver3_greedy_ver3,20260310141253,10,487.0,0.0
2x2_slot_inorder_place_cluster_5_greedy_ver3_greedy_ver3,20260310141256,10,523.0,0.0
2x2_slot_inorder_place_cluster_5_greedy_ver3_greedy_ver3,20260310141300,18,1123.0,0.0
2x2_slot_inorder_place_cluster_5_greedy_ver3_greedy_ver3,20260310141303,5,422.0,0.0
2x2_slot_inorder_place_cluster_5_greedy_ver3_greedy_ver3,20260310141306,20,1097.0,0.0
2x2_slot_inorder_place_cluster_5_greedy_ver3_greedy_ver3,20260310141313,33,1550.0,0.0
2x2_slot_inorder_place_cluster_5_greedy_ver3_greedy_ver3,20260310141320,24,1229.0,0.015625
2x2_slot_inorder_place_cluster_5_greedy_ver3_greedy_ver3,20260310141324,12,605.0,0.0
2x2_slot_inorder_place_cluster_5_greedy_ver3_greedy_ver3,20260310141328,18,909.0,0.0
2x2_slot_inorder_place_cluster_5_greedy_ver3_greedy_ver3,20260310141331,6,326.0,0.0
2x2_slot_inorder_place_cluster_5_greedy_ver3_greedy_ver3,20260310141336,25,1379.0,0.015625
2x2_slot_inorder_place_cluster_5_greedy_ver3_greedy_ver3,20260310141341,24,1277.0,0.0
2x2_slot_inorder_place_cluster_5_greedy_ver3_greedy_ver3,20260310141346,31,1584.0,0.0
2x2_slot_inorder_place_cluster_5_greedy_ver3_greedy_ver3,20260310141353,18,915.0,0.0
2x2_slot_inorder_place_cluster_5_greedy_ver3_greedy_ver3,20260310141357,16,853.0,0.0
2x2_slot_inorder_place_cluster_5_greedy_ver3_greedy_ver3,20260310141401,18,892.0,0.0
2x2_slot_inorder_place_cluster_5_greedy_ver3_greedy_ver3,20260310141405,8,484.0,0.0
2x2_slot_inorder_place_cluster_5_greedy_ver3_greedy_ver3,20260310141409,16,913.0,0.0
2x2_slot_inorder_place_cluster_5_greedy_ver3_greedy_ver3,20260310141413,10,507.0,0.0
2x2_slot_inorder_place_cluster_5_greedy_ver3_greedy_ver3,20260310141417,14,809.0,0.0
2x2_slot_inorder_place_cluster_5_greedy_ver3_greedy_ver3,20260310141420,10,597.0,0.0
2x2_slot_inorder_place_cluster_5_greedy_ver3_greedy_ver3,20260310141425,20,1085.0,0.0
2x2_slot_inorder_place_cluster_5_greedy_ver3_greedy_ver3,20260310141429,10,639.0,0.0
2x2_slot_inorder_place_cluster_5_greedy_ver3_greedy_ver3,20260310141432,13,799.0,0.0
2x2_slot_inorder_place_cluster_10_grasp_ver3_grasp_ver3,20260312001728,4,292.0,0.0
2x2_slot_inorder_place_cluster_10_grasp_ver3_grasp_ver3,20260312001730,4,302.0,0.0
2x2_slot_inorder_place_cluster_10_grasp_ver3_grasp_ver3,20260312001733,4,294.0,0.0
2x2_slot_inorder_place_cluster_10_grasp_ver3_grasp_ver3,20260312001735,31,1850.0,0.0
2x2_slot_inorder_place_cluster_10_grasp_ver3_grasp_ver3,20260312001737,6,480.0,0.0
2x2_slot_inorder_place_cluster_10_grasp_ver3_grasp_ver3,20260312001739,23,1320.0,0.0
2x2_slot_inorder_place_cluster_10_grasp_ver3_grasp_ver3,20260312001742,23,1350.0,0.015625
2x2_slot_inorder_place_cluster_10_grasp_ver3_grasp_ver3,20260312001745,2,268.0,0.0
2x2_slot_inorder_place_cluster_10_grasp_ver3_grasp_ver3,20260312001748,3,296.0,0.0
2x2_slot_inorder_place_cluster_10_grasp_ver3_grasp_ver3,20260312001750,4,302.0,0.0
2x2_slot_inorder_place_cluster_10_grasp_ver3_grasp_ver3,20260312001752,18,1231.0,0.0
2x2_slot_inorder_place_cluster_10_grasp_ver3_grasp_ver3,20260312001756,5,336.0,0.0
2x2_slot_inorder_place_cluster_10_grasp_ver3_grasp_ver3,20260312001759,34,1924.0,0.0
2x2_slot_inorder_place_cluster_10_grasp_ver3_grasp_ver3,20260312001802,6,490.0,0.0
2x2_slot_inorder_place_cluster_10_grasp_ver3_grasp_ver3,20260312001805,62,3073.0,0.0
2x2_slot_inorder_place_cluster_10_grasp_ver3_grasp_ver3,20260312001815,38,2090.0,0.0
2x2_slot_inorder_place_cluster_10_grasp_ver3_grasp_ver3,20260312001822,34,1748.0,0.0
2x2_slot_inorder_place_cluster_10_grasp_ver3_grasp_ver3,20260312001835,16,690.0,0.0
2x2_slot_inorder_place_cluster_10_grasp_ver3_grasp_ver3,20260312001839,18,1027.0,0.0
2x2_slot_inorder_place_cluster_10_grasp_ver3_grasp_ver3,20260312001842,4,306.0,0.0
2x2_slot_inorder_place_cluster_10_grasp_ver3_grasp_ver3,20260312001845,13,1103.0,0.0
2x2_slot_inorder_place_cluster_10_grasp_ver3_grasp_ver3,20260312001849,3,308.0,0.0
2x2_slot_inorder_place_cluster_10_grasp_ver3_grasp_ver3,20260312001851,2,262.0,0.0
2x2_slot_inorder_place_cluster_10_grasp_ver3_grasp_ver3,20260312001854,11,597.0,0.0
2x2_slot_inorder_place_cluster_10_grasp_ver3_grasp_ver3,20260312001858,4,294.0,0.0
2x2_slot_inorder_place_cluster_10_grasp_ver3_grasp_ver3,20260312001901,8,510.0,0.0
2x2_slot_inorder_place_cluster_10_grasp_ver3_grasp_ver3,20260312001904,22,1259.0,0.0
2x2_slot_inorder_place_cluster_10_grasp_ver3_grasp_ver3,20260312001909,24,1271.0,0.0
2x2_slot_inorder_place_cluster_10_grasp_ver3_grasp_ver3,20260312001914,13,685.0,0.0
2x2_slot_inorder_place_cluster_10_grasp_ver3_grasp_ver3,20260312001918,21,1207.0,0.0
2x2_slot_inorder_place_cluster_10_grasp_ver3_grasp_ver3,20260312001924,6,666.0,0.0
2x2_slot_inorder_place_cluster_10_grasp_ver3_grasp_ver3,20260312001928,4,292.0,0.015625
2x2_slot_inorder_place_cluster_10_grasp_ver3_grasp_ver3,20260312001930,19,1131.0,0.0
2x2_slot_inorder_place_cluster_10_grasp_ver3_grasp_ver3,20260312001932,2,258.0,0.0
2x2_slot_inorder_place_cluster_10_grasp_ver3_grasp_ver3,20260312001935,3,304.0,0.0
2x2_slot_inorder_place_cluster_10_grasp_ver3_grasp_ver3,20260312001937,17,1065.0,0.0
2x2_slot_inorder_place_cluster_10_grasp_ver3_grasp_ver3,20260312001940,14,931.0,0.0
2x2_slot_inorder_place_cluster_10_grasp_ver3_grasp_ver3,20260312001944,8,490.0,0.0
2x2_slot_inorder_place_cluster_10_grasp_ver3_grasp_ver3,20260312001947,37,1994.0,0.0
2x2_slot_inorder_place_cluster_10_grasp_ver3_grasp_ver3,20260312001953,17,1173.0,0.0
2x2_slot_inorder_place_cluster_10_grasp_ver3_grasp_ver3,20260312001959,20,1035.0,0.0
2x2_slot_inorder_place_cluster_10_grasp_ver3_grasp_ver3,20260312002001,3,304.0,0.0
2x2_slot_inorder_place_cluster_10_grasp_ver3_grasp_ver3,20260312002004,2,254.0,0.0
2x2_slot_inorder_place_cluster_10_grasp_ver3_grasp_ver3,20260312002007,4,300.0,0.0
2x2_slot_inorder_place_cluster_10_grasp_ver3_grasp_ver3,20260312002010,16,983.0,0.0
2x2_slot_inorder_place_cluster_10_grasp_ver3_grasp_ver3,20260312002013,8,504.0,0.0
2x2_slot_inorder_place_cluster_10_grasp_ver3_grasp_ver3,20260312002017,6,484.0,0.0
2x2_slot_inorder_place_cluster_10_grasp_ver3_grasp_ver3,20260312002020,19,1349.0,0.0
2x2_slot_inorder_place_cluster_10_grasp_ver3_grasp_ver3,20260312002024,25,1301.0,0.0
2x2_slot_inorder_place_cluster_10_grasp_ver3_grasp_ver3,20260312002030,2,260.0,0.0
2x2_slot_inorder_place_cluster_10_grasp_ver3_grasp_ver3,20260312002033,6,456.0,0.0
2x2_slot_inorder_place_cluster_10_grasp_ver3_grasp_ver3,20260312002036,23,1287.0,0.0
2x2_slot_inorder_place_cluster_10_grasp_ver3_grasp_ver3,20260312002038,37,1926.0,0.0
2x2_slot_inorder_place_cluster_10_grasp_ver3_grasp_ver3,20260312002044,25,1366.0,0.0
2x2_slot_inorder_place_cluster_10_grasp_ver3_grasp_ver3,20260312002048,8,550.0,0.0
2x2_slot_inorder_place_cluster_10_grasp_ver3_grasp_ver3,20260312002051,2,250.0,0.0
2x2_slot_inorder_place_cluster_10_grasp_ver3_grasp_ver3,20260312002054,25,1753.0,0.0
2x2_slot_inorder_place_cluster_10_grasp_ver3_grasp_ver3,20260312002101,11,657.0,0.0
2x2_slot_inorder_place_cluster_10_grasp_ver3_grasp_ver3,20260312002105,15,733.0,0.0
2x2_slot_inorder_place_cluster_10_grasp_ver3_grasp_ver3,20260312002109,17,1103.0,0.015625
2x2_slot_inorder_place_cluster_10_grasp_ver3_grasp_ver3,20260312002115,38,1968.0,0.0
2x2_slot_inorder_place_cluster_10_grasp_ver3_grasp_ver3,20260312002124,29,1658.0,0.0
2x2_slot_inorder_place_cluster_10_grasp_ver3_grasp_ver3,20260312002131,33,1854.0,0.0
2x2_slot_inorder_place_cluster_10_grasp_ver3_grasp_ver3,20260312002136,23,1400.0,0.0
2x2_slot_inorder_place_cluster_10_grasp_ver3_grasp_ver3,20260312002139,8,548.0,0.0
2x2_slot_inorder_place_cluster_10_grasp_ver3_grasp_ver3,20260312002142,8,502.0,0.0
2x2_slot_inorder_place_cluster_10_grasp_ver3_grasp_ver3,20260312002145,24,1335.0,0.0
2x2_slot_inorder_place_cluster_10_grasp_ver3_grasp_ver3,20260312002150,24,1291.0,0.0
2x2_slot_inorder_place_cluster_10_grasp_ver3_grasp_ver3,20260312002153,26,1566.0,0.0
2x2_slot_inorder_place_cluster_10_grasp_ver3_grasp_ver3,20260312002201,17,929.0,0.0
2x2_slot_inorder_place_cluster_10_grasp_ver3_grasp_ver3,20260312002207,13,895.0,0.0
2x2_slot_inorder_place_cluster_10_grasp_ver3_grasp_ver3,20260312002212,30,1511.0,0.0
2x2_slot_inorder_place_cluster_10_grasp_ver3_grasp_ver3,20260312002218,8,512.0,0.0
2x2_slot_inorder_place_cluster_10_grasp_ver3_grasp_ver3,20260312002222,29,1484.0,0.0
2x2_slot_inorder_place_cluster_10_grasp_ver3_grasp_ver3,20260312002226,8,590.0,0.015625
2x2_slot_inorder_place_cluster_10_grasp_ver3_grasp_ver3,20260312002229,2,250.0,0.0
2x2_slot_inorder_place_cluster_10_grasp_ver3_grasp_ver3,20260312002232,7,520.0,0.0
2x2_slot_inorder_place_cluster_10_grasp_ver3_grasp_ver3,20260312002236,7,490.0,0.015625
2x2_slot_inorder_place_cluster_10_grasp_ver3_grasp_ver3,20260312002239,18,1067.0,0.0
2x2_slot_inorder_place_cluster_10_grasp_ver3_grasp_ver3,20260312002243,21,1251.0,0.0
2x2_slot_inorder_place_cluster_10_grasp_ver3_grasp_ver3,20260312002245,6,482.0,0.0
2x2_slot_inorder_place_cluster_10_grasp_ver3_grasp_ver3,20260312002249,5,330.0,0.015625
2x2_slot_inorder_place_cluster_10_grasp_ver3_grasp_ver3,20260312002252,7,504.0,0.0
2x2_slot_inorder_place_cluster_10_grasp_ver3_grasp_ver3,20260312002256,6,490.0,0.0
2x2_slot_inorder_place_cluster_10_grasp_ver3_grasp_ver3,20260312002258,16,1045.0,0.0
2x2_slot_inorder_place_cluster_10_grasp_ver3_grasp_ver3,20260312002302,28,1676.0,0.0
2x2_slot_inorder_place_cluster_10_grasp_ver3_grasp_ver3,20260312002309,40,2128.0,0.0
2x2_slot_inorder_place_cluster_10_grasp_ver3_grasp_ver3,20260312002316,15,873.0,0.0
2x2_slot_inorder_place_cluster_10_grasp_ver3_grasp_ver3,20260312002322,35,1976.0,0.015625
2x2_slot_inorder_place_cluster_10_grasp_ver3_grasp_ver3,20260312002326,30,1696.0,0.0
2x2_slot_inorder_place_cluster_10_grasp_ver3_grasp_ver3,20260312002330,54,2730.0,0.015625
2x2_slot_inorder_place_cluster_10_grasp_ver3_grasp_ver3,20260312002334,7,512.0,0.0
2x2_slot_inorder_place_cluster_10_grasp_ver3_grasp_ver3,20260312002337,58,2742.0,0.0
2x2_slot_inorder_place_cluster_10_grasp_ver3_grasp_ver3,20260312002341,14,855.0,0.0
2x2_slot_inorder_place_cluster_10_grasp_ver3_grasp_ver3,20260312002346,9,582.0,0.0
2x2_slot_inorder_place_cluster_10_grasp_ver3_grasp_ver3,20260312002350,31,1666.0,0.0
2x2_slot_inorder_place_cluster_10_grasp_ver3_grasp_ver3,20260312002353,13,758.0,0.0
2x2_slot_inorder_place_cluster_10_grasp_ver3_grasp_ver3,20260312002358,3,274.0,0.0
2x2_slot_inorder_place_cluster_10_grasp_ver3_grasp_ver3,20260312002401,36,1872.0,0.0
2x2_slot_inorder_place_cluster_10_grasp_ver3_grasp_ver3,20260312002411,23,1230.0,0.0
2x2_slot_inorder_place_cluster_10_grasp_ver3_grasp_ver3,20260312002417,25,1394.0,0.0
2x2_slot_inorder_place_cluster_10_grasp_ver3_grasp_ver3,20260312002420,19,1041.0,0.0
2x2_slot_inorder_place_cluster_10_grasp_ver3_grasp_ver3,20260312002424,11,781.0,0.0
2x2_slot_inorder_place_cluster_10_grasp_ver3_grasp_ver3,20260312002429,26,1455.0,0.0
2x2_slot_inorder_place_cluster_10_grasp_ver3_grasp_ver3,20260312002433,17,1017.0,0.0
2x2_slot_inorder_place_cluster_10_grasp_ver3_grasp_ver3,20260312002439,25,1278.0,0.0
2x2_slot_inorder_place_cluster_10_grasp_ver3_grasp_ver3,20260312002448,9,657.0,0.0
2x2_slot_inorder_place_cluster_10_grasp_ver3_grasp_ver3,20260312002451,16,951.0,0.0
2x2_slot_inorder_place_cluster_10_grasp_ver3_grasp_ver3,20260312002456,23,1290.0,0.0
2x2_slot_inorder_place_cluster_10_grasp_ver3_grasp_ver3,20260312002504,8,370.0,0.0
2x2_slot_inorder_place_cluster_10_grasp_ver3_grasp_ver3,20260312002509,14,879.0,0.0
2x2_slot_inorder_place_cluster_10_grasp_ver3_grasp_ver3,20260312002513,23,1399.0,0.0
2x2_slot_inorder_place_cluster_10_grasp_ver3_grasp_ver3,20260312002519,10,679.0,0.0
2x2_slot_inorder_place_cluster_10_grasp_ver3_grasp_ver3,20260312002523,9,487.0,0.0
2x2_slot_inorder_place_cluster_10_grasp_ver3_grasp_ver3,20260312002526,17,1343.0,0.0
2x2_slot_inorder_place_cluster_10_grasp_ver3_grasp_ver3,20260312002530,10,593.0,0.0
2x2_slot_inorder_place_cluster_10_grasp_ver3_grasp_ver3,20260312002534,26,1321.0,0.0
2x2_slot_inorder_place_cluster_10_grasp_ver3_grasp_ver3,20260312002543,15,758.0,0.0
2x2_slot_inorder_place_cluster_10_grasp_ver3_grasp_ver3,20260312002548,31,1782.0,0.0
2x2_slot_inorder_place_cluster_10_grasp_ver3_grasp_ver3,20260312002552,36,1805.0,0.0
2x2_slot_inorder_place_cluster_10_grasp_ver3_grasp_ver3,20260312002558,28,1515.0,0.0
2x2_slot_inorder_place_cluster_10_grasp_ver3_grasp_ver3,20260312002603,9,512.0,0.0
2x2_slot_inorder_place_cluster_10_grasp_ver3_grasp_ver3,20260312002607,63,2734.0,0.0
2x2_slot_inorder_place_cluster_10_grasp_ver3_grasp_ver3,20260312002612,11,727.0,0.0
2x2_slot_inorder_place_cluster_10_grasp_ver3_grasp_ver3,20260312002616,5,442.0,0.0
2x2_slot_inorder_place_cluster_10_grasp_ver3_grasp_ver3,20260312002619,66,3295.0,0.0
2x2_slot_inorder_place_cluster_10_grasp_ver3_grasp_ver3,20260312002625,28,1603.0,0.0
2x2_slot_inorder_place_cluster_10_grasp_ver3_grasp_ver3,20260312002634,25,1437.0,0.0
2x2_slot_inorder_place_cluster_10_grasp_ver3_grasp_ver3,20260312002639,9,713.0,0.0
2x2_slot_inorder_place_cluster_10_grasp_ver3_grasp_ver3,20260312002642,20,1047.0,0.0
2x2_slot_inorder_place_cluster_10_grasp_ver3_grasp_ver3,20260312002648,11,719.0,0.015625
2x2_slot_inorder_place_cluster_10_grasp_ver3_grasp_ver3,20260312002651,32,1852.0,0.0
2x2_slot_inorder_place_cluster_10_grasp_ver3_grasp_ver3,20260312002658,24,1351.0,0.015625
2x2_slot_inorder_place_cluster_10_grasp_ver3_grasp_ver3,20260312002703,46,2011.0,0.0
2x2_slot_inorder_place_cluster_10_grasp_ver3_grasp_ver3,20260312002714,14,833.0,0.0
2x2_slot_inorder_place_cluster_10_grasp_ver3_grasp_ver3,20260312002721,15,835.0,0.0
2x2_slot_inorder_place_cluster_10_grasp_ver3_grasp_ver3,20260312002726,17,1011.0,0.0
2x2_slot_inorder_place_cluster_10_grasp_ver3_grasp_ver3,20260312002730,6,337.0,0.0
2x2_slot_inorder_place_cluster_10_grasp_ver3_grasp_ver3,20260312002732,17,834.0,0.0
2x2_slot_inorder_place_cluster_10_grasp_ver3_grasp_ver3,20260312002737,18,1041.0,0.0
2x2_slot_inorder_place_cluster_10_grasp_ver3_grasp_ver3,20260312002740,23,1295.0,0.0
2x2_slot_inorder_place_cluster_10_grasp_ver3_grasp_ver3,20260312002746,9,639.0,0.0
2x2_slot_inorder_place_cluster_10_grasp_ver3_grasp_ver3,20260312002750,13,627.0,0.0
2x2_slot_inorder_place_cluster_10_grasp_ver3_greedy_ver3,20260312001729,4,262.0,0.0
2x2_slot_inorder_place_cluster_10_grasp_ver3_greedy_ver3,20260312001732,28,1538.0,0.0
2x2_slot_inorder_place_cluster_10_grasp_ver3_greedy_ver3,20260312001734,4,274.0,0.0
2x2_slot_inorder_place_cluster_10_grasp_ver3_greedy_ver3,20260312001736,6,470.0,0.0
2x2_slot_inorder_place_cluster_10_grasp_ver3_greedy_ver3,20260312001738,6,460.0,0.0
2x2_slot_inorder_place_cluster_10_grasp_ver3_greedy_ver3,20260312001741,4,304.0,0.0
2x2_slot_inorder_place_cluster_10_grasp_ver3_greedy_ver3,20260312001743,4,228.0,0.015625
2x2_slot_inorder_place_cluster_10_grasp_ver3_greedy_ver3,20260312001746,13,927.0,0.0
2x2_slot_inorder_place_cluster_10_grasp_ver3_greedy_ver3,20260312001749,12,675.0,0.0
2x2_slot_inorder_place_cluster_10_grasp_ver3_greedy_ver3,20260312001751,9,644.0,0.0
2x2_slot_inorder_place_cluster_10_grasp_ver3_greedy_ver3,20260312001754,23,1221.0,0.0
2x2_slot_inorder_place_cluster_10_grasp_ver3_greedy_ver3,20260312001757,8,498.0,0.0
2x2_slot_inorder_place_cluster_10_grasp_ver3_greedy_ver3,20260312001800,10,619.0,0.0
2x2_slot_inorder_place_cluster_10_grasp_ver3_greedy_ver3,20260312001804,15,1015.0,0.015625
2x2_slot_inorder_place_cluster_10_grasp_ver3_greedy_ver3,20260312001810,84,4134.0,0.0
2x2_slot_inorder_place_cluster_10_grasp_ver3_greedy_ver3,20260312001818,20,1059.0,0.0
2x2_slot_inorder_place_cluster_10_grasp_ver3_greedy_ver3,20260312001828,33,1688.0,0.0
2x2_slot_inorder_place_cluster_10_grasp_ver3_greedy_ver3,20260312001837,18,1077.0,0.0
2x2_slot_inorder_place_cluster_10_grasp_ver3_greedy_ver3,20260312001840,12,775.0,0.0
2x2_slot_inorder_place_cluster_10_grasp_ver3_greedy_ver3,20260312001843,8,496.0,0.0
2x2_slot_inorder_place_cluster_10_grasp_ver3_greedy_ver3,20260312001847,34,1818.0,0.0
2x2_slot_inorder_place_cluster_10_grasp_ver3_greedy_ver3,20260312001850,21,1275.0,0.015625
2x2_slot_inorder_place_cluster_10_grasp_ver3_greedy_ver3,20260312001852,20,1177.0,0.0
2x2_slot_inorder_place_cluster_10_grasp_ver3_greedy_ver3,20260312001856,18,973.0,0.0
2x2_slot_inorder_place_cluster_10_grasp_ver3_greedy_ver3,20260312001859,10,508.0,0.0
2x2_slot_inorder_place_cluster_10_grasp_ver3_greedy_ver3,20260312001902,12,687.0,0.0
2x2_slot_inorder_place_cluster_10_grasp_ver3_greedy_ver3,20260312001906,12,741.0,0.0
2x2_slot_inorder_place_cluster_10_grasp_ver3_greedy_ver3,20260312001911,45,2250.0,0.0
2x2_slot_inorder_place_cluster_10_grasp_ver3_greedy_ver3,20260312001916,14,853.0,0.0
2x2_slot_inorder_place_cluster_10_grasp_ver3_greedy_ver3,20260312001921,27,1366.0,0.0
2x2_slot_inorder_place_cluster_10_grasp_ver3_greedy_ver3,20260312001925,14,973.0,0.0
2x2_slot_inorder_place_cluster_10_grasp_ver3_greedy_ver3,20260312001929,4,272.0,0.015625
2x2_slot_inorder_place_cluster_10_grasp_ver3_greedy_ver3,20260312001931,6,472.0,0.0
2x2_slot_inorder_place_cluster_10_grasp_ver3_greedy_ver3,20260312001933,19,940.0,0.015625
2x2_slot_inorder_place_cluster_10_grasp_ver3_greedy_ver3,20260312001936,4,304.0,0.0
2x2_slot_inorder_place_cluster_10_grasp_ver3_greedy_ver3,20260312001939,4,300.0,0.015625
2x2_slot_inorder_place_cluster_10_grasp_ver3_greedy_ver3,20260312001942,14,819.0,0.015625
2x2_slot_inorder_place_cluster_10_grasp_ver3_greedy_ver3,20260312001946,8,440.0,0.0
2x2_slot_inorder_place_cluster_10_grasp_ver3_greedy_ver3,20260312001950,25,1987.0,0.0
2x2_slot_inorder_place_cluster_10_grasp_ver3_greedy_ver3,20260312001956,32,1798.0,0.0
2x2_slot_inorder_place_cluster_10_grasp_ver3_greedy_ver3,20260312002000,8,468.0,0.015625
2x2_slot_inorder_place_cluster_10_grasp_ver3_greedy_ver3,20260312002003,4,304.0,0.0
2x2_slot_inorder_place_cluster_10_grasp_ver3_greedy_ver3,20260312002005,21,1123.0,0.015625
2x2_slot_inorder_place_cluster_10_grasp_ver3_greedy_ver3,20260312002008,11,695.0,0.0
2x2_slot_inorder_place_cluster_10_grasp_ver3_greedy_ver3,20260312002011,10,553.0,0.0
2x2_slot_inorder_place_cluster_10_grasp_ver3_greedy_ver3,20260312002015,21,1159.0,0.0
2x2_slot_inorder_place_cluster_10_grasp_ver3_greedy_ver3,20260312002019,9,649.0,0.0
2x2_slot_inorder_place_cluster_10_grasp_ver3_greedy_ver3,20260312002022,39,2112.0,0.0
2x2_slot_inorder_place_cluster_10_grasp_ver3_greedy_ver3,20260312002027,24,1269.0,0.015625
2x2_slot_inorder_place_cluster_10_grasp_ver3_greedy_ver3,20260312002031,4,252.0,0.0
2x2_slot_inorder_place_cluster_10_grasp_ver3_greedy_ver3,20260312002035,8,528.0,0.0
2x2_slot_inorder_place_cluster_10_grasp_ver3_greedy_ver3,20260312002037,4,280.0,0.0
2x2_slot_inorder_place_cluster_10_grasp_ver3_greedy_ver3,20260312002041,42,2196.0,0.0
2x2_slot_inorder_place_cluster_10_grasp_ver3_greedy_ver3,20260312002046,14,745.0,0.0
2x2_slot_inorder_place_cluster_10_grasp_ver3_greedy_ver3,20260312002049,8,510.0,0.0
2x2_slot_inorder_place_cluster_10_grasp_ver3_greedy_ver3,20260312002052,4,228.0,0.0
2x2_slot_inorder_place_cluster_10_grasp_ver3_greedy_ver3,20260312002057,36,2230.0,0.0
2x2_slot_inorder_place_cluster_10_grasp_ver3_greedy_ver3,20260312002103,12,607.0,0.0
2x2_slot_inorder_place_cluster_10_grasp_ver3_greedy_ver3,20260312002107,30,1460.0,0.0
2x2_slot_inorder_place_cluster_10_grasp_ver3_greedy_ver3,20260312002112,29,1586.0,0.0
2x2_slot_inorder_place_cluster_10_grasp_ver3_greedy_ver3,20260312002119,37,1996.0,0.0
2x2_slot_inorder_place_cluster_10_grasp_ver3_greedy_ver3,20260312002127,26,1550.0,0.0
2x2_slot_inorder_place_cluster_10_grasp_ver3_greedy_ver3,20260312002133,19,1181.0,0.0
2x2_slot_inorder_place_cluster_10_grasp_ver3_greedy_ver3,20260312002137,6,460.0,0.015625
2x2_slot_inorder_place_cluster_10_grasp_ver3_greedy_ver3,20260312002140,14,825.0,0.015625
2x2_slot_inorder_place_cluster_10_grasp_ver3_greedy_ver3,20260312002143,4,228.0,0.0
2x2_slot_inorder_place_cluster_10_grasp_ver3_greedy_ver3,20260312002147,33,2154.0,0.0
2x2_slot_inorder_place_cluster_10_grasp_ver3_greedy_ver3,20260312002151,10,675.0,0.0
2x2_slot_inorder_place_cluster_10_grasp_ver3_greedy_ver3,20260312002157,31,1790.0,0.0
2x2_slot_inorder_place_cluster_10_grasp_ver3_greedy_ver3,20260312002204,17,967.0,0.0
2x2_slot_inorder_place_cluster_10_grasp_ver3_greedy_ver3,20260312002209,17,1031.0,0.0
2x2_slot_inorder_place_cluster_10_grasp_ver3_greedy_ver3,20260312002215,28,1497.0,0.0
2x2_slot_inorder_place_cluster_10_grasp_ver3_greedy_ver3,20260312002220,8,492.0,0.0
2x2_slot_inorder_place_cluster_10_grasp_ver3_greedy_ver3,20260312002224,16,1001.0,0.0
2x2_slot_inorder_place_cluster_10_grasp_ver3_greedy_ver3,20260312002228,20,1059.0,0.0
2x2_slot_inorder_place_cluster_10_grasp_ver3_greedy_ver3,20260312002231,13,759.0,0.015625
2x2_slot_inorder_place_cluster_10_grasp_ver3_greedy_ver3,20260312002234,8,500.0,0.0
2x2_slot_inorder_place_cluster_10_grasp_ver3_greedy_ver3,20260312002237,6,372.0,0.0
2x2_slot_inorder_place_cluster_10_grasp_ver3_greedy_ver3,20260312002241,33,1790.0,0.0
2x2_slot_inorder_place_cluster_10_grasp_ver3_greedy_ver3,20260312002244,4,278.0,0.0
2x2_slot_inorder_place_cluster_10_grasp_ver3_greedy_ver3,20260312002247,8,526.0,0.0
2x2_slot_inorder_place_cluster_10_grasp_ver3_greedy_ver3,20260312002250,7,348.0,0.0
2x2_slot_inorder_place_cluster_10_grasp_ver3_greedy_ver3,20260312002254,7,454.0,0.0
2x2_slot_inorder_place_cluster_10_grasp_ver3_greedy_ver3,20260312002257,26,1591.0,0.0
2x2_slot_inorder_place_cluster_10_grasp_ver3_greedy_ver3,20260312002300,34,1670.0,0.0
2x2_slot_inorder_place_cluster_10_grasp_ver3_greedy_ver3,20260312002305,35,1996.0,0.0
2x2_slot_inorder_place_cluster_10_grasp_ver3_greedy_ver3,20260312002312,39,1992.0,0.0
2x2_slot_inorder_place_cluster_10_grasp_ver3_greedy_ver3,20260312002319,39,1914.0,0.0
2x2_slot_inorder_place_cluster_10_grasp_ver3_greedy_ver3,20260312002324,13,721.0,0.0
2x2_slot_inorder_place_cluster_10_grasp_ver3_greedy_ver3,20260312002327,8,398.0,0.0
2x2_slot_inorder_place_cluster_10_grasp_ver3_greedy_ver3,20260312002332,16,1001.0,0.0
2x2_slot_inorder_place_cluster_10_grasp_ver3_greedy_ver3,20260312002335,7,398.0,0.0
2x2_slot_inorder_place_cluster_10_grasp_ver3_greedy_ver3,20260312002339,12,791.0,0.0
2x2_slot_inorder_place_cluster_10_grasp_ver3_greedy_ver3,20260312002343,15,817.0,0.0
2x2_slot_inorder_place_cluster_10_grasp_ver3_greedy_ver3,20260312002348,9,466.0,0.0
2x2_slot_inorder_place_cluster_10_grasp_ver3_greedy_ver3,20260312002352,8,484.0,0.0
2x2_slot_inorder_place_cluster_10_grasp_ver3_greedy_ver3,20260312002356,14,823.0,0.0
2x2_slot_inorder_place_cluster_10_grasp_ver3_greedy_ver3,20260312002400,4,274.0,0.0
2x2_slot_inorder_place_cluster_10_grasp_ver3_greedy_ver3,20260312002406,35,1832.0,0.0
2x2_slot_inorder_place_cluster_10_grasp_ver3_greedy_ver3,20260312002414,22,1188.0,0.0
2x2_slot_inorder_place_cluster_10_grasp_ver3_greedy_ver3,20260312002418,2,192.0,0.0
2x2_slot_inorder_place_cluster_10_grasp_ver3_greedy_ver3,20260312002422,44,2276.0,0.0
2x2_slot_inorder_place_cluster_10_grasp_ver3_greedy_ver3,20260312002426,11,751.0,0.0
2x2_slot_inorder_place_cluster_10_grasp_ver3_greedy_ver3,20260312002431,14,757.0,0.0
2x2_slot_inorder_place_cluster_10_grasp_ver3_greedy_ver3,20260312002436,19,961.0,0.0
2x2_slot_inorder_place_cluster_10_grasp_ver3_greedy_ver3,20260312002443,42,2190.0,0.0
2x2_slot_inorder_place_cluster_10_grasp_ver3_greedy_ver3,20260312002450,14,901.0,0.0
2x2_slot_inorder_place_cluster_10_grasp_ver3_greedy_ver3,20260312002454,12,625.0,0.0
2x2_slot_inorder_place_cluster_10_grasp_ver3_greedy_ver3,20260312002459,37,1900.0,0.0
2x2_slot_inorder_place_cluster_10_grasp_ver3_greedy_ver3,20260312002506,27,1170.0,0.015625
2x2_slot_inorder_place_cluster_10_grasp_ver3_greedy_ver3,20260312002511,12,597.0,0.0
2x2_slot_inorder_place_cluster_10_grasp_ver3_greedy_ver3,20260312002516,32,1628.0,0.0
2x2_slot_inorder_place_cluster_10_grasp_ver3_greedy_ver3,20260312002521,10,541.0,0.0
2x2_slot_inorder_place_cluster_10_grasp_ver3_greedy_ver3,20260312002524,14,762.0,0.0
2x2_slot_inorder_place_cluster_10_grasp_ver3_greedy_ver3,20260312002528,17,1251.0,0.0
2x2_slot_inorder_place_cluster_10_grasp_ver3_greedy_ver3,20260312002532,10,503.0,0.0
2x2_slot_inorder_place_cluster_10_grasp_ver3_greedy_ver3,20260312002538,41,2012.0,0.0
2x2_slot_inorder_place_cluster_10_grasp_ver3_greedy_ver3,20260312002545,16,803.0,0.0
2x2_slot_inorder_place_cluster_10_grasp_ver3_greedy_ver3,20260312002550,13,779.0,0.0
2x2_slot_inorder_place_cluster_10_grasp_ver3_greedy_ver3,20260312002555,21,973.0,0.0
2x2_slot_inorder_place_cluster_10_grasp_ver3_greedy_ver3,20260312002601,16,965.0,0.0
2x2_slot_inorder_place_cluster_10_grasp_ver3_greedy_ver3,20260312002605,10,487.0,0.0
2x2_slot_inorder_place_cluster_10_grasp_ver3_greedy_ver3,20260312002610,10,641.0,0.0
2x2_slot_inorder_place_cluster_10_grasp_ver3_greedy_ver3,20260312002614,18,1097.0,0.0
2x2_slot_inorder_place_cluster_10_grasp_ver3_greedy_ver3,20260312002618,5,422.0,0.0
2x2_slot_inorder_place_cluster_10_grasp_ver3_greedy_ver3,20260312002622,20,1001.0,0.015625
2x2_slot_inorder_place_cluster_10_grasp_ver3_greedy_ver3,20260312002629,33,1600.0,0.0
2x2_slot_inorder_place_cluster_10_grasp_ver3_greedy_ver3,20260312002636,21,1181.0,0.0
2x2_slot_inorder_place_cluster_10_grasp_ver3_greedy_ver3,20260312002641,9,479.0,0.0
2x2_slot_inorder_place_cluster_10_grasp_ver3_greedy_ver3,20260312002645,16,853.0,0.0
2x2_slot_inorder_place_cluster_10_grasp_ver3_greedy_ver3,20260312002649,14,839.0,0.0
2x2_slot_inorder_place_cluster_10_grasp_ver3_greedy_ver3,20260312002654,28,1545.0,0.0
2x2_slot_inorder_place_cluster_10_grasp_ver3_greedy_ver3,20260312002700,24,1346.0,0.0
2x2_slot_inorder_place_cluster_10_grasp_ver3_greedy_ver3,20260312002709,61,2973.0,0.0
2x2_slot_inorder_place_cluster_10_grasp_ver3_greedy_ver3,20260312002717,18,1045.0,0.0
2x2_slot_inorder_place_cluster_10_grasp_ver3_greedy_ver3,20260312002723,26,1104.0,0.0
2x2_slot_inorder_place_cluster_10_grasp_ver3_greedy_ver3,20260312002728,16,933.0,0.0
2x2_slot_inorder_place_cluster_10_grasp_ver3_greedy_ver3,20260312002731,6,442.0,0.0
2x2_slot_inorder_place_cluster_10_grasp_ver3_greedy_ver3,20260312002735,14,737.0,0.0
2x2_slot_inorder_place_cluster_10_grasp_ver3_greedy_ver3,20260312002739,18,1017.0,0.0
2x2_slot_inorder_place_cluster_10_grasp_ver3_greedy_ver3,20260312002743,20,1121.0,0.0
2x2_slot_inorder_place_cluster_10_grasp_ver3_greedy_ver3,20260312002748,10,619.0,0.0
2x2_slot_inorder_place_cluster_10_grasp_ver3_greedy_ver3,20260312002751,29,1584.0,0.0
2x2_slot_inorder_place_cluster_10_greedy_ver3_grasp_ver3,20260312000638,3,294.0,0.0
2x2_slot_inorder_place_cluster_10_greedy_ver3_grasp_ver3,20260312000640,17,1005.0,0.0
2x2_slot_inorder_place_cluster_10_greedy_ver3_grasp_ver3,20260312000643,9,669.0,0.0
2x2_slot_inorder_place_cluster_10_greedy_ver3_grasp_ver3,20260312000645,12,843.0,0.0
2x2_slot_inorder_place_cluster_10_greedy_ver3_grasp_ver3,20260312000649,11,745.0,0.015625
2x2_slot_inorder_place_cluster_10_greedy_ver3_grasp_ver3,20260312000651,14,777.0,0.0
2x2_slot_inorder_place_cluster_10_greedy_ver3_grasp_ver3,20260312000654,10,649.0,0.0
2x2_slot_inorder_place_cluster_10_greedy_ver3_grasp_ver3,20260312000658,4,304.0,0.0
2x2_slot_inorder_place_cluster_10_greedy_ver3_grasp_ver3,20260312000700,34,1948.0,0.0
2x2_slot_inorder_place_cluster_10_greedy_ver3_grasp_ver3,20260312000702,6,484.0,0.0
2x2_slot_inorder_place_cluster_10_greedy_ver3_grasp_ver3,20260312000706,2,258.0,0.0
2x2_slot_inorder_place_cluster_10_greedy_ver3_grasp_ver3,20260312000709,2,268.0,0.0
2x2_slot_inorder_place_cluster_10_greedy_ver3_grasp_ver3,20260312000712,6,456.0,0.0
2x2_slot_inorder_place_cluster_10_greedy_ver3_grasp_ver3,20260312000716,4,308.0,0.0
2x2_slot_inorder_place_cluster_10_greedy_ver3_grasp_ver3,20260312000719,44,2231.0,0.0
2x2_slot_inorder_place_cluster_10_greedy_ver3_grasp_ver3,20260312000731,48,2452.0,0.015625
2x2_slot_inorder_place_cluster_10_greedy_ver3_grasp_ver3,20260312000746,17,1013.0,0.0
2x2_slot_inorder_place_cluster_10_greedy_ver3_grasp_ver3,20260312000751,14,867.0,0.015625
2x2_slot_inorder_place_cluster_10_greedy_ver3_grasp_ver3,20260312000755,13,775.0,0.0
2x2_slot_inorder_place_cluster_10_greedy_ver3_grasp_ver3,20260312000801,11,593.0,0.0
2x2_slot_inorder_place_cluster_10_greedy_ver3_grasp_ver3,20260312000804,10,711.0,0.0
2x2_slot_inorder_place_cluster_10_greedy_ver3_grasp_ver3,20260312000807,17,937.0,0.0
2x2_slot_inorder_place_cluster_10_greedy_ver3_grasp_ver3,20260312000810,5,300.0,0.0
2x2_slot_inorder_place_cluster_10_greedy_ver3_grasp_ver3,20260312000814,6,500.0,0.0
2x2_slot_inorder_place_cluster_10_greedy_ver3_grasp_ver3,20260312000818,39,1906.0,0.0
2x2_slot_inorder_place_cluster_10_greedy_ver3_grasp_ver3,20260312000823,27,1650.0,0.0
2x2_slot_inorder_place_cluster_10_greedy_ver3_grasp_ver3,20260312000825,8,514.0,0.0
2x2_slot_inorder_place_cluster_10_greedy_ver3_grasp_ver3,20260312000829,25,1617.0,0.0
2x2_slot_inorder_place_cluster_10_greedy_ver3_grasp_ver3,20260312000833,15,973.0,0.0
2x2_slot_inorder_place_cluster_10_greedy_ver3_grasp_ver3,20260312000838,30,1470.0,0.0
2x2_slot_inorder_place_cluster_10_greedy_ver3_grasp_ver3,20260312000845,8,570.0,0.0
2x2_slot_inorder_place_cluster_10_greedy_ver3_grasp_ver3,20260312000848,3,300.0,0.0
2x2_slot_inorder_place_cluster_10_greedy_ver3_grasp_ver3,20260312000850,5,320.0,0.015625
2x2_slot_inorder_place_cluster_10_greedy_ver3_grasp_ver3,20260312000854,2,258.0,0.0
2x2_slot_inorder_place_cluster_10_greedy_ver3_grasp_ver3,20260312000857,16,959.0,0.0
2x2_slot_inorder_place_cluster_10_greedy_ver3_grasp_ver3,20260312000900,10,659.0,0.0
2x2_slot_inorder_place_cluster_10_greedy_ver3_grasp_ver3,20260312000903,10,607.0,0.0
2x2_slot_inorder_place_cluster_10_greedy_ver3_grasp_ver3,20260312000906,18,1117.0,0.0
2x2_slot_inorder_place_cluster_10_greedy_ver3_grasp_ver3,20260312000909,33,1902.0,0.0
2x2_slot_inorder_place_cluster_10_greedy_ver3_grasp_ver3,20260312000915,44,2150.0,0.0
2x2_slot_inorder_place_cluster_10_greedy_ver3_grasp_ver3,20260312000920,2,254.0,0.0
2x2_slot_inorder_place_cluster_10_greedy_ver3_grasp_ver3,20260312000923,24,1357.0,0.0
2x2_slot_inorder_place_cluster_10_greedy_ver3_grasp_ver3,20260312000927,6,484.0,0.0
2x2_slot_inorder_place_cluster_10_greedy_ver3_grasp_ver3,20260312000929,9,675.0,0.0
2x2_slot_inorder_place_cluster_10_greedy_ver3_grasp_ver3,20260312000933,29,1416.0,0.0
2x2_slot_inorder_place_cluster_10_greedy_ver3_grasp_ver3,20260312000936,8,532.0,0.0
2x2_slot_inorder_place_cluster_10_greedy_ver3_grasp_ver3,20260312000939,11,751.0,0.0
2x2_slot_inorder_place_cluster_10_greedy_ver3_grasp_ver3,20260312000943,16,1127.0,0.0
2x2_slot_inorder_place_cluster_10_greedy_ver3_grasp_ver3,20260312000947,17,915.0,0.0
2x2_slot_inorder_place_cluster_10_greedy_ver3_grasp_ver3,20260312000952,6,502.0,0.0
2x2_slot_inorder_place_cluster_10_greedy_ver3_grasp_ver3,20260312000955,4,290.0,0.0
2x2_slot_inorder_place_cluster_10_greedy_ver3_grasp_ver3,20260312000957,2,260.0,0.0
2x2_slot_inorder_place_cluster_10_greedy_ver3_grasp_ver3,20260312001000,18,1023.0,0.0
2x2_slot_inorder_place_cluster_10_greedy_ver3_grasp_ver3,20260312001006,8,500.0,0.015625
2x2_slot_inorder_place_cluster_10_greedy_ver3_grasp_ver3,20260312001010,32,1748.0,0.0
2x2_slot_inorder_place_cluster_10_greedy_ver3_grasp_ver3,20260312001013,6,396.0,0.0
2x2_slot_inorder_place_cluster_10_greedy_ver3_grasp_ver3,20260312001017,22,1184.0,0.0
2x2_slot_inorder_place_cluster_10_greedy_ver3_grasp_ver3,20260312001020,31,1732.0,0.015625
2x2_slot_inorder_place_cluster_10_greedy_ver3_grasp_ver3,20260312001026,40,2222.0,0.0
2x2_slot_inorder_place_cluster_10_greedy_ver3_grasp_ver3,20260312001035,19,1065.0,0.0
2x2_slot_inorder_place_cluster_10_greedy_ver3_grasp_ver3,20260312001040,23,1549.0,0.0
2x2_slot_inorder_place_cluster_10_greedy_ver3_grasp_ver3,20260312001046,31,1808.0,0.0
2x2_slot_inorder_place_cluster_10_greedy_ver3_grasp_ver3,20260312001053,46,2483.0,0.0
2x2_slot_inorder_place_cluster_10_greedy_ver3_grasp_ver3,20260312001100,18,899.0,0.0
2x2_slot_inorder_place_cluster_10_greedy_ver3_grasp_ver3,20260312001103,10,723.0,0.0
2x2_slot_inorder_place_cluster_10_greedy_ver3_grasp_ver3,20260312001106,6,480.0,0.0
2x2_slot_inorder_place_cluster_10_greedy_ver3_grasp_ver3,20260312001109,20,1107.0,0.0
2x2_slot_inorder_place_cluster_10_greedy_ver3_grasp_ver3,20260312001111,10,597.0,0.0
2x2_slot_inorder_place_cluster_10_greedy_ver3_grasp_ver3,20260312001115,35,1686.0,0.0
2x2_slot_inorder_place_cluster_10_greedy_ver3_grasp_ver3,20260312001125,15,808.0,0.0
2x2_slot_inorder_place_cluster_10_greedy_ver3_grasp_ver3,20260312001131,10,733.0,0.015625
2x2_slot_inorder_place_cluster_10_greedy_ver3_grasp_ver3,20260312001135,35,1817.0,0.0
2x2_slot_inorder_place_cluster_10_greedy_ver3_grasp_ver3,20260312001140,20,1169.0,0.015625
2x2_slot_inorder_place_cluster_10_greedy_ver3_grasp_ver3,20260312001145,43,2302.0,0.0
2x2_slot_inorder_place_cluster_10_greedy_ver3_grasp_ver3,20260312001151,2,260.0,0.0
2x2_slot_inorder_place_cluster_10_greedy_ver3_grasp_ver3,20260312001154,5,318.0,0.0
2x2_slot_inorder_place_cluster_10_greedy_ver3_grasp_ver3,20260312001157,10,673.0,0.0
2x2_slot_inorder_place_cluster_10_greedy_ver3_grasp_ver3,20260312001200,11,757.0,0.0
2x2_slot_inorder_place_cluster_10_greedy_ver3_grasp_ver3,20260312001204,67,3311.0,0.0
2x2_slot_inorder_place_cluster_10_greedy_ver3_grasp_ver3,20260312001208,4,268.0,0.0
2x2_slot_inorder_place_cluster_10_greedy_ver3_grasp_ver3,20260312001210,6,482.0,0.0
2x2_slot_inorder_place_cluster_10_greedy_ver3_grasp_ver3,20260312001214,13,865.0,0.0
2x2_slot_inorder_place_cluster_10_greedy_ver3_grasp_ver3,20260312001217,13,757.0,0.015625
2x2_slot_inorder_place_cluster_10_greedy_ver3_grasp_ver3,20260312001222,5,330.0,0.0
2x2_slot_inorder_place_cluster_10_greedy_ver3_grasp_ver3,20260312001226,9,552.0,0.0
2x2_slot_inorder_place_cluster_10_greedy_ver3_grasp_ver3,20260312001230,24,1429.0,0.0
2x2_slot_inorder_place_cluster_10_greedy_ver3_grasp_ver3,20260312001238,27,1509.0,0.0
2x2_slot_inorder_place_cluster_10_greedy_ver3_grasp_ver3,20260312001243,21,1223.0,0.0
2x2_slot_inorder_place_cluster_10_greedy_ver3_grasp_ver3,20260312001248,6,484.0,0.0
2x2_slot_inorder_place_cluster_10_greedy_ver3_grasp_ver3,20260312001252,23,1243.0,0.0
2x2_slot_inorder_place_cluster_10_greedy_ver3_grasp_ver3,20260312001256,15,997.0,0.0
2x2_slot_inorder_place_cluster_10_greedy_ver3_grasp_ver3,20260312001301,10,699.0,0.0
2x2_slot_inorder_place_cluster_10_greedy_ver3_grasp_ver3,20260312001304,7,528.0,0.0
2x2_slot_inorder_place_cluster_10_greedy_ver3_grasp_ver3,20260312001308,9,596.0,0.0
2x2_slot_inorder_place_cluster_10_greedy_ver3_grasp_ver3,20260312001312,25,1427.0,0.0
2x2_slot_inorder_place_cluster_10_greedy_ver3_grasp_ver3,20260312001317,19,1033.0,0.0
2x2_slot_inorder_place_cluster_10_greedy_ver3_grasp_ver3,20260312001320,13,815.0,0.015625
2x2_slot_inorder_place_cluster_10_greedy_ver3_grasp_ver3,20260312001325,12,779.0,0.0
2x2_slot_inorder_place_cluster_10_greedy_ver3_grasp_ver3,20260312001328,35,1984.0,0.0
2x2_slot_inorder_place_cluster_10_greedy_ver3_grasp_ver3,20260312001337,15,965.0,0.0
2x2_slot_inorder_place_cluster_10_greedy_ver3_grasp_ver3,20260312001342,2,232.0,0.0
2x2_slot_inorder_place_cluster_10_greedy_ver3_grasp_ver3,20260312001345,23,1287.0,0.015625
2x2_slot_inorder_place_cluster_10_greedy_ver3_grasp_ver3,20260312001349,16,997.0,0.0
2x2_slot_inorder_place_cluster_10_greedy_ver3_grasp_ver3,20260312001354,17,885.0,0.015625
2x2_slot_inorder_place_cluster_10_greedy_ver3_grasp_ver3,20260312001358,30,1486.0,0.0
2x2_slot_inorder_place_cluster_10_greedy_ver3_grasp_ver3,20260312001404,35,1990.0,0.0
2x2_slot_inorder_place_cluster_10_greedy_ver3_grasp_ver3,20260312001413,14,787.0,0.0
2x2_slot_inorder_place_cluster_10_greedy_ver3_grasp_ver3,20260312001417,11,695.0,0.015625
2x2_slot_inorder_place_cluster_10_greedy_ver3_grasp_ver3,20260312001421,23,1269.0,0.0
2x2_slot_inorder_place_cluster_10_greedy_ver3_grasp_ver3,20260312001429,12,839.0,0.015625
2x2_slot_inorder_place_cluster_10_greedy_ver3_grasp_ver3,20260312001434,16,981.0,0.0
2x2_slot_inorder_place_cluster_10_greedy_ver3_grasp_ver3,20260312001439,20,1235.0,0.0
2x2_slot_inorder_place_cluster_10_greedy_ver3_grasp_ver3,20260312001445,39,1934.0,0.015625
2x2_slot_inorder_place_cluster_10_greedy_ver3_grasp_ver3,20260312001449,9,557.0,0.0
2x2_slot_inorder_place_cluster_10_greedy_ver3_grasp_ver3,20260312001452,17,1321.0,0.0
2x2_slot_inorder_place_cluster_10_greedy_ver3_grasp_ver3,20260312001457,10,533.0,0.0
2x2_slot_inorder_place_cluster_10_greedy_ver3_grasp_ver3,20260312001501,31,2128.0,0.0
2x2_slot_inorder_place_cluster_10_greedy_ver3_grasp_ver3,20260312001510,26,1436.0,0.0
2x2_slot_inorder_place_cluster_10_greedy_ver3_grasp_ver3,20260312001515,35,2090.0,0.0
2x2_slot_inorder_place_cluster_10_greedy_ver3_grasp_ver3,20260312001519,34,1754.0,0.0
2x2_slot_inorder_place_cluster_10_greedy_ver3_grasp_ver3,20260312001525,15,1001.0,0.0
2x2_slot_inorder_place_cluster_10_greedy_ver3_grasp_ver3,20260312001531,9,542.0,0.0
2x2_slot_inorder_place_cluster_10_greedy_ver3_grasp_ver3,20260312001535,13,657.0,0.0
2x2_slot_inorder_place_cluster_10_greedy_ver3_grasp_ver3,20260312001539,19,1119.0,0.0
2x2_slot_inorder_place_cluster_10_greedy_ver3_grasp_ver3,20260312001544,5,442.0,0.0
2x2_slot_inorder_place_cluster_10_greedy_ver3_grasp_ver3,20260312001546,40,1880.0,0.0
2x2_slot_inorder_place_cluster_10_greedy_ver3_grasp_ver3,20260312001553,27,1557.0,0.0
2x2_slot_inorder_place_cluster_10_greedy_ver3_grasp_ver3,20260312001601,26,1436.0,0.0
2x2_slot_inorder_place_cluster_10_greedy_ver3_grasp_ver3,20260312001607,16,1019.0,0.0
2x2_slot_inorder_place_cluster_10_greedy_ver3_grasp_ver3,20260312001611,21,1087.0,0.0
2x2_slot_inorder_place_cluster_10_greedy_ver3_grasp_ver3,20260312001616,12,731.0,0.0
2x2_slot_inorder_place_cluster_10_greedy_ver3_grasp_ver3,20260312001620,24,1538.0,0.0
2x2_slot_inorder_place_cluster_10_greedy_ver3_grasp_ver3,20260312001627,24,1351.0,0.0
2x2_slot_inorder_place_cluster_10_greedy_ver3_grasp_ver3,20260312001633,47,2217.0,0.0
2x2_slot_inorder_place_cluster_10_greedy_ver3_grasp_ver3,20260312001643,15,967.0,0.0
2x2_slot_inorder_place_cluster_10_greedy_ver3_grasp_ver3,20260312001648,16,989.0,0.0
2x2_slot_inorder_place_cluster_10_greedy_ver3_grasp_ver3,20260312001653,9,566.0,0.0
2x2_slot_inorder_place_cluster_10_greedy_ver3_grasp_ver3,20260312001657,6,462.0,0.0
2x2_slot_inorder_place_cluster_10_greedy_ver3_grasp_ver3,20260312001659,11,727.0,0.0
2x2_slot_inorder_place_cluster_10_greedy_ver3_grasp_ver3,20260312001704,35,2158.0,0.0
2x2_slot_inorder_place_cluster_10_greedy_ver3_grasp_ver3,20260312001707,61,3207.0,0.0
2x2_slot_inorder_place_cluster_10_greedy_ver3_grasp_ver3,20260312001713,19,1139.0,0.0
2x2_slot_inorder_place_cluster_10_greedy_ver3_grasp_ver3,20260312001717,13,679.0,0.0
2x2_slot_inorder_place_cluster_10_greedy_ver3_greedy_ver3,20260312000639,14,873.0,0.0
2x2_slot_inorder_place_cluster_10_greedy_ver3_greedy_ver3,20260312000641,4,306.0,0.0
2x2_slot_inorder_place_cluster_10_greedy_ver3_greedy_ver3,20260312000644,10,645.0,0.0
2x2_slot_inorder_place_cluster_10_greedy_ver3_greedy_ver3,20260312000647,13,801.0,0.015625
2x2_slot_inorder_place_cluster_10_greedy_ver3_greedy_ver3,20260312000650,6,460.0,0.0
2x2_slot_inorder_place_cluster_10_greedy_ver3_greedy_ver3,20260312000653,13,795.0,0.0
2x2_slot_inorder_place_cluster_10_greedy_ver3_greedy_ver3,20260312000656,10,609.0,0.0
2x2_slot_inorder_place_cluster_10_greedy_ver3_greedy_ver3,20260312000659,4,284.0,0.0
2x2_slot_inorder_place_cluster_10_greedy_ver3_greedy_ver3,20260312000701,4,272.0,0.0
2x2_slot_inorder_place_cluster_10_greedy_ver3_greedy_ver3,20260312000704,6,332.0,0.0
2x2_slot_inorder_place_cluster_10_greedy_ver3_greedy_ver3,20260312000707,4,228.0,0.0
2x2_slot_inorder_place_cluster_10_greedy_ver3_greedy_ver3,20260312000710,4,260.0,0.0
2x2_slot_inorder_place_cluster_10_greedy_ver3_greedy_ver3,20260312000714,8,364.0,0.0
2x2_slot_inorder_place_cluster_10_greedy_ver3_greedy_ver3,20260312000717,4,278.0,0.0
2x2_slot_inorder_place_cluster_10_greedy_ver3_greedy_ver3,20260312000725,47,2334.0,0.0
2x2_slot_inorder_place_cluster_10_greedy_ver3_greedy_ver3,20260312000738,54,2670.0,0.015625
2x2_slot_inorder_place_cluster_10_greedy_ver3_greedy_ver3,20260312000748,23,1253.0,0.0
2x2_slot_inorder_place_cluster_10_greedy_ver3_greedy_ver3,20260312000753,9,590.0,0.0
2x2_slot_inorder_place_cluster_10_greedy_ver3_greedy_ver3,20260312000758,18,987.0,0.0
2x2_slot_inorder_place_cluster_10_greedy_ver3_greedy_ver3,20260312000803,7,416.0,0.0
2x2_slot_inorder_place_cluster_10_greedy_ver3_greedy_ver3,20260312000806,8,476.0,0.0
2x2_slot_inorder_place_cluster_10_greedy_ver3_greedy_ver3,20260312000809,17,1051.0,0.0
2x2_slot_inorder_place_cluster_10_greedy_ver3_greedy_ver3,20260312000811,20,1071.0,0.0
2x2_slot_inorder_place_cluster_10_greedy_ver3_greedy_ver3,20260312000816,8,470.0,0.0
2x2_slot_inorder_place_cluster_10_greedy_ver3_greedy_ver3,20260312000821,12,609.0,0.0
2x2_slot_inorder_place_cluster_10_greedy_ver3_greedy_ver3,20260312000824,6,470.0,0.0
2x2_slot_inorder_place_cluster_10_greedy_ver3_greedy_ver3,20260312000827,8,484.0,0.0
2x2_slot_inorder_place_cluster_10_greedy_ver3_greedy_ver3,20260312000831,10,833.0,0.0
2x2_slot_inorder_place_cluster_10_greedy_ver3_greedy_ver3,20260312000836,22,1445.0,0.0
2x2_slot_inorder_place_cluster_10_greedy_ver3_greedy_ver3,20260312000842,31,1580.0,0.0
2x2_slot_inorder_place_cluster_10_greedy_ver3_greedy_ver3,20260312000846,4,304.0,0.0
2x2_slot_inorder_place_cluster_10_greedy_ver3_greedy_ver3,20260312000849,26,1331.0,0.0
2x2_slot_inorder_place_cluster_10_greedy_ver3_greedy_ver3,20260312000852,30,1510.0,0.0
2x2_slot_inorder_place_cluster_10_greedy_ver3_greedy_ver3,20260312000855,11,669.0,0.0
2x2_slot_inorder_place_cluster_10_greedy_ver3_greedy_ver3,20260312000858,20,1189.0,0.0
2x2_slot_inorder_place_cluster_10_greedy_ver3_greedy_ver3,20260312000902,10,619.0,0.0
2x2_slot_inorder_place_cluster_10_greedy_ver3_greedy_ver3,20260312000904,4,282.0,0.0
2x2_slot_inorder_place_cluster_10_greedy_ver3_greedy_ver3,20260312000907,8,440.0,0.0
2x2_slot_inorder_place_cluster_10_greedy_ver3_greedy_ver3,20260312000912,19,1887.0,0.0
2x2_slot_inorder_place_cluster_10_greedy_ver3_greedy_ver3,20260312000918,24,1503.0,0.0
2x2_slot_inorder_place_cluster_10_greedy_ver3_greedy_ver3,20260312000922,4,228.0,0.0
2x2_slot_inorder_place_cluster_10_greedy_ver3_greedy_ver3,20260312000925,26,1411.0,0.0
2x2_slot_inorder_place_cluster_10_greedy_ver3_greedy_ver3,20260312000928,19,1043.0,0.0
2x2_slot_inorder_place_cluster_10_greedy_ver3_greedy_ver3,20260312000931,10,699.0,0.0
2x2_slot_inorder_place_cluster_10_greedy_ver3_greedy_ver3,20260312000934,8,478.0,0.0
2x2_slot_inorder_place_cluster_10_greedy_ver3_greedy_ver3,20260312000937,47,2312.0,0.0
2x2_slot_inorder_place_cluster_10_greedy_ver3_greedy_ver3,20260312000941,11,571.0,0.0
2x2_slot_inorder_place_cluster_10_greedy_ver3_greedy_ver3,20260312000945,28,1387.0,0.0
2x2_slot_inorder_place_cluster_10_greedy_ver3_greedy_ver3,20260312000950,24,1469.0,0.0
2x2_slot_inorder_place_cluster_10_greedy_ver3_greedy_ver3,20260312000953,8,548.0,0.0
2x2_slot_inorder_place_cluster_10_greedy_ver3_greedy_ver3,20260312000956,4,270.0,0.0
2x2_slot_inorder_place_cluster_10_greedy_ver3_greedy_ver3,20260312000958,19,1147.0,0.0
2x2_slot_inorder_place_cluster_10_greedy_ver3_greedy_ver3,20260312001003,34,1710.0,0.0
2x2_slot_inorder_place_cluster_10_greedy_ver3_greedy_ver3,20260312001008,34,1634.0,0.0
2x2_slot_inorder_place_cluster_10_greedy_ver3_greedy_ver3,20260312001012,8,510.0,0.0
2x2_slot_inorder_place_cluster_10_greedy_ver3_greedy_ver3,20260312001015,14,687.0,0.0
2x2_slot_inorder_place_cluster_10_greedy_ver3_greedy_ver3,20260312001019,6,444.0,0.0
2x2_slot_inorder_place_cluster_10_greedy_ver3_greedy_ver3,20260312001023,14,859.0,0.0
2x2_slot_inorder_place_cluster_10_greedy_ver3_greedy_ver3,20260312001031,35,1951.0,0.0
2x2_slot_inorder_place_cluster_10_greedy_ver3_greedy_ver3,20260312001038,19,967.0,0.0
2x2_slot_inorder_place_cluster_10_greedy_ver3_greedy_ver3,20260312001042,55,3086.0,0.0
2x2_slot_inorder_place_cluster_10_greedy_ver3_greedy_ver3,20260312001049,28,1530.0,0.0
2x2_slot_inorder_place_cluster_10_greedy_ver3_greedy_ver3,20260312001056,27,1656.0,0.0
2x2_slot_inorder_place_cluster_10_greedy_ver3_greedy_ver3,20260312001101,8,488.0,0.0
2x2_slot_inorder_place_cluster_10_greedy_ver3_greedy_ver3,20260312001105,10,625.0,0.015625
2x2_slot_inorder_place_cluster_10_greedy_ver3_greedy_ver3,20260312001108,6,460.0,0.0
2x2_slot_inorder_place_cluster_10_greedy_ver3_greedy_ver3,20260312001110,4,252.0,0.0
2x2_slot_inorder_place_cluster_10_greedy_ver3_greedy_ver3,20260312001113,11,757.0,0.0
2x2_slot_inorder_place_cluster_10_greedy_ver3_greedy_ver3,20260312001120,42,2308.0,0.0
2x2_slot_inorder_place_cluster_10_greedy_ver3_greedy_ver3,20260312001127,25,1406.0,0.015625
2x2_slot_inorder_place_cluster_10_greedy_ver3_greedy_ver3,20260312001132,30,1418.0,0.0
2x2_slot_inorder_place_cluster_10_greedy_ver3_greedy_ver3,20260312001137,22,1157.0,0.0
2x2_slot_inorder_place_cluster_10_greedy_ver3_greedy_ver3,20260312001142,21,1153.0,0.0
2x2_slot_inorder_place_cluster_10_greedy_ver3_greedy_ver3,20260312001148,24,1511.0,0.0
2x2_slot_inorder_place_cluster_10_greedy_ver3_greedy_ver3,20260312001152,4,252.0,0.0
2x2_slot_inorder_place_cluster_10_greedy_ver3_greedy_ver3,20260312001155,6,420.0,0.0
2x2_slot_inorder_place_cluster_10_greedy_ver3_greedy_ver3,20260312001159,10,633.0,0.0
2x2_slot_inorder_place_cluster_10_greedy_ver3_greedy_ver3,20260312001202,11,617.0,0.0
2x2_slot_inorder_place_cluster_10_greedy_ver3_greedy_ver3,20260312001206,15,831.0,0.0
2x2_slot_inorder_place_cluster_10_greedy_ver3_greedy_ver3,20260312001209,4,238.0,0.0
2x2_slot_inorder_place_cluster_10_greedy_ver3_greedy_ver3,20260312001212,10,609.0,0.0
2x2_slot_inorder_place_cluster_10_greedy_ver3_greedy_ver3,20260312001216,14,893.0,0.0
2x2_slot_inorder_place_cluster_10_greedy_ver3_greedy_ver3,20260312001219,43,2254.0,0.0
2x2_slot_inorder_place_cluster_10_greedy_ver3_greedy_ver3,20260312001224,42,1848.0,0.0
2x2_slot_inorder_place_cluster_10_greedy_ver3_greedy_ver3,20260312001228,8,510.0,0.0
2x2_slot_inorder_place_cluster_10_greedy_ver3_greedy_ver3,20260312001234,28,1527.0,0.0
2x2_slot_inorder_place_cluster_10_greedy_ver3_greedy_ver3,20260312001241,21,1205.0,0.0
2x2_slot_inorder_place_cluster_10_greedy_ver3_greedy_ver3,20260312001246,53,2569.0,0.0
2x2_slot_inorder_place_cluster_10_greedy_ver3_greedy_ver3,20260312001250,8,454.0,0.0
2x2_slot_inorder_place_cluster_10_greedy_ver3_greedy_ver3,20260312001254,24,1332.0,0.0
2x2_slot_inorder_place_cluster_10_greedy_ver3_greedy_ver3,20260312001258,15,927.0,0.0
2x2_slot_inorder_place_cluster_10_greedy_ver3_greedy_ver3,20260312001303,10,611.0,0.0
2x2_slot_inorder_place_cluster_10_greedy_ver3_greedy_ver3,20260312001306,15,827.0,0.015625
2x2_slot_inorder_place_cluster_10_greedy_ver3_greedy_ver3,20260312001309,16,809.0,0.0
2x2_slot_inorder_place_cluster_10_greedy_ver3_greedy_ver3,20260312001315,31,1596.0,0.0
2x2_slot_inorder_place_cluster_10_greedy_ver3_greedy_ver3,20260312001319,8,484.0,0.0
2x2_slot_inorder_place_cluster_10_greedy_ver3_greedy_ver3,20260312001323,16,937.0,0.0
2x2_slot_inorder_place_cluster_10_greedy_ver3_greedy_ver3,20260312001326,6,414.0,0.0
2x2_slot_inorder_place_cluster_10_greedy_ver3_greedy_ver3,20260312001333,33,1700.0,0.0
2x2_slot_inorder_place_cluster_10_greedy_ver3_greedy_ver3,20260312001340,19,1105.0,0.0
2x2_slot_inorder_place_cluster_10_greedy_ver3_greedy_ver3,20260312001344,6,342.0,0.015625
2x2_slot_inorder_place_cluster_10_greedy_ver3_greedy_ver3,20260312001347,23,1121.0,0.0
2x2_slot_inorder_place_cluster_10_greedy_ver3_greedy_ver3,20260312001351,16,925.0,0.0
2x2_slot_inorder_place_cluster_10_greedy_ver3_greedy_ver3,20260312001356,13,707.0,0.0
2x2_slot_inorder_place_cluster_10_greedy_ver3_greedy_ver3,20260312001401,19,945.0,0.0
2x2_slot_inorder_place_cluster_10_greedy_ver3_greedy_ver3,20260312001408,43,2270.0,0.0
2x2_slot_inorder_place_cluster_10_greedy_ver3_greedy_ver3,20260312001415,5,262.0,0.015625
2x2_slot_inorder_place_cluster_10_greedy_ver3_greedy_ver3,20260312001419,30,1740.0,0.0
2x2_slot_inorder_place_cluster_10_greedy_ver3_greedy_ver3,20260312001425,32,1602.0,0.0
2x2_slot_inorder_place_cluster_10_greedy_ver3_greedy_ver3,20260312001431,14,765.0,0.0
2x2_slot_inorder_place_cluster_10_greedy_ver3_greedy_ver3,20260312001436,17,951.0,0.0
2x2_slot_inorder_place_cluster_10_greedy_ver3_greedy_ver3,20260312001442,20,1345.0,0.0
2x2_slot_inorder_place_cluster_10_greedy_ver3_greedy_ver3,20260312001447,10,619.0,0.0
2x2_slot_inorder_place_cluster_10_greedy_ver3_greedy_ver3,20260312001451,8,530.0,0.0
2x2_slot_inorder_place_cluster_10_greedy_ver3_greedy_ver3,20260312001454,17,1203.0,0.0
2x2_slot_inorder_place_cluster_10_greedy_ver3_greedy_ver3,20260312001459,10,483.0,0.015625
2x2_slot_inorder_place_cluster_10_greedy_ver3_greedy_ver3,20260312001505,45,2272.0,0.0
2x2_slot_inorder_place_cluster_10_greedy_ver3_greedy_ver3,20260312001512,20,1045.0,0.0
2x2_slot_inorder_place_cluster_10_greedy_ver3_greedy_ver3,20260312001517,12,713.0,0.0
2x2_slot_inorder_place_cluster_10_greedy_ver3_greedy_ver3,20260312001522,21,1067.0,0.0
2x2_slot_inorder_place_cluster_10_greedy_ver3_greedy_ver3,20260312001528,17,1037.0,0.0
2x2_slot_inorder_place_cluster_10_greedy_ver3_greedy_ver3,20260312001533,10,547.0,0.0
2x2_slot_inorder_place_cluster_10_greedy_ver3_greedy_ver3,20260312001537,17,921.0,0.0
2x2_slot_inorder_place_cluster_10_greedy_ver3_greedy_ver3,20260312001541,23,1386.0,0.0
2x2_slot_inorder_place_cluster_10_greedy_ver3_greedy_ver3,20260312001545,5,422.0,0.0
2x2_slot_inorder_place_cluster_10_greedy_ver3_greedy_ver3,20260312001549,43,2336.0,0.0
2x2_slot_inorder_place_cluster_10_greedy_ver3_greedy_ver3,20260312001557,40,1940.0,0.0
2x2_slot_inorder_place_cluster_10_greedy_ver3_greedy_ver3,20260312001604,26,1306.0,0.015625
2x2_slot_inorder_place_cluster_10_greedy_ver3_greedy_ver3,20260312001609,17,1017.0,0.015625
2x2_slot_inorder_place_cluster_10_greedy_ver3_greedy_ver3,20260312001614,22,1141.0,0.0
2x2_slot_inorder_place_cluster_10_greedy_ver3_greedy_ver3,20260312001618,12,679.0,0.0
2x2_slot_inorder_place_cluster_10_greedy_ver3_greedy_ver3,20260312001623,42,2234.0,0.0
2x2_slot_inorder_place_cluster_10_greedy_ver3_greedy_ver3,20260312001630,33,1726.0,0.015625
2x2_slot_inorder_place_cluster_10_greedy_ver3_greedy_ver3,20260312001638,49,2138.0,0.0
2x2_slot_inorder_place_cluster_10_greedy_ver3_greedy_ver3,20260312001645,12,679.0,0.0
2x2_slot_inorder_place_cluster_10_greedy_ver3_greedy_ver3,20260312001650,19,1011.0,0.0
2x2_slot_inorder_place_cluster_10_greedy_ver3_greedy_ver3,20260312001655,10,573.0,0.0
2x2_slot_inorder_place_cluster_10_greedy_ver3_greedy_ver3,20260312001658,12,717.0,0.0
2x2_slot_inorder_place_cluster_10_greedy_ver3_greedy_ver3,20260312001702,14,737.0,0.0
2x2_slot_inorder_place_cluster_10_greedy_ver3_greedy_ver3,20260312001706,10,661.0,0.0
2x2_slot_inorder_place_cluster_10_greedy_ver3_greedy_ver3,20260312001710,20,1113.0,0.0
2x2_slot_inorder_place_cluster_10_greedy_ver3_greedy_ver3,20260312001715,31,1690.0,0.015625
2x2_slot_inorder_place_cluster_10_greedy_ver3_greedy_ver3,20260312001718,35,1618.0,0.0
2x2_slot_inorder_place_cluster_15_grasp_ver3_grasp_ver3,20260312001305,4,322.0,0.0
2x2_slot_inorder_place_cluster_15_grasp_ver3_grasp_ver3,20260312001308,9,596.0,0.0
2x2_slot_inorder_place_cluster_15_grasp_ver3_grasp_ver3,20260312001312,25,1427.0,0.0
2x2_slot_inorder_place_cluster_15_grasp_ver3_grasp_ver3,20260312001315,31,1596.0,0.015625
2x2_slot_inorder_place_cluster_15_grasp_ver3_grasp_ver3,20260312001320,13,815.0,0.0
2x2_slot_inorder_place_cluster_15_grasp_ver3_grasp_ver3,20260312001323,16,937.0,0.0
2x2_slot_inorder_place_cluster_15_grasp_ver3_grasp_ver3,20260312001325,12,779.0,0.0
2x2_slot_inorder_place_cluster_15_grasp_ver3_grasp_ver3,20260312001328,35,1984.0,0.015625
2x2_slot_inorder_place_cluster_15_grasp_ver3_grasp_ver3,20260312001331,4,290.0,0.0
2x2_slot_inorder_place_cluster_15_grasp_ver3_grasp_ver3,20260312001334,3,304.0,0.015625
2x2_slot_inorder_place_cluster_15_grasp_ver3_grasp_ver3,20260312001336,3,294.0,0.0
2x2_slot_inorder_place_cluster_15_grasp_ver3_grasp_ver3,20260312001340,19,1105.0,0.0
2x2_slot_inorder_place_cluster_15_grasp_ver3_grasp_ver3,20260312001343,3,296.0,0.0
2x2_slot_inorder_place_cluster_15_grasp_ver3_grasp_ver3,20260312001345,23,1287.0,0.0
2x2_slot_inorder_place_cluster_15_grasp_ver3_grasp_ver3,20260312001348,2,258.0,0.0
2x2_slot_inorder_place_cluster_15_grasp_ver3_grasp_ver3,20260312001352,6,490.0,0.0
2x2_slot_inorder_place_cluster_15_grasp_ver3_grasp_ver3,20260312001354,17,885.0,0.0
2x2_slot_inorder_place_cluster_15_grasp_ver3_grasp_ver3,20260312001358,30,1486.0,0.0
2x2_slot_inorder_place_cluster_15_grasp_ver3_grasp_ver3,20260312001402,2,252.0,0.0
2x2_slot_inorder_place_cluster_15_grasp_ver3_grasp_ver3,20260312001405,5,322.0,0.0
2x2_slot_inorder_place_cluster_15_grasp_ver3_grasp_ver3,20260312001411,10,611.0,0.0
2x2_slot_inorder_place_cluster_15_grasp_ver3_grasp_ver3,20260312001416,19,991.0,0.0
2x2_slot_inorder_place_cluster_15_grasp_ver3_grasp_ver3,20260312001423,57,2876.0,0.0
2x2_slot_inorder_place_cluster_15_grasp_ver3_grasp_ver3,20260312001437,21,1073.0,0.0
2x2_slot_inorder_place_cluster_15_grasp_ver3_grasp_ver3,20260312001445,39,1934.0,0.0
2x2_slot_inorder_place_cluster_15_grasp_ver3_grasp_ver3,20260312001501,31,2128.0,0.0
2x2_slot_inorder_place_cluster_15_grasp_ver3_grasp_ver3,20260312001505,45,2272.0,0.015625
2x2_slot_inorder_place_cluster_15_grasp_ver3_grasp_ver3,20260312001510,26,1436.0,0.0
2x2_slot_inorder_place_cluster_15_grasp_ver3_grasp_ver3,20260312001513,12,911.0,0.0
2x2_slot_inorder_place_cluster_15_grasp_ver3_grasp_ver3,20260312001518,4,308.0,0.015625
2x2_slot_inorder_place_cluster_15_grasp_ver3_grasp_ver3,20260312001521,4,292.0,0.0
2x2_slot_inorder_place_cluster_15_grasp_ver3_grasp_ver3,20260312001524,3,306.0,0.0
2x2_slot_inorder_place_cluster_15_grasp_ver3_grasp_ver3,20260312001527,3,298.0,0.0
2x2_slot_inorder_place_cluster_15_grasp_ver3_grasp_ver3,20260312001530,6,502.0,0.0
2x2_slot_inorder_place_cluster_15_grasp_ver3_grasp_ver3,20260312001534,2,254.0,0.0
2x2_slot_inorder_place_cluster_15_grasp_ver3_grasp_ver3,20260312001537,17,921.0,0.0
2x2_slot_inorder_place_cluster_15_grasp_ver3_grasp_ver3,20260312001541,23,1386.0,0.015625
2x2_slot_inorder_place_cluster_15_grasp_ver3_grasp_ver3,20260312001546,40,1880.0,0.0
2x2_slot_inorder_place_cluster_15_grasp_ver3_grasp_ver3,20260312001552,15,863.0,0.0
2x2_slot_inorder_place_cluster_15_grasp_ver3_grasp_ver3,20260312001557,40,1940.0,0.0
2x2_slot_inorder_place_cluster_15_grasp_ver3_grasp_ver3,20260312001601,26,1436.0,0.0
2x2_slot_inorder_place_cluster_15_grasp_ver3_grasp_ver3,20260312001604,26,1306.0,0.0
2x2_slot_inorder_place_cluster_15_grasp_ver3_grasp_ver3,20260312001607,16,1019.0,0.0
2x2_slot_inorder_place_cluster_15_grasp_ver3_grasp_ver3,20260312001610,4,290.0,0.0
2x2_slot_inorder_place_cluster_15_grasp_ver3_grasp_ver3,20260312001613,2,260.0,0.0
2x2_slot_inorder_place_cluster_15_grasp_ver3_grasp_ver3,20260312001616,12,731.0,0.0
2x2_slot_inorder_place_cluster_15_grasp_ver3_grasp_ver3,20260312001619,7,524.0,0.0
2x2_slot_inorder_place_cluster_15_grasp_ver3_grasp_ver3,20260312001623,42,2234.0,0.0
2x2_slot_inorder_place_cluster_15_grasp_ver3_grasp_ver3,20260312001628,10,557.0,0.0
2x2_slot_inorder_place_cluster_15_grasp_ver3_grasp_ver3,20260312001632,10,589.0,0.0
2x2_slot_inorder_place_cluster_15_grasp_ver3_grasp_ver3,20260312001637,13,879.0,0.0
2x2_slot_inorder_place_cluster_15_grasp_ver3_grasp_ver3,20260312001643,15,967.0,0.0
2x2_slot_inorder_place_cluster_15_grasp_ver3_grasp_ver3,20260312001646,2,260.0,0.0
2x2_slot_inorder_place_cluster_15_grasp_ver3_grasp_ver3,20260312001649,10,773.0,0.0
2x2_slot_inorder_place_cluster_15_grasp_ver3_grasp_ver3,20260312001654,6,472.0,0.0
2x2_slot_inorder_place_cluster_15_grasp_ver3_grasp_ver3,20260312001658,12,717.0,0.0
2x2_slot_inorder_place_cluster_15_grasp_ver3_grasp_ver3,20260312001704,35,2158.0,0.0
2x2_slot_inorder_place_cluster_15_grasp_ver3_grasp_ver3,20260312001712,10,685.0,0.015625
2x2_slot_inorder_place_cluster_15_grasp_ver3_grasp_ver3,20260312001715,31,1690.0,0.0
2x2_slot_inorder_place_cluster_15_grasp_ver3_grasp_ver3,20260312001721,50,2563.0,0.0
2x2_slot_inorder_place_cluster_15_grasp_ver3_grasp_ver3,20260312001732,28,1538.0,0.0
2x2_slot_inorder_place_cluster_15_grasp_ver3_grasp_ver3,20260312001739,23,1320.0,0.0
2x2_slot_inorder_place_cluster_15_grasp_ver3_grasp_ver3,20260312001746,13,927.0,0.0
2x2_slot_inorder_place_cluster_15_grasp_ver3_grasp_ver3,20260312001749,12,675.0,0.0
2x2_slot_inorder_place_cluster_15_grasp_ver3_grasp_ver3,20260312001752,18,1231.0,0.0
2x2_slot_inorder_place_cluster_15_grasp_ver3_grasp_ver3,20260312001756,5,336.0,0.0
2x2_slot_inorder_place_cluster_15_grasp_ver3_grasp_ver3,20260312001759,34,1924.0,0.0
2x2_slot_inorder_place_cluster_15_grasp_ver3_grasp_ver3,20260312001804,15,1015.0,0.0
2x2_slot_inorder_place_cluster_15_grasp_ver3_grasp_ver3,20260312001807,6,480.0,0.0
2x2_slot_inorder_place_cluster_15_grasp_ver3_grasp_ver3,20260312001810,84,4134.0,0.0
2x2_slot_inorder_place_cluster_15_grasp_ver3_grasp_ver3,20260312001815,38,2090.0,0.0
2x2_slot_inorder_place_cluster_15_grasp_ver3_grasp_ver3,20260312001824,18,1073.0,0.0
2x2_slot_inorder_place_cluster_15_grasp_ver3_grasp_ver3,20260312001829,4,294.0,0.0
2x2_slot_inorder_place_cluster_15_grasp_ver3_grasp_ver3,20260312001831,3,308.0,0.015625
2x2_slot_inorder_place_cluster_15_grasp_ver3_grasp_ver3,20260312001833,2,250.0,0.0
2x2_slot_inorder_place_cluster_15_grasp_ver3_grasp_ver3,20260312001837,18,1077.0,0.0
2x2_slot_inorder_place_cluster_15_grasp_ver3_grasp_ver3,20260312001839,18,1027.0,0.0
2x2_slot_inorder_place_cluster_15_grasp_ver3_grasp_ver3,20260312001844,25,1419.0,0.015625
2x2_slot_inorder_place_cluster_15_grasp_ver3_grasp_ver3,20260312001850,21,1275.0,0.015625
2x2_slot_inorder_place_cluster_15_grasp_ver3_grasp_ver3,20260312001855,7,474.0,0.0
2x2_slot_inorder_place_cluster_15_grasp_ver3_grasp_ver3,20260312001858,4,294.0,0.0
2x2_slot_inorder_place_cluster_15_grasp_ver3_grasp_ver3,20260312001901,8,510.0,0.0
2x2_slot_inorder_place_cluster_15_grasp_ver3_grasp_ver3,20260312001904,22,1259.0,0.0
2x2_slot_inorder_place_cluster_15_grasp_ver3_grasp_ver3,20260312001907,6,482.0,0.0
2x2_slot_inorder_place_cluster_15_grasp_ver3_grasp_ver3,20260312001911,45,2250.0,0.015625
2x2_slot_inorder_place_cluster_15_grasp_ver3_grasp_ver3,20260312001919,6,476.0,0.0
2x2_slot_inorder_place_cluster_15_grasp_ver3_grasp_ver3,20260312001923,6,490.0,0.0
2x2_slot_inorder_place_cluster_15_grasp_ver3_grasp_ver3,20260312001927,11,747.0,0.0
2x2_slot_inorder_place_cluster_15_grasp_ver3_grasp_ver3,20260312001933,19,940.0,0.0
2x2_slot_inorder_place_cluster_15_grasp_ver3_grasp_ver3,20260312001941,8,416.0,0.0
2x2_slot_inorder_place_cluster_15_grasp_ver3_grasp_ver3,20260312001945,7,436.0,0.0
2x2_slot_inorder_place_cluster_15_grasp_ver3_grasp_ver3,20260312001949,6,490.0,0.015625
2x2_slot_inorder_place_cluster_15_grasp_ver3_grasp_ver3,20260312001952,5,294.0,0.0
2x2_slot_inorder_place_cluster_15_grasp_ver3_grasp_ver3,20260312001956,32,1798.0,0.0
2x2_slot_inorder_place_cluster_15_grasp_ver3_grasp_ver3,20260312002002,17,1039.0,0.0
2x2_slot_inorder_place_cluster_15_grasp_ver3_grasp_ver3,20260312002008,11,695.0,0.0
2x2_slot_inorder_place_cluster_15_grasp_ver3_grasp_ver3,20260312002012,12,741.0,0.0
2x2_slot_inorder_place_cluster_15_grasp_ver3_grasp_ver3,20260312002019,9,649.0,0.0
2x2_slot_inorder_place_cluster_15_grasp_ver3_grasp_ver3,20260312002022,39,2112.0,0.0
2x2_slot_inorder_place_cluster_15_grasp_ver3_grasp_ver3,20260312002028,15,879.0,0.0
2x2_slot_inorder_place_cluster_15_grasp_ver3_grasp_ver3,20260312002036,23,1287.0,0.0
2x2_slot_inorder_place_cluster_15_grasp_ver3_grasp_ver3,20260312002041,42,2196.0,0.0
2x2_slot_inorder_place_cluster_15_grasp_ver3_grasp_ver3,20260312002047,16,879.0,0.0
2x2_slot_inorder_place_cluster_15_grasp_ver3_grasp_ver3,20260312002053,28,1616.0,0.015625
2x2_slot_inorder_place_cluster_15_grasp_ver3_grasp_ver3,20260312002104,14,909.0,0.0
2x2_slot_inorder_place_cluster_15_grasp_ver3_grasp_ver3,20260312002110,7,456.0,0.0
2x2_slot_inorder_place_cluster_15_grasp_ver3_grasp_ver3,20260312002114,18,989.0,0.0
2x2_slot_inorder_place_cluster_15_grasp_ver3_grasp_ver3,20260312002123,17,1049.0,0.0
2x2_slot_inorder_place_cluster_15_grasp_ver3_grasp_ver3,20260312002128,13,819.0,0.0
2x2_slot_inorder_place_cluster_15_grasp_ver3_grasp_ver3,20260312002134,13,785.0,0.0
2x2_slot_inorder_place_cluster_15_grasp_ver3_grasp_ver3,20260312002140,14,825.0,0.015625
2x2_slot_inorder_place_cluster_15_grasp_ver3_grasp_ver3,20260312002144,17,983.0,0.0
2x2_slot_inorder_place_cluster_15_grasp_ver3_grasp_ver3,20260312002150,24,1291.0,0.0
2x2_slot_inorder_place_cluster_15_grasp_ver3_grasp_ver3,20260312002155,14,1027.0,0.0
2x2_slot_inorder_place_cluster_15_grasp_ver3_grasp_ver3,20260312002202,15,983.0,0.0
2x2_slot_inorder_place_cluster_15_grasp_ver3_grasp_ver3,20260312002208,16,911.0,0.0
2x2_slot_inorder_place_cluster_15_grasp_ver3_grasp_ver3,20260312002214,15,933.0,0.0
2x2_slot_inorder_place_cluster_15_grasp_ver3_grasp_ver3,20260312002219,12,739.0,0.0
2x2_slot_inorder_place_cluster_15_grasp_ver3_grasp_ver3,20260312002225,17,1099.0,0.0
2x2_slot_inorder_place_cluster_15_grasp_ver3_grasp_ver3,20260312002231,13,759.0,0.0
2x2_slot_inorder_place_cluster_15_grasp_ver3_grasp_ver3,20260312002236,7,490.0,0.0
2x2_slot_inorder_place_cluster_15_grasp_ver3_grasp_ver3,20260312002241,33,1790.0,0.0
2x2_slot_inorder_place_cluster_15_grasp_ver3_grasp_ver3,20260312002246,29,1452.0,0.0
2x2_slot_inorder_place_cluster_15_grasp_ver3_grasp_ver3,20260312002257,26,1591.0,0.0
2x2_slot_inorder_place_cluster_15_grasp_ver3_grasp_ver3,20260312002303,15,889.0,0.0
2x2_slot_inorder_place_cluster_15_grasp_ver3_grasp_ver3,20260312002309,40,2128.0,0.0
2x2_slot_inorder_place_cluster_15_grasp_ver3_grasp_ver3,20260312002315,22,1321.0,0.0
2x2_slot_inorder_place_cluster_15_grasp_ver3_grasp_ver3,20260312002322,35,1976.0,0.0
2x2_slot_inorder_place_cluster_15_grasp_ver3_grasp_ver3,20260312002330,54,2730.0,0.0
2x2_slot_inorder_place_cluster_15_grasp_ver3_grasp_ver3,20260312002344,3,282.0,0.0
2x2_slot_inorder_place_cluster_15_grasp_ver3_grasp_ver3,20260312002347,19,1137.0,0.0
2x2_slot_inorder_place_cluster_15_grasp_ver3_grasp_ver3,20260312002355,27,1552.0,0.0
2x2_slot_inorder_place_cluster_15_grasp_ver3_grasp_ver3,20260312002404,7,532.0,0.0
2x2_slot_inorder_place_cluster_15_grasp_ver3_grasp_ver3,20260312002409,6,396.0,0.0
2x2_slot_inorder_place_cluster_15_grasp_ver3_grasp_ver3,20260312002414,22,1188.0,0.0
2x2_slot_inorder_place_cluster_15_grasp_ver3_grasp_ver3,20260312002417,25,1394.0,0.015625
2x2_slot_inorder_place_cluster_15_grasp_ver3_grasp_ver3,20260312002427,13,627.0,0.0
2x2_slot_inorder_place_cluster_15_grasp_ver3_greedy_ver3,20260312001306,15,827.0,0.0
2x2_slot_inorder_place_cluster_15_grasp_ver3_greedy_ver3,20260312001309,16,809.0,0.0
2x2_slot_inorder_place_cluster_15_grasp_ver3_greedy_ver3,20260312001313,6,460.0,0.015625
2x2_slot_inorder_place_cluster_15_grasp_ver3_greedy_ver3,20260312001317,19,1033.0,0.0
2x2_slot_inorder_place_cluster_15_grasp_ver3_greedy_ver3,20260312001321,6,460.0,0.015625
2x2_slot_inorder_place_cluster_15_grasp_ver3_greedy_ver3,20260312001324,4,282.0,0.0
2x2_slot_inorder_place_cluster_15_grasp_ver3_greedy_ver3,20260312001327,6,460.0,0.0
2x2_slot_inorder_place_cluster_15_grasp_ver3_greedy_ver3,20260312001329,4,284.0,0.0
2x2_slot_inorder_place_cluster_15_grasp_ver3_greedy_ver3,20260312001332,4,270.0,0.0
2x2_slot_inorder_place_cluster_15_grasp_ver3_greedy_ver3,20260312001335,4,304.0,0.0
2x2_slot_inorder_place_cluster_15_grasp_ver3_greedy_ver3,20260312001338,4,294.0,0.0
2x2_slot_inorder_place_cluster_15_grasp_ver3_greedy_ver3,20260312001341,4,304.0,0.015625
2x2_slot_inorder_place_cluster_15_grasp_ver3_greedy_ver3,20260312001344,6,342.0,0.0
2x2_slot_inorder_place_cluster_15_grasp_ver3_greedy_ver3,20260312001347,23,1121.0,0.0
2x2_slot_inorder_place_cluster_15_grasp_ver3_greedy_ver3,20260312001350,4,250.0,0.0
2x2_slot_inorder_place_cluster_15_grasp_ver3_greedy_ver3,20260312001353,6,470.0,0.0
2x2_slot_inorder_place_cluster_15_grasp_ver3_greedy_ver3,20260312001356,13,707.0,0.0
2x2_slot_inorder_place_cluster_15_grasp_ver3_greedy_ver3,20260312001400,13,629.0,0.0
2x2_slot_inorder_place_cluster_15_grasp_ver3_greedy_ver3,20260312001404,35,1990.0,0.015625
2x2_slot_inorder_place_cluster_15_grasp_ver3_greedy_ver3,20260312001407,7,354.0,0.0
2x2_slot_inorder_place_cluster_15_grasp_ver3_greedy_ver3,20260312001413,14,787.0,0.0
2x2_slot_inorder_place_cluster_15_grasp_ver3_greedy_ver3,20260312001419,30,1740.0,0.0
2x2_slot_inorder_place_cluster_15_grasp_ver3_greedy_ver3,20260312001430,57,2803.0,0.0
2x2_slot_inorder_place_cluster_15_grasp_ver3_greedy_ver3,20260312001441,23,1283.0,0.0
2x2_slot_inorder_place_cluster_15_grasp_ver3_greedy_ver3,20260312001453,30,1568.0,0.0
2x2_slot_inorder_place_cluster_15_grasp_ver3_greedy_ver3,20260312001503,12,1121.0,0.0
2x2_slot_inorder_place_cluster_15_grasp_ver3_greedy_ver3,20260312001508,14,1277.0,0.0
2x2_slot_inorder_place_cluster_15_grasp_ver3_greedy_ver3,20260312001511,6,470.0,0.0
2x2_slot_inorder_place_cluster_15_grasp_ver3_greedy_ver3,20260312001515,35,2090.0,0.0
2x2_slot_inorder_place_cluster_15_grasp_ver3_greedy_ver3,20260312001519,34,1754.0,0.015625
2x2_slot_inorder_place_cluster_15_grasp_ver3_greedy_ver3,20260312001523,4,272.0,0.0
2x2_slot_inorder_place_cluster_15_grasp_ver3_greedy_ver3,20260312001526,4,306.0,0.0
2x2_slot_inorder_place_cluster_15_grasp_ver3_greedy_ver3,20260312001528,17,1037.0,0.0
2x2_slot_inorder_place_cluster_15_grasp_ver3_greedy_ver3,20260312001532,8,544.0,0.015625
2x2_slot_inorder_place_cluster_15_grasp_ver3_greedy_ver3,20260312001535,13,657.0,0.0
2x2_slot_inorder_place_cluster_15_grasp_ver3_greedy_ver3,20260312001539,19,1119.0,0.015625
2x2_slot_inorder_place_cluster_15_grasp_ver3_greedy_ver3,20260312001543,8,444.0,0.0
2x2_slot_inorder_place_cluster_15_grasp_ver3_greedy_ver3,20260312001549,43,2336.0,0.0
2x2_slot_inorder_place_cluster_15_grasp_ver3_greedy_ver3,20260312001554,16,1043.0,0.0
2x2_slot_inorder_place_cluster_15_grasp_ver3_greedy_ver3,20260312001559,8,582.0,0.015625
2x2_slot_inorder_place_cluster_15_grasp_ver3_greedy_ver3,20260312001602,4,256.0,0.0
2x2_slot_inorder_place_cluster_15_grasp_ver3_greedy_ver3,20260312001606,6,462.0,0.0
2x2_slot_inorder_place_cluster_15_grasp_ver3_greedy_ver3,20260312001609,17,1017.0,0.015625
2x2_slot_inorder_place_cluster_15_grasp_ver3_greedy_ver3,20260312001611,21,1087.0,0.0
2x2_slot_inorder_place_cluster_15_grasp_ver3_greedy_ver3,20260312001614,22,1141.0,0.0
2x2_slot_inorder_place_cluster_15_grasp_ver3_greedy_ver3,20260312001618,12,679.0,0.0
2x2_slot_inorder_place_cluster_15_grasp_ver3_greedy_ver3,20260312001621,8,504.0,0.0
2x2_slot_inorder_place_cluster_15_grasp_ver3_greedy_ver3,20260312001625,18,893.0,0.0
2x2_slot_inorder_place_cluster_15_grasp_ver3_greedy_ver3,20260312001630,33,1726.0,0.0
2x2_slot_inorder_place_cluster_15_grasp_ver3_greedy_ver3,20260312001635,10,611.0,0.0
2x2_slot_inorder_place_cluster_15_grasp_ver3_greedy_ver3,20260312001640,13,735.0,0.0
2x2_slot_inorder_place_cluster_15_grasp_ver3_greedy_ver3,20260312001644,8,478.0,0.0
2x2_slot_inorder_place_cluster_15_grasp_ver3_greedy_ver3,20260312001647,4,252.0,0.0
2x2_slot_inorder_place_cluster_15_grasp_ver3_greedy_ver3,20260312001652,11,559.0,0.0
2x2_slot_inorder_place_cluster_15_grasp_ver3_greedy_ver3,20260312001656,8,544.0,0.0
2x2_slot_inorder_place_cluster_15_grasp_ver3_greedy_ver3,20260312001701,10,548.0,0.0
2x2_slot_inorder_place_cluster_15_grasp_ver3_greedy_ver3,20260312001707,61,3207.0,0.0
2x2_slot_inorder_place_cluster_15_grasp_ver3_greedy_ver3,20260312001713,19,1139.0,0.0
2x2_slot_inorder_place_cluster_15_grasp_ver3_greedy_ver3,20260312001718,35,1618.0,0.0
2x2_slot_inorder_place_cluster_15_grasp_ver3_greedy_ver3,20260312001727,49,2227.0,0.0
2x2_slot_inorder_place_cluster_15_grasp_ver3_greedy_ver3,20260312001735,31,1850.0,0.0
2x2_slot_inorder_place_cluster_15_grasp_ver3_greedy_ver3,20260312001742,23,1350.0,0.0
2x2_slot_inorder_place_cluster_15_grasp_ver3_greedy_ver3,20260312001747,9,687.0,0.0
2x2_slot_inorder_place_cluster_15_grasp_ver3_greedy_ver3,20260312001751,9,644.0,0.0
2x2_slot_inorder_place_cluster_15_grasp_ver3_greedy_ver3,20260312001754,23,1221.0,0.0
2x2_slot_inorder_place_cluster_15_grasp_ver3_greedy_ver3,20260312001757,8,498.0,0.0
2x2_slot_inorder_place_cluster_15_grasp_ver3_greedy_ver3,20260312001801,25,1653.0,0.015625
2x2_slot_inorder_place_cluster_15_grasp_ver3_greedy_ver3,20260312001806,10,637.0,0.0
2x2_slot_inorder_place_cluster_15_grasp_ver3_greedy_ver3,20260312001808,6,460.0,0.0
2x2_slot_inorder_place_cluster_15_grasp_ver3_greedy_ver3,20260312001812,26,1371.0,0.0
2x2_slot_inorder_place_cluster_15_grasp_ver3_greedy_ver3,20260312001819,31,1662.0,0.0
2x2_slot_inorder_place_cluster_15_grasp_ver3_greedy_ver3,20260312001826,18,1093.0,0.0
2x2_slot_inorder_place_cluster_15_grasp_ver3_greedy_ver3,20260312001830,4,274.0,0.0
2x2_slot_inorder_place_cluster_15_grasp_ver3_greedy_ver3,20260312001832,4,308.0,0.0
2x2_slot_inorder_place_cluster_15_grasp_ver3_greedy_ver3,20260312001835,16,690.0,0.0
2x2_slot_inorder_place_cluster_15_grasp_ver3_greedy_ver3,20260312001838,6,470.0,0.0
2x2_slot_inorder_place_cluster_15_grasp_ver3_greedy_ver3,20260312001841,20,1137.0,0.0
2x2_slot_inorder_place_cluster_15_grasp_ver3_greedy_ver3,20260312001847,34,1818.0,0.0
2x2_slot_inorder_place_cluster_15_grasp_ver3_greedy_ver3,20260312001852,20,1177.0,0.0
2x2_slot_inorder_place_cluster_15_grasp_ver3_greedy_ver3,20260312001856,18,973.0,0.0
2x2_slot_inorder_place_cluster_15_grasp_ver3_greedy_ver3,20260312001859,10,508.0,0.0
2x2_slot_inorder_place_cluster_15_grasp_ver3_greedy_ver3,20260312001902,12,687.0,0.0
2x2_slot_inorder_place_cluster_15_grasp_ver3_greedy_ver3,20260312001905,10,619.0,0.0
2x2_slot_inorder_place_cluster_15_grasp_ver3_greedy_ver3,20260312001909,24,1271.0,0.0
2x2_slot_inorder_place_cluster_15_grasp_ver3_greedy_ver3,20260312001915,37,1956.0,0.0
2x2_slot_inorder_place_cluster_15_grasp_ver3_greedy_ver3,20260312001921,27,1366.0,0.0
2x2_slot_inorder_place_cluster_15_grasp_ver3_greedy_ver3,20260312001925,14,973.0,0.0
2x2_slot_inorder_place_cluster_15_grasp_ver3_greedy_ver3,20260312001930,19,1131.0,0.0
2x2_slot_inorder_place_cluster_15_grasp_ver3_greedy_ver3,20260312001937,17,1065.0,0.0
2x2_slot_inorder_place_cluster_15_grasp_ver3_greedy_ver3,20260312001943,11,663.0,0.0
2x2_slot_inorder_place_cluster_15_grasp_ver3_greedy_ver3,20260312001947,37,1994.0,0.0
2x2_slot_inorder_place_cluster_15_grasp_ver3_greedy_ver3,20260312001951,6,470.0,0.0
2x2_slot_inorder_place_cluster_15_grasp_ver3_greedy_ver3,20260312001954,6,424.0,0.0
2x2_slot_inorder_place_cluster_15_grasp_ver3_greedy_ver3,20260312001959,20,1035.0,0.0
2x2_slot_inorder_place_cluster_15_grasp_ver3_greedy_ver3,20260312002005,21,1123.0,0.0
2x2_slot_inorder_place_cluster_15_grasp_ver3_greedy_ver3,20260312002010,16,983.0,0.0
2x2_slot_inorder_place_cluster_15_grasp_ver3_greedy_ver3,20260312002015,21,1159.0,0.0
2x2_slot_inorder_place_cluster_15_grasp_ver3_greedy_ver3,20260312002021,4,284.0,0.0
2x2_slot_inorder_place_cluster_15_grasp_ver3_greedy_ver3,20260312002025,21,1133.0,0.0
2x2_slot_inorder_place_cluster_15_grasp_ver3_greedy_ver3,20260312002032,16,771.0,0.0
2x2_slot_inorder_place_cluster_15_grasp_ver3_greedy_ver3,20260312002038,37,1926.0,0.0
2x2_slot_inorder_place_cluster_15_grasp_ver3_greedy_ver3,20260312002044,25,1366.0,0.0
2x2_slot_inorder_place_cluster_15_grasp_ver3_greedy_ver3,20260312002050,17,849.0,0.0
2x2_slot_inorder_place_cluster_15_grasp_ver3_greedy_ver3,20260312002058,42,2060.0,0.0
2x2_slot_inorder_place_cluster_15_grasp_ver3_greedy_ver3,20260312002107,30,1460.0,0.0
2x2_slot_inorder_place_cluster_15_grasp_ver3_greedy_ver3,20260312002112,29,1586.0,0.0
2x2_slot_inorder_place_cluster_15_grasp_ver3_greedy_ver3,20260312002118,27,1388.0,0.0
2x2_slot_inorder_place_cluster_15_grasp_ver3_greedy_ver3,20260312002126,17,903.0,0.0
2x2_slot_inorder_place_cluster_15_grasp_ver3_greedy_ver3,20260312002131,33,1854.0,0.0
2x2_slot_inorder_place_cluster_15_grasp_ver3_greedy_ver3,20260312002136,23,1400.0,0.0
2x2_slot_inorder_place_cluster_15_grasp_ver3_greedy_ver3,20260312002142,8,502.0,0.0
2x2_slot_inorder_place_cluster_15_grasp_ver3_greedy_ver3,20260312002147,33,2154.0,0.0
2x2_slot_inorder_place_cluster_15_grasp_ver3_greedy_ver3,20260312002152,15,729.0,0.0
2x2_slot_inorder_place_cluster_15_grasp_ver3_greedy_ver3,20260312002158,18,1185.0,0.0
2x2_slot_inorder_place_cluster_15_grasp_ver3_greedy_ver3,20260312002205,17,845.0,0.0
2x2_slot_inorder_place_cluster_15_grasp_ver3_greedy_ver3,20260312002211,16,817.0,0.0
2x2_slot_inorder_place_cluster_15_grasp_ver3_greedy_ver3,20260312002217,14,708.0,0.015625
2x2_slot_inorder_place_cluster_15_grasp_ver3_greedy_ver3,20260312002222,29,1484.0,0.0
2x2_slot_inorder_place_cluster_15_grasp_ver3_greedy_ver3,20260312002228,20,1059.0,0.0
2x2_slot_inorder_place_cluster_15_grasp_ver3_greedy_ver3,20260312002233,10,573.0,0.0
2x2_slot_inorder_place_cluster_15_grasp_ver3_greedy_ver3,20260312002238,8,448.0,0.0
2x2_slot_inorder_place_cluster_15_grasp_ver3_greedy_ver3,20260312002243,21,1251.0,0.0
2x2_slot_inorder_place_cluster_15_grasp_ver3_greedy_ver3,20260312002251,28,1370.0,0.0
2x2_slot_inorder_place_cluster_15_grasp_ver3_greedy_ver3,20260312002300,34,1670.0,0.0
2x2_slot_inorder_place_cluster_15_grasp_ver3_greedy_ver3,20260312002306,15,781.0,0.0
2x2_slot_inorder_place_cluster_15_grasp_ver3_greedy_ver3,20260312002312,39,1992.0,0.0
2x2_slot_inorder_place_cluster_15_grasp_ver3_greedy_ver3,20260312002319,39,1914.0,0.0
2x2_slot_inorder_place_cluster_15_grasp_ver3_greedy_ver3,20260312002326,30,1696.0,0.0
2x2_slot_inorder_place_cluster_15_grasp_ver3_greedy_ver3,20260312002337,58,2742.0,0.0
2x2_slot_inorder_place_cluster_15_grasp_ver3_greedy_ver3,20260312002345,4,282.0,0.0
2x2_slot_inorder_place_cluster_15_grasp_ver3_greedy_ver3,20260312002350,31,1666.0,0.0
2x2_slot_inorder_place_cluster_15_grasp_ver3_greedy_ver3,20260312002359,27,1284.0,0.0
2x2_slot_inorder_place_cluster_15_grasp_ver3_greedy_ver3,20260312002406,35,1832.0,0.015625
2x2_slot_inorder_place_cluster_15_grasp_ver3_greedy_ver3,20260312002411,23,1230.0,0.0
2x2_slot_inorder_place_cluster_15_grasp_ver3_greedy_ver3,20260312002415,6,458.0,0.0
2x2_slot_inorder_place_cluster_15_grasp_ver3_greedy_ver3,20260312002422,44,2276.0,0.0
2x2_slot_inorder_place_cluster_15_grasp_ver3_greedy_ver3,20260312002429,26,1455.0,0.0
2x2_slot_inorder_place_cluster_15_greedy_ver3_grasp_ver3,20260312000223,4,292.0,0.0
2x2_slot_inorder_place_cluster_15_greedy_ver3_grasp_ver3,20260312000225,4,302.0,0.0
2x2_slot_inorder_place_cluster_15_greedy_ver3_grasp_ver3,20260312000227,4,292.0,0.0
2x2_slot_inorder_place_cluster_15_greedy_ver3_grasp_ver3,20260312000230,8,516.0,0.0
2x2_slot_inorder_place_cluster_15_greedy_ver3_grasp_ver3,20260312000232,28,1337.0,0.0
2x2_slot_inorder_place_cluster_15_greedy_ver3_grasp_ver3,20260312000236,3,306.0,0.0
2x2_slot_inorder_place_cluster_15_greedy_ver3_grasp_ver3,20260312000238,28,1414.0,0.0
2x2_slot_inorder_place_cluster_15_greedy_ver3_grasp_ver3,20260312000241,3,304.0,0.0
2x2_slot_inorder_place_cluster_15_greedy_ver3_grasp_ver3,20260312000243,17,901.0,0.0
2x2_slot_inorder_place_cluster_15_greedy_ver3_grasp_ver3,20260312000247,6,490.0,0.0
2x2_slot_inorder_place_cluster_15_greedy_ver3_grasp_ver3,20260312000249,7,370.0,0.0
2x2_slot_inorder_place_cluster_15_greedy_ver3_grasp_ver3,20260312000251,6,490.0,0.0
2x2_slot_inorder_place_cluster_15_greedy_ver3_grasp_ver3,20260312000254,8,574.0,0.015625
2x2_slot_inorder_place_cluster_15_greedy_ver3_grasp_ver3,20260312000257,17,940.0,0.0
2x2_slot_inorder_place_cluster_15_greedy_ver3_grasp_ver3,20260312000301,13,759.0,0.0
2x2_slot_inorder_place_cluster_15_greedy_ver3_grasp_ver3,20260312000304,2,266.0,0.0
2x2_slot_inorder_place_cluster_15_greedy_ver3_grasp_ver3,20260312000307,6,374.0,0.0
2x2_slot_inorder_place_cluster_15_greedy_ver3_grasp_ver3,20260312000310,27,1500.0,0.015625
2x2_slot_inorder_place_cluster_15_greedy_ver3_grasp_ver3,20260312000314,33,1788.0,0.0
2x2_slot_inorder_place_cluster_15_greedy_ver3_grasp_ver3,20260312000318,10,641.0,0.0
2x2_slot_inorder_place_cluster_15_greedy_ver3_grasp_ver3,20260312000323,28,1464.0,0.0
2x2_slot_inorder_place_cluster_15_greedy_ver3_grasp_ver3,20260312000329,13,699.0,0.0
2x2_slot_inorder_place_cluster_15_greedy_ver3_grasp_ver3,20260312000333,48,2418.0,0.0
2x2_slot_inorder_place_cluster_15_greedy_ver3_grasp_ver3,20260312000345,62,3104.0,0.0
2x2_slot_inorder_place_cluster_15_greedy_ver3_grasp_ver3,20260312000358,12,571.0,0.0
2x2_slot_inorder_place_cluster_15_greedy_ver3_grasp_ver3,20260312000403,13,729.0,0.0
2x2_slot_inorder_place_cluster_15_greedy_ver3_grasp_ver3,20260312000405,23,1135.0,0.0
2x2_slot_inorder_place_cluster_15_greedy_ver3_grasp_ver3,20260312000408,6,502.0,0.0
2x2_slot_inorder_place_cluster_15_greedy_ver3_grasp_ver3,20260312000411,7,448.0,0.0
2x2_slot_inorder_place_cluster_15_greedy_ver3_grasp_ver3,20260312000415,4,302.0,0.0
2x2_slot_inorder_place_cluster_15_greedy_ver3_grasp_ver3,20260312000417,10,645.0,0.015625
2x2_slot_inorder_place_cluster_15_greedy_ver3_grasp_ver3,20260312000420,6,490.0,0.0
2x2_slot_inorder_place_cluster_15_greedy_ver3_grasp_ver3,20260312000423,29,1612.0,0.0
2x2_slot_inorder_place_cluster_15_greedy_ver3_grasp_ver3,20260312000426,2,264.0,0.0
2x2_slot_inorder_place_cluster_15_greedy_ver3_grasp_ver3,20260312000429,6,456.0,0.0
2x2_slot_inorder_place_cluster_15_greedy_ver3_grasp_ver3,20260312000433,8,828.0,0.0
2x2_slot_inorder_place_cluster_15_greedy_ver3_grasp_ver3,20260312000436,12,807.0,0.0
2x2_slot_inorder_place_cluster_15_greedy_ver3_grasp_ver3,20260312000439,13,712.0,0.0
2x2_slot_inorder_place_cluster_15_greedy_ver3_grasp_ver3,20260312000443,15,1739.0,0.0
2x2_slot_inorder_place_cluster_15_greedy_ver3_grasp_ver3,20260312000447,21,1127.0,0.0
2x2_slot_inorder_place_cluster_15_greedy_ver3_grasp_ver3,20260312000452,2,264.0,0.0
2x2_slot_inorder_place_cluster_15_greedy_ver3_grasp_ver3,20260312000455,2,250.0,0.0
2x2_slot_inorder_place_cluster_15_greedy_ver3_grasp_ver3,20260312000458,33,1590.0,0.0
2x2_slot_inorder_place_cluster_15_greedy_ver3_grasp_ver3,20260312000501,34,1708.0,0.0
2x2_slot_inorder_place_cluster_15_greedy_ver3_grasp_ver3,20260312000504,9,677.0,0.0
2x2_slot_inorder_place_cluster_15_greedy_ver3_grasp_ver3,20260312000507,3,292.0,0.0
2x2_slot_inorder_place_cluster_15_greedy_ver3_grasp_ver3,20260312000509,15,901.0,0.0
2x2_slot_inorder_place_cluster_15_greedy_ver3_grasp_ver3,20260312000513,17,875.0,0.0
2x2_slot_inorder_place_cluster_15_greedy_ver3_grasp_ver3,20260312000516,11,739.0,0.0
2x2_slot_inorder_place_cluster_15_greedy_ver3_grasp_ver3,20260312000520,24,1309.0,0.0
2x2_slot_inorder_place_cluster_15_greedy_ver3_grasp_ver3,20260312000524,45,2353.0,0.0
2x2_slot_inorder_place_cluster_15_greedy_ver3_grasp_ver3,20260312000529,4,298.0,0.0
2x2_slot_inorder_place_cluster_15_greedy_ver3_grasp_ver3,20260312000532,10,539.0,0.0
2x2_slot_inorder_place_cluster_15_greedy_ver3_grasp_ver3,20260312000537,46,2012.0,0.0
2x2_slot_inorder_place_cluster_15_greedy_ver3_grasp_ver3,20260312000539,5,326.0,0.0
2x2_slot_inorder_place_cluster_15_greedy_ver3_grasp_ver3,20260312000543,7,500.0,0.0
2x2_slot_inorder_place_cluster_15_greedy_ver3_grasp_ver3,20260312000547,16,903.0,0.0
2x2_slot_inorder_place_cluster_15_greedy_ver3_grasp_ver3,20260312000553,22,1331.0,0.0
2x2_slot_inorder_place_cluster_15_greedy_ver3_grasp_ver3,20260312000601,42,2192.0,0.0
2x2_slot_inorder_place_cluster_15_greedy_ver3_grasp_ver3,20260312000611,19,1209.0,0.0
2x2_slot_inorder_place_cluster_15_greedy_ver3_grasp_ver3,20260312000617,23,1339.0,0.015625
2x2_slot_inorder_place_cluster_15_greedy_ver3_grasp_ver3,20260312000624,37,2072.0,0.0
2x2_slot_inorder_place_cluster_15_greedy_ver3_grasp_ver3,20260312000632,9,717.0,0.0
2x2_slot_inorder_place_cluster_15_greedy_ver3_grasp_ver3,20260312000635,8,546.0,0.0
2x2_slot_inorder_place_cluster_15_greedy_ver3_grasp_ver3,20260312000639,14,873.0,0.0
2x2_slot_inorder_place_cluster_15_greedy_ver3_grasp_ver3,20260312000643,9,669.0,0.0
2x2_slot_inorder_place_cluster_15_greedy_ver3_grasp_ver3,20260312000645,12,843.0,0.0
2x2_slot_inorder_place_cluster_15_greedy_ver3_grasp_ver3,20260312000649,11,745.0,0.0
2x2_slot_inorder_place_cluster_15_greedy_ver3_grasp_ver3,20260312000653,13,795.0,0.0
2x2_slot_inorder_place_cluster_15_greedy_ver3_grasp_ver3,20260312000657,30,1636.0,0.0
2x2_slot_inorder_place_cluster_15_greedy_ver3_grasp_ver3,20260312000703,29,1370.0,0.0
2x2_slot_inorder_place_cluster_15_greedy_ver3_grasp_ver3,20260312000713,14,825.0,0.0
2x2_slot_inorder_place_cluster_15_greedy_ver3_grasp_ver3,20260312000718,2,250.0,0.0
2x2_slot_inorder_place_cluster_15_greedy_ver3_grasp_ver3,20260312000721,5,326.0,0.0
2x2_slot_inorder_place_cluster_15_greedy_ver3_grasp_ver3,20260312000725,47,2334.0,0.0
2x2_slot_inorder_place_cluster_15_greedy_ver3_grasp_ver3,20260312000728,10,659.0,0.015625
2x2_slot_inorder_place_cluster_15_greedy_ver3_grasp_ver3,20260312000732,6,480.0,0.0
2x2_slot_inorder_place_cluster_15_greedy_ver3_grasp_ver3,20260312000734,16,1127.0,0.0
2x2_slot_inorder_place_cluster_15_greedy_ver3_grasp_ver3,20260312000739,16,843.0,0.0
2x2_slot_inorder_place_cluster_15_greedy_ver3_grasp_ver3,20260312000745,10,829.0,0.0
2x2_slot_inorder_place_cluster_15_greedy_ver3_grasp_ver3,20260312000749,6,484.0,0.0
2x2_slot_inorder_place_cluster_15_greedy_ver3_grasp_ver3,20260312000752,6,448.0,0.0
2x2_slot_inorder_place_cluster_15_greedy_ver3_grasp_ver3,20260312000756,5,338.0,0.0
2x2_slot_inorder_place_cluster_15_greedy_ver3_grasp_ver3,20260312000759,2,262.0,0.0
2x2_slot_inorder_place_cluster_15_greedy_ver3_grasp_ver3,20260312000802,6,490.0,0.0
2x2_slot_inorder_place_cluster_15_greedy_ver3_grasp_ver3,20260312000805,10,705.0,0.0
2x2_slot_inorder_place_cluster_15_greedy_ver3_grasp_ver3,20260312000809,17,1051.0,0.0
2x2_slot_inorder_place_cluster_15_greedy_ver3_grasp_ver3,20260312000813,27,1604.0,0.0
2x2_slot_inorder_place_cluster_15_greedy_ver3_grasp_ver3,20260312000823,27,1650.0,0.0
2x2_slot_inorder_place_cluster_15_greedy_ver3_grasp_ver3,20260312000829,25,1617.0,0.0
2x2_slot_inorder_place_cluster_15_greedy_ver3_grasp_ver3,20260312000834,6,480.0,0.0
2x2_slot_inorder_place_cluster_15_greedy_ver3_grasp_ver3,20260312000837,10,657.0,0.0
2x2_slot_inorder_place_cluster_15_greedy_ver3_grasp_ver3,20260312000841,5,320.0,0.0
2x2_slot_inorder_place_cluster_15_greedy_ver3_grasp_ver3,20260312000845,8,570.0,0.0
2x2_slot_inorder_place_cluster_15_greedy_ver3_grasp_ver3,20260312000849,26,1331.0,0.0
2x2_slot_inorder_place_cluster_15_greedy_ver3_grasp_ver3,20260312000855,11,669.0,0.0
2x2_slot_inorder_place_cluster_15_greedy_ver3_grasp_ver3,20260312000858,20,1189.0,0.0
2x2_slot_inorder_place_cluster_15_greedy_ver3_grasp_ver3,20260312000903,10,607.0,0.0
2x2_slot_inorder_place_cluster_15_greedy_ver3_grasp_ver3,20260312000906,18,1117.0,0.0
2x2_slot_inorder_place_cluster_15_greedy_ver3_grasp_ver3,20260312000911,28,1419.0,0.0
2x2_slot_inorder_place_cluster_15_greedy_ver3_grasp_ver3,20260312000919,19,1077.0,0.0
2x2_slot_inorder_place_cluster_15_greedy_ver3_grasp_ver3,20260312000923,24,1357.0,0.0
2x2_slot_inorder_place_cluster_15_greedy_ver3_grasp_ver3,20260312000928,19,1043.0,0.0
2x2_slot_inorder_place_cluster_15_greedy_ver3_grasp_ver3,20260312000933,29,1416.0,0.0
2x2_slot_inorder_place_cluster_15_greedy_ver3_grasp_ver3,20260312000942,15,959.0,0.0
2x2_slot_inorder_place_cluster_15_greedy_ver3_grasp_ver3,20260312000948,7,516.0,0.0
2x2_slot_inorder_place_cluster_15_greedy_ver3_grasp_ver3,20260312000951,17,1037.0,0.0
2x2_slot_inorder_place_cluster_15_greedy_ver3_grasp_ver3,20260312000958,19,1147.0,0.0
2x2_slot_inorder_place_cluster_15_greedy_ver3_grasp_ver3,20260312001003,34,1710.0,0.0
2x2_slot_inorder_place_cluster_15_greedy_ver3_grasp_ver3,20260312001008,34,1634.0,0.0
2x2_slot_inorder_place_cluster_15_greedy_ver3_grasp_ver3,20260312001014,6,454.0,0.0
2x2_slot_inorder_place_cluster_15_greedy_ver3_grasp_ver3,20260312001017,22,1184.0,0.0
2x2_slot_inorder_place_cluster_15_greedy_ver3_grasp_ver3,20260312001022,17,1361.0,0.0
2x2_slot_inorder_place_cluster_15_greedy_ver3_grasp_ver3,20260312001027,17,1155.0,0.0
2x2_slot_inorder_place_cluster_15_greedy_ver3_grasp_ver3,20260312001033,11,661.0,0.0
2x2_slot_inorder_place_cluster_15_greedy_ver3_grasp_ver3,20260312001039,20,1077.0,0.0
2x2_slot_inorder_place_cluster_15_greedy_ver3_grasp_ver3,20260312001044,11,683.0,0.0
2x2_slot_inorder_place_cluster_15_greedy_ver3_grasp_ver3,20260312001049,28,1530.0,0.015625
2x2_slot_inorder_place_cluster_15_greedy_ver3_grasp_ver3,20260312001053,46,2483.0,0.0
2x2_slot_inorder_place_cluster_15_greedy_ver3_grasp_ver3,20260312001058,9,582.0,0.0
2x2_slot_inorder_place_cluster_15_greedy_ver3_grasp_ver3,20260312001102,5,300.0,0.0
2x2_slot_inorder_place_cluster_15_greedy_ver3_grasp_ver3,20260312001107,15,1027.0,0.0
2x2_slot_inorder_place_cluster_15_greedy_ver3_grasp_ver3,20260312001112,28,1546.0,0.015625
2x2_slot_inorder_place_cluster_15_greedy_ver3_grasp_ver3,20260312001123,20,1219.0,0.0
2x2_slot_inorder_place_cluster_15_greedy_ver3_grasp_ver3,20260312001129,14,688.0,0.0
2x2_slot_inorder_place_cluster_15_greedy_ver3_grasp_ver3,20260312001135,35,1817.0,0.015625
2x2_slot_inorder_place_cluster_15_greedy_ver3_grasp_ver3,20260312001141,25,1436.0,0.0
2x2_slot_inorder_place_cluster_15_greedy_ver3_grasp_ver3,20260312001149,24,1487.0,0.0
2x2_slot_inorder_place_cluster_15_greedy_ver3_grasp_ver3,20260312001158,49,2238.0,0.0
2x2_slot_inorder_place_cluster_15_greedy_ver3_grasp_ver3,20260312001211,2,242.0,0.0
2x2_slot_inorder_place_cluster_15_greedy_ver3_grasp_ver3,20260312001214,13,865.0,0.0
2x2_slot_inorder_place_cluster_15_greedy_ver3_grasp_ver3,20260312001219,43,2254.0,0.0
2x2_slot_inorder_place_cluster_15_greedy_ver3_grasp_ver3,20260312001229,7,490.0,0.0
2x2_slot_inorder_place_cluster_15_greedy_ver3_grasp_ver3,20260312001233,6,396.0,0.0
2x2_slot_inorder_place_cluster_15_greedy_ver3_grasp_ver3,20260312001238,27,1509.0,0.0
2x2_slot_inorder_place_cluster_15_greedy_ver3_grasp_ver3,20260312001242,23,1362.0,0.0
2x2_slot_inorder_place_cluster_15_greedy_ver3_grasp_ver3,20260312001252,23,1243.0,0.0
2x2_slot_inorder_place_cluster_15_greedy_ver3_greedy_ver3,20260312000224,21,1177.0,0.0
2x2_slot_inorder_place_cluster_15_greedy_ver3_greedy_ver3,20260312000226,20,1115.0,0.0
2x2_slot_inorder_place_cluster_15_greedy_ver3_greedy_ver3,20260312000229,4,254.0,0.0
2x2_slot_inorder_place_cluster_15_greedy_ver3_greedy_ver3,20260312000231,4,282.0,0.0
2x2_slot_inorder_place_cluster_15_greedy_ver3_greedy_ver3,20260312000234,8,484.0,0.0
2x2_slot_inorder_place_cluster_15_greedy_ver3_greedy_ver3,20260312000237,4,306.0,0.0
2x2_slot_inorder_place_cluster_15_greedy_ver3_greedy_ver3,20260312000239,4,292.0,0.0
2x2_slot_inorder_place_cluster_15_greedy_ver3_greedy_ver3,20260312000242,4,304.0,0.0
2x2_slot_inorder_place_cluster_15_greedy_ver3_greedy_ver3,20260312000245,16,987.0,0.0
2x2_slot_inorder_place_cluster_15_greedy_ver3_greedy_ver3,20260312000248,11,677.0,0.0
2x2_slot_inorder_place_cluster_15_greedy_ver3_greedy_ver3,20260312000250,25,1151.0,0.0
2x2_slot_inorder_place_cluster_15_greedy_ver3_greedy_ver3,20260312000252,20,1127.0,0.0
2x2_slot_inorder_place_cluster_15_greedy_ver3_greedy_ver3,20260312000255,24,1227.0,0.0
2x2_slot_inorder_place_cluster_15_greedy_ver3_greedy_ver3,20260312000259,17,895.0,0.0
2x2_slot_inorder_place_cluster_15_greedy_ver3_greedy_ver3,20260312000302,4,248.0,0.0
2x2_slot_inorder_place_cluster_15_greedy_ver3_greedy_ver3,20260312000305,4,238.0,0.0
2x2_slot_inorder_place_cluster_15_greedy_ver3_greedy_ver3,20260312000309,6,404.0,0.0
2x2_slot_inorder_place_cluster_15_greedy_ver3_greedy_ver3,20260312000312,8,498.0,0.0
2x2_slot_inorder_place_cluster_15_greedy_ver3_greedy_ver3,20260312000316,11,565.0,0.0
2x2_slot_inorder_place_cluster_15_greedy_ver3_greedy_ver3,20260312000320,9,596.0,0.0
2x2_slot_inorder_place_cluster_15_greedy_ver3_greedy_ver3,20260312000326,15,927.0,0.0
2x2_slot_inorder_place_cluster_15_greedy_ver3_greedy_ver3,20260312000331,42,2232.0,0.0
2x2_slot_inorder_place_cluster_15_greedy_ver3_greedy_ver3,20260312000339,43,2138.0,0.0
2x2_slot_inorder_place_cluster_15_greedy_ver3_greedy_ver3,20260312000351,66,3052.0,0.0
2x2_slot_inorder_place_cluster_15_greedy_ver3_greedy_ver3,20260312000400,18,943.0,0.0
2x2_slot_inorder_place_cluster_15_greedy_ver3_greedy_ver3,20260312000404,4,306.0,0.0
2x2_slot_inorder_place_cluster_15_greedy_ver3_greedy_ver3,20260312000407,4,298.0,0.0
2x2_slot_inorder_place_cluster_15_greedy_ver3_greedy_ver3,20260312000409,35,1764.0,0.0
2x2_slot_inorder_place_cluster_15_greedy_ver3_greedy_ver3,20260312000413,8,490.0,0.0
2x2_slot_inorder_place_cluster_15_greedy_ver3_greedy_ver3,20260312000416,15,909.0,0.0
2x2_slot_inorder_place_cluster_15_greedy_ver3_greedy_ver3,20260312000418,10,605.0,0.0
2x2_slot_inorder_place_cluster_15_greedy_ver3_greedy_ver3,20260312000421,13,841.0,0.0
2x2_slot_inorder_place_cluster_15_greedy_ver3_greedy_ver3,20260312000424,8,526.0,0.0
2x2_slot_inorder_place_cluster_15_greedy_ver3_greedy_ver3,20260312000427,23,1283.0,0.0
2x2_slot_inorder_place_cluster_15_greedy_ver3_greedy_ver3,20260312000430,26,1439.0,0.0
2x2_slot_inorder_place_cluster_15_greedy_ver3_greedy_ver3,20260312000434,8,798.0,0.0
2x2_slot_inorder_place_cluster_15_greedy_ver3_greedy_ver3,20260312000438,12,767.0,0.0
2x2_slot_inorder_place_cluster_15_greedy_ver3_greedy_ver3,20260312000441,11,558.0,0.0
2x2_slot_inorder_place_cluster_15_greedy_ver3_greedy_ver3,20260312000445,15,1699.0,0.0
2x2_slot_inorder_place_cluster_15_greedy_ver3_greedy_ver3,20260312000450,29,1672.0,0.0
2x2_slot_inorder_place_cluster_15_greedy_ver3_greedy_ver3,20260312000454,26,1531.0,0.015625
2x2_slot_inorder_place_cluster_15_greedy_ver3_greedy_ver3,20260312000456,4,242.0,0.0
2x2_slot_inorder_place_cluster_15_greedy_ver3_greedy_ver3,20260312000500,8,542.0,0.0
2x2_slot_inorder_place_cluster_15_greedy_ver3_greedy_ver3,20260312000503,6,464.0,0.0
2x2_slot_inorder_place_cluster_15_greedy_ver3_greedy_ver3,20260312000505,10,639.0,0.0
2x2_slot_inorder_place_cluster_15_greedy_ver3_greedy_ver3,20260312000508,4,292.0,0.0
2x2_slot_inorder_place_cluster_15_greedy_ver3_greedy_ver3,20260312000511,15,953.0,0.0
2x2_slot_inorder_place_cluster_15_greedy_ver3_greedy_ver3,20260312000515,19,929.0,0.0
2x2_slot_inorder_place_cluster_15_greedy_ver3_greedy_ver3,20260312000518,24,1274.0,0.0
2x2_slot_inorder_place_cluster_15_greedy_ver3_greedy_ver3,20260312000522,24,1142.0,0.0
2x2_slot_inorder_place_cluster_15_greedy_ver3_greedy_ver3,20260312000527,46,2453.0,0.0
2x2_slot_inorder_place_cluster_15_greedy_ver3_greedy_ver3,20260312000530,8,478.0,0.0
2x2_slot_inorder_place_cluster_15_greedy_ver3_greedy_ver3,20260312000534,30,1500.0,0.0
2x2_slot_inorder_place_cluster_15_greedy_ver3_greedy_ver3,20260312000538,4,228.0,0.0
2x2_slot_inorder_place_cluster_15_greedy_ver3_greedy_ver3,20260312000541,8,424.0,0.0
2x2_slot_inorder_place_cluster_15_greedy_ver3_greedy_ver3,20260312000545,8,470.0,0.0
2x2_slot_inorder_place_cluster_15_greedy_ver3_greedy_ver3,20260312000550,19,997.0,0.0
2x2_slot_inorder_place_cluster_15_greedy_ver3_greedy_ver3,20260312000556,29,1382.0,0.0
2x2_slot_inorder_place_cluster_15_greedy_ver3_greedy_ver3,20260312000605,59,2626.0,0.0
2x2_slot_inorder_place_cluster_15_greedy_ver3_greedy_ver3,20260312000613,25,1373.0,0.0
2x2_slot_inorder_place_cluster_15_greedy_ver3_greedy_ver3,20260312000620,26,1337.0,0.0
2x2_slot_inorder_place_cluster_15_greedy_ver3_greedy_ver3,20260312000627,32,1888.0,0.0
2x2_slot_inorder_place_cluster_15_greedy_ver3_greedy_ver3,20260312000633,9,687.0,0.0
2x2_slot_inorder_place_cluster_15_greedy_ver3_greedy_ver3,20260312000637,8,506.0,0.0
2x2_slot_inorder_place_cluster_15_greedy_ver3_greedy_ver3,20260312000640,17,1005.0,0.0
2x2_slot_inorder_place_cluster_15_greedy_ver3_greedy_ver3,20260312000644,10,645.0,0.0
2x2_slot_inorder_place_cluster_15_greedy_ver3_greedy_ver3,20260312000647,13,801.0,0.0
2x2_slot_inorder_place_cluster_15_greedy_ver3_greedy_ver3,20260312000651,14,777.0,0.0
2x2_slot_inorder_place_cluster_15_greedy_ver3_greedy_ver3,20260312000655,8,460.0,0.0
2x2_slot_inorder_place_cluster_15_greedy_ver3_greedy_ver3,20260312000700,34,1948.0,0.0
2x2_slot_inorder_place_cluster_15_greedy_ver3_greedy_ver3,20260312000708,33,1696.0,0.0
2x2_slot_inorder_place_cluster_15_greedy_ver3_greedy_ver3,20260312000715,18,1143.0,0.0
2x2_slot_inorder_place_cluster_15_greedy_ver3_greedy_ver3,20260312000720,4,228.0,0.0
2x2_slot_inorder_place_cluster_15_greedy_ver3_greedy_ver3,20260312000723,6,444.0,0.0
2x2_slot_inorder_place_cluster_15_greedy_ver3_greedy_ver3,20260312000727,8,492.0,0.0
2x2_slot_inorder_place_cluster_15_greedy_ver3_greedy_ver3,20260312000730,10,683.0,0.0
2x2_slot_inorder_place_cluster_15_greedy_ver3_greedy_ver3,20260312000733,6,460.0,0.0
2x2_slot_inorder_place_cluster_15_greedy_ver3_greedy_ver3,20260312000737,15,827.0,0.0
2x2_slot_inorder_place_cluster_15_greedy_ver3_greedy_ver3,20260312000742,20,1299.0,0.0
2x2_slot_inorder_place_cluster_15_greedy_ver3_greedy_ver3,20260312000747,10,819.0,0.0
2x2_slot_inorder_place_cluster_15_greedy_ver3_greedy_ver3,20260312000751,14,867.0,0.0
2x2_slot_inorder_place_cluster_15_greedy_ver3_greedy_ver3,20260312000754,7,418.0,0.0
2x2_slot_inorder_place_cluster_15_greedy_ver3_greedy_ver3,20260312000758,18,987.0,0.0
2x2_slot_inorder_place_cluster_15_greedy_ver3_greedy_ver3,20260312000801,11,593.0,0.0
2x2_slot_inorder_place_cluster_15_greedy_ver3_greedy_ver3,20260312000804,10,711.0,0.0
2x2_slot_inorder_place_cluster_15_greedy_ver3_greedy_ver3,20260312000807,17,937.0,0.0
2x2_slot_inorder_place_cluster_15_greedy_ver3_greedy_ver3,20260312000811,20,1071.0,0.0
2x2_slot_inorder_place_cluster_15_greedy_ver3_greedy_ver3,20260312000818,39,1906.0,0.0
2x2_slot_inorder_place_cluster_15_greedy_ver3_greedy_ver3,20260312000826,21,1195.0,0.0
2x2_slot_inorder_place_cluster_15_greedy_ver3_greedy_ver3,20260312000832,18,997.0,0.0
2x2_slot_inorder_place_cluster_15_greedy_ver3_greedy_ver3,20260312000836,22,1445.0,0.0
2x2_slot_inorder_place_cluster_15_greedy_ver3_greedy_ver3,20260312000839,14,897.0,0.0
2x2_slot_inorder_place_cluster_15_greedy_ver3_greedy_ver3,20260312000843,6,344.0,0.0
2x2_slot_inorder_place_cluster_15_greedy_ver3_greedy_ver3,20260312000847,7,436.0,0.0
2x2_slot_inorder_place_cluster_15_greedy_ver3_greedy_ver3,20260312000852,30,1510.0,0.0
2x2_slot_inorder_place_cluster_15_greedy_ver3_greedy_ver3,20260312000857,16,959.0,0.0
2x2_slot_inorder_place_cluster_15_greedy_ver3_greedy_ver3,20260312000901,12,659.0,0.0
2x2_slot_inorder_place_cluster_15_greedy_ver3_greedy_ver3,20260312000905,6,438.0,0.0
2x2_slot_inorder_place_cluster_15_greedy_ver3_greedy_ver3,20260312000909,33,1902.0,0.0
2x2_slot_inorder_place_cluster_15_greedy_ver3_greedy_ver3,20260312000915,44,2150.0,0.0
2x2_slot_inorder_place_cluster_15_greedy_ver3_greedy_ver3,20260312000921,19,1043.0,0.0
2x2_slot_inorder_place_cluster_15_greedy_ver3_greedy_ver3,20260312000925,26,1411.0,0.015625
2x2_slot_inorder_place_cluster_15_greedy_ver3_greedy_ver3,20260312000930,14,825.0,0.0
2x2_slot_inorder_place_cluster_15_greedy_ver3_greedy_ver3,20260312000937,47,2312.0,0.0
2x2_slot_inorder_place_cluster_15_greedy_ver3_greedy_ver3,20260312000945,28,1387.0,0.0
2x2_slot_inorder_place_cluster_15_greedy_ver3_greedy_ver3,20260312000950,24,1469.0,0.0
2x2_slot_inorder_place_cluster_15_greedy_ver3_greedy_ver3,20260312000954,25,1386.0,0.0
2x2_slot_inorder_place_cluster_15_greedy_ver3_greedy_ver3,20260312001001,15,851.0,0.0
2x2_slot_inorder_place_cluster_15_greedy_ver3_greedy_ver3,20260312001005,12,547.0,0.0
2x2_slot_inorder_place_cluster_15_greedy_ver3_greedy_ver3,20260312001010,32,1748.0,0.0
2x2_slot_inorder_place_cluster_15_greedy_ver3_greedy_ver3,20260312001015,14,687.0,0.0
2x2_slot_inorder_place_cluster_15_greedy_ver3_greedy_ver3,20260312001020,31,1732.0,0.0
2x2_slot_inorder_place_cluster_15_greedy_ver3_greedy_ver3,20260312001025,17,1161.0,0.0
2x2_slot_inorder_place_cluster_15_greedy_ver3_greedy_ver3,20260312001030,17,827.0,0.0
2x2_slot_inorder_place_cluster_15_greedy_ver3_greedy_ver3,20260312001036,17,853.0,0.0
2x2_slot_inorder_place_cluster_15_greedy_ver3_greedy_ver3,20260312001042,55,3086.0,0.0
2x2_slot_inorder_place_cluster_15_greedy_ver3_greedy_ver3,20260312001046,31,1808.0,0.0
2x2_slot_inorder_place_cluster_15_greedy_ver3_greedy_ver3,20260312001051,12,705.0,0.0
2x2_slot_inorder_place_cluster_15_greedy_ver3_greedy_ver3,20260312001055,15,688.0,0.0
2x2_slot_inorder_place_cluster_15_greedy_ver3_greedy_ver3,20260312001100,18,899.0,0.015625
2x2_slot_inorder_place_cluster_15_greedy_ver3_greedy_ver3,20260312001104,8,398.0,0.0
2x2_slot_inorder_place_cluster_15_greedy_ver3_greedy_ver3,20260312001109,20,1107.0,0.0
2x2_slot_inorder_place_cluster_15_greedy_ver3_greedy_ver3,20260312001117,28,1354.0,0.0
2x2_slot_inorder_place_cluster_15_greedy_ver3_greedy_ver3,20260312001126,18,1029.0,0.0
2x2_slot_inorder_place_cluster_15_greedy_ver3_greedy_ver3,20260312001132,30,1418.0,0.0
2x2_slot_inorder_place_cluster_15_greedy_ver3_greedy_ver3,20260312001138,20,1041.0,0.0
2x2_slot_inorder_place_cluster_15_greedy_ver3_greedy_ver3,20260312001145,43,2302.0,0.0
2x2_slot_inorder_place_cluster_15_greedy_ver3_greedy_ver3,20260312001153,25,1453.0,0.015625
2x2_slot_inorder_place_cluster_15_greedy_ver3_greedy_ver3,20260312001204,67,3311.0,0.015625
2x2_slot_inorder_place_cluster_15_greedy_ver3_greedy_ver3,20260312001212,10,609.0,0.0
2x2_slot_inorder_place_cluster_15_greedy_ver3_greedy_ver3,20260312001216,14,893.0,0.0
2x2_slot_inorder_place_cluster_15_greedy_ver3_greedy_ver3,20260312001224,42,1848.0,0.0
2x2_slot_inorder_place_cluster_15_greedy_ver3_greedy_ver3,20260312001231,8,512.0,0.0
2x2_slot_inorder_place_cluster_15_greedy_ver3_greedy_ver3,20260312001235,8,434.0,0.0
2x2_slot_inorder_place_cluster_15_greedy_ver3_greedy_ver3,20260312001240,6,458.0,0.0
2x2_slot_inorder_place_cluster_15_greedy_ver3_greedy_ver3,20260312001246,53,2569.0,0.015625
2x2_slot_inorder_place_cluster_15_greedy_ver3_greedy_ver3,20260312001254,24,1332.0,0.0
2x2_slot_inorder_place_random_1_grasp_ver3_grasp_ver3,20260312194654,10,454.0,0.0
2x2_slot_inorder_place_random_1_grasp_ver3_grasp_ver3,20260312194658,4,285.0,0.0
2x2_slot_inorder_place_random_1_grasp_ver3_grasp_ver3,20260312194701,3,251.0,0.0
2x2_slot_inorder_place_random_1_grasp_ver3_grasp_ver3,20260312194704,7,327.0,0.0
2x2_slot_inorder_place_random_1_grasp_ver3_grasp_ver3,20260312194707,6,244.0,0.0
2x2_slot_inorder_place_random_1_grasp_ver3_grasp_ver3,20260312194710,5,263.0,0.0
2x2_slot_inorder_place_random_1_grasp_ver3_grasp_ver3,20260312194714,2,243.0,0.0
2x2_slot_inorder_place_random_1_grasp_ver3_grasp_ver3,20260312194716,6,254.0,0.0
2x2_slot_inorder_place_random_1_grasp_ver3_grasp_ver3,20260312194718,41,1740.0,0.0
2x2_slot_inorder_place_random_1_grasp_ver3_grasp_ver3,20260312194727,45,2307.0,0.0
2x2_slot_inorder_place_random_1_grasp_ver3_grasp_ver3,20260312194741,10,482.0,0.0
2x2_slot_inorder_place_random_1_grasp_ver3_grasp_ver3,20260312194745,9,428.0,0.0
2x2_slot_inorder_place_random_1_grasp_ver3_grasp_ver3,20260312194747,26,1050.0,0.0
2x2_slot_inorder_place_random_1_grasp_ver3_grasp_ver3,20260312194749,2,205.0,0.015625
2x2_slot_inorder_place_random_1_grasp_ver3_grasp_ver3,20260312194752,4,277.0,0.0
2x2_slot_inorder_place_random_1_grasp_ver3_grasp_ver3,20260312194755,2,263.0,0.0
2x2_slot_inorder_place_random_1_grasp_ver3_grasp_ver3,20260312194757,9,478.0,0.0
2x2_slot_inorder_place_random_1_grasp_ver3_grasp_ver3,20260312194802,2,237.0,0.0
2x2_slot_inorder_place_random_1_grasp_ver3_grasp_ver3,20260312194804,10,526.0,0.0
2x2_slot_inorder_place_random_1_grasp_ver3_grasp_ver3,20260312194809,4,261.0,0.0
2x2_slot_inorder_place_random_1_grasp_ver3_grasp_ver3,20260312194812,5,259.0,0.0
2x2_slot_inorder_place_random_1_grasp_ver3_grasp_ver3,20260312194815,14,684.0,0.0
2x2_slot_inorder_place_random_1_grasp_ver3_grasp_ver3,20260312194818,25,1284.0,0.0
2x2_slot_inorder_place_random_1_grasp_ver3_grasp_ver3,20260312194820,7,338.0,0.0
2x2_slot_inorder_place_random_1_grasp_ver3_grasp_ver3,20260312194825,2,189.0,0.0
2x2_slot_inorder_place_random_1_grasp_ver3_grasp_ver3,20260312194827,6,202.0,0.0
2x2_slot_inorder_place_random_1_grasp_ver3_grasp_ver3,20260312194831,14,820.0,0.015625
2x2_slot_inorder_place_random_1_grasp_ver3_grasp_ver3,20260312194836,13,542.0,0.0
2x2_slot_inorder_place_random_1_grasp_ver3_grasp_ver3,20260312194841,6,264.0,0.0
2x2_slot_inorder_place_random_1_grasp_ver3_grasp_ver3,20260312194845,9,548.0,0.015625
2x2_slot_inorder_place_random_1_grasp_ver3_grasp_ver3,20260312194849,24,1212.0,0.0
2x2_slot_inorder_place_random_1_grasp_ver3_grasp_ver3,20260312194851,5,555.0,0.0
2x2_slot_inorder_place_random_1_grasp_ver3_grasp_ver3,20260312194854,11,464.0,0.0
2x2_slot_inorder_place_random_1_grasp_ver3_grasp_ver3,20260312194859,7,324.0,0.0
2x2_slot_inorder_place_random_1_grasp_ver3_grasp_ver3,20260312194903,11,734.0,0.0
2x2_slot_inorder_place_random_1_grasp_ver3_grasp_ver3,20260312194908,13,710.0,0.0
2x2_slot_inorder_place_random_1_grasp_ver3_grasp_ver3,20260312194913,2,201.0,0.0
2x2_slot_inorder_place_random_1_grasp_ver3_grasp_ver3,20260312194915,4,247.0,0.0
2x2_slot_inorder_place_random_1_grasp_ver3_grasp_ver3,20260312194918,4,305.0,0.0
2x2_slot_inorder_place_random_1_grasp_ver3_grasp_ver3,20260312194919,22,1470.0,0.0
2x2_slot_inorder_place_random_1_grasp_ver3_grasp_ver3,20260312194923,5,289.0,0.015625
2x2_slot_inorder_place_random_1_grasp_ver3_grasp_ver3,20260312194926,5,273.0,0.0
2x2_slot_inorder_place_random_1_grasp_ver3_grasp_ver3,20260312194929,4,217.0,0.0
2x2_slot_inorder_place_random_1_grasp_ver3_grasp_ver3,20260312194932,4,291.0,0.0
2x2_slot_inorder_place_random_1_grasp_ver3_grasp_ver3,20260312194935,7,336.0,0.015625
2x2_slot_inorder_place_random_1_grasp_ver3_grasp_ver3,20260312194939,4,251.0,0.0
2x2_slot_inorder_place_random_1_grasp_ver3_grasp_ver3,20260312194942,6,254.0,0.0
2x2_slot_inorder_place_random_1_grasp_ver3_grasp_ver3,20260312194946,7,328.0,0.0
2x2_slot_inorder_place_random_1_grasp_ver3_grasp_ver3,20260312194950,33,1484.0,0.0
2x2_slot_inorder_place_random_1_grasp_ver3_grasp_ver3,20260312194953,2,189.0,0.0
2x2_slot_inorder_place_random_1_grasp_ver3_grasp_ver3,20260312194955,7,374.0,0.0
2x2_slot_inorder_place_random_1_grasp_ver3_grasp_ver3,20260312194959,6,236.0,0.0
2x2_slot_inorder_place_random_1_grasp_ver3_grasp_ver3,20260312195003,9,462.0,0.0
2x2_slot_inorder_place_random_1_grasp_ver3_grasp_ver3,20260312195007,4,313.0,0.0
2x2_slot_inorder_place_random_1_grasp_ver3_grasp_ver3,20260312195010,10,498.0,0.0
2x2_slot_inorder_place_random_1_grasp_ver3_grasp_ver3,20260312195015,11,676.0,0.0
2x2_slot_inorder_place_random_1_grasp_ver3_grasp_ver3,20260312195019,10,538.0,0.015625
2x2_slot_inorder_place_random_1_grasp_ver3_grasp_ver3,20260312195021,20,938.0,0.0
2x2_slot_inorder_place_random_1_grasp_ver3_grasp_ver3,20260312195024,5,263.0,0.0
2x2_slot_inorder_place_random_1_grasp_ver3_grasp_ver3,20260312195027,4,245.0,0.0
2x2_slot_inorder_place_random_1_grasp_ver3_grasp_ver3,20260312195030,7,422.0,0.0
2x2_slot_inorder_place_random_1_grasp_ver3_grasp_ver3,20260312195034,7,334.0,0.0
2x2_slot_inorder_place_random_1_grasp_ver3_grasp_ver3,20260312195038,9,442.0,0.0
2x2_slot_inorder_place_random_1_grasp_ver3_grasp_ver3,20260312195043,2,189.0,0.0
2x2_slot_inorder_place_random_1_grasp_ver3_grasp_ver3,20260312195045,4,293.0,0.0
2x2_slot_inorder_place_random_1_grasp_ver3_grasp_ver3,20260312195048,8,364.0,0.0
2x2_slot_inorder_place_random_1_grasp_ver3_grasp_ver3,20260312195051,13,766.0,0.0
2x2_slot_inorder_place_random_1_grasp_ver3_grasp_ver3,20260312195056,13,688.0,0.0
2x2_slot_inorder_place_random_1_grasp_ver3_grasp_ver3,20260312195102,10,715.0,0.0
2x2_slot_inorder_place_random_1_grasp_ver3_grasp_ver3,20260312195105,6,268.0,0.0
2x2_slot_inorder_place_random_1_grasp_ver3_grasp_ver3,20260312195109,4,279.0,0.0
2x2_slot_inorder_place_random_1_grasp_ver3_grasp_ver3,20260312195113,30,1449.0,0.0
2x2_slot_inorder_place_random_1_grasp_ver3_grasp_ver3,20260312195121,24,1142.0,0.0
2x2_slot_inorder_place_random_1_grasp_ver3_grasp_ver3,20260312195124,8,489.0,0.0
2x2_slot_inorder_place_random_1_grasp_ver3_grasp_ver3,20260312195127,8,308.0,0.0
2x2_slot_inorder_place_random_1_grasp_ver3_grasp_ver3,20260312195132,8,472.0,0.0
2x2_slot_inorder_place_random_1_grasp_ver3_grasp_ver3,20260312195135,9,454.0,0.0
2x2_slot_inorder_place_random_1_grasp_ver3_grasp_ver3,20260312195140,7,338.0,0.0
2x2_slot_inorder_place_random_1_grasp_ver3_grasp_ver3,20260312195144,17,906.0,0.0
2x2_slot_inorder_place_random_1_grasp_ver3_grasp_ver3,20260312195148,5,255.0,0.0
2x2_slot_inorder_place_random_1_grasp_ver3_grasp_ver3,20260312195152,18,936.0,0.0
2x2_slot_inorder_place_random_1_grasp_ver3_grasp_ver3,20260312195157,15,816.0,0.0
2x2_slot_inorder_place_random_1_grasp_ver3_grasp_ver3,20260312195203,2,177.0,0.0
2x2_slot_inorder_place_random_1_grasp_ver3_grasp_ver3,20260312195205,9,432.0,0.0
2x2_slot_inorder_place_random_1_grasp_ver3_grasp_ver3,20260312195209,4,261.0,0.0
2x2_slot_inorder_place_random_1_grasp_ver3_grasp_ver3,20260312195212,9,442.0,0.0
2x2_slot_inorder_place_random_1_grasp_ver3_grasp_ver3,20260312195217,2,189.0,0.0
2x2_slot_inorder_place_random_1_grasp_ver3_grasp_ver3,20260312195219,7,334.0,0.0
2x2_slot_inorder_place_random_1_grasp_ver3_grasp_ver3,20260312195223,9,560.0,0.0
2x2_slot_inorder_place_random_1_grasp_ver3_grasp_ver3,20260312195226,10,532.0,0.0
2x2_slot_inorder_place_random_1_grasp_ver3_grasp_ver3,20260312195231,2,179.0,0.0
2x2_slot_inorder_place_random_1_grasp_ver3_grasp_ver3,20260312195233,13,682.0,0.0
2x2_slot_inorder_place_random_1_grasp_ver3_grasp_ver3,20260312195237,5,283.0,0.0
2x2_slot_inorder_place_random_1_grasp_ver3_grasp_ver3,20260312195240,8,465.0,0.0
2x2_slot_inorder_place_random_1_grasp_ver3_grasp_ver3,20260312195243,13,855.0,0.0
2x2_slot_inorder_place_random_1_grasp_ver3_grasp_ver3,20260312195246,4,243.0,0.0
2x2_slot_inorder_place_random_1_grasp_ver3_grasp_ver3,20260312195249,7,324.0,0.0
2x2_slot_inorder_place_random_1_grasp_ver3_grasp_ver3,20260312195253,26,1116.0,0.0
2x2_slot_inorder_place_random_1_grasp_ver3_grasp_ver3,20260312195255,4,271.0,0.0
2x2_slot_inorder_place_random_1_grasp_ver3_grasp_ver3,20260312195259,5,265.0,0.0
2x2_slot_inorder_place_random_1_grasp_ver3_grasp_ver3,20260312195302,2,239.0,0.0
2x2_slot_inorder_place_random_1_grasp_ver3_grasp_ver3,20260312195304,7,368.0,0.0
2x2_slot_inorder_place_random_1_grasp_ver3_grasp_ver3,20260312195307,3,279.0,0.0
2x2_slot_inorder_place_random_1_grasp_ver3_grasp_ver3,20260312195310,10,554.0,0.0
2x2_slot_inorder_place_random_1_grasp_ver3_grasp_ver3,20260312195314,2,179.0,0.0
2x2_slot_inorder_place_random_1_grasp_ver3_grasp_ver3,20260312195316,9,418.0,0.0
2x2_slot_inorder_place_random_1_grasp_ver3_grasp_ver3,20260312195321,10,512.0,0.0
2x2_slot_inorder_place_random_1_grasp_ver3_grasp_ver3,20260312195324,21,978.0,0.015625
2x2_slot_inorder_place_random_1_grasp_ver3_grasp_ver3,20260312195327,11,484.0,0.0
2x2_slot_inorder_place_random_1_grasp_ver3_grasp_ver3,20260312195333,7,456.0,0.0
2x2_slot_inorder_place_random_1_grasp_ver3_grasp_ver3,20260312195337,2,231.0,0.0
2x2_slot_inorder_place_random_1_grasp_ver3_grasp_ver3,20260312195339,6,212.0,0.0
2x2_slot_inorder_place_random_1_grasp_ver3_grasp_ver3,20260312195343,7,336.0,0.0
2x2_slot_inorder_place_random_1_grasp_ver3_grasp_ver3,20260312195348,8,394.0,0.0
2x2_slot_inorder_place_random_1_grasp_ver3_grasp_ver3,20260312195353,6,280.0,0.0
2x2_slot_inorder_place_random_1_grasp_ver3_grasp_ver3,20260312195355,19,980.0,0.0
2x2_slot_inorder_place_random_1_grasp_ver3_grasp_ver3,20260312195357,7,324.0,0.0
2x2_slot_inorder_place_random_1_grasp_ver3_grasp_ver3,20260312195401,9,478.0,0.0
2x2_slot_inorder_place_random_1_grasp_ver3_grasp_ver3,20260312195406,2,179.0,0.0
2x2_slot_inorder_place_random_1_grasp_ver3_grasp_ver3,20260312195408,7,324.0,0.0
2x2_slot_inorder_place_random_1_grasp_ver3_grasp_ver3,20260312195412,4,271.0,0.0
2x2_slot_inorder_place_random_1_grasp_ver3_grasp_ver3,20260312195415,8,400.0,0.0
2x2_slot_inorder_place_random_1_grasp_ver3_grasp_ver3,20260312195419,12,472.0,0.0
2x2_slot_inorder_place_random_1_grasp_ver3_grasp_ver3,20260312195424,2,247.0,0.0
2x2_slot_inorder_place_random_1_grasp_ver3_grasp_ver3,20260312195426,32,1382.0,0.0
2x2_slot_inorder_place_random_1_grasp_ver3_grasp_ver3,20260312195429,6,154.0,0.0
2x2_slot_inorder_place_random_1_grasp_ver3_grasp_ver3,20260312195432,8,424.0,0.015625
2x2_slot_inorder_place_random_1_grasp_ver3_grasp_ver3,20260312195436,10,498.0,0.0
2x2_slot_inorder_place_random_1_grasp_ver3_grasp_ver3,20260312195441,2,249.0,0.0
2x2_slot_inorder_place_random_1_grasp_ver3_grasp_ver3,20260312195443,12,725.0,0.0
2x2_slot_inorder_place_random_1_grasp_ver3_grasp_ver3,20260312195447,11,484.0,0.0
2x2_slot_inorder_place_random_1_grasp_ver3_grasp_ver3,20260312195453,7,322.0,0.0
2x2_slot_inorder_place_random_1_grasp_ver3_grasp_ver3,20260312195455,27,1228.0,0.0
2x2_slot_inorder_place_random_1_grasp_ver3_grasp_ver3,20260312195500,7,328.0,0.0
2x2_slot_inorder_place_random_1_grasp_ver3_grasp_ver3,20260312195504,13,624.0,0.0
2x2_slot_inorder_place_random_1_grasp_ver3_grasp_ver3,20260312195507,8,497.0,0.0
2x2_slot_inorder_place_random_1_grasp_ver3_grasp_ver3,20260312195510,5,289.0,0.0
2x2_slot_inorder_place_random_1_grasp_ver3_grasp_ver3,20260312195513,6,182.0,0.0
2x2_slot_inorder_place_random_1_grasp_ver3_grasp_ver3,20260312195517,4,291.0,0.0
2x2_slot_inorder_place_random_1_grasp_ver3_grasp_ver3,20260312195520,4,295.0,0.0
2x2_slot_inorder_place_random_1_grasp_ver3_grasp_ver3,20260312195523,9,424.0,0.0
2x2_slot_inorder_place_random_1_grasp_ver3_grasp_ver3,20260312195526,35,1369.0,0.015625
2x2_slot_inorder_place_random_1_grasp_ver3_grasp_ver3,20260312195531,13,714.0,0.0
2x2_slot_inorder_place_random_1_grasp_ver3_grasp_ver3,20260312195538,6,266.0,0.0
2x2_slot_inorder_place_random_1_grasp_ver3_grasp_ver3,20260312195542,2,249.0,0.0
2x2_slot_inorder_place_random_1_grasp_ver3_grasp_ver3,20260312195544,7,324.0,0.0
2x2_slot_inorder_place_random_1_grasp_ver3_grasp_ver3,20260312195548,7,332.0,0.0
2x2_slot_inorder_place_random_1_grasp_ver3_grasp_ver3,20260312195551,11,743.0,0.0
2x2_slot_inorder_place_random_1_grasp_ver3_grasp_ver3,20260312195555,6,194.0,0.0
2x2_slot_inorder_place_random_1_grasp_ver3_grasp_ver3,20260312195558,11,478.0,0.0
2x2_slot_inorder_place_random_1_grasp_ver3_grasp_ver3,20260312195604,5,287.0,0.015625
2x2_slot_inorder_place_random_1_grasp_ver3_grasp_ver3,20260312195607,4,251.0,0.0
2x2_slot_inorder_place_random_1_grasp_ver3_grasp_ver3,20260312195610,4,257.0,0.0
2x2_slot_inorder_place_random_1_grasp_ver3_grasp_ver3,20260312195611,9,522.0,0.015625
2x2_slot_inorder_place_random_1_grasp_ver3_grasp_ver3,20260312195615,4,485.0,0.0
2x2_slot_inorder_place_random_1_grasp_ver3_grasp_ver3,20260312195618,9,444.0,0.0
2x2_slot_inorder_place_random_1_grasp_ver3_grasp_ver3,20260312195623,5,301.0,0.0
2x2_slot_inorder_place_random_1_grasp_ver3_grasp_ver3,20260312195627,10,534.0,0.0
2x2_slot_inorder_place_random_1_grasp_ver3_grasp_ver3,20260312195631,6,409.0,0.0
2x2_slot_inorder_place_random_1_grasp_ver3_grasp_ver3,20260312195634,4,247.0,0.0
2x2_slot_inorder_place_random_1_grasp_ver3_grasp_ver3,20260312195637,11,538.0,0.0
2x2_slot_inorder_place_random_1_grasp_ver3_grasp_ver3,20260312195641,7,324.0,0.0
2x2_slot_inorder_place_random_1_grasp_ver3_grasp_ver3,20260312195645,4,295.0,0.0
2x2_slot_inorder_place_random_1_grasp_ver3_grasp_ver3,20260312195648,9,428.0,0.0
2x2_slot_inorder_place_random_1_grasp_ver3_grasp_ver3,20260312195653,6,196.0,0.0
2x2_slot_inorder_place_random_1_grasp_ver3_grasp_ver3,20260312195657,6,184.0,0.0
2x2_slot_inorder_place_random_1_grasp_ver3_grasp_ver3,20260312195701,11,607.0,0.0
2x2_slot_inorder_place_random_1_grasp_ver3_grasp_ver3,20260312195704,7,342.0,0.0
2x2_slot_inorder_place_random_1_grasp_ver3_grasp_ver3,20260312195708,4,219.0,0.0
2x2_slot_inorder_place_random_1_grasp_ver3_grasp_ver3,20260312195711,8,532.0,0.0
2x2_slot_inorder_place_random_1_grasp_ver3_grasp_ver3,20260312195713,20,868.0,0.0
2x2_slot_inorder_place_random_1_grasp_ver3_grasp_ver3,20260312195719,9,444.0,0.0
2x2_slot_inorder_place_random_1_grasp_ver3_grasp_ver3,20260312195723,7,404.0,0.0
2x2_slot_inorder_place_random_1_grasp_ver3_grasp_ver3,20260312195727,6,407.0,0.0
2x2_slot_inorder_place_random_1_grasp_ver3_grasp_ver3,20260312195730,9,591.0,0.0
2x2_slot_inorder_place_random_1_grasp_ver3_grasp_ver3,20260312195733,12,672.0,0.0
2x2_slot_inorder_place_random_1_grasp_ver3_grasp_ver3,20260312195738,4,261.0,0.0
2x2_slot_inorder_place_random_1_grasp_ver3_grasp_ver3,20260312195741,10,514.0,0.0
2x2_slot_inorder_place_random_1_grasp_ver3_grasp_ver3,20260312195744,30,1282.0,0.0
2x2_slot_inorder_place_random_1_grasp_ver3_grasp_ver3,20260312195748,6,475.0,0.0
2x2_slot_inorder_place_random_1_grasp_ver3_grasp_ver3,20260312195751,20,1022.0,0.0
2x2_slot_inorder_place_random_1_grasp_ver3_grasp_ver3,20260312195756,4,275.0,0.0
2x2_slot_inorder_place_random_1_grasp_ver3_grasp_ver3,20260312195759,11,514.0,0.0
2x2_slot_inorder_place_random_1_grasp_ver3_grasp_ver3,20260312195805,8,458.0,0.0
2x2_slot_inorder_place_random_1_grasp_ver3_grasp_ver3,20260312195808,9,466.0,0.015625
2x2_slot_inorder_place_random_1_grasp_ver3_grasp_ver3,20260312195813,11,520.0,0.0
2x2_slot_inorder_place_random_1_grasp_ver3_grasp_ver3,20260312195817,6,389.0,0.0
2x2_slot_inorder_place_random_1_grasp_ver3_grasp_ver3,20260312195820,9,424.0,0.0
2x2_slot_inorder_place_random_1_grasp_ver3_grasp_ver3,20260312195824,4,243.0,0.0
2x2_slot_inorder_place_random_1_grasp_ver3_grasp_ver3,20260312195827,6,192.0,0.0
2x2_slot_inorder_place_random_1_grasp_ver3_grasp_ver3,20260312195831,4,247.0,0.0
2x2_slot_inorder_place_random_1_grasp_ver3_grasp_ver3,20260312195834,9,512.0,0.0
2x2_slot_inorder_place_random_1_grasp_ver3_grasp_ver3,20260312195839,13,648.0,0.0
2x2_slot_inorder_place_random_1_grasp_ver3_grasp_ver3,20260312195844,15,742.0,0.0
2x2_slot_inorder_place_random_1_grasp_ver3_grasp_ver3,20260312195846,6,377.0,0.0
2x2_slot_inorder_place_random_1_grasp_ver3_greedy_ver3,20260312194656,19,790.0,0.0
2x2_slot_inorder_place_random_1_grasp_ver3_greedy_ver3,20260312194700,12,642.0,0.0
2x2_slot_inorder_place_random_1_grasp_ver3_greedy_ver3,20260312194702,6,331.0,0.0
2x2_slot_inorder_place_random_1_grasp_ver3_greedy_ver3,20260312194705,7,327.0,0.0
2x2_slot_inorder_place_random_1_grasp_ver3_greedy_ver3,20260312194709,17,714.0,0.0
2x2_slot_inorder_place_random_1_grasp_ver3_greedy_ver3,20260312194712,14,648.0,0.0
2x2_slot_inorder_place_random_1_grasp_ver3_greedy_ver3,20260312194715,4,273.0,0.015625
2x2_slot_inorder_place_random_1_grasp_ver3_greedy_ver3,20260312194718,41,1740.0,0.0
2x2_slot_inorder_place_random_1_grasp_ver3_greedy_ver3,20260312194723,45,2160.0,0.015625
2x2_slot_inorder_place_random_1_grasp_ver3_greedy_ver3,20260312194734,62,2975.0,0.0
2x2_slot_inorder_place_random_1_grasp_ver3_greedy_ver3,20260312194743,19,998.0,0.0
2x2_slot_inorder_place_random_1_grasp_ver3_greedy_ver3,20260312194747,26,1050.0,0.0
2x2_slot_inorder_place_random_1_grasp_ver3_greedy_ver3,20260312194748,6,355.0,0.0
2x2_slot_inorder_place_random_1_grasp_ver3_greedy_ver3,20260312194751,8,465.0,0.0
2x2_slot_inorder_place_random_1_grasp_ver3_greedy_ver3,20260312194753,12,650.0,0.0
2x2_slot_inorder_place_random_1_grasp_ver3_greedy_ver3,20260312194756,4,293.0,0.0
2x2_slot_inorder_place_random_1_grasp_ver3_greedy_ver3,20260312194759,23,968.0,0.0
2x2_slot_inorder_place_random_1_grasp_ver3_greedy_ver3,20260312194803,4,267.0,0.0
2x2_slot_inorder_place_random_1_grasp_ver3_greedy_ver3,20260312194806,23,946.0,0.0
2x2_slot_inorder_place_random_1_grasp_ver3_greedy_ver3,20260312194810,13,561.0,0.0
2x2_slot_inorder_place_random_1_grasp_ver3_greedy_ver3,20260312194813,14,662.0,0.0
2x2_slot_inorder_place_random_1_grasp_ver3_greedy_ver3,20260312194818,25,1284.0,0.0
2x2_slot_inorder_place_random_1_grasp_ver3_greedy_ver3,20260312194819,4,339.0,0.0
2x2_slot_inorder_place_random_1_grasp_ver3_greedy_ver3,20260312194822,22,996.0,0.0
2x2_slot_inorder_place_random_1_grasp_ver3_greedy_ver3,20260312194826,8,449.0,0.0
2x2_slot_inorder_place_random_1_grasp_ver3_greedy_ver3,20260312194829,21,966.0,0.0
2x2_slot_inorder_place_random_1_grasp_ver3_greedy_ver3,20260312194833,18,874.0,0.0
2x2_slot_inorder_place_random_1_grasp_ver3_greedy_ver3,20260312194839,29,1338.0,0.0
2x2_slot_inorder_place_random_1_grasp_ver3_greedy_ver3,20260312194843,17,734.0,0.0
2x2_slot_inorder_place_random_1_grasp_ver3_greedy_ver3,20260312194847,16,798.0,0.0
2x2_slot_inorder_place_random_1_grasp_ver3_greedy_ver3,20260312194849,24,1212.0,0.0
2x2_slot_inorder_place_random_1_grasp_ver3_greedy_ver3,20260312194852,6,735.0,0.0
2x2_slot_inorder_place_random_1_grasp_ver3_greedy_ver3,20260312194856,28,1112.0,0.0
2x2_slot_inorder_place_random_1_grasp_ver3_greedy_ver3,20260312194901,18,784.0,0.0
2x2_slot_inorder_place_random_1_grasp_ver3_greedy_ver3,20260312194906,13,862.0,0.0
2x2_slot_inorder_place_random_1_grasp_ver3_greedy_ver3,20260312194910,17,966.0,0.0
2x2_slot_inorder_place_random_1_grasp_ver3_greedy_ver3,20260312194914,8,461.0,0.0
2x2_slot_inorder_place_random_1_grasp_ver3_greedy_ver3,20260312194916,7,467.0,0.0
2x2_slot_inorder_place_random_1_grasp_ver3_greedy_ver3,20260312194919,22,1470.0,0.0
2x2_slot_inorder_place_random_1_grasp_ver3_greedy_ver3,20260312194921,18,1280.0,0.0
2x2_slot_inorder_place_random_1_grasp_ver3_greedy_ver3,20260312194924,10,521.0,0.0
2x2_slot_inorder_place_random_1_grasp_ver3_greedy_ver3,20260312194927,14,673.0,0.0
2x2_slot_inorder_place_random_1_grasp_ver3_greedy_ver3,20260312194930,13,551.0,0.0
2x2_slot_inorder_place_random_1_grasp_ver3_greedy_ver3,20260312194933,9,451.0,0.0
2x2_slot_inorder_place_random_1_grasp_ver3_greedy_ver3,20260312194937,22,996.0,0.0
2x2_slot_inorder_place_random_1_grasp_ver3_greedy_ver3,20260312194940,13,551.0,0.0
2x2_slot_inorder_place_random_1_grasp_ver3_greedy_ver3,20260312194944,17,724.0,0.0
2x2_slot_inorder_place_random_1_grasp_ver3_greedy_ver3,20260312194948,15,696.0,0.0
2x2_slot_inorder_place_random_1_grasp_ver3_greedy_ver3,20260312194950,33,1484.0,0.0
2x2_slot_inorder_place_random_1_grasp_ver3_greedy_ver3,20260312194954,8,449.0,0.0
2x2_slot_inorder_place_random_1_grasp_ver3_greedy_ver3,20260312194957,13,684.0,0.0
2x2_slot_inorder_place_random_1_grasp_ver3_greedy_ver3,20260312195001,20,932.0,0.0
2x2_slot_inorder_place_random_1_grasp_ver3_greedy_ver3,20260312195005,23,1004.0,0.0
2x2_slot_inorder_place_random_1_grasp_ver3_greedy_ver3,20260312195009,10,409.0,0.0
2x2_slot_inorder_place_random_1_grasp_ver3_greedy_ver3,20260312195013,23,944.0,0.0
2x2_slot_inorder_place_random_1_grasp_ver3_greedy_ver3,20260312195017,13,606.0,0.0
2x2_slot_inorder_place_random_1_grasp_ver3_greedy_ver3,20260312195021,20,938.0,0.0
2x2_slot_inorder_place_random_1_grasp_ver3_greedy_ver3,20260312195022,11,491.0,0.0
2x2_slot_inorder_place_random_1_grasp_ver3_greedy_ver3,20260312195025,14,646.0,0.0
2x2_slot_inorder_place_random_1_grasp_ver3_greedy_ver3,20260312195029,12,545.0,0.015625
2x2_slot_inorder_place_random_1_grasp_ver3_greedy_ver3,20260312195032,15,772.0,0.0
2x2_slot_inorder_place_random_1_grasp_ver3_greedy_ver3,20260312195036,15,704.0,0.0
2x2_slot_inorder_place_random_1_grasp_ver3_greedy_ver3,20260312195040,23,946.0,0.0
2x2_slot_inorder_place_random_1_grasp_ver3_greedy_ver3,20260312195044,5,289.0,0.0
2x2_slot_inorder_place_random_1_grasp_ver3_greedy_ver3,20260312195046,9,461.0,0.0
2x2_slot_inorder_place_random_1_grasp_ver3_greedy_ver3,20260312195050,22,896.0,0.0
2x2_slot_inorder_place_random_1_grasp_ver3_greedy_ver3,20260312195053,25,1278.0,0.0
2x2_slot_inorder_place_random_1_grasp_ver3_greedy_ver3,20260312195059,33,1480.0,0.0
2x2_slot_inorder_place_random_1_grasp_ver3_greedy_ver3,20260312195103,21,1248.0,0.0
2x2_slot_inorder_place_random_1_grasp_ver3_greedy_ver3,20260312195107,18,828.0,0.0
2x2_slot_inorder_place_random_1_grasp_ver3_greedy_ver3,20260312195111,13,574.0,0.0
2x2_slot_inorder_place_random_1_grasp_ver3_greedy_ver3,20260312195117,41,1941.0,0.0
2x2_slot_inorder_place_random_1_grasp_ver3_greedy_ver3,20260312195121,24,1142.0,0.0
2x2_slot_inorder_place_random_1_grasp_ver3_greedy_ver3,20260312195125,14,733.0,0.0
2x2_slot_inorder_place_random_1_grasp_ver3_greedy_ver3,20260312195129,13,632.0,0.0
2x2_slot_inorder_place_random_1_grasp_ver3_greedy_ver3,20260312195133,18,868.0,0.0
2x2_slot_inorder_place_random_1_grasp_ver3_greedy_ver3,20260312195137,27,1258.0,0.015625
2x2_slot_inorder_place_random_1_grasp_ver3_greedy_ver3,20260312195142,18,800.0,0.0
2x2_slot_inorder_place_random_1_grasp_ver3_greedy_ver3,20260312195146,20,1014.0,0.0
2x2_slot_inorder_place_random_1_grasp_ver3_greedy_ver3,20260312195150,19,860.0,0.0
2x2_slot_inorder_place_random_1_grasp_ver3_greedy_ver3,20260312195153,22,1094.0,0.0
2x2_slot_inorder_place_random_1_grasp_ver3_greedy_ver3,20260312195159,34,1517.0,0.0
2x2_slot_inorder_place_random_1_grasp_ver3_greedy_ver3,20260312195204,5,277.0,0.0
2x2_slot_inorder_place_random_1_grasp_ver3_greedy_ver3,20260312195207,23,946.0,0.0
2x2_slot_inorder_place_random_1_grasp_ver3_greedy_ver3,20260312195211,13,561.0,0.0
2x2_slot_inorder_place_random_1_grasp_ver3_greedy_ver3,20260312195215,23,946.0,0.0
2x2_slot_inorder_place_random_1_grasp_ver3_greedy_ver3,20260312195218,5,289.0,0.0
2x2_slot_inorder_place_random_1_grasp_ver3_greedy_ver3,20260312195221,19,838.0,0.0
2x2_slot_inorder_place_random_1_grasp_ver3_greedy_ver3,20260312195224,20,1150.0,0.0
2x2_slot_inorder_place_random_1_grasp_ver3_greedy_ver3,20260312195228,24,1028.0,0.0
2x2_slot_inorder_place_random_1_grasp_ver3_greedy_ver3,20260312195232,5,279.0,0.0
2x2_slot_inorder_place_random_1_grasp_ver3_greedy_ver3,20260312195235,13,774.0,0.0
2x2_slot_inorder_place_random_1_grasp_ver3_greedy_ver3,20260312195238,10,519.0,0.0
2x2_slot_inorder_place_random_1_grasp_ver3_greedy_ver3,20260312195241,19,966.0,0.0
2x2_slot_inorder_place_random_1_grasp_ver3_greedy_ver3,20260312195245,13,855.0,0.0
2x2_slot_inorder_place_random_1_grasp_ver3_greedy_ver3,20260312195248,13,561.0,0.015625
2x2_slot_inorder_place_random_1_grasp_ver3_greedy_ver3,20260312195251,15,692.0,0.0
2x2_slot_inorder_place_random_1_grasp_ver3_greedy_ver3,20260312195253,26,1116.0,0.0
2x2_slot_inorder_place_random_1_grasp_ver3_greedy_ver3,20260312195257,12,576.0,0.0
2x2_slot_inorder_place_random_1_grasp_ver3_greedy_ver3,20260312195300,14,685.0,0.0
2x2_slot_inorder_place_random_1_grasp_ver3_greedy_ver3,20260312195303,4,269.0,0.0
2x2_slot_inorder_place_random_1_grasp_ver3_greedy_ver3,20260312195306,13,694.0,0.0
2x2_slot_inorder_place_random_1_grasp_ver3_greedy_ver3,20260312195309,4,339.0,0.0
2x2_slot_inorder_place_random_1_grasp_ver3_greedy_ver3,20260312195312,24,1104.0,0.015625
2x2_slot_inorder_place_random_1_grasp_ver3_greedy_ver3,20260312195315,5,279.0,0.0
2x2_slot_inorder_place_random_1_grasp_ver3_greedy_ver3,20260312195319,18,924.0,0.0
2x2_slot_inorder_place_random_1_grasp_ver3_greedy_ver3,20260312195324,21,978.0,0.0
2x2_slot_inorder_place_random_1_grasp_ver3_greedy_ver3,20260312195326,9,547.0,0.0
2x2_slot_inorder_place_random_1_grasp_ver3_greedy_ver3,20260312195330,28,1162.0,0.0
2x2_slot_inorder_place_random_1_grasp_ver3_greedy_ver3,20260312195335,18,822.0,0.0
2x2_slot_inorder_place_random_1_grasp_ver3_greedy_ver3,20260312195338,4,351.0,0.0
2x2_slot_inorder_place_random_1_grasp_ver3_greedy_ver3,20260312195341,27,1336.0,0.0
2x2_slot_inorder_place_random_1_grasp_ver3_greedy_ver3,20260312195345,19,826.0,0.0
2x2_slot_inorder_place_random_1_grasp_ver3_greedy_ver3,20260312195350,20,946.0,0.0
2x2_slot_inorder_place_random_1_grasp_ver3_greedy_ver3,20260312195355,19,980.0,0.0
2x2_slot_inorder_place_random_1_grasp_ver3_greedy_ver3,20260312195356,5,279.0,0.0
2x2_slot_inorder_place_random_1_grasp_ver3_greedy_ver3,20260312195359,15,648.0,0.0
2x2_slot_inorder_place_random_1_grasp_ver3_greedy_ver3,20260312195404,23,966.0,0.0
2x2_slot_inorder_place_random_1_grasp_ver3_greedy_ver3,20260312195407,5,279.0,0.0
2x2_slot_inorder_place_random_1_grasp_ver3_greedy_ver3,20260312195410,15,672.0,0.0
2x2_slot_inorder_place_random_1_grasp_ver3_greedy_ver3,20260312195413,7,393.0,0.0
2x2_slot_inorder_place_random_1_grasp_ver3_greedy_ver3,20260312195417,12,724.0,0.0
2x2_slot_inorder_place_random_1_grasp_ver3_greedy_ver3,20260312195421,24,1018.0,0.0
2x2_slot_inorder_place_random_1_grasp_ver3_greedy_ver3,20260312195425,4,277.0,0.0
2x2_slot_inorder_place_random_1_grasp_ver3_greedy_ver3,20260312195426,32,1382.0,0.0
2x2_slot_inorder_place_random_1_grasp_ver3_greedy_ver3,20260312195431,8,344.0,0.0
2x2_slot_inorder_place_random_1_grasp_ver3_greedy_ver3,20260312195434,18,798.0,0.0
2x2_slot_inorder_place_random_1_grasp_ver3_greedy_ver3,20260312195439,23,958.0,0.0
2x2_slot_inorder_place_random_1_grasp_ver3_greedy_ver3,20260312195442,4,279.0,0.0
2x2_slot_inorder_place_random_1_grasp_ver3_greedy_ver3,20260312195445,12,713.0,0.0
2x2_slot_inorder_place_random_1_grasp_ver3_greedy_ver3,20260312195450,28,1132.0,0.0
2x2_slot_inorder_place_random_1_grasp_ver3_greedy_ver3,20260312195455,27,1228.0,0.0
2x2_slot_inorder_place_random_1_grasp_ver3_greedy_ver3,20260312195457,23,998.0,0.0
2x2_slot_inorder_place_random_1_grasp_ver3_greedy_ver3,20260312195502,15,692.0,0.0
2x2_slot_inorder_place_random_1_grasp_ver3_greedy_ver3,20260312195506,16,762.0,0.0
2x2_slot_inorder_place_random_1_grasp_ver3_greedy_ver3,20260312195509,10,669.0,0.0
2x2_slot_inorder_place_random_1_grasp_ver3_greedy_ver3,20260312195512,11,511.0,0.0
2x2_slot_inorder_place_random_1_grasp_ver3_greedy_ver3,20260312195515,17,724.0,0.0
2x2_slot_inorder_place_random_1_grasp_ver3_greedy_ver3,20260312195519,9,479.0,0.0
2x2_slot_inorder_place_random_1_grasp_ver3_greedy_ver3,20260312195522,7,397.0,0.0
2x2_slot_inorder_place_random_1_grasp_ver3_greedy_ver3,20260312195526,35,1369.0,0.0
2x2_slot_inorder_place_random_1_grasp_ver3_greedy_ver3,20260312195528,23,1192.0,0.0
2x2_slot_inorder_place_random_1_grasp_ver3_greedy_ver3,20260312195534,29,1426.0,0.0
2x2_slot_inorder_place_random_1_grasp_ver3_greedy_ver3,20260312195540,17,772.0,0.0
2x2_slot_inorder_place_random_1_grasp_ver3_greedy_ver3,20260312195543,5,289.0,0.0
2x2_slot_inorder_place_random_1_grasp_ver3_greedy_ver3,20260312195546,19,814.0,0.0
2x2_slot_inorder_place_random_1_grasp_ver3_greedy_ver3,20260312195550,19,834.0,0.0
2x2_slot_inorder_place_random_1_grasp_ver3_greedy_ver3,20260312195553,12,833.0,0.0
2x2_slot_inorder_place_random_1_grasp_ver3_greedy_ver3,20260312195556,17,746.0,0.0
2x2_slot_inorder_place_random_1_grasp_ver3_greedy_ver3,20260312195601,28,1258.0,0.0
2x2_slot_inorder_place_random_1_grasp_ver3_greedy_ver3,20260312195606,9,537.0,0.0
2x2_slot_inorder_place_random_1_grasp_ver3_greedy_ver3,20260312195609,13,551.0,0.0
2x2_slot_inorder_place_random_1_grasp_ver3_greedy_ver3,20260312195612,12,697.0,0.0
2x2_slot_inorder_place_random_1_grasp_ver3_greedy_ver3,20260312195613,24,976.0,0.0
2x2_slot_inorder_place_random_1_grasp_ver3_greedy_ver3,20260312195617,7,635.0,0.0
2x2_slot_inorder_place_random_1_grasp_ver3_greedy_ver3,20260312195621,23,994.0,0.0
2x2_slot_inorder_place_random_1_grasp_ver3_greedy_ver3,20260312195625,11,527.0,0.0
2x2_slot_inorder_place_random_1_grasp_ver3_greedy_ver3,20260312195629,23,946.0,0.0
2x2_slot_inorder_place_random_1_grasp_ver3_greedy_ver3,20260312195633,9,569.0,0.015625
2x2_slot_inorder_place_random_1_grasp_ver3_greedy_ver3,20260312195636,13,547.0,0.0
2x2_slot_inorder_place_random_1_grasp_ver3_greedy_ver3,20260312195640,28,1134.0,0.0
2x2_slot_inorder_place_random_1_grasp_ver3_greedy_ver3,20260312195643,15,688.0,0.0
2x2_slot_inorder_place_random_1_grasp_ver3_greedy_ver3,20260312195647,10,555.0,0.0
2x2_slot_inorder_place_random_1_grasp_ver3_greedy_ver3,20260312195651,23,968.0,0.0
2x2_slot_inorder_place_random_1_grasp_ver3_greedy_ver3,20260312195655,17,758.0,0.0
2x2_slot_inorder_place_random_1_grasp_ver3_greedy_ver3,20260312195659,17,728.0,0.0
2x2_slot_inorder_place_random_1_grasp_ver3_greedy_ver3,20260312195702,13,557.0,0.0
2x2_slot_inorder_place_random_1_grasp_ver3_greedy_ver3,20260312195706,15,712.0,0.0
2x2_slot_inorder_place_random_1_grasp_ver3_greedy_ver3,20260312195709,13,549.0,0.0
2x2_slot_inorder_place_random_1_grasp_ver3_greedy_ver3,20260312195713,20,868.0,0.0
2x2_slot_inorder_place_random_1_grasp_ver3_greedy_ver3,20260312195716,16,822.0,0.0
2x2_slot_inorder_place_random_1_grasp_ver3_greedy_ver3,20260312195721,23,994.0,0.0
2x2_slot_inorder_place_random_1_grasp_ver3_greedy_ver3,20260312195725,16,784.0,0.0
2x2_slot_inorder_place_random_1_grasp_ver3_greedy_ver3,20260312195729,7,317.0,0.0
2x2_slot_inorder_place_random_1_grasp_ver3_greedy_ver3,20260312195732,10,521.0,0.0
2x2_slot_inorder_place_random_1_grasp_ver3_greedy_ver3,20260312195736,23,946.0,0.0
2x2_slot_inorder_place_random_1_grasp_ver3_greedy_ver3,20260312195740,13,561.0,0.0
2x2_slot_inorder_place_random_1_grasp_ver3_greedy_ver3,20260312195744,30,1282.0,0.0
2x2_slot_inorder_place_random_1_grasp_ver3_greedy_ver3,20260312195746,19,822.0,0.0
2x2_slot_inorder_place_random_1_grasp_ver3_greedy_ver3,20260312195749,9,625.0,0.0
2x2_slot_inorder_place_random_1_grasp_ver3_greedy_ver3,20260312195753,21,1142.0,0.0
2x2_slot_inorder_place_random_1_grasp_ver3_greedy_ver3,20260312195757,9,565.0,0.0
2x2_slot_inorder_place_random_1_grasp_ver3_greedy_ver3,20260312195802,28,1132.0,0.0
2x2_slot_inorder_place_random_1_grasp_ver3_greedy_ver3,20260312195806,12,708.0,0.0
2x2_slot_inorder_place_random_1_grasp_ver3_greedy_ver3,20260312195811,20,816.0,0.0
2x2_slot_inorder_place_random_1_grasp_ver3_greedy_ver3,20260312195814,27,1170.0,0.0
2x2_slot_inorder_place_random_1_grasp_ver3_greedy_ver3,20260312195819,8,379.0,0.0
2x2_slot_inorder_place_random_1_grasp_ver3_greedy_ver3,20260312195822,23,942.0,0.0
2x2_slot_inorder_place_random_1_grasp_ver3_greedy_ver3,20260312195826,12,543.0,0.015625
2x2_slot_inorder_place_random_1_grasp_ver3_greedy_ver3,20260312195829,17,744.0,0.0
2x2_slot_inorder_place_random_1_grasp_ver3_greedy_ver3,20260312195833,12,547.0,0.0
2x2_slot_inorder_place_random_1_grasp_ver3_greedy_ver3,20260312195836,18,860.0,0.0
2x2_slot_inorder_place_random_1_grasp_ver3_greedy_ver3,20260312195841,30,1562.0,0.0
2x2_slot_inorder_place_random_1_grasp_ver3_greedy_ver3,20260312195844,15,742.0,0.0
2x2_slot_inorder_place_random_1_grasp_ver3_greedy_ver3,20260312195847,8,599.0,0.0
2x2_slot_inorder_place_random_1_greedy_ver3_grasp_ver3,20260312193456,5,275.0,0.0
2x2_slot_inorder_place_random_1_greedy_ver3_grasp_ver3,20260312193459,4,225.0,0.0
2x2_slot_inorder_place_random_1_greedy_ver3_grasp_ver3,20260312193503,2,251.0,0.0
2x2_slot_inorder_place_random_1_greedy_ver3_grasp_ver3,20260312193505,7,307.0,0.0
2x2_slot_inorder_place_random_1_greedy_ver3_grasp_ver3,20260312193506,4,273.0,0.0
2x2_slot_inorder_place_random_1_greedy_ver3_grasp_ver3,20260312193509,7,338.0,0.0
2x2_slot_inorder_place_random_1_greedy_ver3_grasp_ver3,20260312193513,2,193.0,0.0
2x2_slot_inorder_place_random_1_greedy_ver3_grasp_ver3,20260312193516,43,2071.0,0.0
2x2_slot_inorder_place_random_1_greedy_ver3_grasp_ver3,20260312193529,20,924.0,0.0
2x2_slot_inorder_place_random_1_greedy_ver3_grasp_ver3,20260312193536,9,480.0,0.0
2x2_slot_inorder_place_random_1_greedy_ver3_grasp_ver3,20260312193540,5,307.0,0.015625
2x2_slot_inorder_place_random_1_greedy_ver3_grasp_ver3,20260312193543,9,428.0,0.0
2x2_slot_inorder_place_random_1_greedy_ver3_grasp_ver3,20260312193547,2,271.0,0.0
2x2_slot_inorder_place_random_1_greedy_ver3_grasp_ver3,20260312193550,5,273.0,0.0
2x2_slot_inorder_place_random_1_greedy_ver3_grasp_ver3,20260312193553,5,267.0,0.0
2x2_slot_inorder_place_random_1_greedy_ver3_grasp_ver3,20260312193556,4,233.0,0.0
2x2_slot_inorder_place_random_1_greedy_ver3_grasp_ver3,20260312193559,4,289.0,0.0
2x2_slot_inorder_place_random_1_greedy_ver3_grasp_ver3,20260312193602,2,247.0,0.015625
2x2_slot_inorder_place_random_1_greedy_ver3_grasp_ver3,20260312193604,12,666.0,0.0
2x2_slot_inorder_place_random_1_greedy_ver3_grasp_ver3,20260312193607,27,1182.0,0.0
2x2_slot_inorder_place_random_1_greedy_ver3_grasp_ver3,20260312193610,5,259.0,0.0
2x2_slot_inorder_place_random_1_greedy_ver3_grasp_ver3,20260312193614,14,744.0,0.0
2x2_slot_inorder_place_random_1_greedy_ver3_grasp_ver3,20260312193619,2,239.0,0.0
2x2_slot_inorder_place_random_1_greedy_ver3_grasp_ver3,20260312193621,7,404.0,0.0
2x2_slot_inorder_place_random_1_greedy_ver3_grasp_ver3,20260312193625,2,189.0,0.0
2x2_slot_inorder_place_random_1_greedy_ver3_grasp_ver3,20260312193627,14,790.0,0.0
2x2_slot_inorder_place_random_1_greedy_ver3_grasp_ver3,20260312193632,12,722.0,0.0
2x2_slot_inorder_place_random_1_greedy_ver3_grasp_ver3,20260312193637,24,1084.0,0.0
2x2_slot_inorder_place_random_1_greedy_ver3_grasp_ver3,20260312193639,4,285.0,0.0
2x2_slot_inorder_place_random_1_greedy_ver3_grasp_ver3,20260312193643,8,384.0,0.0
2x2_slot_inorder_place_random_1_greedy_ver3_grasp_ver3,20260312193647,7,451.0,0.0
2x2_slot_inorder_place_random_1_greedy_ver3_grasp_ver3,20260312193650,5,585.0,0.0
2x2_slot_inorder_place_random_1_greedy_ver3_grasp_ver3,20260312193653,11,484.0,0.0
2x2_slot_inorder_place_random_1_greedy_ver3_grasp_ver3,20260312193658,7,418.0,0.0
2x2_slot_inorder_place_random_1_greedy_ver3_grasp_ver3,20260312193702,4,425.0,0.0
2x2_slot_inorder_place_random_1_greedy_ver3_grasp_ver3,20260312193705,8,340.0,0.0
2x2_slot_inorder_place_random_1_greedy_ver3_grasp_ver3,20260312193707,30,1462.0,0.0
2x2_slot_inorder_place_random_1_greedy_ver3_grasp_ver3,20260312193711,4,247.0,0.0
2x2_slot_inorder_place_random_1_greedy_ver3_grasp_ver3,20260312193714,4,305.0,0.0
2x2_slot_inorder_place_random_1_greedy_ver3_grasp_ver3,20260312193717,12,920.0,0.0
2x2_slot_inorder_place_random_1_greedy_ver3_grasp_ver3,20260312193721,5,281.0,0.0
2x2_slot_inorder_place_random_1_greedy_ver3_grasp_ver3,20260312193724,5,303.0,0.0
2x2_slot_inorder_place_random_1_greedy_ver3_grasp_ver3,20260312193727,4,217.0,0.0
2x2_slot_inorder_place_random_1_greedy_ver3_grasp_ver3,20260312193730,4,291.0,0.0
2x2_slot_inorder_place_random_1_greedy_ver3_grasp_ver3,20260312193733,7,376.0,0.015625
2x2_slot_inorder_place_random_1_greedy_ver3_grasp_ver3,20260312193738,5,279.0,0.0
2x2_slot_inorder_place_random_1_greedy_ver3_grasp_ver3,20260312193739,7,334.0,0.0
2x2_slot_inorder_place_random_1_greedy_ver3_grasp_ver3,20260312193743,7,324.0,0.0
2x2_slot_inorder_place_random_1_greedy_ver3_grasp_ver3,20260312193747,9,462.0,0.0
2x2_slot_inorder_place_random_1_greedy_ver3_grasp_ver3,20260312193752,2,179.0,0.0
2x2_slot_inorder_place_random_1_greedy_ver3_grasp_ver3,20260312193754,7,456.0,0.0
2x2_slot_inorder_place_random_1_greedy_ver3_grasp_ver3,20260312193758,7,438.0,0.0
2x2_slot_inorder_place_random_1_greedy_ver3_grasp_ver3,20260312193802,7,358.0,0.0
2x2_slot_inorder_place_random_1_greedy_ver3_grasp_ver3,20260312193806,4,283.0,0.015625
2x2_slot_inorder_place_random_1_greedy_ver3_grasp_ver3,20260312193809,32,1329.0,0.0
2x2_slot_inorder_place_random_1_greedy_ver3_grasp_ver3,20260312193812,11,678.0,0.0
2x2_slot_inorder_place_random_1_greedy_ver3_grasp_ver3,20260312193815,7,324.0,0.0
2x2_slot_inorder_place_random_1_greedy_ver3_grasp_ver3,20260312193819,5,299.0,0.0
2x2_slot_inorder_place_random_1_greedy_ver3_grasp_ver3,20260312193822,5,263.0,0.0
2x2_slot_inorder_place_random_1_greedy_ver3_grasp_ver3,20260312193826,7,420.0,0.0
2x2_slot_inorder_place_random_1_greedy_ver3_grasp_ver3,20260312193830,6,262.0,0.0
2x2_slot_inorder_place_random_1_greedy_ver3_grasp_ver3,20260312193834,12,544.0,0.0
2x2_slot_inorder_place_random_1_greedy_ver3_grasp_ver3,20260312193838,32,1333.0,0.0
2x2_slot_inorder_place_random_1_greedy_ver3_grasp_ver3,20260312193841,2,189.0,0.0
2x2_slot_inorder_place_random_1_greedy_ver3_grasp_ver3,20260312193843,4,293.0,0.0
2x2_slot_inorder_place_random_1_greedy_ver3_grasp_ver3,20260312193846,8,426.0,0.0
2x2_slot_inorder_place_random_1_greedy_ver3_grasp_ver3,20260312193850,13,762.0,0.0
2x2_slot_inorder_place_random_1_greedy_ver3_grasp_ver3,20260312193856,12,634.0,0.015625
2x2_slot_inorder_place_random_1_greedy_ver3_grasp_ver3,20260312193902,14,935.0,0.0
2x2_slot_inorder_place_random_1_greedy_ver3_grasp_ver3,20260312193905,6,232.0,0.0
2x2_slot_inorder_place_random_1_greedy_ver3_grasp_ver3,20260312193909,17,692.0,0.0
2x2_slot_inorder_place_random_1_greedy_ver3_grasp_ver3,20260312193911,30,1401.0,0.0
2x2_slot_inorder_place_random_1_greedy_ver3_grasp_ver3,20260312193919,16,888.0,0.0
2x2_slot_inorder_place_random_1_greedy_ver3_grasp_ver3,20260312193924,4,229.0,0.0
2x2_slot_inorder_place_random_1_greedy_ver3_grasp_ver3,20260312193927,11,636.0,0.0
2x2_slot_inorder_place_random_1_greedy_ver3_grasp_ver3,20260312193931,10,468.0,0.0
2x2_slot_inorder_place_random_1_greedy_ver3_grasp_ver3,20260312193935,6,188.0,0.0
2x2_slot_inorder_place_random_1_greedy_ver3_grasp_ver3,20260312193939,26,1282.0,0.0
2x2_slot_inorder_place_random_1_greedy_ver3_grasp_ver3,20260312193942,17,910.0,0.0
2x2_slot_inorder_place_random_1_greedy_ver3_grasp_ver3,20260312193947,5,285.0,0.0
2x2_slot_inorder_place_random_1_greedy_ver3_grasp_ver3,20260312193950,18,1008.0,0.0
2x2_slot_inorder_place_random_1_greedy_ver3_grasp_ver3,20260312193957,14,786.0,0.0
2x2_slot_inorder_place_random_1_greedy_ver3_grasp_ver3,20260312194003,2,177.0,0.0
2x2_slot_inorder_place_random_1_greedy_ver3_grasp_ver3,20260312194005,10,546.0,0.0
2x2_slot_inorder_place_random_1_greedy_ver3_grasp_ver3,20260312194010,4,221.0,0.0
2x2_slot_inorder_place_random_1_greedy_ver3_grasp_ver3,20260312194011,9,486.0,0.0
2x2_slot_inorder_place_random_1_greedy_ver3_grasp_ver3,20260312194016,2,189.0,0.0
2x2_slot_inorder_place_random_1_greedy_ver3_grasp_ver3,20260312194018,7,318.0,0.015625
2x2_slot_inorder_place_random_1_greedy_ver3_grasp_ver3,20260312194022,9,582.0,0.0
2x2_slot_inorder_place_random_1_greedy_ver3_grasp_ver3,20260312194026,9,468.0,0.0
2x2_slot_inorder_place_random_1_greedy_ver3_grasp_ver3,20260312194031,2,179.0,0.0
2x2_slot_inorder_place_random_1_greedy_ver3_grasp_ver3,20260312194033,13,776.0,0.0
2x2_slot_inorder_place_random_1_greedy_ver3_grasp_ver3,20260312194037,5,281.0,0.0
2x2_slot_inorder_place_random_1_greedy_ver3_grasp_ver3,20260312194040,8,465.0,0.0
2x2_slot_inorder_place_random_1_greedy_ver3_grasp_ver3,20260312194042,13,855.0,0.0
2x2_slot_inorder_place_random_1_greedy_ver3_grasp_ver3,20260312194044,4,243.0,0.0
2x2_slot_inorder_place_random_1_greedy_ver3_grasp_ver3,20260312194047,7,418.0,0.0
2x2_slot_inorder_place_random_1_greedy_ver3_grasp_ver3,20260312194051,7,318.0,0.0
2x2_slot_inorder_place_random_1_greedy_ver3_grasp_ver3,20260312194055,4,241.0,0.0
2x2_slot_inorder_place_random_1_greedy_ver3_grasp_ver3,20260312194059,7,374.0,0.0
2x2_slot_inorder_place_random_1_greedy_ver3_grasp_ver3,20260312194102,2,189.0,0.0
2x2_slot_inorder_place_random_1_greedy_ver3_grasp_ver3,20260312194105,7,368.0,0.0
2x2_slot_inorder_place_random_1_greedy_ver3_grasp_ver3,20260312194108,3,279.0,0.0
2x2_slot_inorder_place_random_1_greedy_ver3_grasp_ver3,20260312194111,34,1552.0,0.0
2x2_slot_inorder_place_random_1_greedy_ver3_grasp_ver3,20260312194113,2,179.0,0.0
2x2_slot_inorder_place_random_1_greedy_ver3_grasp_ver3,20260312194116,10,534.0,0.0
2x2_slot_inorder_place_random_1_greedy_ver3_grasp_ver3,20260312194121,10,522.0,0.0
2x2_slot_inorder_place_random_1_greedy_ver3_grasp_ver3,20260312194125,4,307.0,0.0
2x2_slot_inorder_place_random_1_greedy_ver3_grasp_ver3,20260312194129,11,474.0,0.0
2x2_slot_inorder_place_random_1_greedy_ver3_grasp_ver3,20260312194134,7,426.0,0.0
2x2_slot_inorder_place_random_1_greedy_ver3_grasp_ver3,20260312194138,5,277.0,0.0
2x2_slot_inorder_place_random_1_greedy_ver3_grasp_ver3,20260312194141,33,1432.0,0.0
2x2_slot_inorder_place_random_1_greedy_ver3_grasp_ver3,20260312194144,7,388.0,0.015625
2x2_slot_inorder_place_random_1_greedy_ver3_grasp_ver3,20260312194148,8,376.0,0.0
2x2_slot_inorder_place_random_1_greedy_ver3_grasp_ver3,20260312194153,6,280.0,0.0
2x2_slot_inorder_place_random_1_greedy_ver3_grasp_ver3,20260312194157,2,179.0,0.0
2x2_slot_inorder_place_random_1_greedy_ver3_grasp_ver3,20260312194159,7,324.0,0.0
2x2_slot_inorder_place_random_1_greedy_ver3_grasp_ver3,20260312194203,9,516.0,0.0
2x2_slot_inorder_place_random_1_greedy_ver3_grasp_ver3,20260312194207,2,179.0,0.0
2x2_slot_inorder_place_random_1_greedy_ver3_grasp_ver3,20260312194210,7,348.0,0.0
2x2_slot_inorder_place_random_1_greedy_ver3_grasp_ver3,20260312194212,4,271.0,0.0
2x2_slot_inorder_place_random_1_greedy_ver3_grasp_ver3,20260312194215,7,326.0,0.0
2x2_slot_inorder_place_random_1_greedy_ver3_grasp_ver3,20260312194218,9,520.0,0.0
2x2_slot_inorder_place_random_1_greedy_ver3_grasp_ver3,20260312194223,2,187.0,0.0
2x2_slot_inorder_place_random_1_greedy_ver3_grasp_ver3,20260312194225,9,478.0,0.0
2x2_slot_inorder_place_random_1_greedy_ver3_grasp_ver3,20260312194230,6,273.0,0.0
2x2_slot_inorder_place_random_1_greedy_ver3_grasp_ver3,20260312194234,7,388.0,0.015625
2x2_slot_inorder_place_random_1_greedy_ver3_grasp_ver3,20260312194238,9,458.0,0.0
2x2_slot_inorder_place_random_1_greedy_ver3_grasp_ver3,20260312194242,7,319.0,0.0
2x2_slot_inorder_place_random_1_greedy_ver3_grasp_ver3,20260312194243,12,647.0,0.0
2x2_slot_inorder_place_random_1_greedy_ver3_grasp_ver3,20260312194247,11,572.0,0.0
2x2_slot_inorder_place_random_1_greedy_ver3_grasp_ver3,20260312194252,7,352.0,0.0
2x2_slot_inorder_place_random_1_greedy_ver3_grasp_ver3,20260312194256,9,468.0,0.0
2x2_slot_inorder_place_random_1_greedy_ver3_grasp_ver3,20260312194301,7,328.0,0.0
2x2_slot_inorder_place_random_1_greedy_ver3_grasp_ver3,20260312194305,13,624.0,0.0
2x2_slot_inorder_place_random_1_greedy_ver3_grasp_ver3,20260312194309,8,449.0,0.0
2x2_slot_inorder_place_random_1_greedy_ver3_grasp_ver3,20260312194312,5,301.0,0.015625
2x2_slot_inorder_place_random_1_greedy_ver3_grasp_ver3,20260312194313,17,738.0,0.0
2x2_slot_inorder_place_random_1_greedy_ver3_grasp_ver3,20260312194317,4,261.0,0.0
2x2_slot_inorder_place_random_1_greedy_ver3_grasp_ver3,20260312194320,4,295.0,0.0
2x2_slot_inorder_place_random_1_greedy_ver3_grasp_ver3,20260312194323,11,594.0,0.0
2x2_slot_inorder_place_random_1_greedy_ver3_grasp_ver3,20260312194328,9,498.0,0.0
2x2_slot_inorder_place_random_1_greedy_ver3_grasp_ver3,20260312194332,13,722.0,0.0
2x2_slot_inorder_place_random_1_greedy_ver3_grasp_ver3,20260312194339,6,216.0,0.015625
2x2_slot_inorder_place_random_1_greedy_ver3_grasp_ver3,20260312194343,9,468.0,0.0
2x2_slot_inorder_place_random_1_greedy_ver3_grasp_ver3,20260312194347,7,332.0,0.0
2x2_slot_inorder_place_random_1_greedy_ver3_grasp_ver3,20260312194351,11,743.0,0.015625
2x2_slot_inorder_place_random_1_greedy_ver3_grasp_ver3,20260312194354,6,194.0,0.0
2x2_slot_inorder_place_random_1_greedy_ver3_grasp_ver3,20260312194357,11,478.0,0.0
2x2_slot_inorder_place_random_1_greedy_ver3_grasp_ver3,20260312194403,5,287.0,0.0
2x2_slot_inorder_place_random_1_greedy_ver3_grasp_ver3,20260312194406,4,251.0,0.0
2x2_slot_inorder_place_random_1_greedy_ver3_grasp_ver3,20260312194409,4,257.0,0.0
2x2_slot_inorder_place_random_1_greedy_ver3_grasp_ver3,20260312194412,9,462.0,0.0
2x2_slot_inorder_place_random_1_greedy_ver3_grasp_ver3,20260312194415,4,485.0,0.0
2x2_slot_inorder_place_random_1_greedy_ver3_grasp_ver3,20260312194418,9,444.0,0.0
2x2_slot_inorder_place_random_1_greedy_ver3_grasp_ver3,20260312194423,5,301.0,0.0
2x2_slot_inorder_place_random_1_greedy_ver3_grasp_ver3,20260312194426,9,454.0,0.0
2x2_slot_inorder_place_random_1_greedy_ver3_grasp_ver3,20260312194431,6,409.0,0.0
2x2_slot_inorder_place_random_1_greedy_ver3_grasp_ver3,20260312194434,4,247.0,0.0
2x2_slot_inorder_place_random_1_greedy_ver3_grasp_ver3,20260312194437,11,488.0,0.0
2x2_slot_inorder_place_random_1_greedy_ver3_grasp_ver3,20260312194442,7,324.0,0.0
2x2_slot_inorder_place_random_1_greedy_ver3_grasp_ver3,20260312194444,19,930.0,0.0
2x2_slot_inorder_place_random_1_greedy_ver3_grasp_ver3,20260312194447,9,428.0,0.0
2x2_slot_inorder_place_random_1_greedy_ver3_grasp_ver3,20260312194452,6,196.0,0.0
2x2_slot_inorder_place_random_1_greedy_ver3_grasp_ver3,20260312194456,6,184.0,0.0
2x2_slot_inorder_place_random_1_greedy_ver3_grasp_ver3,20260312194500,11,607.0,0.0
2x2_slot_inorder_place_random_1_greedy_ver3_grasp_ver3,20260312194503,7,342.0,0.0
2x2_slot_inorder_place_random_1_greedy_ver3_grasp_ver3,20260312194507,4,219.0,0.015625
2x2_slot_inorder_place_random_1_greedy_ver3_grasp_ver3,20260312194510,8,532.0,0.0
2x2_slot_inorder_place_random_1_greedy_ver3_grasp_ver3,20260312194514,8,444.0,0.0
2x2_slot_inorder_place_random_1_greedy_ver3_grasp_ver3,20260312194517,10,544.0,0.015625
2x2_slot_inorder_place_random_1_greedy_ver3_grasp_ver3,20260312194522,7,404.0,0.0
2x2_slot_inorder_place_random_1_greedy_ver3_grasp_ver3,20260312194526,6,407.0,0.0
2x2_slot_inorder_place_random_1_greedy_ver3_grasp_ver3,20260312194529,9,591.0,0.0
2x2_slot_inorder_place_random_1_greedy_ver3_grasp_ver3,20260312194532,10,526.0,0.0
2x2_slot_inorder_place_random_1_greedy_ver3_grasp_ver3,20260312194537,4,229.0,0.0
2x2_slot_inorder_place_random_1_greedy_ver3_grasp_ver3,20260312194540,9,444.0,0.0
2x2_slot_inorder_place_random_1_greedy_ver3_grasp_ver3,20260312194544,7,322.0,0.0
2x2_slot_inorder_place_random_1_greedy_ver3_grasp_ver3,20260312194546,25,1170.0,0.0
2x2_slot_inorder_place_random_1_greedy_ver3_grasp_ver3,20260312194549,20,1022.0,0.0
2x2_slot_inorder_place_random_1_greedy_ver3_grasp_ver3,20260312194554,4,275.0,0.0
2x2_slot_inorder_place_random_1_greedy_ver3_grasp_ver3,20260312194557,11,484.0,0.0
2x2_slot_inorder_place_random_1_greedy_ver3_grasp_ver3,20260312194603,8,458.0,0.0
2x2_slot_inorder_place_random_1_greedy_ver3_grasp_ver3,20260312194607,9,466.0,0.0
2x2_slot_inorder_place_random_1_greedy_ver3_grasp_ver3,20260312194611,14,720.0,0.0
2x2_slot_inorder_place_random_1_greedy_ver3_grasp_ver3,20260312194615,4,301.0,0.0
2x2_slot_inorder_place_random_1_greedy_ver3_grasp_ver3,20260312194619,9,424.0,0.0
2x2_slot_inorder_place_random_1_greedy_ver3_grasp_ver3,20260312194623,4,243.0,0.0
2x2_slot_inorder_place_random_1_greedy_ver3_grasp_ver3,20260312194626,6,192.0,0.0
2x2_slot_inorder_place_random_1_greedy_ver3_grasp_ver3,20260312194630,4,247.0,0.0
2x2_slot_inorder_place_random_1_greedy_ver3_grasp_ver3,20260312194633,7,336.0,0.0
2x2_slot_inorder_place_random_1_greedy_ver3_grasp_ver3,20260312194637,13,648.0,0.0
2x2_slot_inorder_place_random_1_greedy_ver3_grasp_ver3,20260312194643,5,269.0,0.0
2x2_slot_inorder_place_random_1_greedy_ver3_grasp_ver3,20260312194646,6,377.0,0.0
2x2_slot_inorder_place_random_1_greedy_ver3_greedy_ver3,20260312193458,10,515.0,0.0
2x2_slot_inorder_place_random_1_greedy_ver3_greedy_ver3,20260312193501,16,828.0,0.0
2x2_slot_inorder_place_random_1_greedy_ver3_greedy_ver3,20260312193504,12,512.0,0.0
2x2_slot_inorder_place_random_1_greedy_ver3_greedy_ver3,20260312193507,12,582.0,0.0
2x2_slot_inorder_place_random_1_greedy_ver3_greedy_ver3,20260312193511,15,728.0,0.0
2x2_slot_inorder_place_random_1_greedy_ver3_greedy_ver3,20260312193514,8,453.0,0.0
2x2_slot_inorder_place_random_1_greedy_ver3_greedy_ver3,20260312193522,74,3456.0,0.0
2x2_slot_inorder_place_random_1_greedy_ver3_greedy_ver3,20260312193533,29,1506.0,0.0
2x2_slot_inorder_place_random_1_greedy_ver3_greedy_ver3,20260312193538,21,1090.0,0.0
2x2_slot_inorder_place_random_1_greedy_ver3_greedy_ver3,20260312193541,11,493.0,0.0
2x2_slot_inorder_place_random_1_greedy_ver3_greedy_ver3,20260312193545,23,962.0,0.0
2x2_slot_inorder_place_random_1_greedy_ver3_greedy_ver3,20260312193548,4,301.0,0.0
2x2_slot_inorder_place_random_1_greedy_ver3_greedy_ver3,20260312193551,10,517.0,0.0
2x2_slot_inorder_place_random_1_greedy_ver3_greedy_ver3,20260312193554,14,667.0,0.0
2x2_slot_inorder_place_random_1_greedy_ver3_greedy_ver3,20260312193557,13,547.0,0.0
2x2_slot_inorder_place_random_1_greedy_ver3_greedy_ver3,20260312193600,13,608.0,0.0
2x2_slot_inorder_place_random_1_greedy_ver3_greedy_ver3,20260312193603,5,287.0,0.0
2x2_slot_inorder_place_random_1_greedy_ver3_greedy_ver3,20260312193607,27,1182.0,0.0
2x2_slot_inorder_place_random_1_greedy_ver3_greedy_ver3,20260312193609,13,585.0,0.0
2x2_slot_inorder_place_random_1_greedy_ver3_greedy_ver3,20260312193612,14,692.0,0.0
2x2_slot_inorder_place_random_1_greedy_ver3_greedy_ver3,20260312193616,20,1066.0,0.0
2x2_slot_inorder_place_random_1_greedy_ver3_greedy_ver3,20260312193620,5,369.0,0.0
2x2_slot_inorder_place_random_1_greedy_ver3_greedy_ver3,20260312193623,22,1044.0,0.0
2x2_slot_inorder_place_random_1_greedy_ver3_greedy_ver3,20260312193626,8,449.0,0.0
2x2_slot_inorder_place_random_1_greedy_ver3_greedy_ver3,20260312193630,18,854.0,0.0
2x2_slot_inorder_place_random_1_greedy_ver3_greedy_ver3,20260312193634,21,1028.0,0.0
2x2_slot_inorder_place_random_1_greedy_ver3_greedy_ver3,20260312193637,24,1084.0,0.0
2x2_slot_inorder_place_random_1_greedy_ver3_greedy_ver3,20260312193641,12,598.0,0.0
2x2_slot_inorder_place_random_1_greedy_ver3_greedy_ver3,20260312193645,17,862.0,0.0
2x2_slot_inorder_place_random_1_greedy_ver3_greedy_ver3,20260312193648,11,591.0,0.0
2x2_slot_inorder_place_random_1_greedy_ver3_greedy_ver3,20260312193651,6,735.0,0.0
2x2_slot_inorder_place_random_1_greedy_ver3_greedy_ver3,20260312193656,28,1162.0,0.0
2x2_slot_inorder_place_random_1_greedy_ver3_greedy_ver3,20260312193700,18,882.0,0.0
2x2_slot_inorder_place_random_1_greedy_ver3_greedy_ver3,20260312193704,6,545.0,0.0
2x2_slot_inorder_place_random_1_greedy_ver3_greedy_ver3,20260312193707,30,1462.0,0.0
2x2_slot_inorder_place_random_1_greedy_ver3_greedy_ver3,20260312193709,12,752.0,0.0
2x2_slot_inorder_place_random_1_greedy_ver3_greedy_ver3,20260312193713,7,467.0,0.0
2x2_slot_inorder_place_random_1_greedy_ver3_greedy_ver3,20260312193716,10,585.0,0.0
2x2_slot_inorder_place_random_1_greedy_ver3_greedy_ver3,20260312193719,18,896.0,0.015625
2x2_slot_inorder_place_random_1_greedy_ver3_greedy_ver3,20260312193723,10,521.0,0.0
2x2_slot_inorder_place_random_1_greedy_ver3_greedy_ver3,20260312193726,14,673.0,0.0
2x2_slot_inorder_place_random_1_greedy_ver3_greedy_ver3,20260312193729,13,551.0,0.0
2x2_slot_inorder_place_random_1_greedy_ver3_greedy_ver3,20260312193732,9,421.0,0.0
2x2_slot_inorder_place_random_1_greedy_ver3_greedy_ver3,20260312193735,19,832.0,0.0
2x2_slot_inorder_place_random_1_greedy_ver3_greedy_ver3,20260312193737,14,649.0,0.0
2x2_slot_inorder_place_random_1_greedy_ver3_greedy_ver3,20260312193741,15,724.0,0.0
2x2_slot_inorder_place_random_1_greedy_ver3_greedy_ver3,20260312193745,19,824.0,0.0
2x2_slot_inorder_place_random_1_greedy_ver3_greedy_ver3,20260312193749,23,1008.0,0.0
2x2_slot_inorder_place_random_1_greedy_ver3_greedy_ver3,20260312193753,5,279.0,0.0
2x2_slot_inorder_place_random_1_greedy_ver3_greedy_ver3,20260312193756,13,684.0,0.0
2x2_slot_inorder_place_random_1_greedy_ver3_greedy_ver3,20260312193800,19,970.0,0.0
2x2_slot_inorder_place_random_1_greedy_ver3_greedy_ver3,20260312193804,16,656.0,0.0
2x2_slot_inorder_place_random_1_greedy_ver3_greedy_ver3,20260312193807,10,409.0,0.0
2x2_slot_inorder_place_random_1_greedy_ver3_greedy_ver3,20260312193809,32,1329.0,0.0
2x2_slot_inorder_place_random_1_greedy_ver3_greedy_ver3,20260312193813,14,728.0,0.0
2x2_slot_inorder_place_random_1_greedy_ver3_greedy_ver3,20260312193817,15,646.0,0.0
2x2_slot_inorder_place_random_1_greedy_ver3_greedy_ver3,20260312193821,11,519.0,0.0
2x2_slot_inorder_place_random_1_greedy_ver3_greedy_ver3,20260312193824,14,678.0,0.0
2x2_slot_inorder_place_random_1_greedy_ver3_greedy_ver3,20260312193828,18,800.0,0.015625
2x2_slot_inorder_place_random_1_greedy_ver3_greedy_ver3,20260312193832,17,854.0,0.015625
2x2_slot_inorder_place_random_1_greedy_ver3_greedy_ver3,20260312193836,15,638.0,0.0
2x2_slot_inorder_place_random_1_greedy_ver3_greedy_ver3,20260312193838,32,1333.0,0.0
2x2_slot_inorder_place_random_1_greedy_ver3_greedy_ver3,20260312193842,5,289.0,0.0
2x2_slot_inorder_place_random_1_greedy_ver3_greedy_ver3,20260312193844,9,461.0,0.0
2x2_slot_inorder_place_random_1_greedy_ver3_greedy_ver3,20260312193848,22,904.0,0.0
2x2_slot_inorder_place_random_1_greedy_ver3_greedy_ver3,20260312193853,25,1370.0,0.0
2x2_slot_inorder_place_random_1_greedy_ver3_greedy_ver3,20260312193859,33,1602.0,0.0
2x2_slot_inorder_place_random_1_greedy_ver3_greedy_ver3,20260312193903,21,1272.0,0.0
2x2_slot_inorder_place_random_1_greedy_ver3_greedy_ver3,20260312193907,18,866.0,0.0
2x2_slot_inorder_place_random_1_greedy_ver3_greedy_ver3,20260312193909,17,692.0,0.015625
2x2_slot_inorder_place_random_1_greedy_ver3_greedy_ver3,20260312193915,41,2057.0,0.0
2x2_slot_inorder_place_random_1_greedy_ver3_greedy_ver3,20260312193922,25,1254.0,0.0
2x2_slot_inorder_place_random_1_greedy_ver3_greedy_ver3,20260312193926,13,559.0,0.0
2x2_slot_inorder_place_random_1_greedy_ver3_greedy_ver3,20260312193929,15,658.0,0.0
2x2_slot_inorder_place_random_1_greedy_ver3_greedy_ver3,20260312193933,15,638.0,0.0
2x2_slot_inorder_place_random_1_greedy_ver3_greedy_ver3,20260312193937,17,624.0,0.0
2x2_slot_inorder_place_random_1_greedy_ver3_greedy_ver3,20260312193939,26,1282.0,0.0
2x2_slot_inorder_place_random_1_greedy_ver3_greedy_ver3,20260312193944,20,1010.0,0.0
2x2_slot_inorder_place_random_1_greedy_ver3_greedy_ver3,20260312193948,19,860.0,0.0
2x2_slot_inorder_place_random_1_greedy_ver3_greedy_ver3,20260312193953,23,1172.0,0.0
2x2_slot_inorder_place_random_1_greedy_ver3_greedy_ver3,20260312194000,34,1517.0,0.0
2x2_slot_inorder_place_random_1_greedy_ver3_greedy_ver3,20260312194004,5,277.0,0.0
2x2_slot_inorder_place_random_1_greedy_ver3_greedy_ver3,20260312194007,23,962.0,0.0
2x2_slot_inorder_place_random_1_greedy_ver3_greedy_ver3,20260312194009,13,585.0,0.0
2x2_slot_inorder_place_random_1_greedy_ver3_greedy_ver3,20260312194013,23,1026.0,0.0
2x2_slot_inorder_place_random_1_greedy_ver3_greedy_ver3,20260312194017,5,289.0,0.0
2x2_slot_inorder_place_random_1_greedy_ver3_greedy_ver3,20260312194020,19,838.0,0.0
2x2_slot_inorder_place_random_1_greedy_ver3_greedy_ver3,20260312194024,20,1102.0,0.0
2x2_slot_inorder_place_random_1_greedy_ver3_greedy_ver3,20260312194029,24,996.0,0.0
2x2_slot_inorder_place_random_1_greedy_ver3_greedy_ver3,20260312194032,5,279.0,0.0
2x2_slot_inorder_place_random_1_greedy_ver3_greedy_ver3,20260312194035,13,834.0,0.0
2x2_slot_inorder_place_random_1_greedy_ver3_greedy_ver3,20260312194038,10,493.0,0.0
2x2_slot_inorder_place_random_1_greedy_ver3_greedy_ver3,20260312194041,19,1034.0,0.0
2x2_slot_inorder_place_random_1_greedy_ver3_greedy_ver3,20260312194043,13,835.0,0.0
2x2_slot_inorder_place_random_1_greedy_ver3_greedy_ver3,20260312194046,13,599.0,0.0
2x2_slot_inorder_place_random_1_greedy_ver3_greedy_ver3,20260312194049,15,638.0,0.0
2x2_slot_inorder_place_random_1_greedy_ver3_greedy_ver3,20260312194053,19,862.0,0.0
2x2_slot_inorder_place_random_1_greedy_ver3_greedy_ver3,20260312194057,12,586.0,0.0
2x2_slot_inorder_place_random_1_greedy_ver3_greedy_ver3,20260312194101,18,804.0,0.0
2x2_slot_inorder_place_random_1_greedy_ver3_greedy_ver3,20260312194103,8,449.0,0.0
2x2_slot_inorder_place_random_1_greedy_ver3_greedy_ver3,20260312194106,12,684.0,0.0
2x2_slot_inorder_place_random_1_greedy_ver3_greedy_ver3,20260312194109,4,339.0,0.0
2x2_slot_inorder_place_random_1_greedy_ver3_greedy_ver3,20260312194111,34,1552.0,0.0
2x2_slot_inorder_place_random_1_greedy_ver3_greedy_ver3,20260312194114,5,279.0,0.0
2x2_slot_inorder_place_random_1_greedy_ver3_greedy_ver3,20260312194118,22,1020.0,0.0
2x2_slot_inorder_place_random_1_greedy_ver3_greedy_ver3,20260312194123,23,1046.0,0.0
2x2_slot_inorder_place_random_1_greedy_ver3_greedy_ver3,20260312194127,9,571.0,0.0
2x2_slot_inorder_place_random_1_greedy_ver3_greedy_ver3,20260312194131,28,1124.0,0.0
2x2_slot_inorder_place_random_1_greedy_ver3_greedy_ver3,20260312194136,14,784.0,0.0
2x2_slot_inorder_place_random_1_greedy_ver3_greedy_ver3,20260312194139,14,647.0,0.0
2x2_slot_inorder_place_random_1_greedy_ver3_greedy_ver3,20260312194141,33,1432.0,0.0
2x2_slot_inorder_place_random_1_greedy_ver3_greedy_ver3,20260312194145,19,760.0,0.0
2x2_slot_inorder_place_random_1_greedy_ver3_greedy_ver3,20260312194150,19,970.0,0.0
2x2_slot_inorder_place_random_1_greedy_ver3_greedy_ver3,20260312194155,17,950.0,0.0
2x2_slot_inorder_place_random_1_greedy_ver3_greedy_ver3,20260312194158,5,279.0,0.0
2x2_slot_inorder_place_random_1_greedy_ver3_greedy_ver3,20260312194201,15,688.0,0.0
2x2_slot_inorder_place_random_1_greedy_ver3_greedy_ver3,20260312194205,23,1088.0,0.0
2x2_slot_inorder_place_random_1_greedy_ver3_greedy_ver3,20260312194209,5,279.0,0.0
2x2_slot_inorder_place_random_1_greedy_ver3_greedy_ver3,20260312194211,15,672.0,0.0
2x2_slot_inorder_place_random_1_greedy_ver3_greedy_ver3,20260312194213,7,393.0,0.015625
2x2_slot_inorder_place_random_1_greedy_ver3_greedy_ver3,20260312194216,12,720.0,0.0
2x2_slot_inorder_place_random_1_greedy_ver3_greedy_ver3,20260312194221,23,950.0,0.0
2x2_slot_inorder_place_random_1_greedy_ver3_greedy_ver3,20260312194224,5,287.0,0.0
2x2_slot_inorder_place_random_1_greedy_ver3_greedy_ver3,20260312194228,23,1008.0,0.0
2x2_slot_inorder_place_random_1_greedy_ver3_greedy_ver3,20260312194232,8,393.0,0.015625
2x2_slot_inorder_place_random_1_greedy_ver3_greedy_ver3,20260312194236,18,798.0,0.0
2x2_slot_inorder_place_random_1_greedy_ver3_greedy_ver3,20260312194240,23,966.0,0.0
2x2_slot_inorder_place_random_1_greedy_ver3_greedy_ver3,20260312194242,7,319.0,0.0
2x2_slot_inorder_place_random_1_greedy_ver3_greedy_ver3,20260312194245,12,544.0,0.0
2x2_slot_inorder_place_random_1_greedy_ver3_greedy_ver3,20260312194249,28,1236.0,0.0
2x2_slot_inorder_place_random_1_greedy_ver3_greedy_ver3,20260312194254,18,858.0,0.0
2x2_slot_inorder_place_random_1_greedy_ver3_greedy_ver3,20260312194258,23,984.0,0.0
2x2_slot_inorder_place_random_1_greedy_ver3_greedy_ver3,20260312194303,15,664.0,0.0
2x2_slot_inorder_place_random_1_greedy_ver3_greedy_ver3,20260312194307,16,886.0,0.0
2x2_slot_inorder_place_random_1_greedy_ver3_greedy_ver3,20260312194310,11,667.0,0.0
2x2_slot_inorder_place_random_1_greedy_ver3_greedy_ver3,20260312194313,17,738.0,0.0
2x2_slot_inorder_place_random_1_greedy_ver3_greedy_ver3,20260312194315,17,724.0,0.0
2x2_slot_inorder_place_random_1_greedy_ver3_greedy_ver3,20260312194318,9,479.0,0.0
2x2_slot_inorder_place_random_1_greedy_ver3_greedy_ver3,20260312194321,7,397.0,0.0
2x2_slot_inorder_place_random_1_greedy_ver3_greedy_ver3,20260312194325,23,972.0,0.0
2x2_slot_inorder_place_random_1_greedy_ver3_greedy_ver3,20260312194329,23,1176.0,0.0
2x2_slot_inorder_place_random_1_greedy_ver3_greedy_ver3,20260312194335,29,1452.0,0.0
2x2_slot_inorder_place_random_1_greedy_ver3_greedy_ver3,20260312194341,17,740.0,0.0
2x2_slot_inorder_place_random_1_greedy_ver3_greedy_ver3,20260312194344,5,289.0,0.0
2x2_slot_inorder_place_random_1_greedy_ver3_greedy_ver3,20260312194345,19,832.0,0.015625
2x2_slot_inorder_place_random_1_greedy_ver3_greedy_ver3,20260312194349,19,834.0,0.0
2x2_slot_inorder_place_random_1_greedy_ver3_greedy_ver3,20260312194352,12,833.0,0.0
2x2_slot_inorder_place_random_1_greedy_ver3_greedy_ver3,20260312194355,17,746.0,0.0
2x2_slot_inorder_place_random_1_greedy_ver3_greedy_ver3,20260312194400,28,1258.0,0.0
2x2_slot_inorder_place_random_1_greedy_ver3_greedy_ver3,20260312194405,9,527.0,0.0
2x2_slot_inorder_place_random_1_greedy_ver3_greedy_ver3,20260312194408,13,551.0,0.0
2x2_slot_inorder_place_random_1_greedy_ver3_greedy_ver3,20260312194410,12,675.0,0.0
2x2_slot_inorder_place_random_1_greedy_ver3_greedy_ver3,20260312194414,24,976.0,0.0
2x2_slot_inorder_place_random_1_greedy_ver3_greedy_ver3,20260312194416,7,635.0,0.0
2x2_slot_inorder_place_random_1_greedy_ver3_greedy_ver3,20260312194420,23,994.0,0.0
2x2_slot_inorder_place_random_1_greedy_ver3_greedy_ver3,20260312194424,11,527.0,0.0
2x2_slot_inorder_place_random_1_greedy_ver3_greedy_ver3,20260312194428,23,946.0,0.0
2x2_slot_inorder_place_random_1_greedy_ver3_greedy_ver3,20260312194432,9,569.0,0.0
2x2_slot_inorder_place_random_1_greedy_ver3_greedy_ver3,20260312194435,13,547.0,0.015625
2x2_slot_inorder_place_random_1_greedy_ver3_greedy_ver3,20260312194440,28,1134.0,0.0
2x2_slot_inorder_place_random_1_greedy_ver3_greedy_ver3,20260312194444,19,930.0,0.0
2x2_slot_inorder_place_random_1_greedy_ver3_greedy_ver3,20260312194446,10,555.0,0.0
2x2_slot_inorder_place_random_1_greedy_ver3_greedy_ver3,20260312194450,23,968.0,0.015625
2x2_slot_inorder_place_random_1_greedy_ver3_greedy_ver3,20260312194454,17,768.0,0.0
2x2_slot_inorder_place_random_1_greedy_ver3_greedy_ver3,20260312194458,17,728.0,0.0
2x2_slot_inorder_place_random_1_greedy_ver3_greedy_ver3,20260312194501,13,557.0,0.0
2x2_slot_inorder_place_random_1_greedy_ver3_greedy_ver3,20260312194505,15,712.0,0.0
2x2_slot_inorder_place_random_1_greedy_ver3_greedy_ver3,20260312194508,13,549.0,0.0
2x2_slot_inorder_place_random_1_greedy_ver3_greedy_ver3,20260312194512,12,528.0,0.0
2x2_slot_inorder_place_random_1_greedy_ver3_greedy_ver3,20260312194515,16,822.0,0.015625
2x2_slot_inorder_place_random_1_greedy_ver3_greedy_ver3,20260312194520,23,994.0,0.0
2x2_slot_inorder_place_random_1_greedy_ver3_greedy_ver3,20260312194524,16,784.0,0.0
2x2_slot_inorder_place_random_1_greedy_ver3_greedy_ver3,20260312194527,7,317.0,0.0
2x2_slot_inorder_place_random_1_greedy_ver3_greedy_ver3,20260312194530,10,521.0,0.015625
2x2_slot_inorder_place_random_1_greedy_ver3_greedy_ver3,20260312194534,23,952.0,0.0
2x2_slot_inorder_place_random_1_greedy_ver3_greedy_ver3,20260312194538,13,561.0,0.0
2x2_slot_inorder_place_random_1_greedy_ver3_greedy_ver3,20260312194542,23,994.0,0.0
2x2_slot_inorder_place_random_1_greedy_ver3_greedy_ver3,20260312194546,25,1170.0,0.0
2x2_slot_inorder_place_random_1_greedy_ver3_greedy_ver3,20260312194548,9,625.0,0.0
2x2_slot_inorder_place_random_1_greedy_ver3_greedy_ver3,20260312194552,21,1142.0,0.0
2x2_slot_inorder_place_random_1_greedy_ver3_greedy_ver3,20260312194556,9,565.0,0.015625
2x2_slot_inorder_place_random_1_greedy_ver3_greedy_ver3,20260312194600,28,1132.0,0.0
2x2_slot_inorder_place_random_1_greedy_ver3_greedy_ver3,20260312194605,12,708.0,0.0
2x2_slot_inorder_place_random_1_greedy_ver3_greedy_ver3,20260312194609,20,816.0,0.0
2x2_slot_inorder_place_random_1_greedy_ver3_greedy_ver3,20260312194614,31,1290.0,0.0
2x2_slot_inorder_place_random_1_greedy_ver3_greedy_ver3,20260312194617,9,377.0,0.0
2x2_slot_inorder_place_random_1_greedy_ver3_greedy_ver3,20260312194621,23,942.0,0.0
2x2_slot_inorder_place_random_1_greedy_ver3_greedy_ver3,20260312194625,12,543.0,0.0
2x2_slot_inorder_place_random_1_greedy_ver3_greedy_ver3,20260312194628,17,744.0,0.0
2x2_slot_inorder_place_random_1_greedy_ver3_greedy_ver3,20260312194632,12,547.0,0.0
2x2_slot_inorder_place_random_1_greedy_ver3_greedy_ver3,20260312194635,18,860.0,0.0
2x2_slot_inorder_place_random_1_greedy_ver3_greedy_ver3,20260312194640,30,1562.0,0.0
2x2_slot_inorder_place_random_1_greedy_ver3_greedy_ver3,20260312194645,10,503.0,0.0
2x2_slot_inorder_place_random_1_greedy_ver3_greedy_ver3,20260312194648,8,599.0,0.0
2x2_slot_inorder_place_random_5_grasp_ver3_grasp_ver3,20260310143451,2,289.0,0.0
2x2_slot_inorder_place_random_5_grasp_ver3_grasp_ver3,20260310143453,2,221.0,0.0
2x2_slot_inorder_place_random_5_grasp_ver3_grasp_ver3,20260310143456,2,259.0,0.0
2x2_slot_inorder_place_random_5_grasp_ver3_grasp_ver3,20260310143458,4,297.0,0.0
2x2_slot_inorder_place_random_5_grasp_ver3_grasp_ver3,20260310143500,2,203.0,0.0
2x2_slot_inorder_place_random_5_grasp_ver3_grasp_ver3,20260310143504,5,263.0,0.015625
2x2_slot_inorder_place_random_5_grasp_ver3_grasp_ver3,20260310143507,3,265.0,0.0
2x2_slot_inorder_place_random_5_grasp_ver3_grasp_ver3,20260310143509,19,980.0,0.015625
2x2_slot_inorder_place_random_5_grasp_ver3_grasp_ver3,20260310143515,45,2119.0,0.0
2x2_slot_inorder_place_random_5_grasp_ver3_grasp_ver3,20260310143527,19,890.0,0.0
2x2_slot_inorder_place_random_5_grasp_ver3_grasp_ver3,20260310143535,2,215.0,0.0
2x2_slot_inorder_place_random_5_grasp_ver3_grasp_ver3,20260310143538,2,259.0,0.0
2x2_slot_inorder_place_random_5_grasp_ver3_grasp_ver3,20260310143540,3,275.0,0.0
2x2_slot_inorder_place_random_5_grasp_ver3_grasp_ver3,20260310143542,5,261.0,0.0
2x2_slot_inorder_place_random_5_grasp_ver3_grasp_ver3,20260310143545,4,267.0,0.0
2x2_slot_inorder_place_random_5_grasp_ver3_grasp_ver3,20260310143548,2,203.0,0.0
2x2_slot_inorder_place_random_5_grasp_ver3_grasp_ver3,20260310143550,6,194.0,0.0
2x2_slot_inorder_place_random_5_grasp_ver3_grasp_ver3,20260310143553,5,277.0,0.0
2x2_slot_inorder_place_random_5_grasp_ver3_grasp_ver3,20260310143556,4,275.0,0.0
2x2_slot_inorder_place_random_5_grasp_ver3_grasp_ver3,20260310143559,6,272.0,0.015625
2x2_slot_inorder_place_random_5_grasp_ver3_grasp_ver3,20260310143603,6,371.0,0.0
2x2_slot_inorder_place_random_5_grasp_ver3_grasp_ver3,20260310143605,10,590.0,0.0
2x2_slot_inorder_place_random_5_grasp_ver3_grasp_ver3,20260310143612,17,990.0,0.015625
2x2_slot_inorder_place_random_5_grasp_ver3_grasp_ver3,20260310143617,7,467.0,0.0
2x2_slot_inorder_place_random_5_grasp_ver3_grasp_ver3,20260310143620,10,472.0,0.0
2x2_slot_inorder_place_random_5_grasp_ver3_grasp_ver3,20260310143623,2,267.0,0.0
2x2_slot_inorder_place_random_5_grasp_ver3_grasp_ver3,20260310143625,4,355.0,0.0
2x2_slot_inorder_place_random_5_grasp_ver3_grasp_ver3,20260310143629,17,1022.0,0.0
2x2_slot_inorder_place_random_5_grasp_ver3_grasp_ver3,20260310143633,8,520.0,0.0
2x2_slot_inorder_place_random_5_grasp_ver3_grasp_ver3,20260310143636,12,714.0,0.0
2x2_slot_inorder_place_random_5_grasp_ver3_grasp_ver3,20260310143641,16,1070.0,0.0
2x2_slot_inorder_place_random_5_grasp_ver3_grasp_ver3,20260310143648,9,392.0,0.0
2x2_slot_inorder_place_random_5_grasp_ver3_grasp_ver3,20260310143651,3,277.0,0.0
2x2_slot_inorder_place_random_5_grasp_ver3_grasp_ver3,20260310143653,2,207.0,0.0
2x2_slot_inorder_place_random_5_grasp_ver3_grasp_ver3,20260310143655,2,269.0,0.0
2x2_slot_inorder_place_random_5_grasp_ver3_grasp_ver3,20260310143657,2,199.0,0.0
2x2_slot_inorder_place_random_5_grasp_ver3_grasp_ver3,20260310143659,5,281.0,0.0
2x2_slot_inorder_place_random_5_grasp_ver3_grasp_ver3,20260310143703,2,265.0,0.0
2x2_slot_inorder_place_random_5_grasp_ver3_grasp_ver3,20260310143705,4,229.0,0.0
2x2_slot_inorder_place_random_5_grasp_ver3_grasp_ver3,20260310143708,4,259.0,0.015625
2x2_slot_inorder_place_random_5_grasp_ver3_grasp_ver3,20260310143710,2,249.0,0.0
2x2_slot_inorder_place_random_5_grasp_ver3_grasp_ver3,20260310143712,4,269.0,0.0
2x2_slot_inorder_place_random_5_grasp_ver3_grasp_ver3,20260310143715,2,195.0,0.0
2x2_slot_inorder_place_random_5_grasp_ver3_grasp_ver3,20260310143719,4,289.0,0.0
2x2_slot_inorder_place_random_5_grasp_ver3_grasp_ver3,20260310143721,8,494.0,0.0
2x2_slot_inorder_place_random_5_grasp_ver3_grasp_ver3,20260310143725,11,656.0,0.0
2x2_slot_inorder_place_random_5_grasp_ver3_grasp_ver3,20260310143728,7,324.0,0.0
2x2_slot_inorder_place_random_5_grasp_ver3_grasp_ver3,20260310143732,5,263.0,0.0
2x2_slot_inorder_place_random_5_grasp_ver3_grasp_ver3,20260310143735,4,285.0,0.0
2x2_slot_inorder_place_random_5_grasp_ver3_grasp_ver3,20260310143738,8,402.0,0.0
2x2_slot_inorder_place_random_5_grasp_ver3_grasp_ver3,20260310143742,5,289.0,0.0
2x2_slot_inorder_place_random_5_grasp_ver3_grasp_ver3,20260310143745,4,215.0,0.0
2x2_slot_inorder_place_random_5_grasp_ver3_grasp_ver3,20260310143748,4,269.0,0.0
2x2_slot_inorder_place_random_5_grasp_ver3_grasp_ver3,20260310143750,18,866.0,0.0
2x2_slot_inorder_place_random_5_grasp_ver3_grasp_ver3,20260310143758,7,332.0,0.0
2x2_slot_inorder_place_random_5_grasp_ver3_grasp_ver3,20260310143801,7,423.0,0.0
2x2_slot_inorder_place_random_5_grasp_ver3_grasp_ver3,20260310143804,8,560.0,0.0
2x2_slot_inorder_place_random_5_grasp_ver3_grasp_ver3,20260310143807,15,1024.0,0.015625
2x2_slot_inorder_place_random_5_grasp_ver3_grasp_ver3,20260310143812,32,1417.0,0.0
2x2_slot_inorder_place_random_5_grasp_ver3_grasp_ver3,20260310143820,8,537.0,0.0
2x2_slot_inorder_place_random_5_grasp_ver3_grasp_ver3,20260310143823,10,498.0,0.0
2x2_slot_inorder_place_random_5_grasp_ver3_grasp_ver3,20260310143829,8,490.0,0.0
2x2_slot_inorder_place_random_5_grasp_ver3_grasp_ver3,20260310143833,8,524.0,0.0
2x2_slot_inorder_place_random_5_grasp_ver3_grasp_ver3,20260310143837,22,1118.0,0.0
2x2_slot_inorder_place_random_5_grasp_ver3_grasp_ver3,20260310143842,2,197.0,0.0
2x2_slot_inorder_place_random_5_grasp_ver3_grasp_ver3,20260310143844,4,247.0,0.0
2x2_slot_inorder_place_random_5_grasp_ver3_grasp_ver3,20260310143846,3,275.0,0.0
2x2_slot_inorder_place_random_5_grasp_ver3_grasp_ver3,20260310143848,8,426.0,0.0
2x2_slot_inorder_place_random_5_grasp_ver3_grasp_ver3,20260310143853,21,1082.0,0.0
2x2_slot_inorder_place_random_5_grasp_ver3_grasp_ver3,20260310143901,2,249.0,0.0
2x2_slot_inorder_place_random_5_grasp_ver3_grasp_ver3,20260310143903,8,438.0,0.0
2x2_slot_inorder_place_random_5_grasp_ver3_grasp_ver3,20260310143908,5,265.0,0.0
2x2_slot_inorder_place_random_5_grasp_ver3_grasp_ver3,20260310143911,6,234.0,0.0
2x2_slot_inorder_place_random_5_grasp_ver3_grasp_ver3,20260310143914,12,714.0,0.0
2x2_slot_inorder_place_random_5_grasp_ver3_grasp_ver3,20260310143919,13,664.0,0.0
2x2_slot_inorder_place_random_5_grasp_ver3_grasp_ver3,20260310143923,12,650.0,0.0
2x2_slot_inorder_place_random_5_grasp_ver3_grasp_ver3,20260310143927,18,1016.0,0.0
2x2_slot_inorder_place_random_5_grasp_ver3_grasp_ver3,20260310143933,5,277.0,0.0
2x2_slot_inorder_place_random_5_grasp_ver3_grasp_ver3,20260310143936,4,233.0,0.0
2x2_slot_inorder_place_random_5_grasp_ver3_grasp_ver3,20260310143938,2,205.0,0.0
2x2_slot_inorder_place_random_5_grasp_ver3_grasp_ver3,20260310143941,4,345.0,0.0
2x2_slot_inorder_place_random_5_grasp_ver3_grasp_ver3,20260310143943,6,314.0,0.0
2x2_slot_inorder_place_random_5_grasp_ver3_grasp_ver3,20260310143947,7,313.0,0.0
2x2_slot_inorder_place_random_5_grasp_ver3_grasp_ver3,20260310143948,8,528.0,0.0
2x2_slot_inorder_place_random_5_grasp_ver3_grasp_ver3,20260310143952,4,273.0,0.0
2x2_slot_inorder_place_random_5_grasp_ver3_grasp_ver3,20260310143955,5,253.0,0.0
2x2_slot_inorder_place_random_5_grasp_ver3_grasp_ver3,20260310143958,11,636.0,0.0
2x2_slot_inorder_place_random_5_grasp_ver3_grasp_ver3,20260310144004,7,324.0,0.0
2x2_slot_inorder_place_random_5_grasp_ver3_grasp_ver3,20260310144009,12,544.0,0.0
2x2_slot_inorder_place_random_5_grasp_ver3_grasp_ver3,20260310144015,7,406.0,0.0
2x2_slot_inorder_place_random_5_grasp_ver3_grasp_ver3,20260310144018,6,226.0,0.0
2x2_slot_inorder_place_random_5_grasp_ver3_grasp_ver3,20260310144022,6,280.0,0.0
2x2_slot_inorder_place_random_5_grasp_ver3_grasp_ver3,20260310144025,7,324.0,0.0
2x2_slot_inorder_place_random_5_grasp_ver3_grasp_ver3,20260310144029,9,462.0,0.0
2x2_slot_inorder_place_random_5_grasp_ver3_grasp_ver3,20260310144033,2,179.0,0.0
2x2_slot_inorder_place_random_5_grasp_ver3_grasp_ver3,20260310144035,4,263.0,0.0
2x2_slot_inorder_place_random_5_grasp_ver3_grasp_ver3,20260310144038,10,552.0,0.015625
2x2_slot_inorder_place_random_5_grasp_ver3_grasp_ver3,20260310144043,4,279.0,0.0
2x2_slot_inorder_place_random_5_grasp_ver3_grasp_ver3,20260310144047,7,338.0,0.015625
2x2_slot_inorder_place_random_5_grasp_ver3_grasp_ver3,20260310144050,6,273.0,0.0
2x2_slot_inorder_place_random_5_grasp_ver3_grasp_ver3,20260310144054,5,255.0,0.0
2x2_slot_inorder_place_random_5_grasp_ver3_grasp_ver3,20260310144056,4,285.0,0.0
2x2_slot_inorder_place_random_5_grasp_ver3_grasp_ver3,20260310144059,24,1216.0,0.0
2x2_slot_inorder_place_random_5_grasp_ver3_grasp_ver3,20260310144107,9,428.0,0.0
2x2_slot_inorder_place_random_5_grasp_ver3_grasp_ver3,20260310144111,2,187.0,0.0
2x2_slot_inorder_place_random_5_grasp_ver3_grasp_ver3,20260310144114,7,424.0,0.0
2x2_slot_inorder_place_random_5_grasp_ver3_grasp_ver3,20260310144118,12,642.0,0.0
2x2_slot_inorder_place_random_5_grasp_ver3_grasp_ver3,20260310144122,7,343.0,0.0
2x2_slot_inorder_place_random_5_grasp_ver3_grasp_ver3,20260310144125,6,182.0,0.0
2x2_slot_inorder_place_random_5_grasp_ver3_grasp_ver3,20260310144128,4,291.0,0.0
2x2_slot_inorder_place_random_5_grasp_ver3_grasp_ver3,20260310144131,4,285.0,0.0
2x2_slot_inorder_place_random_5_grasp_ver3_grasp_ver3,20260310144134,21,1094.0,0.0
2x2_slot_inorder_place_random_5_grasp_ver3_grasp_ver3,20260310144141,6,256.0,0.0
2x2_slot_inorder_place_random_5_grasp_ver3_grasp_ver3,20260310144145,14,816.0,0.0
2x2_slot_inorder_place_random_5_grasp_ver3_grasp_ver3,20260310144153,7,324.0,0.0
2x2_slot_inorder_place_random_5_grasp_ver3_grasp_ver3,20260310144156,7,322.0,0.0
2x2_slot_inorder_place_random_5_grasp_ver3_grasp_ver3,20260310144159,11,743.0,0.0
2x2_slot_inorder_place_random_5_grasp_ver3_grasp_ver3,20260310144202,10,542.0,0.0
2x2_slot_inorder_place_random_5_grasp_ver3_grasp_ver3,20260310144206,5,277.0,0.0
2x2_slot_inorder_place_random_5_grasp_ver3_grasp_ver3,20260310144209,5,287.0,0.0
2x2_slot_inorder_place_random_5_grasp_ver3_grasp_ver3,20260310144212,4,251.0,0.0
2x2_slot_inorder_place_random_5_grasp_ver3_grasp_ver3,20260310144215,4,267.0,0.015625
2x2_slot_inorder_place_random_5_grasp_ver3_grasp_ver3,20260310144217,9,462.0,0.0
2x2_slot_inorder_place_random_5_grasp_ver3_grasp_ver3,20260310144223,4,485.0,0.0
2x2_slot_inorder_place_random_5_grasp_ver3_grasp_ver3,20260310144226,18,862.0,0.0
2x2_slot_inorder_place_random_5_grasp_ver3_grasp_ver3,20260310144233,10,536.0,0.0
2x2_slot_inorder_place_random_5_grasp_ver3_grasp_ver3,20260310144237,11,498.0,0.0
2x2_slot_inorder_place_random_5_grasp_ver3_grasp_ver3,20260310144242,13,764.0,0.0
2x2_slot_inorder_place_random_5_grasp_ver3_grasp_ver3,20260310144247,10,518.0,0.0
2x2_slot_inorder_place_random_5_grasp_ver3_grasp_ver3,20260310144251,6,252.0,0.0
2x2_slot_inorder_place_random_5_grasp_ver3_grasp_ver3,20260310144256,6,194.0,0.0
2x2_slot_inorder_place_random_5_grasp_ver3_grasp_ver3,20260310144300,11,638.0,0.0
2x2_slot_inorder_place_random_5_grasp_ver3_grasp_ver3,20260310144304,14,657.0,0.015625
2x2_slot_inorder_place_random_5_grasp_ver3_grasp_ver3,20260310144306,12,672.0,0.0
2x2_slot_inorder_place_random_5_grasp_ver3_grasp_ver3,20260310144311,15,630.0,0.0
2x2_slot_inorder_place_random_5_grasp_ver3_grasp_ver3,20260310144318,13,682.0,0.015625
2x2_slot_inorder_place_random_5_grasp_ver3_grasp_ver3,20260310144323,9,581.0,0.0
2x2_slot_inorder_place_random_5_grasp_ver3_grasp_ver3,20260310144326,10,546.0,0.0
2x2_slot_inorder_place_random_5_grasp_ver3_grasp_ver3,20260310144331,4,251.0,0.0
2x2_slot_inorder_place_random_5_grasp_ver3_grasp_ver3,20260310144334,16,1016.0,0.0
2x2_slot_inorder_place_random_5_grasp_ver3_grasp_ver3,20260310144340,20,1022.0,0.0
2x2_slot_inorder_place_random_5_grasp_ver3_grasp_ver3,20260310144344,17,884.0,0.0
2x2_slot_inorder_place_random_5_grasp_ver3_grasp_ver3,20260310144351,8,468.0,0.0
2x2_slot_inorder_place_random_5_grasp_ver3_grasp_ver3,20260310144354,9,466.0,0.0
2x2_slot_inorder_place_random_5_grasp_ver3_grasp_ver3,20260310144359,11,520.0,0.0
2x2_slot_inorder_place_random_5_grasp_ver3_grasp_ver3,20260310144405,6,389.0,0.0
2x2_slot_inorder_place_random_5_grasp_ver3_grasp_ver3,20260310144407,9,424.0,0.0
2x2_slot_inorder_place_random_5_grasp_ver3_grasp_ver3,20260310144412,6,182.0,0.0
2x2_slot_inorder_place_random_5_grasp_ver3_grasp_ver3,20260310144415,7,334.0,0.0
2x2_slot_inorder_place_random_5_grasp_ver3_grasp_ver3,20260310144419,5,247.0,0.0
2x2_slot_inorder_place_random_5_grasp_ver3_grasp_ver3,20260310144421,13,648.0,0.0
2x2_slot_inorder_place_random_5_grasp_ver3_grasp_ver3,20260310144426,5,279.0,0.015625
2x2_slot_inorder_place_random_5_grasp_ver3_grasp_ver3,20260310144429,6,377.0,0.0
2x2_slot_inorder_place_random_5_grasp_ver3_greedy_ver3,20260310143452,5,329.0,0.0
2x2_slot_inorder_place_random_5_grasp_ver3_greedy_ver3,20260310143454,13,661.0,0.0
2x2_slot_inorder_place_random_5_grasp_ver3_greedy_ver3,20260310143457,4,289.0,0.0
2x2_slot_inorder_place_random_5_grasp_ver3_greedy_ver3,20260310143459,9,427.0,0.015625
2x2_slot_inorder_place_random_5_grasp_ver3_greedy_ver3,20260310143501,8,395.0,0.0
2x2_slot_inorder_place_random_5_grasp_ver3_greedy_ver3,20260310143505,14,663.0,0.0
2x2_slot_inorder_place_random_5_grasp_ver3_greedy_ver3,20260310143508,6,345.0,0.0
2x2_slot_inorder_place_random_5_grasp_ver3_greedy_ver3,20260310143512,25,1336.0,0.0
2x2_slot_inorder_place_random_5_grasp_ver3_greedy_ver3,20260310143521,74,3434.0,0.015625
2x2_slot_inorder_place_random_5_grasp_ver3_greedy_ver3,20260310143531,33,1499.0,0.0
2x2_slot_inorder_place_random_5_grasp_ver3_greedy_ver3,20260310143537,8,475.0,0.0
2x2_slot_inorder_place_random_5_grasp_ver3_greedy_ver3,20260310143539,4,289.0,0.0
2x2_slot_inorder_place_random_5_grasp_ver3_greedy_ver3,20260310143541,6,355.0,0.0
2x2_slot_inorder_place_random_5_grasp_ver3_greedy_ver3,20260310143544,11,491.0,0.0
2x2_slot_inorder_place_random_5_grasp_ver3_greedy_ver3,20260310143546,13,567.0,0.0
2x2_slot_inorder_place_random_5_grasp_ver3_greedy_ver3,20260310143549,8,395.0,0.0
2x2_slot_inorder_place_random_5_grasp_ver3_greedy_ver3,20260310143552,17,760.0,0.0
2x2_slot_inorder_place_random_5_grasp_ver3_greedy_ver3,20260310143555,8,401.0,0.0
2x2_slot_inorder_place_random_5_grasp_ver3_greedy_ver3,20260310143558,13,669.0,0.0
2x2_slot_inorder_place_random_5_grasp_ver3_greedy_ver3,20260310143601,20,1038.0,0.0
2x2_slot_inorder_place_random_5_grasp_ver3_greedy_ver3,20260310143604,10,671.0,0.0
2x2_slot_inorder_place_random_5_grasp_ver3_greedy_ver3,20260310143608,28,1398.0,0.0
2x2_slot_inorder_place_random_5_grasp_ver3_greedy_ver3,20260310143614,22,1078.0,0.0
2x2_slot_inorder_place_random_5_grasp_ver3_greedy_ver3,20260310143618,14,732.0,0.0
2x2_slot_inorder_place_random_5_grasp_ver3_greedy_ver3,20260310143622,16,656.0,0.0
2x2_slot_inorder_place_random_5_grasp_ver3_greedy_ver3,20260310143624,4,297.0,0.0
2x2_slot_inorder_place_random_5_grasp_ver3_greedy_ver3,20260310143627,15,794.0,0.015625
2x2_slot_inorder_place_random_5_grasp_ver3_greedy_ver3,20260310143631,18,1112.0,0.0
2x2_slot_inorder_place_random_5_grasp_ver3_greedy_ver3,20260310143635,12,740.0,0.015625
2x2_slot_inorder_place_random_5_grasp_ver3_greedy_ver3,20260310143639,22,1012.0,0.015625
2x2_slot_inorder_place_random_5_grasp_ver3_greedy_ver3,20260310143645,26,1380.0,0.0
2x2_slot_inorder_place_random_5_grasp_ver3_greedy_ver3,20260310143650,14,888.0,0.0
2x2_slot_inorder_place_random_5_grasp_ver3_greedy_ver3,20260310143652,6,357.0,0.0
2x2_slot_inorder_place_random_5_grasp_ver3_greedy_ver3,20260310143654,8,467.0,0.0
2x2_slot_inorder_place_random_5_grasp_ver3_greedy_ver3,20260310143656,4,299.0,0.0
2x2_slot_inorder_place_random_5_grasp_ver3_greedy_ver3,20260310143658,8,391.0,0.0
2x2_slot_inorder_place_random_5_grasp_ver3_greedy_ver3,20260310143701,10,543.0,0.015625
2x2_slot_inorder_place_random_5_grasp_ver3_greedy_ver3,20260310143704,4,295.0,0.0
2x2_slot_inorder_place_random_5_grasp_ver3_greedy_ver3,20260310143706,16,754.0,0.0
2x2_slot_inorder_place_random_5_grasp_ver3_greedy_ver3,20260310143709,13,559.0,0.0
2x2_slot_inorder_place_random_5_grasp_ver3_greedy_ver3,20260310143711,4,279.0,0.0
2x2_slot_inorder_place_random_5_grasp_ver3_greedy_ver3,20260310143714,12,569.0,0.0
2x2_slot_inorder_place_random_5_grasp_ver3_greedy_ver3,20260310143716,8,387.0,0.0
2x2_slot_inorder_place_random_5_grasp_ver3_greedy_ver3,20260310143720,13,589.0,0.0
2x2_slot_inorder_place_random_5_grasp_ver3_greedy_ver3,20260310143723,16,840.0,0.0
2x2_slot_inorder_place_random_5_grasp_ver3_greedy_ver3,20260310143727,18,888.0,0.0
2x2_slot_inorder_place_random_5_grasp_ver3_greedy_ver3,20260310143730,18,804.0,0.0
2x2_slot_inorder_place_random_5_grasp_ver3_greedy_ver3,20260310143733,14,663.0,0.0
2x2_slot_inorder_place_random_5_grasp_ver3_greedy_ver3,20260310143736,12,596.0,0.0
2x2_slot_inorder_place_random_5_grasp_ver3_greedy_ver3,20260310143740,22,1022.0,0.015625
2x2_slot_inorder_place_random_5_grasp_ver3_greedy_ver3,20260310143743,10,539.0,0.0
2x2_slot_inorder_place_random_5_grasp_ver3_greedy_ver3,20260310143746,16,742.0,0.0
2x2_slot_inorder_place_random_5_grasp_ver3_greedy_ver3,20260310143749,12,569.0,0.0
2x2_slot_inorder_place_random_5_grasp_ver3_greedy_ver3,20260310143754,27,1479.0,0.0
2x2_slot_inorder_place_random_5_grasp_ver3_greedy_ver3,20260310143759,19,806.0,0.0
2x2_slot_inorder_place_random_5_grasp_ver3_greedy_ver3,20260310143802,8,423.0,0.0
2x2_slot_inorder_place_random_5_grasp_ver3_greedy_ver3,20260310143805,17,986.0,0.0
2x2_slot_inorder_place_random_5_grasp_ver3_greedy_ver3,20260310143809,27,1488.0,0.015625
2x2_slot_inorder_place_random_5_grasp_ver3_greedy_ver3,20260310143816,45,2113.0,0.0
2x2_slot_inorder_place_random_5_grasp_ver3_greedy_ver3,20260310143822,11,599.0,0.0
2x2_slot_inorder_place_random_5_grasp_ver3_greedy_ver3,20260310143827,23,1050.0,0.0
2x2_slot_inorder_place_random_5_grasp_ver3_greedy_ver3,20260310143831,14,660.0,0.0
2x2_slot_inorder_place_random_5_grasp_ver3_greedy_ver3,20260310143835,24,1182.0,0.0
2x2_slot_inorder_place_random_5_grasp_ver3_greedy_ver3,20260310143839,23,1150.0,0.0
2x2_slot_inorder_place_random_5_grasp_ver3_greedy_ver3,20260310143843,2,197.0,0.0
2x2_slot_inorder_place_random_5_grasp_ver3_greedy_ver3,20260310143845,13,623.0,0.0
2x2_slot_inorder_place_random_5_grasp_ver3_greedy_ver3,20260310143847,6,355.0,0.0
2x2_slot_inorder_place_random_5_grasp_ver3_greedy_ver3,20260310143851,13,628.0,0.0
2x2_slot_inorder_place_random_5_grasp_ver3_greedy_ver3,20260310143856,40,1883.0,0.015625
2x2_slot_inorder_place_random_5_grasp_ver3_greedy_ver3,20260310143902,5,289.0,0.0
2x2_slot_inorder_place_random_5_grasp_ver3_greedy_ver3,20260310143906,26,1288.0,0.0
2x2_slot_inorder_place_random_5_grasp_ver3_greedy_ver3,20260310143909,14,668.0,0.0
2x2_slot_inorder_place_random_5_grasp_ver3_greedy_ver3,20260310143912,13,714.0,0.0
2x2_slot_inorder_place_random_5_grasp_ver3_greedy_ver3,20260310143917,24,1136.0,0.0
2x2_slot_inorder_place_random_5_grasp_ver3_greedy_ver3,20260310143921,19,884.0,0.0
2x2_slot_inorder_place_random_5_grasp_ver3_greedy_ver3,20260310143925,29,1276.0,0.0
2x2_slot_inorder_place_random_5_grasp_ver3_greedy_ver3,20260310143930,26,1170.0,0.0
2x2_slot_inorder_place_random_5_grasp_ver3_greedy_ver3,20260310143934,10,535.0,0.0
2x2_slot_inorder_place_random_5_grasp_ver3_greedy_ver3,20260310143937,13,547.0,0.0
2x2_slot_inorder_place_random_5_grasp_ver3_greedy_ver3,20260310143939,8,397.0,0.0
2x2_slot_inorder_place_random_5_grasp_ver3_greedy_ver3,20260310143942,8,545.0,0.015625
2x2_slot_inorder_place_random_5_grasp_ver3_greedy_ver3,20260310143945,12,634.0,0.0
2x2_slot_inorder_place_random_5_grasp_ver3_greedy_ver3,20260310143947,7,313.0,0.0
2x2_slot_inorder_place_random_5_grasp_ver3_greedy_ver3,20260310143950,17,868.0,0.0
2x2_slot_inorder_place_random_5_grasp_ver3_greedy_ver3,20260310143954,13,667.0,0.0
2x2_slot_inorder_place_random_5_grasp_ver3_greedy_ver3,20260310143956,14,622.0,0.0
2x2_slot_inorder_place_random_5_grasp_ver3_greedy_ver3,20260310144001,26,1174.0,0.0
2x2_slot_inorder_place_random_5_grasp_ver3_greedy_ver3,20260310144007,18,834.0,0.0
2x2_slot_inorder_place_random_5_grasp_ver3_greedy_ver3,20260310144012,41,1778.0,0.0
2x2_slot_inorder_place_random_5_grasp_ver3_greedy_ver3,20260310144017,15,806.0,0.0
2x2_slot_inorder_place_random_5_grasp_ver3_greedy_ver3,20260310144020,15,636.0,0.0
2x2_slot_inorder_place_random_5_grasp_ver3_greedy_ver3,20260310144024,17,950.0,0.0
2x2_slot_inorder_place_random_5_grasp_ver3_greedy_ver3,20260310144027,15,692.0,0.0
2x2_slot_inorder_place_random_5_grasp_ver3_greedy_ver3,20260310144031,23,1002.0,0.0
2x2_slot_inorder_place_random_5_grasp_ver3_greedy_ver3,20260310144034,5,279.0,0.0
2x2_slot_inorder_place_random_5_grasp_ver3_greedy_ver3,20260310144036,13,667.0,0.0
2x2_slot_inorder_place_random_5_grasp_ver3_greedy_ver3,20260310144041,15,736.0,0.0
2x2_slot_inorder_place_random_5_grasp_ver3_greedy_ver3,20260310144045,12,622.0,0.0
2x2_slot_inorder_place_random_5_grasp_ver3_greedy_ver3,20260310144048,16,732.0,0.0
2x2_slot_inorder_place_random_5_grasp_ver3_greedy_ver3,20260310144052,8,463.0,0.0
2x2_slot_inorder_place_random_5_grasp_ver3_greedy_ver3,20260310144055,14,655.0,0.0
2x2_slot_inorder_place_random_5_grasp_ver3_greedy_ver3,20260310144058,9,461.0,0.0
2x2_slot_inorder_place_random_5_grasp_ver3_greedy_ver3,20260310144103,40,1715.0,0.015625
2x2_slot_inorder_place_random_5_grasp_ver3_greedy_ver3,20260310144109,23,946.0,0.0
2x2_slot_inorder_place_random_5_grasp_ver3_greedy_ver3,20260310144112,5,287.0,0.0
2x2_slot_inorder_place_random_5_grasp_ver3_greedy_ver3,20260310144116,15,814.0,0.0
2x2_slot_inorder_place_random_5_grasp_ver3_greedy_ver3,20260310144120,19,938.0,0.0
2x2_slot_inorder_place_random_5_grasp_ver3_greedy_ver3,20260310144123,10,413.0,0.0
2x2_slot_inorder_place_random_5_grasp_ver3_greedy_ver3,20260310144126,17,724.0,0.0
2x2_slot_inorder_place_random_5_grasp_ver3_greedy_ver3,20260310144129,9,479.0,0.0
2x2_slot_inorder_place_random_5_grasp_ver3_greedy_ver3,20260310144132,7,387.0,0.0
2x2_slot_inorder_place_random_5_grasp_ver3_greedy_ver3,20260310144137,46,2099.0,0.0
2x2_slot_inorder_place_random_5_grasp_ver3_greedy_ver3,20260310144143,17,752.0,0.0
2x2_slot_inorder_place_random_5_grasp_ver3_greedy_ver3,20260310144149,34,1658.0,0.0
2x2_slot_inorder_place_random_5_grasp_ver3_greedy_ver3,20260310144154,19,814.0,0.0
2x2_slot_inorder_place_random_5_grasp_ver3_greedy_ver3,20260310144158,19,812.0,0.015625
2x2_slot_inorder_place_random_5_grasp_ver3_greedy_ver3,20260310144201,12,833.0,0.0
2x2_slot_inorder_place_random_5_grasp_ver3_greedy_ver3,20260310144204,23,998.0,0.0
2x2_slot_inorder_place_random_5_grasp_ver3_greedy_ver3,20260310144208,11,599.0,0.0
2x2_slot_inorder_place_random_5_grasp_ver3_greedy_ver3,20260310144210,9,527.0,0.0
2x2_slot_inorder_place_random_5_grasp_ver3_greedy_ver3,20260310144213,13,551.0,0.0
2x2_slot_inorder_place_random_5_grasp_ver3_greedy_ver3,20260310144216,12,685.0,0.0
2x2_slot_inorder_place_random_5_grasp_ver3_greedy_ver3,20260310144221,24,976.0,0.0
2x2_slot_inorder_place_random_5_grasp_ver3_greedy_ver3,20260310144224,7,635.0,0.0
2x2_slot_inorder_place_random_5_grasp_ver3_greedy_ver3,20260310144229,39,1677.0,0.0
2x2_slot_inorder_place_random_5_grasp_ver3_greedy_ver3,20260310144235,22,1044.0,0.0
2x2_slot_inorder_place_random_5_grasp_ver3_greedy_ver3,20260310144239,28,1114.0,0.0
2x2_slot_inorder_place_random_5_grasp_ver3_greedy_ver3,20260310144244,25,1132.0,0.0
2x2_slot_inorder_place_random_5_grasp_ver3_greedy_ver3,20260310144249,23,998.0,0.015625
2x2_slot_inorder_place_random_5_grasp_ver3_greedy_ver3,20260310144254,17,812.0,0.0
2x2_slot_inorder_place_random_5_grasp_ver3_greedy_ver3,20260310144258,17,748.0,0.0
2x2_slot_inorder_place_random_5_grasp_ver3_greedy_ver3,20260310144301,20,902.0,0.0
2x2_slot_inorder_place_random_5_grasp_ver3_greedy_ver3,20260310144304,14,657.0,0.0
2x2_slot_inorder_place_random_5_grasp_ver3_greedy_ver3,20260310144308,25,1122.0,0.0
2x2_slot_inorder_place_random_5_grasp_ver3_greedy_ver3,20260310144314,35,1531.0,0.0
2x2_slot_inorder_place_random_5_grasp_ver3_greedy_ver3,20260310144320,23,1056.0,0.0
2x2_slot_inorder_place_random_5_grasp_ver3_greedy_ver3,20260310144324,10,511.0,0.015625
2x2_slot_inorder_place_random_5_grasp_ver3_greedy_ver3,20260310144329,23,1002.0,0.0
2x2_slot_inorder_place_random_5_grasp_ver3_greedy_ver3,20260310144333,13,551.0,0.0
2x2_slot_inorder_place_random_5_grasp_ver3_greedy_ver3,20260310144337,32,1430.0,0.0
2x2_slot_inorder_place_random_5_grasp_ver3_greedy_ver3,20260310144342,21,1142.0,0.0
2x2_slot_inorder_place_random_5_grasp_ver3_greedy_ver3,20260310144347,37,1485.0,0.015625
2x2_slot_inorder_place_random_5_grasp_ver3_greedy_ver3,20260310144352,12,718.0,0.0
2x2_slot_inorder_place_random_5_grasp_ver3_greedy_ver3,20260310144356,20,816.0,0.0
2x2_slot_inorder_place_random_5_grasp_ver3_greedy_ver3,20260310144402,27,1170.0,0.0
2x2_slot_inorder_place_random_5_grasp_ver3_greedy_ver3,20260310144406,8,379.0,0.0
2x2_slot_inorder_place_random_5_grasp_ver3_greedy_ver3,20260310144409,23,942.0,0.0
2x2_slot_inorder_place_random_5_grasp_ver3_greedy_ver3,20260310144413,17,732.0,0.0
2x2_slot_inorder_place_random_5_grasp_ver3_greedy_ver3,20260310144417,18,858.0,0.0
2x2_slot_inorder_place_random_5_grasp_ver3_greedy_ver3,20260310144420,14,647.0,0.0
2x2_slot_inorder_place_random_5_grasp_ver3_greedy_ver3,20260310144424,30,1562.0,0.0
2x2_slot_inorder_place_random_5_grasp_ver3_greedy_ver3,20260310144428,10,523.0,0.0
2x2_slot_inorder_place_random_5_grasp_ver3_greedy_ver3,20260310144431,8,599.0,0.0
2x2_slot_inorder_place_random_5_greedy_ver3_grasp_ver3,20260310142454,2,259.0,0.0
2x2_slot_inorder_place_random_5_greedy_ver3_grasp_ver3,20260310142456,4,297.0,0.0
2x2_slot_inorder_place_random_5_greedy_ver3_grasp_ver3,20260310142500,2,211.0,0.0
2x2_slot_inorder_place_random_5_greedy_ver3_grasp_ver3,20260310142502,5,267.0,0.0
2x2_slot_inorder_place_random_5_greedy_ver3_grasp_ver3,20260310142505,5,293.0,0.0
2x2_slot_inorder_place_random_5_greedy_ver3_grasp_ver3,20260310142508,2,213.0,0.0
2x2_slot_inorder_place_random_5_greedy_ver3_grasp_ver3,20260310142510,4,279.0,0.0
2x2_slot_inorder_place_random_5_greedy_ver3_grasp_ver3,20260310142513,23,1132.0,0.015625
2x2_slot_inorder_place_random_5_greedy_ver3_grasp_ver3,20260310142523,34,1585.0,0.0
2x2_slot_inorder_place_random_5_greedy_ver3_grasp_ver3,20260310142536,10,532.0,0.0
2x2_slot_inorder_place_random_5_greedy_ver3_grasp_ver3,20260310142540,9,505.0,0.015625
2x2_slot_inorder_place_random_5_greedy_ver3_grasp_ver3,20260310142541,5,271.0,0.0
2x2_slot_inorder_place_random_5_greedy_ver3_grasp_ver3,20260310142544,2,269.0,0.0
2x2_slot_inorder_place_random_5_greedy_ver3_grasp_ver3,20260310142546,4,245.0,0.0
2x2_slot_inorder_place_random_5_greedy_ver3_grasp_ver3,20260310142549,10,505.0,0.0
2x2_slot_inorder_place_random_5_greedy_ver3_grasp_ver3,20260310142550,2,203.0,0.0
2x2_slot_inorder_place_random_5_greedy_ver3_grasp_ver3,20260310142553,4,297.0,0.0
2x2_slot_inorder_place_random_5_greedy_ver3_grasp_ver3,20260310142556,13,606.0,0.015625
2x2_slot_inorder_place_random_5_greedy_ver3_grasp_ver3,20260310142559,14,852.0,0.0
2x2_slot_inorder_place_random_5_greedy_ver3_grasp_ver3,20260310142603,4,261.0,0.0
2x2_slot_inorder_place_random_5_greedy_ver3_grasp_ver3,20260310142608,4,241.0,0.0
2x2_slot_inorder_place_random_5_greedy_ver3_grasp_ver3,20260310142611,6,272.0,0.0
2x2_slot_inorder_place_random_5_greedy_ver3_grasp_ver3,20260310142614,6,371.0,0.0
2x2_slot_inorder_place_random_5_greedy_ver3_grasp_ver3,20260310142617,5,279.0,0.0
2x2_slot_inorder_place_random_5_greedy_ver3_grasp_ver3,20260310142620,11,554.0,0.0
2x2_slot_inorder_place_random_5_greedy_ver3_grasp_ver3,20260310142624,6,327.0,0.0
2x2_slot_inorder_place_random_5_greedy_ver3_grasp_ver3,20260310142625,4,355.0,0.0
2x2_slot_inorder_place_random_5_greedy_ver3_grasp_ver3,20260310142628,7,680.0,0.0
2x2_slot_inorder_place_random_5_greedy_ver3_grasp_ver3,20260310142632,10,510.0,0.0
2x2_slot_inorder_place_random_5_greedy_ver3_grasp_ver3,20260310142636,17,872.0,0.0
2x2_slot_inorder_place_random_5_greedy_ver3_grasp_ver3,20260310142642,14,654.0,0.0
2x2_slot_inorder_place_random_5_greedy_ver3_grasp_ver3,20260310142647,8,448.0,0.0
2x2_slot_inorder_place_random_5_greedy_ver3_grasp_ver3,20260310142651,2,269.0,0.0
2x2_slot_inorder_place_random_5_greedy_ver3_grasp_ver3,20260310142653,2,265.0,0.0
2x2_slot_inorder_place_random_5_greedy_ver3_grasp_ver3,20260310142655,4,255.0,0.0
2x2_slot_inorder_place_random_5_greedy_ver3_grasp_ver3,20260310142658,2,203.0,0.0
2x2_slot_inorder_place_random_5_greedy_ver3_grasp_ver3,20260310142701,5,275.0,0.0
2x2_slot_inorder_place_random_5_greedy_ver3_grasp_ver3,20260310142703,5,269.0,0.0
2x2_slot_inorder_place_random_5_greedy_ver3_grasp_ver3,20260310142706,2,217.0,0.0
2x2_slot_inorder_place_random_5_greedy_ver3_grasp_ver3,20260310142708,4,257.0,0.0
2x2_slot_inorder_place_random_5_greedy_ver3_grasp_ver3,20260310142711,2,257.0,0.0
2x2_slot_inorder_place_random_5_greedy_ver3_grasp_ver3,20260310142713,2,205.0,0.0
2x2_slot_inorder_place_random_5_greedy_ver3_grasp_ver3,20260310142716,4,289.0,0.0
2x2_slot_inorder_place_random_5_greedy_ver3_grasp_ver3,20260310142719,6,314.0,0.0
2x2_slot_inorder_place_random_5_greedy_ver3_grasp_ver3,20260310142723,5,305.0,0.015625
2x2_slot_inorder_place_random_5_greedy_ver3_grasp_ver3,20260310142725,8,462.0,0.0
2x2_slot_inorder_place_random_5_greedy_ver3_grasp_ver3,20260310142729,11,538.0,0.0
2x2_slot_inorder_place_random_5_greedy_ver3_grasp_ver3,20260310142732,5,263.0,0.0
2x2_slot_inorder_place_random_5_greedy_ver3_grasp_ver3,20260310142735,4,285.0,0.0
2x2_slot_inorder_place_random_5_greedy_ver3_grasp_ver3,20260310142738,6,232.0,0.0
2x2_slot_inorder_place_random_5_greedy_ver3_grasp_ver3,20260310142742,5,289.0,0.0
2x2_slot_inorder_place_random_5_greedy_ver3_grasp_ver3,20260310142744,4,221.0,0.0
2x2_slot_inorder_place_random_5_greedy_ver3_grasp_ver3,20260310142749,13,808.0,0.0
2x2_slot_inorder_place_random_5_greedy_ver3_grasp_ver3,20260310142753,11,578.0,0.015625
2x2_slot_inorder_place_random_5_greedy_ver3_grasp_ver3,20260310142758,7,332.0,0.0
2x2_slot_inorder_place_random_5_greedy_ver3_grasp_ver3,20260310142801,6,238.0,0.0
2x2_slot_inorder_place_random_5_greedy_ver3_grasp_ver3,20260310142805,4,253.0,0.0
2x2_slot_inorder_place_random_5_greedy_ver3_grasp_ver3,20260310142808,32,1481.0,0.0
2x2_slot_inorder_place_random_5_greedy_ver3_grasp_ver3,20260310142816,16,1020.0,0.015625
2x2_slot_inorder_place_random_5_greedy_ver3_grasp_ver3,20260310142822,14,854.0,0.0
2x2_slot_inorder_place_random_5_greedy_ver3_grasp_ver3,20260310142826,11,584.0,0.0
2x2_slot_inorder_place_random_5_greedy_ver3_grasp_ver3,20260310142829,10,468.0,0.0
2x2_slot_inorder_place_random_5_greedy_ver3_grasp_ver3,20260310142833,6,188.0,0.0
2x2_slot_inorder_place_random_5_greedy_ver3_grasp_ver3,20260310142837,21,1200.0,0.0
2x2_slot_inorder_place_random_5_greedy_ver3_grasp_ver3,20260310142843,2,227.0,0.015625
2x2_slot_inorder_place_random_5_greedy_ver3_grasp_ver3,20260310142845,4,247.0,0.0
2x2_slot_inorder_place_random_5_greedy_ver3_grasp_ver3,20260310142847,3,275.0,0.0
2x2_slot_inorder_place_random_5_greedy_ver3_grasp_ver3,20260310142849,4,277.0,0.0
2x2_slot_inorder_place_random_5_greedy_ver3_grasp_ver3,20260310142852,23,1236.0,0.0
2x2_slot_inorder_place_random_5_greedy_ver3_grasp_ver3,20260310142901,3,251.0,0.0
2x2_slot_inorder_place_random_5_greedy_ver3_grasp_ver3,20260310142903,5,285.0,0.0
2x2_slot_inorder_place_random_5_greedy_ver3_grasp_ver3,20260310142906,9,578.0,0.0
2x2_slot_inorder_place_random_5_greedy_ver3_grasp_ver3,20260310142911,6,234.0,0.0
2x2_slot_inorder_place_random_5_greedy_ver3_grasp_ver3,20260310142914,17,934.0,0.0
2x2_slot_inorder_place_random_5_greedy_ver3_grasp_ver3,20260310142919,7,326.0,0.0
2x2_slot_inorder_place_random_5_greedy_ver3_grasp_ver3,20260310142923,9,474.0,0.0
2x2_slot_inorder_place_random_5_greedy_ver3_grasp_ver3,20260310142928,23,1170.0,0.0
2x2_slot_inorder_place_random_5_greedy_ver3_grasp_ver3,20260310142934,2,205.0,0.0
2x2_slot_inorder_place_random_5_greedy_ver3_grasp_ver3,20260310142936,4,283.0,0.0
2x2_slot_inorder_place_random_5_greedy_ver3_grasp_ver3,20260310142939,5,273.0,0.0
2x2_slot_inorder_place_random_5_greedy_ver3_grasp_ver3,20260310142942,4,291.0,0.0
2x2_slot_inorder_place_random_5_greedy_ver3_grasp_ver3,20260310142944,7,514.0,0.0
2x2_slot_inorder_place_random_5_greedy_ver3_grasp_ver3,20260310142948,2,253.0,0.0
2x2_slot_inorder_place_random_5_greedy_ver3_grasp_ver3,20260310142950,4,269.0,0.0
2x2_slot_inorder_place_random_5_greedy_ver3_grasp_ver3,20260310142952,6,192.0,0.0
2x2_slot_inorder_place_random_5_greedy_ver3_grasp_ver3,20260310142956,11,572.0,0.0
2x2_slot_inorder_place_random_5_greedy_ver3_grasp_ver3,20260310143002,12,798.0,0.0
2x2_slot_inorder_place_random_5_greedy_ver3_grasp_ver3,20260310143008,11,556.0,0.0
2x2_slot_inorder_place_random_5_greedy_ver3_grasp_ver3,20260310143013,7,334.0,0.0
2x2_slot_inorder_place_random_5_greedy_ver3_grasp_ver3,20260310143017,8,418.0,0.0
2x2_slot_inorder_place_random_5_greedy_ver3_grasp_ver3,20260310143021,6,234.0,0.0
2x2_slot_inorder_place_random_5_greedy_ver3_grasp_ver3,20260310143025,6,280.0,0.0
2x2_slot_inorder_place_random_5_greedy_ver3_grasp_ver3,20260310143028,10,532.0,0.0
2x2_slot_inorder_place_random_5_greedy_ver3_grasp_ver3,20260310143033,9,462.0,0.0
2x2_slot_inorder_place_random_5_greedy_ver3_grasp_ver3,20260310143038,2,179.0,0.0
2x2_slot_inorder_place_random_5_greedy_ver3_grasp_ver3,20260310143040,5,291.0,0.0
2x2_slot_inorder_place_random_5_greedy_ver3_grasp_ver3,20260310143043,4,277.0,0.0
2x2_slot_inorder_place_random_5_greedy_ver3_grasp_ver3,20260310143046,4,249.0,0.0
2x2_slot_inorder_place_random_5_greedy_ver3_grasp_ver3,20260310143049,9,496.0,0.0
2x2_slot_inorder_place_random_5_greedy_ver3_grasp_ver3,20260310143053,6,273.0,0.0
2x2_slot_inorder_place_random_5_greedy_ver3_grasp_ver3,20260310143057,4,245.0,0.0
2x2_slot_inorder_place_random_5_greedy_ver3_grasp_ver3,20260310143059,5,265.0,0.0
2x2_slot_inorder_place_random_5_greedy_ver3_grasp_ver3,20260310143102,23,1122.0,0.0
2x2_slot_inorder_place_random_5_greedy_ver3_grasp_ver3,20260310143111,9,428.0,0.0
2x2_slot_inorder_place_random_5_greedy_ver3_grasp_ver3,20260310143115,2,187.0,0.0
2x2_slot_inorder_place_random_5_greedy_ver3_grasp_ver3,20260310143117,10,518.0,0.0
2x2_slot_inorder_place_random_5_greedy_ver3_grasp_ver3,20260310143121,13,648.0,0.0
2x2_slot_inorder_place_random_5_greedy_ver3_grasp_ver3,20260310143124,6,194.0,0.0
2x2_slot_inorder_place_random_5_greedy_ver3_grasp_ver3,20260310143128,6,194.0,0.0
2x2_slot_inorder_place_random_5_greedy_ver3_grasp_ver3,20260310143131,4,291.0,0.0
2x2_slot_inorder_place_random_5_greedy_ver3_grasp_ver3,20260310143134,4,285.0,0.0
2x2_slot_inorder_place_random_5_greedy_ver3_grasp_ver3,20260310143137,20,1006.0,0.0
2x2_slot_inorder_place_random_5_greedy_ver3_grasp_ver3,20260310143145,6,256.0,0.0
2x2_slot_inorder_place_random_5_greedy_ver3_grasp_ver3,20260310143149,14,876.0,0.0
2x2_slot_inorder_place_random_5_greedy_ver3_grasp_ver3,20260310143157,7,324.0,0.0
2x2_slot_inorder_place_random_5_greedy_ver3_grasp_ver3,20260310143201,7,322.0,0.0
2x2_slot_inorder_place_random_5_greedy_ver3_grasp_ver3,20260310143205,11,743.0,0.0
2x2_slot_inorder_place_random_5_greedy_ver3_grasp_ver3,20260310143208,11,538.0,0.0
2x2_slot_inorder_place_random_5_greedy_ver3_grasp_ver3,20260310143212,5,279.0,0.015625
2x2_slot_inorder_place_random_5_greedy_ver3_grasp_ver3,20260310143217,5,297.0,0.0
2x2_slot_inorder_place_random_5_greedy_ver3_grasp_ver3,20260310143220,4,281.0,0.0
2x2_slot_inorder_place_random_5_greedy_ver3_grasp_ver3,20260310143223,4,267.0,0.0
2x2_slot_inorder_place_random_5_greedy_ver3_grasp_ver3,20260310143226,9,462.0,0.0
2x2_slot_inorder_place_random_5_greedy_ver3_grasp_ver3,20260310143231,4,485.0,0.0
2x2_slot_inorder_place_random_5_greedy_ver3_grasp_ver3,20260310143233,18,908.0,0.0
2x2_slot_inorder_place_random_5_greedy_ver3_grasp_ver3,20260310143240,10,652.0,0.0
2x2_slot_inorder_place_random_5_greedy_ver3_grasp_ver3,20260310143244,11,468.0,0.0
2x2_slot_inorder_place_random_5_greedy_ver3_grasp_ver3,20260310143251,13,764.0,0.0
2x2_slot_inorder_place_random_5_greedy_ver3_grasp_ver3,20260310143256,10,518.0,0.0
2x2_slot_inorder_place_random_5_greedy_ver3_grasp_ver3,20260310143300,6,186.0,0.0
2x2_slot_inorder_place_random_5_greedy_ver3_grasp_ver3,20260310143304,6,194.0,0.015625
2x2_slot_inorder_place_random_5_greedy_ver3_grasp_ver3,20260310143307,11,608.0,0.0
2x2_slot_inorder_place_random_5_greedy_ver3_grasp_ver3,20260310143311,6,397.0,0.0
2x2_slot_inorder_place_random_5_greedy_ver3_grasp_ver3,20260310143313,13,666.0,0.015625
2x2_slot_inorder_place_random_5_greedy_ver3_grasp_ver3,20260310143319,15,712.0,0.0
2x2_slot_inorder_place_random_5_greedy_ver3_grasp_ver3,20260310143328,13,724.0,0.0
2x2_slot_inorder_place_random_5_greedy_ver3_grasp_ver3,20260310143333,9,635.0,0.0
2x2_slot_inorder_place_random_5_greedy_ver3_grasp_ver3,20260310143335,9,542.0,0.0
2x2_slot_inorder_place_random_5_greedy_ver3_grasp_ver3,20260310143340,4,211.0,0.0
2x2_slot_inorder_place_random_5_greedy_ver3_grasp_ver3,20260310143342,16,828.0,0.0
2x2_slot_inorder_place_random_5_greedy_ver3_grasp_ver3,20260310143348,20,1054.0,0.0
2x2_slot_inorder_place_random_5_greedy_ver3_grasp_ver3,20260310143353,17,784.0,0.0
2x2_slot_inorder_place_random_5_greedy_ver3_grasp_ver3,20260310143401,8,460.0,0.0
2x2_slot_inorder_place_random_5_greedy_ver3_grasp_ver3,20260310143404,9,456.0,0.0
2x2_slot_inorder_place_random_5_greedy_ver3_grasp_ver3,20260310143408,14,722.0,0.015625
2x2_slot_inorder_place_random_5_greedy_ver3_grasp_ver3,20260310143413,4,301.0,0.0
2x2_slot_inorder_place_random_5_greedy_ver3_grasp_ver3,20260310143417,9,424.0,0.0
2x2_slot_inorder_place_random_5_greedy_ver3_grasp_ver3,20260310143421,8,342.0,0.0
2x2_slot_inorder_place_random_5_greedy_ver3_grasp_ver3,20260310143424,7,334.0,0.0
2x2_slot_inorder_place_random_5_greedy_ver3_grasp_ver3,20260310143428,5,247.0,0.0
2x2_slot_inorder_place_random_5_greedy_ver3_grasp_ver3,20260310143432,13,662.0,0.015625
2x2_slot_inorder_place_random_5_greedy_ver3_grasp_ver3,20260310143437,5,289.0,0.0
2x2_slot_inorder_place_random_5_greedy_ver3_grasp_ver3,20260310143440,6,377.0,0.0
2x2_slot_inorder_place_random_5_greedy_ver3_greedy_ver3,20260310142455,4,289.0,0.0
2x2_slot_inorder_place_random_5_greedy_ver3_greedy_ver3,20260310142457,12,567.0,0.0
2x2_slot_inorder_place_random_5_greedy_ver3_greedy_ver3,20260310142501,13,641.0,0.015625
2x2_slot_inorder_place_random_5_greedy_ver3_greedy_ver3,20260310142504,14,667.0,0.0
2x2_slot_inorder_place_random_5_greedy_ver3_greedy_ver3,20260310142507,11,487.0,0.0
2x2_slot_inorder_place_random_5_greedy_ver3_greedy_ver3,20260310142509,8,405.0,0.0
2x2_slot_inorder_place_random_5_greedy_ver3_greedy_ver3,20260310142512,10,399.0,0.0
2x2_slot_inorder_place_random_5_greedy_ver3_greedy_ver3,20260310142518,57,2655.0,0.0
2x2_slot_inorder_place_random_5_greedy_ver3_greedy_ver3,20260310142528,59,2675.0,0.0
2x2_slot_inorder_place_random_5_greedy_ver3_greedy_ver3,20260310142537,23,1182.0,0.0
2x2_slot_inorder_place_random_5_greedy_ver3_greedy_ver3,20260310142540,9,505.0,0.0
2x2_slot_inorder_place_random_5_greedy_ver3_greedy_ver3,20260310142543,10,517.0,0.0
2x2_slot_inorder_place_random_5_greedy_ver3_greedy_ver3,20260310142545,4,299.0,0.0
2x2_slot_inorder_place_random_5_greedy_ver3_greedy_ver3,20260310142547,12,545.0,0.0
2x2_slot_inorder_place_random_5_greedy_ver3_greedy_ver3,20260310142549,10,505.0,0.0
2x2_slot_inorder_place_random_5_greedy_ver3_greedy_ver3,20260310142551,8,395.0,0.0
2x2_slot_inorder_place_random_5_greedy_ver3_greedy_ver3,20260310142554,10,413.0,0.0
2x2_slot_inorder_place_random_5_greedy_ver3_greedy_ver3,20260310142557,16,802.0,0.0
2x2_slot_inorder_place_random_5_greedy_ver3_greedy_ver3,20260310142601,18,856.0,0.0
2x2_slot_inorder_place_random_5_greedy_ver3_greedy_ver3,20260310142605,13,682.0,0.0
2x2_slot_inorder_place_random_5_greedy_ver3_greedy_ver3,20260310142609,13,599.0,0.0
2x2_slot_inorder_place_random_5_greedy_ver3_greedy_ver3,20260310142613,20,1148.0,0.015625
2x2_slot_inorder_place_random_5_greedy_ver3_greedy_ver3,20260310142616,17,1104.0,0.0
2x2_slot_inorder_place_random_5_greedy_ver3_greedy_ver3,20260310142619,10,515.0,0.0
2x2_slot_inorder_place_random_5_greedy_ver3_greedy_ver3,20260310142622,15,748.0,0.0
2x2_slot_inorder_place_random_5_greedy_ver3_greedy_ver3,20260310142624,6,327.0,0.0
2x2_slot_inorder_place_random_5_greedy_ver3_greedy_ver3,20260310142627,15,834.0,0.015625
2x2_slot_inorder_place_random_5_greedy_ver3_greedy_ver3,20260310142630,8,670.0,0.0
2x2_slot_inorder_place_random_5_greedy_ver3_greedy_ver3,20260310142634,16,892.0,0.0
2x2_slot_inorder_place_random_5_greedy_ver3_greedy_ver3,20260310142638,30,1346.0,0.0
2x2_slot_inorder_place_random_5_greedy_ver3_greedy_ver3,20260310142645,21,1046.0,0.015625
2x2_slot_inorder_place_random_5_greedy_ver3_greedy_ver3,20260310142649,16,938.0,0.0
2x2_slot_inorder_place_random_5_greedy_ver3_greedy_ver3,20260310142652,4,299.0,0.0
2x2_slot_inorder_place_random_5_greedy_ver3_greedy_ver3,20260310142654,4,295.0,0.0
2x2_slot_inorder_place_random_5_greedy_ver3_greedy_ver3,20260310142656,12,598.0,0.0
2x2_slot_inorder_place_random_5_greedy_ver3_greedy_ver3,20260310142659,8,395.0,0.0
2x2_slot_inorder_place_random_5_greedy_ver3_greedy_ver3,20260310142702,11,505.0,0.0
2x2_slot_inorder_place_random_5_greedy_ver3_greedy_ver3,20260310142705,14,669.0,0.0
2x2_slot_inorder_place_random_5_greedy_ver3_greedy_ver3,20260310142707,8,477.0,0.0
2x2_slot_inorder_place_random_5_greedy_ver3_greedy_ver3,20260310142709,13,557.0,0.0
2x2_slot_inorder_place_random_5_greedy_ver3_greedy_ver3,20260310142712,5,297.0,0.015625
2x2_slot_inorder_place_random_5_greedy_ver3_greedy_ver3,20260310142715,8,397.0,0.0
2x2_slot_inorder_place_random_5_greedy_ver3_greedy_ver3,20260310142718,9,447.0,0.0
2x2_slot_inorder_place_random_5_greedy_ver3_greedy_ver3,20260310142721,14,674.0,0.0
2x2_slot_inorder_place_random_5_greedy_ver3_greedy_ver3,20260310142724,11,501.0,0.0
2x2_slot_inorder_place_random_5_greedy_ver3_greedy_ver3,20260310142727,18,858.0,0.0
2x2_slot_inorder_place_random_5_greedy_ver3_greedy_ver3,20260310142730,17,938.0,0.0
2x2_slot_inorder_place_random_5_greedy_ver3_greedy_ver3,20260310142734,11,493.0,0.0
2x2_slot_inorder_place_random_5_greedy_ver3_greedy_ver3,20260310142736,12,592.0,0.0
2x2_slot_inorder_place_random_5_greedy_ver3_greedy_ver3,20260310142740,17,826.0,0.0
2x2_slot_inorder_place_random_5_greedy_ver3_greedy_ver3,20260310142743,10,499.0,0.0
2x2_slot_inorder_place_random_5_greedy_ver3_greedy_ver3,20260310142746,16,742.0,0.0
2x2_slot_inorder_place_random_5_greedy_ver3_greedy_ver3,20260310142751,24,1149.0,0.0
2x2_slot_inorder_place_random_5_greedy_ver3_greedy_ver3,20260310142755,25,1258.0,0.0
2x2_slot_inorder_place_random_5_greedy_ver3_greedy_ver3,20260310142759,16,656.0,0.0
2x2_slot_inorder_place_random_5_greedy_ver3_greedy_ver3,20260310142803,18,880.0,0.0
2x2_slot_inorder_place_random_5_greedy_ver3_greedy_ver3,20260310142806,13,618.0,0.015625
2x2_slot_inorder_place_random_5_greedy_ver3_greedy_ver3,20260310142812,45,2207.0,0.0
2x2_slot_inorder_place_random_5_greedy_ver3_greedy_ver3,20260310142818,25,1302.0,0.0
2x2_slot_inorder_place_random_5_greedy_ver3_greedy_ver3,20260310142824,21,1096.0,0.0
2x2_slot_inorder_place_random_5_greedy_ver3_greedy_ver3,20260310142827,15,658.0,0.0
2x2_slot_inorder_place_random_5_greedy_ver3_greedy_ver3,20260310142831,15,638.0,0.0
2x2_slot_inorder_place_random_5_greedy_ver3_greedy_ver3,20260310142834,17,732.0,0.0
2x2_slot_inorder_place_random_5_greedy_ver3_greedy_ver3,20260310142839,36,1706.0,0.0
2x2_slot_inorder_place_random_5_greedy_ver3_greedy_ver3,20260310142844,5,357.0,0.0
2x2_slot_inorder_place_random_5_greedy_ver3_greedy_ver3,20260310142846,13,657.0,0.0
2x2_slot_inorder_place_random_5_greedy_ver3_greedy_ver3,20260310142848,6,355.0,0.0
2x2_slot_inorder_place_random_5_greedy_ver3_greedy_ver3,20260310142851,9,453.0,0.0
2x2_slot_inorder_place_random_5_greedy_ver3_greedy_ver3,20260310142857,33,1628.0,0.0
2x2_slot_inorder_place_random_5_greedy_ver3_greedy_ver3,20260310142902,10,591.0,0.0
2x2_slot_inorder_place_random_5_greedy_ver3_greedy_ver3,20260310142905,14,669.0,0.0
2x2_slot_inorder_place_random_5_greedy_ver3_greedy_ver3,20260310142908,26,1378.0,0.0
2x2_slot_inorder_place_random_5_greedy_ver3_greedy_ver3,20260310142912,13,644.0,0.0
2x2_slot_inorder_place_random_5_greedy_ver3_greedy_ver3,20260310142917,26,1124.0,0.0
2x2_slot_inorder_place_random_5_greedy_ver3_greedy_ver3,20260310142921,16,650.0,0.0
2x2_slot_inorder_place_random_5_greedy_ver3_greedy_ver3,20260310142925,23,1016.0,0.0
2x2_slot_inorder_place_random_5_greedy_ver3_greedy_ver3,20260310142931,37,1864.0,0.0
2x2_slot_inorder_place_random_5_greedy_ver3_greedy_ver3,20260310142935,8,397.0,0.0
2x2_slot_inorder_place_random_5_greedy_ver3_greedy_ver3,20260310142938,9,447.0,0.0
2x2_slot_inorder_place_random_5_greedy_ver3_greedy_ver3,20260310142940,14,673.0,0.0
2x2_slot_inorder_place_random_5_greedy_ver3_greedy_ver3,20260310142943,13,641.0,0.0
2x2_slot_inorder_place_random_5_greedy_ver3_greedy_ver3,20260310142946,12,698.0,0.0
2x2_slot_inorder_place_random_5_greedy_ver3_greedy_ver3,20260310142949,5,293.0,0.0
2x2_slot_inorder_place_random_5_greedy_ver3_greedy_ver3,20260310142951,9,453.0,0.0
2x2_slot_inorder_place_random_5_greedy_ver3_greedy_ver3,20260310142954,17,760.0,0.0
2x2_slot_inorder_place_random_5_greedy_ver3_greedy_ver3,20260310142958,27,1214.0,0.0
2x2_slot_inorder_place_random_5_greedy_ver3_greedy_ver3,20260310143005,27,1172.0,0.0
2x2_slot_inorder_place_random_5_greedy_ver3_greedy_ver3,20260310143010,27,1294.0,0.0
2x2_slot_inorder_place_random_5_greedy_ver3_greedy_ver3,20260310143015,18,834.0,0.0
2x2_slot_inorder_place_random_5_greedy_ver3_greedy_ver3,20260310143019,20,966.0,0.0
2x2_slot_inorder_place_random_5_greedy_ver3_greedy_ver3,20260310143023,18,844.0,0.0
2x2_slot_inorder_place_random_5_greedy_ver3_greedy_ver3,20260310143026,14,830.0,0.015625
2x2_slot_inorder_place_random_5_greedy_ver3_greedy_ver3,20260310143030,23,1066.0,0.0
2x2_slot_inorder_place_random_5_greedy_ver3_greedy_ver3,20260310143036,23,994.0,0.0
2x2_slot_inorder_place_random_5_greedy_ver3_greedy_ver3,20260310143039,5,279.0,0.0
2x2_slot_inorder_place_random_5_greedy_ver3_greedy_ver3,20260310143041,14,661.0,0.0
2x2_slot_inorder_place_random_5_greedy_ver3_greedy_ver3,20260310143044,13,671.0,0.0
2x2_slot_inorder_place_random_5_greedy_ver3_greedy_ver3,20260310143047,12,572.0,0.0
2x2_slot_inorder_place_random_5_greedy_ver3_greedy_ver3,20260310143051,14,768.0,0.015625
2x2_slot_inorder_place_random_5_greedy_ver3_greedy_ver3,20260310143055,8,393.0,0.0
2x2_slot_inorder_place_random_5_greedy_ver3_greedy_ver3,20260310143058,12,545.0,0.0
2x2_slot_inorder_place_random_5_greedy_ver3_greedy_ver3,20260310143101,11,495.0,0.0
2x2_slot_inorder_place_random_5_greedy_ver3_greedy_ver3,20260310143106,40,1707.0,0.0
2x2_slot_inorder_place_random_5_greedy_ver3_greedy_ver3,20260310143113,23,976.0,0.0
2x2_slot_inorder_place_random_5_greedy_ver3_greedy_ver3,20260310143116,5,287.0,0.0
2x2_slot_inorder_place_random_5_greedy_ver3_greedy_ver3,20260310143119,15,784.0,0.0
2x2_slot_inorder_place_random_5_greedy_ver3_greedy_ver3,20260310143122,16,788.0,0.0
2x2_slot_inorder_place_random_5_greedy_ver3_greedy_ver3,20260310143126,14,584.0,0.0
2x2_slot_inorder_place_random_5_greedy_ver3_greedy_ver3,20260310143129,17,732.0,0.0
2x2_slot_inorder_place_random_5_greedy_ver3_greedy_ver3,20260310143132,9,479.0,0.0
2x2_slot_inorder_place_random_5_greedy_ver3_greedy_ver3,20260310143135,7,387.0,0.0
2x2_slot_inorder_place_random_5_greedy_ver3_greedy_ver3,20260310143140,46,2099.0,0.0
2x2_slot_inorder_place_random_5_greedy_ver3_greedy_ver3,20260310143147,17,752.0,0.0
2x2_slot_inorder_place_random_5_greedy_ver3_greedy_ver3,20260310143152,34,1658.0,0.015625
2x2_slot_inorder_place_random_5_greedy_ver3_greedy_ver3,20260310143159,19,814.0,0.0
2x2_slot_inorder_place_random_5_greedy_ver3_greedy_ver3,20260310143203,19,812.0,0.0
2x2_slot_inorder_place_random_5_greedy_ver3_greedy_ver3,20260310143206,12,833.0,0.0
2x2_slot_inorder_place_random_5_greedy_ver3_greedy_ver3,20260310143210,22,1026.0,0.0
2x2_slot_inorder_place_random_5_greedy_ver3_greedy_ver3,20260310143214,11,597.0,0.0
2x2_slot_inorder_place_random_5_greedy_ver3_greedy_ver3,20260310143218,9,527.0,0.0
2x2_slot_inorder_place_random_5_greedy_ver3_greedy_ver3,20260310143222,13,551.0,0.0
2x2_slot_inorder_place_random_5_greedy_ver3_greedy_ver3,20260310143225,12,685.0,0.0
2x2_slot_inorder_place_random_5_greedy_ver3_greedy_ver3,20260310143228,24,1046.0,0.0
2x2_slot_inorder_place_random_5_greedy_ver3_greedy_ver3,20260310143232,7,635.0,0.0
2x2_slot_inorder_place_random_5_greedy_ver3_greedy_ver3,20260310143236,39,1717.0,0.015625
2x2_slot_inorder_place_random_5_greedy_ver3_greedy_ver3,20260310143242,22,1044.0,0.0
2x2_slot_inorder_place_random_5_greedy_ver3_greedy_ver3,20260310143247,28,1134.0,0.0
2x2_slot_inorder_place_random_5_greedy_ver3_greedy_ver3,20260310143253,25,1132.0,0.0
2x2_slot_inorder_place_random_5_greedy_ver3_greedy_ver3,20260310143258,23,984.0,0.0
2x2_slot_inorder_place_random_5_greedy_ver3_greedy_ver3,20260310143302,17,812.0,0.0
2x2_slot_inorder_place_random_5_greedy_ver3_greedy_ver3,20260310143305,17,758.0,0.0
2x2_slot_inorder_place_random_5_greedy_ver3_greedy_ver3,20260310143309,20,856.0,0.0
2x2_slot_inorder_place_random_5_greedy_ver3_greedy_ver3,20260310143312,8,387.0,0.0
2x2_slot_inorder_place_random_5_greedy_ver3_greedy_ver3,20260310143316,25,1122.0,0.0
2x2_slot_inorder_place_random_5_greedy_ver3_greedy_ver3,20260310143324,35,1563.0,0.0
2x2_slot_inorder_place_random_5_greedy_ver3_greedy_ver3,20260310143330,23,1194.0,0.0
2x2_slot_inorder_place_random_5_greedy_ver3_greedy_ver3,20260310143334,10,579.0,0.0
2x2_slot_inorder_place_random_5_greedy_ver3_greedy_ver3,20260310143337,23,1052.0,0.0
2x2_slot_inorder_place_random_5_greedy_ver3_greedy_ver3,20260310143341,13,569.0,0.0
2x2_slot_inorder_place_random_5_greedy_ver3_greedy_ver3,20260310143345,32,1510.0,0.0
2x2_slot_inorder_place_random_5_greedy_ver3_greedy_ver3,20260310143350,21,1104.0,0.0
2x2_slot_inorder_place_random_5_greedy_ver3_greedy_ver3,20260310143357,37,1519.0,0.0
2x2_slot_inorder_place_random_5_greedy_ver3_greedy_ver3,20260310143402,12,652.0,0.0
2x2_slot_inorder_place_random_5_greedy_ver3_greedy_ver3,20260310143406,20,816.0,0.0
2x2_slot_inorder_place_random_5_greedy_ver3_greedy_ver3,20260310143411,31,1306.0,0.0
2x2_slot_inorder_place_random_5_greedy_ver3_greedy_ver3,20260310143415,9,377.0,0.0
2x2_slot_inorder_place_random_5_greedy_ver3_greedy_ver3,20260310143419,23,942.0,0.0
2x2_slot_inorder_place_random_5_greedy_ver3_greedy_ver3,20260310143423,17,772.0,0.0
2x2_slot_inorder_place_random_5_greedy_ver3_greedy_ver3,20260310143426,18,834.0,0.015625
2x2_slot_inorder_place_random_5_greedy_ver3_greedy_ver3,20260310143431,14,651.0,0.0
2x2_slot_inorder_place_random_5_greedy_ver3_greedy_ver3,20260310143435,30,1480.0,0.0
2x2_slot_inorder_place_random_5_greedy_ver3_greedy_ver3,20260310143439,10,489.0,0.0
2x2_slot_inorder_place_random_5_greedy_ver3_greedy_ver3,20260310143442,8,599.0,0.0
2x2_slot_inorder_place_random_10_grasp_ver3_grasp_ver3,20260312003821,4,265.0,0.0
2x2_slot_inorder_place_random_10_grasp_ver3_grasp_ver3,20260312003824,2,269.0,0.0
2x2_slot_inorder_place_random_10_grasp_ver3_grasp_ver3,20260312003827,2,261.0,0.0
2x2_slot_inorder_place_random_10_grasp_ver3_grasp_ver3,20260312003829,2,269.0,0.0
2x2_slot_inorder_place_random_10_grasp_ver3_grasp_ver3,20260312003831,2,209.0,0.015625
2x2_slot_inorder_place_random_10_grasp_ver3_grasp_ver3,20260312003833,3,275.0,0.015625
2x2_slot_inorder_place_random_10_grasp_ver3_grasp_ver3,20260312003836,2,207.0,0.0
2x2_slot_inorder_place_random_10_grasp_ver3_grasp_ver3,20260312003838,2,293.0,0.0
2x2_slot_inorder_place_random_10_grasp_ver3_grasp_ver3,20260312003840,21,902.0,0.0
2x2_slot_inorder_place_random_10_grasp_ver3_grasp_ver3,20260312003843,11,548.0,0.0
2x2_slot_inorder_place_random_10_grasp_ver3_grasp_ver3,20260312003845,13,856.0,0.0
2x2_slot_inorder_place_random_10_grasp_ver3_grasp_ver3,20260312003847,4,217.0,0.0
2x2_slot_inorder_place_random_10_grasp_ver3_grasp_ver3,20260312003851,4,277.0,0.015625
2x2_slot_inorder_place_random_10_grasp_ver3_grasp_ver3,20260312003854,8,405.0,0.0
2x2_slot_inorder_place_random_10_grasp_ver3_grasp_ver3,20260312003857,46,2159.0,0.0
2x2_slot_inorder_place_random_10_grasp_ver3_grasp_ver3,20260312003912,36,1620.0,0.0
2x2_slot_inorder_place_random_10_grasp_ver3_grasp_ver3,20260312003922,15,698.0,0.0
2x2_slot_inorder_place_random_10_grasp_ver3_grasp_ver3,20260312003927,16,860.0,0.0
2x2_slot_inorder_place_random_10_grasp_ver3_grasp_ver3,20260312003930,32,1588.0,0.0
2x2_slot_inorder_place_random_10_grasp_ver3_grasp_ver3,20260312003932,2,221.0,0.0
2x2_slot_inorder_place_random_10_grasp_ver3_grasp_ver3,20260312003935,15,722.0,0.0
2x2_slot_inorder_place_random_10_grasp_ver3_grasp_ver3,20260312003938,28,1384.0,0.0
2x2_slot_inorder_place_random_10_grasp_ver3_grasp_ver3,20260312003944,12,626.0,0.0
2x2_slot_inorder_place_random_10_grasp_ver3_grasp_ver3,20260312003947,3,275.0,0.0
2x2_slot_inorder_place_random_10_grasp_ver3_grasp_ver3,20260312003949,10,526.0,0.0
2x2_slot_inorder_place_random_10_grasp_ver3_grasp_ver3,20260312003953,5,289.0,0.0
2x2_slot_inorder_place_random_10_grasp_ver3_grasp_ver3,20260312003957,9,522.0,0.0
2x2_slot_inorder_place_random_10_grasp_ver3_grasp_ver3,20260312004001,35,1696.0,0.0
2x2_slot_inorder_place_random_10_grasp_ver3_grasp_ver3,20260312004006,8,340.0,0.0
2x2_slot_inorder_place_random_10_grasp_ver3_grasp_ver3,20260312004010,15,744.0,0.0
2x2_slot_inorder_place_random_10_grasp_ver3_grasp_ver3,20260312004015,9,486.0,0.0
2x2_slot_inorder_place_random_10_grasp_ver3_grasp_ver3,20260312004017,19,1036.0,0.0
2x2_slot_inorder_place_random_10_grasp_ver3_grasp_ver3,20260312004021,12,544.0,0.0
2x2_slot_inorder_place_random_10_grasp_ver3_grasp_ver3,20260312004023,5,295.0,0.0
2x2_slot_inorder_place_random_10_grasp_ver3_grasp_ver3,20260312004026,9,486.0,0.0
2x2_slot_inorder_place_random_10_grasp_ver3_grasp_ver3,20260312004028,11,454.0,0.0
2x2_slot_inorder_place_random_10_grasp_ver3_grasp_ver3,20260312004032,19,996.0,0.0
2x2_slot_inorder_place_random_10_grasp_ver3_grasp_ver3,20260312004036,8,470.0,0.0
2x2_slot_inorder_place_random_10_grasp_ver3_grasp_ver3,20260312004040,4,285.0,0.0
2x2_slot_inorder_place_random_10_grasp_ver3_grasp_ver3,20260312004043,11,510.0,0.0
2x2_slot_inorder_place_random_10_grasp_ver3_grasp_ver3,20260312004048,3,269.0,0.015625
2x2_slot_inorder_place_random_10_grasp_ver3_grasp_ver3,20260312004051,2,269.0,0.0
2x2_slot_inorder_place_random_10_grasp_ver3_grasp_ver3,20260312004053,2,303.0,0.0
2x2_slot_inorder_place_random_10_grasp_ver3_grasp_ver3,20260312004056,2,209.0,0.0
2x2_slot_inorder_place_random_10_grasp_ver3_grasp_ver3,20260312004058,2,205.0,0.0
2x2_slot_inorder_place_random_10_grasp_ver3_grasp_ver3,20260312004101,30,1522.0,0.0
2x2_slot_inorder_place_random_10_grasp_ver3_grasp_ver3,20260312004104,13,638.0,0.0
2x2_slot_inorder_place_random_10_grasp_ver3_grasp_ver3,20260312004108,15,826.0,0.0
2x2_slot_inorder_place_random_10_grasp_ver3_grasp_ver3,20260312004112,30,1359.0,0.0
2x2_slot_inorder_place_random_10_grasp_ver3_grasp_ver3,20260312004118,5,307.0,0.0
2x2_slot_inorder_place_random_10_grasp_ver3_grasp_ver3,20260312004121,2,205.0,0.0
2x2_slot_inorder_place_random_10_grasp_ver3_grasp_ver3,20260312004124,18,806.0,0.0
2x2_slot_inorder_place_random_10_grasp_ver3_grasp_ver3,20260312004126,18,938.0,0.0
2x2_slot_inorder_place_random_10_grasp_ver3_grasp_ver3,20260312004132,5,289.0,0.0
2x2_slot_inorder_place_random_10_grasp_ver3_grasp_ver3,20260312004136,4,263.0,0.0
2x2_slot_inorder_place_random_10_grasp_ver3_grasp_ver3,20260312004139,20,1104.0,0.0
2x2_slot_inorder_place_random_10_grasp_ver3_grasp_ver3,20260312004146,4,265.0,0.0
2x2_slot_inorder_place_random_10_grasp_ver3_grasp_ver3,20260312004149,21,1038.0,0.0
2x2_slot_inorder_place_random_10_grasp_ver3_grasp_ver3,20260312004152,25,1237.0,0.0
2x2_slot_inorder_place_random_10_grasp_ver3_grasp_ver3,20260312004201,4,291.0,0.0
2x2_slot_inorder_place_random_10_grasp_ver3_grasp_ver3,20260312004204,23,1141.0,0.0
2x2_slot_inorder_place_random_10_grasp_ver3_grasp_ver3,20260312004212,33,1771.0,0.0
2x2_slot_inorder_place_random_10_grasp_ver3_grasp_ver3,20260312004218,23,1054.0,0.0
2x2_slot_inorder_place_random_10_grasp_ver3_grasp_ver3,20260312004224,12,550.0,0.0
2x2_slot_inorder_place_random_10_grasp_ver3_grasp_ver3,20260312004227,9,654.0,0.0
2x2_slot_inorder_place_random_10_grasp_ver3_grasp_ver3,20260312004232,2,195.0,0.0
2x2_slot_inorder_place_random_10_grasp_ver3_grasp_ver3,20260312004235,20,886.0,0.0
2x2_slot_inorder_place_random_10_grasp_ver3_grasp_ver3,20260312004237,7,246.0,0.0
2x2_slot_inorder_place_random_10_grasp_ver3_grasp_ver3,20260312004241,22,1114.0,0.0
2x2_slot_inorder_place_random_10_grasp_ver3_grasp_ver3,20260312004247,21,974.0,0.0
2x2_slot_inorder_place_random_10_grasp_ver3_grasp_ver3,20260312004254,26,1262.0,0.0
2x2_slot_inorder_place_random_10_grasp_ver3_grasp_ver3,20260312004259,22,1092.0,0.0
2x2_slot_inorder_place_random_10_grasp_ver3_grasp_ver3,20260312004306,5,293.0,0.0
2x2_slot_inorder_place_random_10_grasp_ver3_grasp_ver3,20260312004309,28,1438.0,0.0
2x2_slot_inorder_place_random_10_grasp_ver3_grasp_ver3,20260312004314,19,994.0,0.0
2x2_slot_inorder_place_random_10_grasp_ver3_grasp_ver3,20260312004318,34,1496.0,0.0
2x2_slot_inorder_place_random_10_grasp_ver3_grasp_ver3,20260312004320,4,273.0,0.0
2x2_slot_inorder_place_random_10_grasp_ver3_grasp_ver3,20260312004324,4,345.0,0.0
2x2_slot_inorder_place_random_10_grasp_ver3_grasp_ver3,20260312004326,7,464.0,0.0
2x2_slot_inorder_place_random_10_grasp_ver3_grasp_ver3,20260312004331,2,253.0,0.0
2x2_slot_inorder_place_random_10_grasp_ver3_grasp_ver3,20260312004333,10,614.0,0.0
2x2_slot_inorder_place_random_10_grasp_ver3_grasp_ver3,20260312004336,4,245.0,0.0
2x2_slot_inorder_place_random_10_grasp_ver3_grasp_ver3,20260312004340,23,1144.0,0.015625
2x2_slot_inorder_place_random_10_grasp_ver3_grasp_ver3,20260312004342,4,269.0,0.0
2x2_slot_inorder_place_random_10_grasp_ver3_grasp_ver3,20260312004346,14,800.0,0.0
2x2_slot_inorder_place_random_10_grasp_ver3_grasp_ver3,20260312004351,12,580.0,0.0
2x2_slot_inorder_place_random_10_grasp_ver3_grasp_ver3,20260312004359,11,542.0,0.0
2x2_slot_inorder_place_random_10_grasp_ver3_grasp_ver3,20260312004405,7,384.0,0.0
2x2_slot_inorder_place_random_10_grasp_ver3_grasp_ver3,20260312004409,6,250.0,0.0
2x2_slot_inorder_place_random_10_grasp_ver3_grasp_ver3,20260312004414,4,243.0,0.0
2x2_slot_inorder_place_random_10_grasp_ver3_grasp_ver3,20260312004417,7,440.0,0.0
2x2_slot_inorder_place_random_10_grasp_ver3_grasp_ver3,20260312004422,11,540.0,0.0
2x2_slot_inorder_place_random_10_grasp_ver3_grasp_ver3,20260312004425,5,271.0,0.015625
2x2_slot_inorder_place_random_10_grasp_ver3_grasp_ver3,20260312004428,12,556.0,0.0
2x2_slot_inorder_place_random_10_grasp_ver3_grasp_ver3,20260312004433,14,694.0,0.0
2x2_slot_inorder_place_random_10_grasp_ver3_grasp_ver3,20260312004437,4,275.0,0.0
2x2_slot_inorder_place_random_10_grasp_ver3_grasp_ver3,20260312004440,14,798.0,0.0
2x2_slot_inorder_place_random_10_grasp_ver3_grasp_ver3,20260312004446,2,239.0,0.0
2x2_slot_inorder_place_random_10_grasp_ver3_grasp_ver3,20260312004448,29,1473.0,0.0
2x2_slot_inorder_place_random_10_grasp_ver3_grasp_ver3,20260312004457,9,486.0,0.0
2x2_slot_inorder_place_random_10_grasp_ver3_grasp_ver3,20260312004502,10,516.0,0.0
2x2_slot_inorder_place_random_10_grasp_ver3_grasp_ver3,20260312004504,21,1010.0,0.0
2x2_slot_inorder_place_random_10_grasp_ver3_grasp_ver3,20260312004508,49,2473.0,0.015625
2x2_slot_inorder_place_random_10_grasp_ver3_grasp_ver3,20260312004514,7,443.0,0.0
2x2_slot_inorder_place_random_10_grasp_ver3_grasp_ver3,20260312004517,11,552.0,0.0
2x2_slot_inorder_place_random_10_grasp_ver3_grasp_ver3,20260312004523,18,804.0,0.0
2x2_slot_inorder_place_random_10_grasp_ver3_grasp_ver3,20260312004531,5,277.0,0.015625
2x2_slot_inorder_place_random_10_grasp_ver3_grasp_ver3,20260312004535,6,216.0,0.0
2x2_slot_inorder_place_random_10_grasp_ver3_grasp_ver3,20260312004539,14,818.0,0.015625
2x2_slot_inorder_place_random_10_grasp_ver3_grasp_ver3,20260312004547,7,336.0,0.0
2x2_slot_inorder_place_random_10_grasp_ver3_grasp_ver3,20260312004551,14,892.0,0.0
2x2_slot_inorder_place_random_10_grasp_ver3_grasp_ver3,20260312004556,7,404.0,0.0
2x2_slot_inorder_place_random_10_grasp_ver3_grasp_ver3,20260312004600,7,458.0,0.0
2x2_slot_inorder_place_random_10_grasp_ver3_grasp_ver3,20260312004604,4,267.0,0.0
2x2_slot_inorder_place_random_10_grasp_ver3_grasp_ver3,20260312004608,7,478.0,0.0
2x2_slot_inorder_place_random_10_grasp_ver3_grasp_ver3,20260312004612,6,194.0,0.0
2x2_slot_inorder_place_random_10_grasp_ver3_grasp_ver3,20260312004616,17,898.0,0.0
2x2_slot_inorder_place_random_10_grasp_ver3_grasp_ver3,20260312004625,9,488.0,0.0
2x2_slot_inorder_place_random_10_grasp_ver3_grasp_ver3,20260312004630,8,424.0,0.0
2x2_slot_inorder_place_random_10_grasp_ver3_grasp_ver3,20260312004634,13,690.0,0.0
2x2_slot_inorder_place_random_10_grasp_ver3_grasp_ver3,20260312004640,84,3797.0,0.0
2x2_slot_inorder_place_random_10_grasp_ver3_grasp_ver3,20260312004645,6,196.0,0.0
2x2_slot_inorder_place_random_10_grasp_ver3_grasp_ver3,20260312004649,6,254.0,0.0
2x2_slot_inorder_place_random_10_grasp_ver3_grasp_ver3,20260312004653,11,496.0,0.0
2x2_slot_inorder_place_random_10_grasp_ver3_grasp_ver3,20260312004658,6,397.0,0.015625
2x2_slot_inorder_place_random_10_grasp_ver3_grasp_ver3,20260312004700,13,718.0,0.0
2x2_slot_inorder_place_random_10_grasp_ver3_grasp_ver3,20260312004707,15,752.0,0.0
2x2_slot_inorder_place_random_10_grasp_ver3_grasp_ver3,20260312004715,14,804.0,0.0
2x2_slot_inorder_place_random_10_grasp_ver3_grasp_ver3,20260312004721,4,289.0,0.0
2x2_slot_inorder_place_random_10_grasp_ver3_grasp_ver3,20260312004724,10,492.0,0.0
2x2_slot_inorder_place_random_10_grasp_ver3_grasp_ver3,20260312004729,4,261.0,0.0
2x2_slot_inorder_place_random_10_grasp_ver3_grasp_ver3,20260312004732,16,796.0,0.0
2x2_slot_inorder_place_random_10_grasp_ver3_grasp_ver3,20260312004739,20,1022.0,0.0
2x2_slot_inorder_place_random_10_grasp_ver3_grasp_ver3,20260312004744,31,1445.0,0.0
2x2_slot_inorder_place_random_10_grasp_ver3_grasp_ver3,20260312004755,9,546.0,0.0
2x2_slot_inorder_place_random_10_grasp_ver3_grasp_ver3,20260312004800,27,1153.0,0.0
2x2_slot_inorder_place_random_10_grasp_ver3_grasp_ver3,20260312004806,23,1214.0,0.0
2x2_slot_inorder_place_random_10_grasp_ver3_grasp_ver3,20260312004810,3,247.0,0.0
2x2_slot_inorder_place_random_10_grasp_ver3_grasp_ver3,20260312004812,7,352.0,0.0
2x2_slot_inorder_place_random_10_grasp_ver3_grasp_ver3,20260312004817,5,257.0,0.0
2x2_slot_inorder_place_random_10_grasp_ver3_grasp_ver3,20260312004820,13,712.0,0.0
2x2_slot_inorder_place_random_10_grasp_ver3_grasp_ver3,20260312004826,39,1853.0,0.015625
2x2_slot_inorder_place_random_10_grasp_ver3_grasp_ver3,20260312004829,6,367.0,0.0
2x2_slot_inorder_place_random_10_grasp_ver3_greedy_ver3,20260312003823,13,591.0,0.0
2x2_slot_inorder_place_random_10_grasp_ver3_greedy_ver3,20260312003825,26,1227.0,0.0
2x2_slot_inorder_place_random_10_grasp_ver3_greedy_ver3,20260312003828,42,2019.0,0.0
2x2_slot_inorder_place_random_10_grasp_ver3_greedy_ver3,20260312003830,4,299.0,0.0
2x2_slot_inorder_place_random_10_grasp_ver3_greedy_ver3,20260312003832,16,712.0,0.0
2x2_slot_inorder_place_random_10_grasp_ver3_greedy_ver3,20260312003834,13,582.0,0.0
2x2_slot_inorder_place_random_10_grasp_ver3_greedy_ver3,20260312003837,14,647.0,0.0
2x2_slot_inorder_place_random_10_grasp_ver3_greedy_ver3,20260312003839,10,530.0,0.0
2x2_slot_inorder_place_random_10_grasp_ver3_greedy_ver3,20260312003841,8,395.0,0.0
2x2_slot_inorder_place_random_10_grasp_ver3_greedy_ver3,20260312003844,6,355.0,0.0
2x2_slot_inorder_place_random_10_grasp_ver3_greedy_ver3,20260312003846,6,345.0,0.0
2x2_slot_inorder_place_random_10_grasp_ver3_greedy_ver3,20260312003849,13,599.0,0.0
2x2_slot_inorder_place_random_10_grasp_ver3_greedy_ver3,20260312003852,19,822.0,0.0
2x2_slot_inorder_place_random_10_grasp_ver3_greedy_ver3,20260312003855,8,397.0,0.0
2x2_slot_inorder_place_random_10_grasp_ver3_greedy_ver3,20260312003904,62,2698.0,0.015625
2x2_slot_inorder_place_random_10_grasp_ver3_greedy_ver3,20260312003917,57,2765.0,0.0
2x2_slot_inorder_place_random_10_grasp_ver3_greedy_ver3,20260312003924,27,1310.0,0.015625
2x2_slot_inorder_place_random_10_grasp_ver3_greedy_ver3,20260312003928,7,535.0,0.0
2x2_slot_inorder_place_random_10_grasp_ver3_greedy_ver3,20260312003931,4,293.0,0.0
2x2_slot_inorder_place_random_10_grasp_ver3_greedy_ver3,20260312003933,19,980.0,0.0
2x2_slot_inorder_place_random_10_grasp_ver3_greedy_ver3,20260312003936,8,423.0,0.015625
2x2_slot_inorder_place_random_10_grasp_ver3_greedy_ver3,20260312003940,27,1412.0,0.0
2x2_slot_inorder_place_random_10_grasp_ver3_greedy_ver3,20260312003945,10,555.0,0.015625
2x2_slot_inorder_place_random_10_grasp_ver3_greedy_ver3,20260312003948,15,806.0,0.0
2x2_slot_inorder_place_random_10_grasp_ver3_greedy_ver3,20260312003951,16,806.0,0.0
2x2_slot_inorder_place_random_10_grasp_ver3_greedy_ver3,20260312003955,11,690.0,0.0
2x2_slot_inorder_place_random_10_grasp_ver3_greedy_ver3,20260312003959,13,704.0,0.0
2x2_slot_inorder_place_random_10_grasp_ver3_greedy_ver3,20260312004003,18,950.0,0.015625
2x2_slot_inorder_place_random_10_grasp_ver3_greedy_ver3,20260312004008,13,830.0,0.0
2x2_slot_inorder_place_random_10_grasp_ver3_greedy_ver3,20260312004013,30,1435.0,0.0
2x2_slot_inorder_place_random_10_grasp_ver3_greedy_ver3,20260312004016,4,299.0,0.0
2x2_slot_inorder_place_random_10_grasp_ver3_greedy_ver3,20260312004019,21,922.0,0.0
2x2_slot_inorder_place_random_10_grasp_ver3_greedy_ver3,20260312004022,8,401.0,0.0
2x2_slot_inorder_place_random_10_grasp_ver3_greedy_ver3,20260312004024,10,505.0,0.0
2x2_slot_inorder_place_random_10_grasp_ver3_greedy_ver3,20260312004027,6,357.0,0.0
2x2_slot_inorder_place_random_10_grasp_ver3_greedy_ver3,20260312004029,19,874.0,0.0
2x2_slot_inorder_place_random_10_grasp_ver3_greedy_ver3,20260312004034,19,938.0,0.0
2x2_slot_inorder_place_random_10_grasp_ver3_greedy_ver3,20260312004038,22,1070.0,0.0
2x2_slot_inorder_place_random_10_grasp_ver3_greedy_ver3,20260312004042,9,499.0,0.0
2x2_slot_inorder_place_random_10_grasp_ver3_greedy_ver3,20260312004046,16,924.0,0.0
2x2_slot_inorder_place_random_10_grasp_ver3_greedy_ver3,20260312004049,23,1122.0,0.0
2x2_slot_inorder_place_random_10_grasp_ver3_greedy_ver3,20260312004052,23,1160.0,0.0
2x2_slot_inorder_place_random_10_grasp_ver3_greedy_ver3,20260312004054,12,773.0,0.015625
2x2_slot_inorder_place_random_10_grasp_ver3_greedy_ver3,20260312004057,22,988.0,0.0
2x2_slot_inorder_place_random_10_grasp_ver3_greedy_ver3,20260312004059,17,922.0,0.0
2x2_slot_inorder_place_random_10_grasp_ver3_greedy_ver3,20260312004102,14,740.0,0.0
2x2_slot_inorder_place_random_10_grasp_ver3_greedy_ver3,20260312004106,24,1016.0,0.0
2x2_slot_inorder_place_random_10_grasp_ver3_greedy_ver3,20260312004110,26,1362.0,0.0
2x2_slot_inorder_place_random_10_grasp_ver3_greedy_ver3,20260312004115,30,1434.0,0.0
2x2_slot_inorder_place_random_10_grasp_ver3_greedy_ver3,20260312004120,8,451.0,0.0
2x2_slot_inorder_place_random_10_grasp_ver3_greedy_ver3,20260312004123,8,465.0,0.0
2x2_slot_inorder_place_random_10_grasp_ver3_greedy_ver3,20260312004125,8,443.0,0.0
2x2_slot_inorder_place_random_10_grasp_ver3_greedy_ver3,20260312004129,22,1184.0,0.0
2x2_slot_inorder_place_random_10_grasp_ver3_greedy_ver3,20260312004134,18,994.0,0.0
2x2_slot_inorder_place_random_10_grasp_ver3_greedy_ver3,20260312004137,13,631.0,0.0
2x2_slot_inorder_place_random_10_grasp_ver3_greedy_ver3,20260312004142,50,2559.0,0.0
2x2_slot_inorder_place_random_10_grasp_ver3_greedy_ver3,20260312004148,9,425.0,0.0
2x2_slot_inorder_place_random_10_grasp_ver3_greedy_ver3,20260312004151,13,742.0,0.0
2x2_slot_inorder_place_random_10_grasp_ver3_greedy_ver3,20260312004156,42,1991.0,0.0
2x2_slot_inorder_place_random_10_grasp_ver3_greedy_ver3,20260312004203,10,511.0,0.0
2x2_slot_inorder_place_random_10_grasp_ver3_greedy_ver3,20260312004208,31,1622.0,0.0
2x2_slot_inorder_place_random_10_grasp_ver3_greedy_ver3,20260312004215,39,1851.0,0.0
2x2_slot_inorder_place_random_10_grasp_ver3_greedy_ver3,20260312004221,24,1114.0,0.0
2x2_slot_inorder_place_random_10_grasp_ver3_greedy_ver3,20260312004226,29,1286.0,0.0
2x2_slot_inorder_place_random_10_grasp_ver3_greedy_ver3,20260312004230,24,1292.0,0.0
2x2_slot_inorder_place_random_10_grasp_ver3_greedy_ver3,20260312004233,14,616.0,0.0
2x2_slot_inorder_place_random_10_grasp_ver3_greedy_ver3,20260312004236,6,355.0,0.0
2x2_slot_inorder_place_random_10_grasp_ver3_greedy_ver3,20260312004239,21,978.0,0.0
2x2_slot_inorder_place_random_10_grasp_ver3_greedy_ver3,20260312004243,46,1952.0,0.0
2x2_slot_inorder_place_random_10_grasp_ver3_greedy_ver3,20260312004250,26,1218.0,0.0
2x2_slot_inorder_place_random_10_grasp_ver3_greedy_ver3,20260312004257,26,1420.0,0.0
2x2_slot_inorder_place_random_10_grasp_ver3_greedy_ver3,20260312004302,52,2529.0,0.0
2x2_slot_inorder_place_random_10_grasp_ver3_greedy_ver3,20260312004307,23,1004.0,0.0
2x2_slot_inorder_place_random_10_grasp_ver3_greedy_ver3,20260312004312,38,1679.0,0.0
2x2_slot_inorder_place_random_10_grasp_ver3_greedy_ver3,20260312004316,11,503.0,0.0
2x2_slot_inorder_place_random_10_grasp_ver3_greedy_ver3,20260312004319,8,387.0,0.0
2x2_slot_inorder_place_random_10_grasp_ver3_greedy_ver3,20260312004322,12,625.0,0.0
2x2_slot_inorder_place_random_10_grasp_ver3_greedy_ver3,20260312004325,8,545.0,0.0
2x2_slot_inorder_place_random_10_grasp_ver3_greedy_ver3,20260312004328,12,634.0,0.0
2x2_slot_inorder_place_random_10_grasp_ver3_greedy_ver3,20260312004332,9,503.0,0.015625
2x2_slot_inorder_place_random_10_grasp_ver3_greedy_ver3,20260312004334,17,848.0,0.0
2x2_slot_inorder_place_random_10_grasp_ver3_greedy_ver3,20260312004338,13,674.0,0.0
2x2_slot_inorder_place_random_10_grasp_ver3_greedy_ver3,20260312004341,6,345.0,0.015625
2x2_slot_inorder_place_random_10_grasp_ver3_greedy_ver3,20260312004344,43,1877.0,0.0
2x2_slot_inorder_place_random_10_grasp_ver3_greedy_ver3,20260312004348,29,1314.0,0.015625
2x2_slot_inorder_place_random_10_grasp_ver3_greedy_ver3,20260312004355,41,1955.0,0.0
2x2_slot_inorder_place_random_10_grasp_ver3_greedy_ver3,20260312004402,20,988.0,0.0
2x2_slot_inorder_place_random_10_grasp_ver3_greedy_ver3,20260312004407,11,638.0,0.015625
2x2_slot_inorder_place_random_10_grasp_ver3_greedy_ver3,20260312004412,17,920.0,0.0
2x2_slot_inorder_place_random_10_grasp_ver3_greedy_ver3,20260312004415,12,626.0,0.0
2x2_slot_inorder_place_random_10_grasp_ver3_greedy_ver3,20260312004419,17,916.0,0.0
2x2_slot_inorder_place_random_10_grasp_ver3_greedy_ver3,20260312004423,13,667.0,0.0
2x2_slot_inorder_place_random_10_grasp_ver3_greedy_ver3,20260312004426,11,581.0,0.0
2x2_slot_inorder_place_random_10_grasp_ver3_greedy_ver3,20260312004430,13,596.0,0.0
2x2_slot_inorder_place_random_10_grasp_ver3_greedy_ver3,20260312004435,24,885.0,0.0
2x2_slot_inorder_place_random_10_grasp_ver3_greedy_ver3,20260312004439,12,545.0,0.0
2x2_slot_inorder_place_random_10_grasp_ver3_greedy_ver3,20260312004443,15,608.0,0.0
2x2_slot_inorder_place_random_10_grasp_ver3_greedy_ver3,20260312004447,4,269.0,0.0
2x2_slot_inorder_place_random_10_grasp_ver3_greedy_ver3,20260312004452,40,1667.0,0.0
2x2_slot_inorder_place_random_10_grasp_ver3_greedy_ver3,20260312004459,23,1004.0,0.0
2x2_slot_inorder_place_random_10_grasp_ver3_greedy_ver3,20260312004503,5,277.0,0.0
2x2_slot_inorder_place_random_10_grasp_ver3_greedy_ver3,20260312004506,15,846.0,0.0
2x2_slot_inorder_place_random_10_grasp_ver3_greedy_ver3,20260312004511,35,1665.0,0.0
2x2_slot_inorder_place_random_10_grasp_ver3_greedy_ver3,20260312004515,49,2359.0,0.0
2x2_slot_inorder_place_random_10_grasp_ver3_greedy_ver3,20260312004519,35,1643.0,0.0
2x2_slot_inorder_place_random_10_grasp_ver3_greedy_ver3,20260312004526,43,2139.0,0.0
2x2_slot_inorder_place_random_10_grasp_ver3_greedy_ver3,20260312004533,10,519.0,0.0
2x2_slot_inorder_place_random_10_grasp_ver3_greedy_ver3,20260312004537,124,5662.0,0.0
2x2_slot_inorder_place_random_10_grasp_ver3_greedy_ver3,20260312004542,34,1512.0,0.0
2x2_slot_inorder_place_random_10_grasp_ver3_greedy_ver3,20260312004549,22,988.0,0.0
2x2_slot_inorder_place_random_10_grasp_ver3_greedy_ver3,20260312004553,21,1048.0,0.0
2x2_slot_inorder_place_random_10_grasp_ver3_greedy_ver3,20260312004558,19,938.0,0.0
2x2_slot_inorder_place_random_10_grasp_ver3_greedy_ver3,20260312004602,108,4772.0,0.0
2x2_slot_inorder_place_random_10_grasp_ver3_greedy_ver3,20260312004606,12,717.0,0.0
2x2_slot_inorder_place_random_10_grasp_ver3_greedy_ver3,20260312004610,13,748.0,0.0
2x2_slot_inorder_place_random_10_grasp_ver3_greedy_ver3,20260312004614,98,4541.0,0.0
2x2_slot_inorder_place_random_10_grasp_ver3_greedy_ver3,20260312004620,39,1669.0,0.0
2x2_slot_inorder_place_random_10_grasp_ver3_greedy_ver3,20260312004627,23,1104.0,0.0
2x2_slot_inorder_place_random_10_grasp_ver3_greedy_ver3,20260312004632,14,648.0,0.0
2x2_slot_inorder_place_random_10_grasp_ver3_greedy_ver3,20260312004637,25,1104.0,0.0
2x2_slot_inorder_place_random_10_grasp_ver3_greedy_ver3,20260312004642,23,998.0,0.0
2x2_slot_inorder_place_random_10_grasp_ver3_greedy_ver3,20260312004647,17,738.0,0.0
2x2_slot_inorder_place_random_10_grasp_ver3_greedy_ver3,20260312004651,17,764.0,0.0
2x2_slot_inorder_place_random_10_grasp_ver3_greedy_ver3,20260312004656,20,902.0,0.0
2x2_slot_inorder_place_random_10_grasp_ver3_greedy_ver3,20260312004659,8,387.0,0.0
2x2_slot_inorder_place_random_10_grasp_ver3_greedy_ver3,20260312004704,25,1122.0,0.0
2x2_slot_inorder_place_random_10_grasp_ver3_greedy_ver3,20260312004711,35,1541.0,0.0
2x2_slot_inorder_place_random_10_grasp_ver3_greedy_ver3,20260312004718,134,6286.0,0.0
2x2_slot_inorder_place_random_10_grasp_ver3_greedy_ver3,20260312004722,10,499.0,0.0
2x2_slot_inorder_place_random_10_grasp_ver3_greedy_ver3,20260312004726,23,956.0,0.0
2x2_slot_inorder_place_random_10_grasp_ver3_greedy_ver3,20260312004731,17,820.0,0.0
2x2_slot_inorder_place_random_10_grasp_ver3_greedy_ver3,20260312004736,32,1498.0,0.0
2x2_slot_inorder_place_random_10_grasp_ver3_greedy_ver3,20260312004742,28,1424.0,0.015625
2x2_slot_inorder_place_random_10_grasp_ver3_greedy_ver3,20260312004749,48,2085.0,0.0
2x2_slot_inorder_place_random_10_grasp_ver3_greedy_ver3,20260312004757,26,1101.0,0.0
2x2_slot_inorder_place_random_10_grasp_ver3_greedy_ver3,20260312004803,23,862.0,0.0
2x2_slot_inorder_place_random_10_grasp_ver3_greedy_ver3,20260312004808,17,756.0,0.0
2x2_slot_inorder_place_random_10_grasp_ver3_greedy_ver3,20260312004811,23,1136.0,0.0
2x2_slot_inorder_place_random_10_grasp_ver3_greedy_ver3,20260312004814,41,2001.0,0.0
2x2_slot_inorder_place_random_10_grasp_ver3_greedy_ver3,20260312004818,22,1070.0,0.0
2x2_slot_inorder_place_random_10_grasp_ver3_greedy_ver3,20260312004822,47,2525.0,0.0
2x2_slot_inorder_place_random_10_grasp_ver3_greedy_ver3,20260312004827,10,479.0,0.0
2x2_slot_inorder_place_random_10_grasp_ver3_greedy_ver3,20260312004831,8,579.0,0.0
2x2_slot_inorder_place_random_10_greedy_ver3_grasp_ver3,20260312002800,4,259.0,0.0
2x2_slot_inorder_place_random_10_greedy_ver3_grasp_ver3,20260312002802,10,524.0,0.0
2x2_slot_inorder_place_random_10_greedy_ver3_grasp_ver3,20260312002805,14,742.0,0.0
2x2_slot_inorder_place_random_10_greedy_ver3_grasp_ver3,20260312002807,8,580.0,0.0
2x2_slot_inorder_place_random_10_greedy_ver3_grasp_ver3,20260312002810,16,754.0,0.0
2x2_slot_inorder_place_random_10_greedy_ver3_grasp_ver3,20260312002812,3,275.0,0.0
2x2_slot_inorder_place_random_10_greedy_ver3_grasp_ver3,20260312002815,21,1076.0,0.0
2x2_slot_inorder_place_random_10_greedy_ver3_grasp_ver3,20260312002818,40,1879.0,0.0
2x2_slot_inorder_place_random_10_greedy_ver3_grasp_ver3,20260312002820,2,207.0,0.0
2x2_slot_inorder_place_random_10_greedy_ver3_grasp_ver3,20260312002822,30,1462.0,0.0
2x2_slot_inorder_place_random_10_greedy_ver3_grasp_ver3,20260312002826,2,203.0,0.0
2x2_slot_inorder_place_random_10_greedy_ver3_grasp_ver3,20260312002828,2,213.0,0.0
2x2_slot_inorder_place_random_10_greedy_ver3_grasp_ver3,20260312002831,4,259.0,0.0
2x2_slot_inorder_place_random_10_greedy_ver3_grasp_ver3,20260312002835,2,293.0,0.015625
2x2_slot_inorder_place_random_10_greedy_ver3_grasp_ver3,20260312002837,27,1294.0,0.0
2x2_slot_inorder_place_random_10_greedy_ver3_grasp_ver3,20260312002850,34,1705.0,0.015625
2x2_slot_inorder_place_random_10_greedy_ver3_grasp_ver3,20260312002903,10,492.0,0.0
2x2_slot_inorder_place_random_10_greedy_ver3_grasp_ver3,20260312002908,20,986.0,0.0
2x2_slot_inorder_place_random_10_greedy_ver3_grasp_ver3,20260312002912,20,972.0,0.0
2x2_slot_inorder_place_random_10_greedy_ver3_grasp_ver3,20260312002917,25,1395.0,0.0
2x2_slot_inorder_place_random_10_greedy_ver3_grasp_ver3,20260312002920,24,1225.0,0.0
2x2_slot_inorder_place_random_10_greedy_ver3_grasp_ver3,20260312002923,2,273.0,0.0
2x2_slot_inorder_place_random_10_greedy_ver3_grasp_ver3,20260312002926,4,253.0,0.0
2x2_slot_inorder_place_random_10_greedy_ver3_grasp_ver3,20260312002929,17,906.0,0.0
2x2_slot_inorder_place_random_10_greedy_ver3_grasp_ver3,20260312002933,11,532.0,0.0
2x2_slot_inorder_place_random_10_greedy_ver3_grasp_ver3,20260312002937,3,275.0,0.0
2x2_slot_inorder_place_random_10_greedy_ver3_grasp_ver3,20260312002939,11,638.0,0.0
2x2_slot_inorder_place_random_10_greedy_ver3_grasp_ver3,20260312002943,11,708.0,0.0
2x2_slot_inorder_place_random_10_greedy_ver3_grasp_ver3,20260312002946,11,778.0,0.0
2x2_slot_inorder_place_random_10_greedy_ver3_grasp_ver3,20260312002950,31,1539.0,0.0
2x2_slot_inorder_place_random_10_greedy_ver3_grasp_ver3,20260312002956,2,269.0,0.0
2x2_slot_inorder_place_random_10_greedy_ver3_grasp_ver3,20260312002958,14,804.0,0.0
2x2_slot_inorder_place_random_10_greedy_ver3_grasp_ver3,20260312003000,4,255.0,0.0
2x2_slot_inorder_place_random_10_greedy_ver3_grasp_ver3,20260312003004,6,238.0,0.0
2x2_slot_inorder_place_random_10_greedy_ver3_grasp_ver3,20260312003007,8,466.0,0.0
2x2_slot_inorder_place_random_10_greedy_ver3_grasp_ver3,20260312003010,5,299.0,0.0
2x2_slot_inorder_place_random_10_greedy_ver3_grasp_ver3,20260312003013,5,275.0,0.0
2x2_slot_inorder_place_random_10_greedy_ver3_grasp_ver3,20260312003016,8,432.0,0.0
2x2_slot_inorder_place_random_10_greedy_ver3_grasp_ver3,20260312003019,14,1300.0,0.0
2x2_slot_inorder_place_random_10_greedy_ver3_grasp_ver3,20260312003024,24,1218.0,0.0
2x2_slot_inorder_place_random_10_greedy_ver3_grasp_ver3,20260312003029,2,199.0,0.0
2x2_slot_inorder_place_random_10_greedy_ver3_grasp_ver3,20260312003032,14,736.0,0.0
2x2_slot_inorder_place_random_10_greedy_ver3_grasp_ver3,20260312003036,3,269.0,0.0
2x2_slot_inorder_place_random_10_greedy_ver3_grasp_ver3,20260312003038,5,295.0,0.0
2x2_slot_inorder_place_random_10_greedy_ver3_grasp_ver3,20260312003041,4,279.0,0.0
2x2_slot_inorder_place_random_10_greedy_ver3_grasp_ver3,20260312003045,23,1048.0,0.0
2x2_slot_inorder_place_random_10_greedy_ver3_grasp_ver3,20260312003048,8,434.0,0.0
2x2_slot_inorder_place_random_10_greedy_ver3_grasp_ver3,20260312003051,11,616.0,0.0
2x2_slot_inorder_place_random_10_greedy_ver3_grasp_ver3,20260312003055,21,902.0,0.0
2x2_slot_inorder_place_random_10_greedy_ver3_grasp_ver3,20260312003059,5,321.0,0.0
2x2_slot_inorder_place_random_10_greedy_ver3_grasp_ver3,20260312003103,2,205.0,0.0
2x2_slot_inorder_place_random_10_greedy_ver3_grasp_ver3,20260312003105,2,205.0,0.015625
2x2_slot_inorder_place_random_10_greedy_ver3_grasp_ver3,20260312003108,21,1002.0,0.0
2x2_slot_inorder_place_random_10_greedy_ver3_grasp_ver3,20260312003113,23,1060.0,0.0
2x2_slot_inorder_place_random_10_greedy_ver3_grasp_ver3,20260312003117,4,263.0,0.0
2x2_slot_inorder_place_random_10_greedy_ver3_grasp_ver3,20260312003120,4,223.0,0.0
2x2_slot_inorder_place_random_10_greedy_ver3_grasp_ver3,20260312003124,4,291.0,0.0
2x2_slot_inorder_place_random_10_greedy_ver3_grasp_ver3,20260312003127,24,1242.0,0.015625
2x2_slot_inorder_place_random_10_greedy_ver3_grasp_ver3,20260312003132,26,1314.0,0.0
2x2_slot_inorder_place_random_10_greedy_ver3_grasp_ver3,20260312003141,12,604.0,0.0
2x2_slot_inorder_place_random_10_greedy_ver3_grasp_ver3,20260312003145,31,1730.0,0.0
2x2_slot_inorder_place_random_10_greedy_ver3_grasp_ver3,20260312003151,26,1162.0,0.0
2x2_slot_inorder_place_random_10_greedy_ver3_grasp_ver3,20260312003158,26,1350.0,0.0
2x2_slot_inorder_place_random_10_greedy_ver3_grasp_ver3,20260312003205,4,251.0,0.0
2x2_slot_inorder_place_random_10_greedy_ver3_grasp_ver3,20260312003208,5,295.0,0.0
2x2_slot_inorder_place_random_10_greedy_ver3_grasp_ver3,20260312003211,30,1524.0,0.0
2x2_slot_inorder_place_random_10_greedy_ver3_grasp_ver3,20260312003213,2,205.0,0.0
2x2_slot_inorder_place_random_10_greedy_ver3_grasp_ver3,20260312003216,12,704.0,0.0
2x2_slot_inorder_place_random_10_greedy_ver3_grasp_ver3,20260312003220,44,2179.0,0.0
2x2_slot_inorder_place_random_10_greedy_ver3_grasp_ver3,20260312003229,10,566.0,0.0
2x2_slot_inorder_place_random_10_greedy_ver3_grasp_ver3,20260312003235,25,1132.0,0.0
2x2_slot_inorder_place_random_10_greedy_ver3_grasp_ver3,20260312003239,8,424.0,0.0
2x2_slot_inorder_place_random_10_greedy_ver3_grasp_ver3,20260312003244,14,842.0,0.0
2x2_slot_inorder_place_random_10_greedy_ver3_grasp_ver3,20260312003249,36,1737.0,0.0
2x2_slot_inorder_place_random_10_greedy_ver3_grasp_ver3,20260312003255,2,205.0,0.0
2x2_slot_inorder_place_random_10_greedy_ver3_grasp_ver3,20260312003258,4,253.0,0.0
2x2_slot_inorder_place_random_10_greedy_ver3_grasp_ver3,20260312003301,9,458.0,0.0
2x2_slot_inorder_place_random_10_greedy_ver3_grasp_ver3,20260312003304,17,938.0,0.0
2x2_slot_inorder_place_random_10_greedy_ver3_grasp_ver3,20260312003307,34,1539.0,0.015625
2x2_slot_inorder_place_random_10_greedy_ver3_grasp_ver3,20260312003312,2,253.0,0.0
2x2_slot_inorder_place_random_10_greedy_ver3_grasp_ver3,20260312003314,37,1824.0,0.0
2x2_slot_inorder_place_random_10_greedy_ver3_grasp_ver3,20260312003317,5,303.0,0.0
2x2_slot_inorder_place_random_10_greedy_ver3_grasp_ver3,20260312003321,32,1404.0,0.0
2x2_slot_inorder_place_random_10_greedy_ver3_grasp_ver3,20260312003325,4,245.0,0.0
2x2_slot_inorder_place_random_10_greedy_ver3_grasp_ver3,20260312003329,6,210.0,0.0
2x2_slot_inorder_place_random_10_greedy_ver3_grasp_ver3,20260312003333,26,1377.0,0.0
2x2_slot_inorder_place_random_10_greedy_ver3_grasp_ver3,20260312003340,9,562.0,0.0
2x2_slot_inorder_place_random_10_greedy_ver3_grasp_ver3,20260312003345,8,458.0,0.0
2x2_slot_inorder_place_random_10_greedy_ver3_grasp_ver3,20260312003350,4,229.0,0.0
2x2_slot_inorder_place_random_10_greedy_ver3_grasp_ver3,20260312003354,7,364.0,0.0
2x2_slot_inorder_place_random_10_greedy_ver3_grasp_ver3,20260312003358,12,650.0,0.0
2x2_slot_inorder_place_random_10_greedy_ver3_grasp_ver3,20260312003403,5,291.0,0.0
2x2_slot_inorder_place_random_10_greedy_ver3_grasp_ver3,20260312003406,4,247.0,0.0
2x2_slot_inorder_place_random_10_greedy_ver3_grasp_ver3,20260312003409,4,249.0,0.0
2x2_slot_inorder_place_random_10_greedy_ver3_grasp_ver3,20260312003413,8,496.0,0.0
2x2_slot_inorder_place_random_10_greedy_ver3_grasp_ver3,20260312003418,4,249.0,0.0
2x2_slot_inorder_place_random_10_greedy_ver3_grasp_ver3,20260312003421,24,1148.0,0.0
2x2_slot_inorder_place_random_10_greedy_ver3_grasp_ver3,20260312003425,39,1867.0,0.0
2x2_slot_inorder_place_random_10_greedy_ver3_grasp_ver3,20260312003429,30,1479.0,0.0
2x2_slot_inorder_place_random_10_greedy_ver3_grasp_ver3,20260312003437,9,514.0,0.0
2x2_slot_inorder_place_random_10_greedy_ver3_grasp_ver3,20260312003442,2,177.0,0.0
2x2_slot_inorder_place_random_10_greedy_ver3_grasp_ver3,20260312003445,12,576.0,0.0
2x2_slot_inorder_place_random_10_greedy_ver3_grasp_ver3,20260312003449,21,942.0,0.0
2x2_slot_inorder_place_random_10_greedy_ver3_grasp_ver3,20260312003453,14,676.0,0.0
2x2_slot_inorder_place_random_10_greedy_ver3_grasp_ver3,20260312003457,12,542.0,0.0
2x2_slot_inorder_place_random_10_greedy_ver3_grasp_ver3,20260312003503,23,1157.0,0.0
2x2_slot_inorder_place_random_10_greedy_ver3_grasp_ver3,20260312003512,10,470.0,0.0
2x2_slot_inorder_place_random_10_greedy_ver3_grasp_ver3,20260312003515,11,586.0,0.0
2x2_slot_inorder_place_random_10_greedy_ver3_grasp_ver3,20260312003519,22,1144.0,0.0
2x2_slot_inorder_place_random_10_greedy_ver3_grasp_ver3,20260312003527,16,766.0,0.0
2x2_slot_inorder_place_random_10_greedy_ver3_grasp_ver3,20260312003532,30,1512.0,0.015625
2x2_slot_inorder_place_random_10_greedy_ver3_grasp_ver3,20260312003537,32,1552.0,0.0
2x2_slot_inorder_place_random_10_greedy_ver3_grasp_ver3,20260312003542,32,1549.0,0.0
2x2_slot_inorder_place_random_10_greedy_ver3_grasp_ver3,20260312003546,4,267.0,0.0
2x2_slot_inorder_place_random_10_greedy_ver3_grasp_ver3,20260312003550,7,680.0,0.0
2x2_slot_inorder_place_random_10_greedy_ver3_grasp_ver3,20260312003554,6,184.0,0.0
2x2_slot_inorder_place_random_10_greedy_ver3_grasp_ver3,20260312003558,18,916.0,0.0
2x2_slot_inorder_place_random_10_greedy_ver3_grasp_ver3,20260312003606,23,1138.0,0.0
2x2_slot_inorder_place_random_10_greedy_ver3_grasp_ver3,20260312003611,7,364.0,0.0
2x2_slot_inorder_place_random_10_greedy_ver3_grasp_ver3,20260312003615,13,680.0,0.0
2x2_slot_inorder_place_random_10_greedy_ver3_grasp_ver3,20260312003621,9,448.0,0.0
2x2_slot_inorder_place_random_10_greedy_ver3_grasp_ver3,20260312003626,6,186.0,0.0
2x2_slot_inorder_place_random_10_greedy_ver3_grasp_ver3,20260312003631,6,194.0,0.015625
2x2_slot_inorder_place_random_10_greedy_ver3_grasp_ver3,20260312003635,14,724.0,0.015625
2x2_slot_inorder_place_random_10_greedy_ver3_grasp_ver3,20260312003639,21,1046.0,0.015625
2x2_slot_inorder_place_random_10_greedy_ver3_grasp_ver3,20260312003642,13,766.0,0.0
2x2_slot_inorder_place_random_10_greedy_ver3_grasp_ver3,20260312003648,26,1236.0,0.0
2x2_slot_inorder_place_random_10_greedy_ver3_grasp_ver3,20260312003657,14,862.0,0.0
2x2_slot_inorder_place_random_10_greedy_ver3_grasp_ver3,20260312003702,6,292.0,0.0
2x2_slot_inorder_place_random_10_greedy_ver3_grasp_ver3,20260312003706,15,744.0,0.0
2x2_slot_inorder_place_random_10_greedy_ver3_grasp_ver3,20260312003711,8,416.0,0.0
2x2_slot_inorder_place_random_10_greedy_ver3_grasp_ver3,20260312003715,24,1276.0,0.0
2x2_slot_inorder_place_random_10_greedy_ver3_grasp_ver3,20260312003722,26,1330.0,0.0
2x2_slot_inorder_place_random_10_greedy_ver3_grasp_ver3,20260312003727,24,1122.0,0.0
2x2_slot_inorder_place_random_10_greedy_ver3_grasp_ver3,20260312003738,9,444.0,0.0
2x2_slot_inorder_place_random_10_greedy_ver3_grasp_ver3,20260312003742,20,1022.0,0.015625
2x2_slot_inorder_place_random_10_greedy_ver3_grasp_ver3,20260312003747,30,1516.0,0.0
2x2_slot_inorder_place_random_10_greedy_ver3_grasp_ver3,20260312003751,3,247.0,0.0
2x2_slot_inorder_place_random_10_greedy_ver3_grasp_ver3,20260312003754,10,536.0,0.0
2x2_slot_inorder_place_random_10_greedy_ver3_grasp_ver3,20260312003758,13,476.0,0.0
2x2_slot_inorder_place_random_10_greedy_ver3_grasp_ver3,20260312003802,41,1953.0,0.0
2x2_slot_inorder_place_random_10_greedy_ver3_grasp_ver3,20260312003808,5,279.0,0.0
2x2_slot_inorder_place_random_10_greedy_ver3_grasp_ver3,20260312003811,30,1377.0,0.0
2x2_slot_inorder_place_random_10_greedy_ver3_greedy_ver3,20260312002801,4,289.0,0.0
2x2_slot_inorder_place_random_10_greedy_ver3_greedy_ver3,20260312002803,8,426.0,0.0
2x2_slot_inorder_place_random_10_greedy_ver3_greedy_ver3,20260312002806,4,289.0,0.0
2x2_slot_inorder_place_random_10_greedy_ver3_greedy_ver3,20260312002808,16,652.0,0.0
2x2_slot_inorder_place_random_10_greedy_ver3_greedy_ver3,20260312002811,6,345.0,0.0
2x2_slot_inorder_place_random_10_greedy_ver3_greedy_ver3,20260312002814,6,355.0,0.0
2x2_slot_inorder_place_random_10_greedy_ver3_greedy_ver3,20260312002816,14,659.0,0.0
2x2_slot_inorder_place_random_10_greedy_ver3_greedy_ver3,20260312002819,8,479.0,0.0
2x2_slot_inorder_place_random_10_greedy_ver3_greedy_ver3,20260312002821,8,467.0,0.0
2x2_slot_inorder_place_random_10_greedy_ver3_greedy_ver3,20260312002824,13,557.0,0.0
2x2_slot_inorder_place_random_10_greedy_ver3_greedy_ver3,20260312002827,49,2277.0,0.0
2x2_slot_inorder_place_random_10_greedy_ver3_greedy_ver3,20260312002830,8,443.0,0.0
2x2_slot_inorder_place_random_10_greedy_ver3_greedy_ver3,20260312002833,13,584.0,0.0
2x2_slot_inorder_place_random_10_greedy_ver3_greedy_ver3,20260312002836,20,1134.0,0.0
2x2_slot_inorder_place_random_10_greedy_ver3_greedy_ver3,20260312002843,80,3774.0,0.0
2x2_slot_inorder_place_random_10_greedy_ver3_greedy_ver3,20260312002856,72,3466.0,0.0
2x2_slot_inorder_place_random_10_greedy_ver3_greedy_ver3,20260312002905,33,1486.0,0.0
2x2_slot_inorder_place_random_10_greedy_ver3_greedy_ver3,20260312002910,16,886.0,0.0
2x2_slot_inorder_place_random_10_greedy_ver3_greedy_ver3,20260312002915,18,876.0,0.015625
2x2_slot_inorder_place_random_10_greedy_ver3_greedy_ver3,20260312002919,13,679.0,0.0
2x2_slot_inorder_place_random_10_greedy_ver3_greedy_ver3,20260312002922,13,641.0,0.0
2x2_slot_inorder_place_random_10_greedy_ver3_greedy_ver3,20260312002924,35,1741.0,0.0
2x2_slot_inorder_place_random_10_greedy_ver3_greedy_ver3,20260312002927,12,588.0,0.0
2x2_slot_inorder_place_random_10_greedy_ver3_greedy_ver3,20260312002931,34,1525.0,0.0
2x2_slot_inorder_place_random_10_greedy_ver3_greedy_ver3,20260312002935,22,1062.0,0.0
2x2_slot_inorder_place_random_10_greedy_ver3_greedy_ver3,20260312002938,15,698.0,0.0
2x2_slot_inorder_place_random_10_greedy_ver3_greedy_ver3,20260312002941,21,1168.0,0.0
2x2_slot_inorder_place_random_10_greedy_ver3_greedy_ver3,20260312002944,21,1244.0,0.0
2x2_slot_inorder_place_random_10_greedy_ver3_greedy_ver3,20260312002948,17,924.0,0.0
2x2_slot_inorder_place_random_10_greedy_ver3_greedy_ver3,20260312002953,25,1352.0,0.015625
2x2_slot_inorder_place_random_10_greedy_ver3_greedy_ver3,20260312002957,4,299.0,0.015625
2x2_slot_inorder_place_random_10_greedy_ver3_greedy_ver3,20260312002959,18,830.0,0.0
2x2_slot_inorder_place_random_10_greedy_ver3_greedy_ver3,20260312003002,12,570.0,0.0
2x2_slot_inorder_place_random_10_greedy_ver3_greedy_ver3,20260312003005,8,423.0,0.0
2x2_slot_inorder_place_random_10_greedy_ver3_greedy_ver3,20260312003008,11,497.0,0.0
2x2_slot_inorder_place_random_10_greedy_ver3_greedy_ver3,20260312003012,22,944.0,0.0
2x2_slot_inorder_place_random_10_greedy_ver3_greedy_ver3,20260312003014,14,675.0,0.0
2x2_slot_inorder_place_random_10_greedy_ver3_greedy_ver3,20260312003017,25,988.0,0.0
2x2_slot_inorder_place_random_10_greedy_ver3_greedy_ver3,20260312003021,24,1710.0,0.0
2x2_slot_inorder_place_random_10_greedy_ver3_greedy_ver3,20260312003027,16,896.0,0.0
2x2_slot_inorder_place_random_10_greedy_ver3_greedy_ver3,20260312003030,8,391.0,0.0
2x2_slot_inorder_place_random_10_greedy_ver3_greedy_ver3,20260312003034,14,678.0,0.0
2x2_slot_inorder_place_random_10_greedy_ver3_greedy_ver3,20260312003037,13,635.0,0.015625
2x2_slot_inorder_place_random_10_greedy_ver3_greedy_ver3,20260312003040,10,539.0,0.0
2x2_slot_inorder_place_random_10_greedy_ver3_greedy_ver3,20260312003043,15,664.0,0.015625
2x2_slot_inorder_place_random_10_greedy_ver3_greedy_ver3,20260312003046,13,621.0,0.0
2x2_slot_inorder_place_random_10_greedy_ver3_greedy_ver3,20260312003049,22,934.0,0.0
2x2_slot_inorder_place_random_10_greedy_ver3_greedy_ver3,20260312003053,13,714.0,0.0
2x2_slot_inorder_place_random_10_greedy_ver3_greedy_ver3,20260312003057,17,958.0,0.0
2x2_slot_inorder_place_random_10_greedy_ver3_greedy_ver3,20260312003101,12,648.0,0.0
2x2_slot_inorder_place_random_10_greedy_ver3_greedy_ver3,20260312003104,15,710.0,0.015625
2x2_slot_inorder_place_random_10_greedy_ver3_greedy_ver3,20260312003106,23,1012.0,0.015625
2x2_slot_inorder_place_random_10_greedy_ver3_greedy_ver3,20260312003110,27,1318.0,0.0
2x2_slot_inorder_place_random_10_greedy_ver3_greedy_ver3,20260312003115,37,1730.0,0.0
2x2_slot_inorder_place_random_10_greedy_ver3_greedy_ver3,20260312003118,13,669.0,0.0
2x2_slot_inorder_place_random_10_greedy_ver3_greedy_ver3,20260312003122,26,1174.0,0.0
2x2_slot_inorder_place_random_10_greedy_ver3_greedy_ver3,20260312003125,27,1242.0,0.0
2x2_slot_inorder_place_random_10_greedy_ver3_greedy_ver3,20260312003129,35,1527.0,0.0
2x2_slot_inorder_place_random_10_greedy_ver3_greedy_ver3,20260312003136,59,2793.0,0.0
2x2_slot_inorder_place_random_10_greedy_ver3_greedy_ver3,20260312003143,18,718.0,0.0
2x2_slot_inorder_place_random_10_greedy_ver3_greedy_ver3,20260312003148,31,1640.0,0.0
2x2_slot_inorder_place_random_10_greedy_ver3_greedy_ver3,20260312003154,32,1562.0,0.0
2x2_slot_inorder_place_random_10_greedy_ver3_greedy_ver3,20260312003201,32,1566.0,0.0
2x2_slot_inorder_place_random_10_greedy_ver3_greedy_ver3,20260312003206,26,1162.0,0.0
2x2_slot_inorder_place_random_10_greedy_ver3_greedy_ver3,20260312003209,31,1626.0,0.0
2x2_slot_inorder_place_random_10_greedy_ver3_greedy_ver3,20260312003212,6,345.0,0.0
2x2_slot_inorder_place_random_10_greedy_ver3_greedy_ver3,20260312003214,8,397.0,0.0
2x2_slot_inorder_place_random_10_greedy_ver3_greedy_ver3,20260312003218,15,774.0,0.015625
2x2_slot_inorder_place_random_10_greedy_ver3_greedy_ver3,20260312003224,40,2237.0,0.0
2x2_slot_inorder_place_random_10_greedy_ver3_greedy_ver3,20260312003231,31,1483.0,0.0
2x2_slot_inorder_place_random_10_greedy_ver3_greedy_ver3,20260312003236,19,918.0,0.0
2x2_slot_inorder_place_random_10_greedy_ver3_greedy_ver3,20260312003241,19,922.0,0.0
2x2_slot_inorder_place_random_10_greedy_ver3_greedy_ver3,20260312003247,26,1248.0,0.0
2x2_slot_inorder_place_random_10_greedy_ver3_greedy_ver3,20260312003252,41,2054.0,0.015625
2x2_slot_inorder_place_random_10_greedy_ver3_greedy_ver3,20260312003256,8,397.0,0.0
2x2_slot_inorder_place_random_10_greedy_ver3_greedy_ver3,20260312003259,19,866.0,0.0
2x2_slot_inorder_place_random_10_greedy_ver3_greedy_ver3,20260312003302,26,1120.0,0.0
2x2_slot_inorder_place_random_10_greedy_ver3_greedy_ver3,20260312003306,13,661.0,0.0
2x2_slot_inorder_place_random_10_greedy_ver3_greedy_ver3,20260312003309,30,1490.0,0.0
2x2_slot_inorder_place_random_10_greedy_ver3_greedy_ver3,20260312003313,5,293.0,0.0
2x2_slot_inorder_place_random_10_greedy_ver3_greedy_ver3,20260312003316,8,429.0,0.015625
2x2_slot_inorder_place_random_10_greedy_ver3_greedy_ver3,20260312003319,10,539.0,0.0
2x2_slot_inorder_place_random_10_greedy_ver3_greedy_ver3,20260312003323,14,656.0,0.0
2x2_slot_inorder_place_random_10_greedy_ver3_greedy_ver3,20260312003326,25,1188.0,0.0
2x2_slot_inorder_place_random_10_greedy_ver3_greedy_ver3,20260312003331,38,1743.0,0.0
2x2_slot_inorder_place_random_10_greedy_ver3_greedy_ver3,20260312003336,58,2693.0,0.0
2x2_slot_inorder_place_random_10_greedy_ver3_greedy_ver3,20260312003343,56,2577.0,0.0
2x2_slot_inorder_place_random_10_greedy_ver3_greedy_ver3,20260312003348,15,888.0,0.0
2x2_slot_inorder_place_random_10_greedy_ver3_greedy_ver3,20260312003352,62,2961.0,0.0
2x2_slot_inorder_place_random_10_greedy_ver3_greedy_ver3,20260312003356,18,790.0,0.0
2x2_slot_inorder_place_random_10_greedy_ver3_greedy_ver3,20260312003400,22,1176.0,0.0
2x2_slot_inorder_place_random_10_greedy_ver3_greedy_ver3,20260312003404,30,1370.0,0.0
2x2_slot_inorder_place_random_10_greedy_ver3_greedy_ver3,20260312003407,13,671.0,0.0
2x2_slot_inorder_place_random_10_greedy_ver3_greedy_ver3,20260312003411,12,622.0,0.0
2x2_slot_inorder_place_random_10_greedy_ver3_greedy_ver3,20260312003415,18,846.0,0.0
2x2_slot_inorder_place_random_10_greedy_ver3_greedy_ver3,20260312003419,15,698.0,0.0
2x2_slot_inorder_place_random_10_greedy_ver3_greedy_ver3,20260312003423,19,870.0,0.015625
2x2_slot_inorder_place_random_10_greedy_ver3_greedy_ver3,20260312003427,4,273.0,0.0
2x2_slot_inorder_place_random_10_greedy_ver3_greedy_ver3,20260312003433,40,1667.0,0.0
2x2_slot_inorder_place_random_10_greedy_ver3_greedy_ver3,20260312003440,25,1084.0,0.0
2x2_slot_inorder_place_random_10_greedy_ver3_greedy_ver3,20260312003444,17,902.0,0.0
2x2_slot_inorder_place_random_10_greedy_ver3_greedy_ver3,20260312003447,15,758.0,0.015625
2x2_slot_inorder_place_random_10_greedy_ver3_greedy_ver3,20260312003451,20,932.0,0.0
2x2_slot_inorder_place_random_10_greedy_ver3_greedy_ver3,20260312003455,15,688.0,0.0
2x2_slot_inorder_place_random_10_greedy_ver3_greedy_ver3,20260312003500,26,1084.0,0.0
2x2_slot_inorder_place_random_10_greedy_ver3_greedy_ver3,20260312003507,45,2087.0,0.0
2x2_slot_inorder_place_random_10_greedy_ver3_greedy_ver3,20260312003513,13,642.0,0.0
2x2_slot_inorder_place_random_10_greedy_ver3_greedy_ver3,20260312003517,25,1044.0,0.0
2x2_slot_inorder_place_random_10_greedy_ver3_greedy_ver3,20260312003523,40,1910.0,0.0
2x2_slot_inorder_place_random_10_greedy_ver3_greedy_ver3,20260312003529,35,1526.0,0.0
2x2_slot_inorder_place_random_10_greedy_ver3_greedy_ver3,20260312003535,31,1330.0,0.0
2x2_slot_inorder_place_random_10_greedy_ver3_greedy_ver3,20260312003540,23,1134.0,0.015625
2x2_slot_inorder_place_random_10_greedy_ver3_greedy_ver3,20260312003544,17,798.0,0.0
2x2_slot_inorder_place_random_10_greedy_ver3_greedy_ver3,20260312003548,12,685.0,0.0
2x2_slot_inorder_place_random_10_greedy_ver3_greedy_ver3,20260312003552,55,2779.0,0.0
2x2_slot_inorder_place_random_10_greedy_ver3_greedy_ver3,20260312003556,18,738.0,0.0
2x2_slot_inorder_place_random_10_greedy_ver3_greedy_ver3,20260312003601,39,1777.0,0.0
2x2_slot_inorder_place_random_10_greedy_ver3_greedy_ver3,20260312003608,22,1044.0,0.0
2x2_slot_inorder_place_random_10_greedy_ver3_greedy_ver3,20260312003613,15,704.0,0.0
2x2_slot_inorder_place_random_10_greedy_ver3_greedy_ver3,20260312003618,26,1194.0,0.0
2x2_slot_inorder_place_random_10_greedy_ver3_greedy_ver3,20260312003624,25,1086.0,0.0
2x2_slot_inorder_place_random_10_greedy_ver3_greedy_ver3,20260312003628,18,876.0,0.0
2x2_slot_inorder_place_random_10_greedy_ver3_greedy_ver3,20260312003633,21,946.0,0.0
2x2_slot_inorder_place_random_10_greedy_ver3_greedy_ver3,20260312003637,26,1253.0,0.0
2x2_slot_inorder_place_random_10_greedy_ver3_greedy_ver3,20260312003641,14,640.0,0.0
2x2_slot_inorder_place_random_10_greedy_ver3_greedy_ver3,20260312003645,25,1122.0,0.0
2x2_slot_inorder_place_random_10_greedy_ver3_greedy_ver3,20260312003652,35,1677.0,0.0
2x2_slot_inorder_place_random_10_greedy_ver3_greedy_ver3,20260312003659,21,1022.0,0.0
2x2_slot_inorder_place_random_10_greedy_ver3_greedy_ver3,20260312003704,15,702.0,0.0
2x2_slot_inorder_place_random_10_greedy_ver3_greedy_ver3,20260312003709,25,1096.0,0.0
2x2_slot_inorder_place_random_10_greedy_ver3_greedy_ver3,20260312003713,19,870.0,0.0
2x2_slot_inorder_place_random_10_greedy_ver3_greedy_ver3,20260312003718,34,1488.0,0.0
2x2_slot_inorder_place_random_10_greedy_ver3_greedy_ver3,20260312003724,36,1672.0,0.0
2x2_slot_inorder_place_random_10_greedy_ver3_greedy_ver3,20260312003732,49,2189.0,0.0
2x2_slot_inorder_place_random_10_greedy_ver3_greedy_ver3,20260312003740,15,694.0,0.0
2x2_slot_inorder_place_random_10_greedy_ver3_greedy_ver3,20260312003744,22,958.0,0.0
2x2_slot_inorder_place_random_10_greedy_ver3_greedy_ver3,20260312003749,17,838.0,0.0
2x2_slot_inorder_place_random_10_greedy_ver3_greedy_ver3,20260312003753,6,327.0,0.0
2x2_slot_inorder_place_random_10_greedy_ver3_greedy_ver3,20260312003756,24,972.0,0.0
2x2_slot_inorder_place_random_10_greedy_ver3_greedy_ver3,20260312003800,22,1010.0,0.0
2x2_slot_inorder_place_random_10_greedy_ver3_greedy_ver3,20260312003804,30,1398.0,0.0
2x2_slot_inorder_place_random_10_greedy_ver3_greedy_ver3,20260312003809,10,503.0,0.0
2x2_slot_inorder_place_random_10_greedy_ver3_greedy_ver3,20260312003812,8,517.0,0.0
2x2_slot_inorder_place_random_15_grasp_ver3_grasp_ver3,20260312003440,25,1084.0,0.0
2x2_slot_inorder_place_random_15_grasp_ver3_grasp_ver3,20260312003443,2,311.0,0.0
2x2_slot_inorder_place_random_15_grasp_ver3_grasp_ver3,20260312003445,12,576.0,0.0
2x2_slot_inorder_place_random_15_grasp_ver3_grasp_ver3,20260312003448,2,217.0,0.0
2x2_slot_inorder_place_random_15_grasp_ver3_grasp_ver3,20260312003450,2,259.0,0.0
2x2_slot_inorder_place_random_15_grasp_ver3_grasp_ver3,20260312003452,2,217.0,0.0
2x2_slot_inorder_place_random_15_grasp_ver3_grasp_ver3,20260312003454,2,259.0,0.0
2x2_slot_inorder_place_random_15_grasp_ver3_grasp_ver3,20260312003457,12,542.0,0.0
2x2_slot_inorder_place_random_15_grasp_ver3_grasp_ver3,20260312003459,6,272.0,0.015625
2x2_slot_inorder_place_random_15_grasp_ver3_grasp_ver3,20260312003503,23,1157.0,0.0
2x2_slot_inorder_place_random_15_grasp_ver3_grasp_ver3,20260312003505,2,261.0,0.0
2x2_slot_inorder_place_random_15_grasp_ver3_grasp_ver3,20260312003508,2,213.0,0.0
2x2_slot_inorder_place_random_15_grasp_ver3_grasp_ver3,20260312003510,3,265.0,0.0
2x2_slot_inorder_place_random_15_grasp_ver3_grasp_ver3,20260312003513,13,642.0,0.0
2x2_slot_inorder_place_random_15_grasp_ver3_grasp_ver3,20260312003515,11,586.0,0.0
2x2_slot_inorder_place_random_15_grasp_ver3_grasp_ver3,20260312003518,2,207.0,0.0
2x2_slot_inorder_place_random_15_grasp_ver3_grasp_ver3,20260312003521,2,209.0,0.015625
2x2_slot_inorder_place_random_15_grasp_ver3_grasp_ver3,20260312003523,40,1910.0,0.0
2x2_slot_inorder_place_random_15_grasp_ver3_grasp_ver3,20260312003527,16,766.0,0.0
2x2_slot_inorder_place_random_15_grasp_ver3_grasp_ver3,20260312003530,8,460.0,0.0
2x2_slot_inorder_place_random_15_grasp_ver3_grasp_ver3,20260312003534,3,265.0,0.0
2x2_slot_inorder_place_random_15_grasp_ver3_grasp_ver3,20260312003537,32,1552.0,0.0
2x2_slot_inorder_place_random_15_grasp_ver3_grasp_ver3,20260312003542,32,1549.0,0.0
2x2_slot_inorder_place_random_15_grasp_ver3_grasp_ver3,20260312003552,55,2779.0,0.015625
2x2_slot_inorder_place_random_15_grasp_ver3_grasp_ver3,20260312003606,23,1138.0,0.0
2x2_slot_inorder_place_random_15_grasp_ver3_grasp_ver3,20260312003612,17,1412.0,0.0
2x2_slot_inorder_place_random_15_grasp_ver3_grasp_ver3,20260312003617,2,263.0,0.0
2x2_slot_inorder_place_random_15_grasp_ver3_grasp_ver3,20260312003619,3,277.0,0.0
2x2_slot_inorder_place_random_15_grasp_ver3_grasp_ver3,20260312003622,2,213.0,0.0
2x2_slot_inorder_place_random_15_grasp_ver3_grasp_ver3,20260312003624,25,1086.0,0.0
2x2_slot_inorder_place_random_15_grasp_ver3_grasp_ver3,20260312003627,2,261.0,0.015625
2x2_slot_inorder_place_random_15_grasp_ver3_grasp_ver3,20260312003629,5,307.0,0.015625
2x2_slot_inorder_place_random_15_grasp_ver3_grasp_ver3,20260312003632,2,199.0,0.0
2x2_slot_inorder_place_random_15_grasp_ver3_grasp_ver3,20260312003635,14,724.0,0.015625
2x2_slot_inorder_place_random_15_grasp_ver3_grasp_ver3,20260312003637,26,1253.0,0.0
2x2_slot_inorder_place_random_15_grasp_ver3_grasp_ver3,20260312003641,14,640.0,0.0
2x2_slot_inorder_place_random_15_grasp_ver3_grasp_ver3,20260312003646,4,239.0,0.015625
2x2_slot_inorder_place_random_15_grasp_ver3_grasp_ver3,20260312003650,5,285.0,0.0
2x2_slot_inorder_place_random_15_grasp_ver3_grasp_ver3,20260312003653,8,468.0,0.0
2x2_slot_inorder_place_random_15_grasp_ver3_grasp_ver3,20260312003658,7,385.0,0.0
2x2_slot_inorder_place_random_15_grasp_ver3_grasp_ver3,20260312003701,4,321.0,0.0
2x2_slot_inorder_place_random_15_grasp_ver3_grasp_ver3,20260312003704,15,702.0,0.0
2x2_slot_inorder_place_random_15_grasp_ver3_grasp_ver3,20260312003707,2,209.0,0.0
2x2_slot_inorder_place_random_15_grasp_ver3_grasp_ver3,20260312003709,25,1096.0,0.0
2x2_slot_inorder_place_random_15_grasp_ver3_grasp_ver3,20260312003712,3,279.0,0.0
2x2_slot_inorder_place_random_15_grasp_ver3_grasp_ver3,20260312003714,2,195.0,0.0
2x2_slot_inorder_place_random_15_grasp_ver3_grasp_ver3,20260312003717,4,267.0,0.0
2x2_slot_inorder_place_random_15_grasp_ver3_grasp_ver3,20260312003720,2,205.0,0.0
2x2_slot_inorder_place_random_15_grasp_ver3_grasp_ver3,20260312003722,26,1330.0,0.0
2x2_slot_inorder_place_random_15_grasp_ver3_grasp_ver3,20260312003726,7,374.0,0.0
2x2_slot_inorder_place_random_15_grasp_ver3_grasp_ver3,20260312003731,10,550.0,0.0
2x2_slot_inorder_place_random_15_grasp_ver3_grasp_ver3,20260312003735,5,307.0,0.0
2x2_slot_inorder_place_random_15_grasp_ver3_grasp_ver3,20260312003738,9,444.0,0.0
2x2_slot_inorder_place_random_15_grasp_ver3_grasp_ver3,20260312003741,2,195.0,0.0
2x2_slot_inorder_place_random_15_grasp_ver3_grasp_ver3,20260312003743,6,257.0,0.0
2x2_slot_inorder_place_random_15_grasp_ver3_grasp_ver3,20260312003747,30,1516.0,0.0
2x2_slot_inorder_place_random_15_grasp_ver3_grasp_ver3,20260312003754,10,536.0,0.0
2x2_slot_inorder_place_random_15_grasp_ver3_grasp_ver3,20260312003758,13,476.0,0.0
2x2_slot_inorder_place_random_15_grasp_ver3_grasp_ver3,20260312003802,41,1953.0,0.0
2x2_slot_inorder_place_random_15_grasp_ver3_grasp_ver3,20260312003811,30,1377.0,0.0
2x2_slot_inorder_place_random_15_grasp_ver3_grasp_ver3,20260312003820,11,614.0,0.0
2x2_slot_inorder_place_random_15_grasp_ver3_grasp_ver3,20260312003825,26,1227.0,0.0
2x2_slot_inorder_place_random_15_grasp_ver3_grasp_ver3,20260312003832,16,712.0,0.0
2x2_slot_inorder_place_random_15_grasp_ver3_grasp_ver3,20260312003835,4,257.0,0.0
2x2_slot_inorder_place_random_15_grasp_ver3_grasp_ver3,20260312003839,10,530.0,0.0
2x2_slot_inorder_place_random_15_grasp_ver3_grasp_ver3,20260312003842,2,205.0,0.0
2x2_slot_inorder_place_random_15_grasp_ver3_grasp_ver3,20260312003845,13,856.0,0.0
2x2_slot_inorder_place_random_15_grasp_ver3_grasp_ver3,20260312003850,5,287.0,0.0
2x2_slot_inorder_place_random_15_grasp_ver3_grasp_ver3,20260312003853,3,265.0,0.0
2x2_slot_inorder_place_random_15_grasp_ver3_grasp_ver3,20260312003856,10,602.0,0.0
2x2_slot_inorder_place_random_15_grasp_ver3_grasp_ver3,20260312003901,24,1136.0,0.0
2x2_slot_inorder_place_random_15_grasp_ver3_grasp_ver3,20260312003910,13,736.0,0.0
2x2_slot_inorder_place_random_15_grasp_ver3_grasp_ver3,20260312003914,2,263.0,0.0
2x2_slot_inorder_place_random_15_grasp_ver3_grasp_ver3,20260312003916,2,219.0,0.0
2x2_slot_inorder_place_random_15_grasp_ver3_grasp_ver3,20260312003918,2,195.0,0.015625
2x2_slot_inorder_place_random_15_grasp_ver3_grasp_ver3,20260312003921,7,475.0,0.0
2x2_slot_inorder_place_random_15_grasp_ver3_grasp_ver3,20260312003925,3,265.0,0.0
2x2_slot_inorder_place_random_15_grasp_ver3_grasp_ver3,20260312003927,16,860.0,0.0
2x2_slot_inorder_place_random_15_grasp_ver3_grasp_ver3,20260312003933,19,980.0,0.0
2x2_slot_inorder_place_random_15_grasp_ver3_grasp_ver3,20260312003937,13,845.0,0.0
2x2_slot_inorder_place_random_15_grasp_ver3_grasp_ver3,20260312003940,27,1412.0,0.0
2x2_slot_inorder_place_random_15_grasp_ver3_grasp_ver3,20260312003943,5,297.0,0.0
2x2_slot_inorder_place_random_15_grasp_ver3_grasp_ver3,20260312003946,4,281.0,0.015625
2x2_slot_inorder_place_random_15_grasp_ver3_grasp_ver3,20260312003949,10,526.0,0.0
2x2_slot_inorder_place_random_15_grasp_ver3_grasp_ver3,20260312003952,5,309.0,0.0
2x2_slot_inorder_place_random_15_grasp_ver3_grasp_ver3,20260312003955,11,690.0,0.0
2x2_slot_inorder_place_random_15_grasp_ver3_grasp_ver3,20260312003958,13,832.0,0.0
2x2_slot_inorder_place_random_15_grasp_ver3_grasp_ver3,20260312004004,12,494.0,0.0
2x2_slot_inorder_place_random_15_grasp_ver3_grasp_ver3,20260312004011,6,224.0,0.0
2x2_slot_inorder_place_random_15_grasp_ver3_grasp_ver3,20260312004015,9,486.0,0.0
2x2_slot_inorder_place_random_15_grasp_ver3_grasp_ver3,20260312004019,21,922.0,0.0
2x2_slot_inorder_place_random_15_grasp_ver3_grasp_ver3,20260312004023,5,295.0,0.0
2x2_slot_inorder_place_random_15_grasp_ver3_grasp_ver3,20260312004025,4,285.0,0.0
2x2_slot_inorder_place_random_15_grasp_ver3_grasp_ver3,20260312004028,11,454.0,0.0
2x2_slot_inorder_place_random_15_grasp_ver3_grasp_ver3,20260312004032,19,996.0,0.0
2x2_slot_inorder_place_random_15_grasp_ver3_grasp_ver3,20260312004038,22,1070.0,0.0
2x2_slot_inorder_place_random_15_grasp_ver3_grasp_ver3,20260312004041,9,538.0,0.0
2x2_slot_inorder_place_random_15_grasp_ver3_grasp_ver3,20260312004046,16,924.0,0.0
2x2_slot_inorder_place_random_15_grasp_ver3_grasp_ver3,20260312004049,23,1122.0,0.0
2x2_slot_inorder_place_random_15_grasp_ver3_grasp_ver3,20260312004055,6,186.0,0.0
2x2_slot_inorder_place_random_15_grasp_ver3_grasp_ver3,20260312004059,17,922.0,0.0
2x2_slot_inorder_place_random_15_grasp_ver3_grasp_ver3,20260312004104,13,638.0,0.0
2x2_slot_inorder_place_random_15_grasp_ver3_grasp_ver3,20260312004108,15,826.0,0.015625
2x2_slot_inorder_place_random_15_grasp_ver3_grasp_ver3,20260312004112,30,1359.0,0.0
2x2_slot_inorder_place_random_15_grasp_ver3_grasp_ver3,20260312004122,9,452.0,0.0
2x2_slot_inorder_place_random_15_grasp_ver3_grasp_ver3,20260312004126,18,938.0,0.0
2x2_slot_inorder_place_random_15_grasp_ver3_grasp_ver3,20260312004130,14,732.0,0.0
2x2_slot_inorder_place_random_15_grasp_ver3_grasp_ver3,20260312004138,7,454.0,0.0
2x2_slot_inorder_place_random_15_grasp_ver3_grasp_ver3,20260312004142,50,2559.0,0.0
2x2_slot_inorder_place_random_15_grasp_ver3_grasp_ver3,20260312004147,9,526.0,0.0
2x2_slot_inorder_place_random_15_grasp_ver3_grasp_ver3,20260312004151,13,742.0,0.0
2x2_slot_inorder_place_random_15_grasp_ver3_grasp_ver3,20260312004155,8,486.0,0.0
2x2_slot_inorder_place_random_15_grasp_ver3_grasp_ver3,20260312004200,9,652.0,0.0
2x2_slot_inorder_place_random_15_grasp_ver3_grasp_ver3,20260312004205,6,266.0,0.0
2x2_slot_inorder_place_random_15_grasp_ver3_grasp_ver3,20260312004209,9,592.0,0.0
2x2_slot_inorder_place_random_15_grasp_ver3_grasp_ver3,20260312004215,39,1851.0,0.0
2x2_slot_inorder_place_random_15_grasp_ver3_grasp_ver3,20260312004220,8,498.0,0.0
2x2_slot_inorder_place_random_15_grasp_ver3_grasp_ver3,20260312004224,12,550.0,0.0
2x2_slot_inorder_place_random_15_grasp_ver3_grasp_ver3,20260312004229,6,198.0,0.0
2x2_slot_inorder_place_random_15_grasp_ver3_grasp_ver3,20260312004233,14,616.0,0.0
2x2_slot_inorder_place_random_15_grasp_ver3_grasp_ver3,20260312004237,7,246.0,0.0
2x2_slot_inorder_place_random_15_grasp_ver3_grasp_ver3,20260312004241,22,1114.0,0.0
2x2_slot_inorder_place_random_15_grasp_ver3_grasp_ver3,20260312004245,15,746.0,0.0
2x2_slot_inorder_place_random_15_grasp_ver3_grasp_ver3,20260312004254,26,1262.0,0.0
2x2_slot_inorder_place_random_15_grasp_ver3_grasp_ver3,20260312004259,22,1092.0,0.0
2x2_slot_inorder_place_random_15_grasp_ver3_grasp_ver3,20260312004304,11,658.0,0.0
2x2_slot_inorder_place_random_15_grasp_ver3_grasp_ver3,20260312004309,28,1438.0,0.0
2x2_slot_inorder_place_random_15_grasp_ver3_grasp_ver3,20260312004314,19,994.0,0.0
2x2_slot_inorder_place_random_15_grasp_ver3_grasp_ver3,20260312004321,32,1561.0,0.0
2x2_slot_inorder_place_random_15_grasp_ver3_grasp_ver3,20260312004332,9,503.0,0.0
2x2_slot_inorder_place_random_15_grasp_ver3_grasp_ver3,20260312004334,17,848.0,0.0
2x2_slot_inorder_place_random_15_grasp_ver3_grasp_ver3,20260312004340,23,1144.0,0.0
2x2_slot_inorder_place_random_15_grasp_ver3_grasp_ver3,20260312004348,29,1314.0,0.0
2x2_slot_inorder_place_random_15_grasp_ver3_grasp_ver3,20260312004352,4,221.0,0.0
2x2_slot_inorder_place_random_15_grasp_ver3_grasp_ver3,20260312004355,41,1955.0,0.0
2x2_slot_inorder_place_random_15_grasp_ver3_grasp_ver3,20260312004358,19,880.0,0.0
2x2_slot_inorder_place_random_15_grasp_ver3_grasp_ver3,20260312004406,6,407.0,0.0
2x2_slot_inorder_place_random_15_grasp_ver3_greedy_ver3,20260312003441,12,769.0,0.0
2x2_slot_inorder_place_random_15_grasp_ver3_greedy_ver3,20260312003444,17,902.0,0.0
2x2_slot_inorder_place_random_15_grasp_ver3_greedy_ver3,20260312003446,8,467.0,0.0
2x2_slot_inorder_place_random_15_grasp_ver3_greedy_ver3,20260312003449,21,942.0,0.0
2x2_slot_inorder_place_random_15_grasp_ver3_greedy_ver3,20260312003451,20,932.0,0.0
2x2_slot_inorder_place_random_15_grasp_ver3_greedy_ver3,20260312003453,14,676.0,0.0
2x2_slot_inorder_place_random_15_grasp_ver3_greedy_ver3,20260312003455,15,688.0,0.0
2x2_slot_inorder_place_random_15_grasp_ver3_greedy_ver3,20260312003458,4,299.0,0.0
2x2_slot_inorder_place_random_15_grasp_ver3_greedy_ver3,20260312003501,20,1038.0,0.0
2x2_slot_inorder_place_random_15_grasp_ver3_greedy_ver3,20260312003504,6,355.0,0.0
2x2_slot_inorder_place_random_15_grasp_ver3_greedy_ver3,20260312003507,45,2087.0,0.0
2x2_slot_inorder_place_random_15_grasp_ver3_greedy_ver3,20260312003509,8,405.0,0.0
2x2_slot_inorder_place_random_15_grasp_ver3_greedy_ver3,20260312003512,10,470.0,0.0
2x2_slot_inorder_place_random_15_grasp_ver3_greedy_ver3,20260312003514,6,355.0,0.0
2x2_slot_inorder_place_random_15_grasp_ver3_greedy_ver3,20260312003517,25,1044.0,0.0
2x2_slot_inorder_place_random_15_grasp_ver3_greedy_ver3,20260312003519,22,1144.0,0.0
2x2_slot_inorder_place_random_15_grasp_ver3_greedy_ver3,20260312003522,8,469.0,0.0
2x2_slot_inorder_place_random_15_grasp_ver3_greedy_ver3,20260312003525,13,776.0,0.0
2x2_slot_inorder_place_random_15_grasp_ver3_greedy_ver3,20260312003529,35,1526.0,0.0
2x2_slot_inorder_place_random_15_grasp_ver3_greedy_ver3,20260312003532,30,1512.0,0.0
2x2_slot_inorder_place_random_15_grasp_ver3_greedy_ver3,20260312003535,31,1330.0,0.0
2x2_slot_inorder_place_random_15_grasp_ver3_greedy_ver3,20260312003539,18,880.0,0.0
2x2_slot_inorder_place_random_15_grasp_ver3_greedy_ver3,20260312003547,38,2015.0,0.0
2x2_slot_inorder_place_random_15_grasp_ver3_greedy_ver3,20260312003559,74,3470.0,0.0
2x2_slot_inorder_place_random_15_grasp_ver3_greedy_ver3,20260312003609,20,1092.0,0.0
2x2_slot_inorder_place_random_15_grasp_ver3_greedy_ver3,20260312003614,23,1706.0,0.0
2x2_slot_inorder_place_random_15_grasp_ver3_greedy_ver3,20260312003618,26,1194.0,0.0
2x2_slot_inorder_place_random_15_grasp_ver3_greedy_ver3,20260312003620,6,357.0,0.0
2x2_slot_inorder_place_random_15_grasp_ver3_greedy_ver3,20260312003623,13,609.0,0.0
2x2_slot_inorder_place_random_15_grasp_ver3_greedy_ver3,20260312003625,8,477.0,0.0
2x2_slot_inorder_place_random_15_grasp_ver3_greedy_ver3,20260312003628,18,876.0,0.0
2x2_slot_inorder_place_random_15_grasp_ver3_greedy_ver3,20260312003630,8,447.0,0.015625
2x2_slot_inorder_place_random_15_grasp_ver3_greedy_ver3,20260312003633,21,946.0,0.0
2x2_slot_inorder_place_random_15_grasp_ver3_greedy_ver3,20260312003636,6,359.0,0.0
2x2_slot_inorder_place_random_15_grasp_ver3_greedy_ver3,20260312003639,21,1046.0,0.0
2x2_slot_inorder_place_random_15_grasp_ver3_greedy_ver3,20260312003643,16,882.0,0.0
2x2_slot_inorder_place_random_15_grasp_ver3_greedy_ver3,20260312003648,26,1236.0,0.0
2x2_slot_inorder_place_random_15_grasp_ver3_greedy_ver3,20260312003651,8,635.0,0.0
2x2_slot_inorder_place_random_15_grasp_ver3_greedy_ver3,20260312003656,18,820.0,0.0
2x2_slot_inorder_place_random_15_grasp_ver3_greedy_ver3,20260312003700,12,645.0,0.0
2x2_slot_inorder_place_random_15_grasp_ver3_greedy_ver3,20260312003703,13,591.0,0.0
2x2_slot_inorder_place_random_15_grasp_ver3_greedy_ver3,20260312003706,15,744.0,0.0
2x2_slot_inorder_place_random_15_grasp_ver3_greedy_ver3,20260312003708,8,443.0,0.0
2x2_slot_inorder_place_random_15_grasp_ver3_greedy_ver3,20260312003711,8,416.0,0.015625
2x2_slot_inorder_place_random_15_grasp_ver3_greedy_ver3,20260312003713,19,870.0,0.0
2x2_slot_inorder_place_random_15_grasp_ver3_greedy_ver3,20260312003715,24,1276.0,0.0
2x2_slot_inorder_place_random_15_grasp_ver3_greedy_ver3,20260312003718,34,1488.0,0.0
2x2_slot_inorder_place_random_15_grasp_ver3_greedy_ver3,20260312003721,8,465.0,0.0
2x2_slot_inorder_place_random_15_grasp_ver3_greedy_ver3,20260312003724,36,1672.0,0.0
2x2_slot_inorder_place_random_15_grasp_ver3_greedy_ver3,20260312003728,14,674.0,0.0
2x2_slot_inorder_place_random_15_grasp_ver3_greedy_ver3,20260312003733,17,972.0,0.0
2x2_slot_inorder_place_random_15_grasp_ver3_greedy_ver3,20260312003736,8,427.0,0.015625
2x2_slot_inorder_place_random_15_grasp_ver3_greedy_ver3,20260312003739,13,663.0,0.0
2x2_slot_inorder_place_random_15_grasp_ver3_greedy_ver3,20260312003742,20,1022.0,0.0
2x2_slot_inorder_place_random_15_grasp_ver3_greedy_ver3,20260312003745,15,749.0,0.0
2x2_slot_inorder_place_random_15_grasp_ver3_greedy_ver3,20260312003750,38,1890.0,0.0
2x2_slot_inorder_place_random_15_grasp_ver3_greedy_ver3,20260312003756,24,972.0,0.0
2x2_slot_inorder_place_random_15_grasp_ver3_greedy_ver3,20260312003800,22,1010.0,0.0
2x2_slot_inorder_place_random_15_grasp_ver3_greedy_ver3,20260312003806,48,2575.0,0.0
2x2_slot_inorder_place_random_15_grasp_ver3_greedy_ver3,20260312003815,40,1947.0,0.0
2x2_slot_inorder_place_random_15_grasp_ver3_greedy_ver3,20260312003822,26,1242.0,0.0
2x2_slot_inorder_place_random_15_grasp_ver3_greedy_ver3,20260312003828,42,2019.0,0.0
2x2_slot_inorder_place_random_15_grasp_ver3_greedy_ver3,20260312003834,13,582.0,0.0
2x2_slot_inorder_place_random_15_grasp_ver3_greedy_ver3,20260312003837,14,647.0,0.0
2x2_slot_inorder_place_random_15_grasp_ver3_greedy_ver3,20260312003840,21,902.0,0.0
2x2_slot_inorder_place_random_15_grasp_ver3_greedy_ver3,20260312003843,11,548.0,0.015625
2x2_slot_inorder_place_random_15_grasp_ver3_greedy_ver3,20260312003848,24,1272.0,0.0
2x2_slot_inorder_place_random_15_grasp_ver3_greedy_ver3,20260312003852,19,822.0,0.0
2x2_slot_inorder_place_random_15_grasp_ver3_greedy_ver3,20260312003854,8,405.0,0.0
2x2_slot_inorder_place_random_15_grasp_ver3_greedy_ver3,20260312003858,14,754.0,0.0
2x2_slot_inorder_place_random_15_grasp_ver3_greedy_ver3,20260312003905,31,1364.0,0.0
2x2_slot_inorder_place_random_15_grasp_ver3_greedy_ver3,20260312003912,36,1620.0,0.0
2x2_slot_inorder_place_random_15_grasp_ver3_greedy_ver3,20260312003915,4,293.0,0.0
2x2_slot_inorder_place_random_15_grasp_ver3_greedy_ver3,20260312003917,57,2765.0,0.0
2x2_slot_inorder_place_random_15_grasp_ver3_greedy_ver3,20260312003920,8,387.0,0.0
2x2_slot_inorder_place_random_15_grasp_ver3_greedy_ver3,20260312003923,14,752.0,0.0
2x2_slot_inorder_place_random_15_grasp_ver3_greedy_ver3,20260312003926,6,345.0,0.0
2x2_slot_inorder_place_random_15_grasp_ver3_greedy_ver3,20260312003930,32,1588.0,0.0
2x2_slot_inorder_place_random_15_grasp_ver3_greedy_ver3,20260312003935,15,722.0,0.0
2x2_slot_inorder_place_random_15_grasp_ver3_greedy_ver3,20260312003938,28,1384.0,0.015625
2x2_slot_inorder_place_random_15_grasp_ver3_greedy_ver3,20260312003941,13,623.0,0.0
2x2_slot_inorder_place_random_15_grasp_ver3_greedy_ver3,20260312003944,12,626.0,0.0
2x2_slot_inorder_place_random_15_grasp_ver3_greedy_ver3,20260312003948,15,806.0,0.0
2x2_slot_inorder_place_random_15_grasp_ver3_greedy_ver3,20260312003950,8,399.0,0.0
2x2_slot_inorder_place_random_15_grasp_ver3_greedy_ver3,20260312003954,8,411.0,0.0
2x2_slot_inorder_place_random_15_grasp_ver3_greedy_ver3,20260312003956,6,345.0,0.0
2x2_slot_inorder_place_random_15_grasp_ver3_greedy_ver3,20260312004001,35,1696.0,0.015625
2x2_slot_inorder_place_random_15_grasp_ver3_greedy_ver3,20260312004007,35,1560.0,0.0
2x2_slot_inorder_place_random_15_grasp_ver3_greedy_ver3,20260312004013,30,1435.0,0.0
2x2_slot_inorder_place_random_15_grasp_ver3_greedy_ver3,20260312004017,19,1036.0,0.0
2x2_slot_inorder_place_random_15_grasp_ver3_greedy_ver3,20260312004021,12,544.0,0.0
2x2_slot_inorder_place_random_15_grasp_ver3_greedy_ver3,20260312004024,10,505.0,0.0
2x2_slot_inorder_place_random_15_grasp_ver3_greedy_ver3,20260312004026,9,486.0,0.0
2x2_slot_inorder_place_random_15_grasp_ver3_greedy_ver3,20260312004030,13,668.0,0.0
2x2_slot_inorder_place_random_15_grasp_ver3_greedy_ver3,20260312004035,29,1296.0,0.0
2x2_slot_inorder_place_random_15_grasp_ver3_greedy_ver3,20260312004039,12,629.0,0.0
2x2_slot_inorder_place_random_15_grasp_ver3_greedy_ver3,20260312004044,15,648.0,0.0
2x2_slot_inorder_place_random_15_grasp_ver3_greedy_ver3,20260312004047,4,279.0,0.0
2x2_slot_inorder_place_random_15_grasp_ver3_greedy_ver3,20260312004052,23,1160.0,0.0
2x2_slot_inorder_place_random_15_grasp_ver3_greedy_ver3,20260312004057,22,988.0,0.0
2x2_slot_inorder_place_random_15_grasp_ver3_greedy_ver3,20260312004101,30,1522.0,0.0
2x2_slot_inorder_place_random_15_grasp_ver3_greedy_ver3,20260312004106,24,1016.0,0.0
2x2_slot_inorder_place_random_15_grasp_ver3_greedy_ver3,20260312004110,26,1362.0,0.0
2x2_slot_inorder_place_random_15_grasp_ver3_greedy_ver3,20260312004117,46,2155.0,0.0
2x2_slot_inorder_place_random_15_grasp_ver3_greedy_ver3,20260312004124,18,806.0,0.0
2x2_slot_inorder_place_random_15_grasp_ver3_greedy_ver3,20260312004128,12,551.0,0.0
2x2_slot_inorder_place_random_15_grasp_ver3_greedy_ver3,20260312004133,34,1652.0,0.0
2x2_slot_inorder_place_random_15_grasp_ver3_greedy_ver3,20260312004140,16,738.0,0.015625
2x2_slot_inorder_place_random_15_grasp_ver3_greedy_ver3,20260312004144,24,1222.0,0.0
2x2_slot_inorder_place_random_15_grasp_ver3_greedy_ver3,20260312004149,21,1038.0,0.0
2x2_slot_inorder_place_random_15_grasp_ver3_greedy_ver3,20260312004153,9,537.0,0.0
2x2_slot_inorder_place_random_15_grasp_ver3_greedy_ver3,20260312004157,25,1176.0,0.0
2x2_slot_inorder_place_random_15_grasp_ver3_greedy_ver3,20260312004202,17,808.0,0.0
2x2_slot_inorder_place_random_15_grasp_ver3_greedy_ver3,20260312004207,18,850.0,0.0
2x2_slot_inorder_place_random_15_grasp_ver3_greedy_ver3,20260312004212,33,1771.0,0.0
2x2_slot_inorder_place_random_15_grasp_ver3_greedy_ver3,20260312004217,23,1136.0,0.0
2x2_slot_inorder_place_random_15_grasp_ver3_greedy_ver3,20260312004222,14,564.0,0.015625
2x2_slot_inorder_place_random_15_grasp_ver3_greedy_ver3,20260312004226,29,1286.0,0.0
2x2_slot_inorder_place_random_15_grasp_ver3_greedy_ver3,20260312004231,18,884.0,0.0
2x2_slot_inorder_place_random_15_grasp_ver3_greedy_ver3,20260312004235,20,886.0,0.0
2x2_slot_inorder_place_random_15_grasp_ver3_greedy_ver3,20260312004239,21,978.0,0.0
2x2_slot_inorder_place_random_15_grasp_ver3_greedy_ver3,20260312004243,46,1952.0,0.0
2x2_slot_inorder_place_random_15_grasp_ver3_greedy_ver3,20260312004249,30,1429.0,0.0
2x2_slot_inorder_place_random_15_grasp_ver3_greedy_ver3,20260312004256,19,934.0,0.0
2x2_slot_inorder_place_random_15_grasp_ver3_greedy_ver3,20260312004302,52,2529.0,0.0
2x2_slot_inorder_place_random_15_grasp_ver3_greedy_ver3,20260312004307,23,1004.0,0.0
2x2_slot_inorder_place_random_15_grasp_ver3_greedy_ver3,20260312004312,38,1679.0,0.0
2x2_slot_inorder_place_random_15_grasp_ver3_greedy_ver3,20260312004318,34,1496.0,0.0
2x2_slot_inorder_place_random_15_grasp_ver3_greedy_ver3,20260312004327,53,2273.0,0.0
2x2_slot_inorder_place_random_15_grasp_ver3_greedy_ver3,20260312004333,10,614.0,0.0
2x2_slot_inorder_place_random_15_grasp_ver3_greedy_ver3,20260312004337,19,812.0,0.0
2x2_slot_inorder_place_random_15_grasp_ver3_greedy_ver3,20260312004344,43,1877.0,0.0
2x2_slot_inorder_place_random_15_grasp_ver3_greedy_ver3,20260312004350,12,637.0,0.0
2x2_slot_inorder_place_random_15_grasp_ver3_greedy_ver3,20260312004353,16,748.0,0.0
2x2_slot_inorder_place_random_15_grasp_ver3_greedy_ver3,20260312004357,6,343.0,0.0
2x2_slot_inorder_place_random_15_grasp_ver3_greedy_ver3,20260312004401,37,1881.0,0.0
2x2_slot_inorder_place_random_15_grasp_ver3_greedy_ver3,20260312004408,8,517.0,0.0
2x2_slot_inorder_place_random_15_greedy_ver3_grasp_ver3,20260312002440,2,207.0,0.0
2x2_slot_inorder_place_random_15_greedy_ver3_grasp_ver3,20260312002443,42,2190.0,0.0
2x2_slot_inorder_place_random_15_greedy_ver3_grasp_ver3,20260312002446,2,207.0,0.0
2x2_slot_inorder_place_random_15_greedy_ver3_grasp_ver3,20260312002449,2,217.0,0.0
2x2_slot_inorder_place_random_15_greedy_ver3_grasp_ver3,20260312002451,16,951.0,0.0
2x2_slot_inorder_place_random_15_greedy_ver3_grasp_ver3,20260312002455,2,271.0,0.0
2x2_slot_inorder_place_random_15_greedy_ver3_grasp_ver3,20260312002458,2,257.0,0.0
2x2_slot_inorder_place_random_15_greedy_ver3_grasp_ver3,20260312002501,2,269.0,0.0
2x2_slot_inorder_place_random_15_greedy_ver3_grasp_ver3,20260312002504,8,370.0,0.0
2x2_slot_inorder_place_random_15_greedy_ver3_grasp_ver3,20260312002508,3,275.0,0.0
2x2_slot_inorder_place_random_15_greedy_ver3_grasp_ver3,20260312002510,3,265.0,0.0
2x2_slot_inorder_place_random_15_greedy_ver3_grasp_ver3,20260312002513,23,1399.0,0.0
2x2_slot_inorder_place_random_15_greedy_ver3_grasp_ver3,20260312002516,32,1628.0,0.0
2x2_slot_inorder_place_random_15_greedy_ver3_grasp_ver3,20260312002520,5,289.0,0.0
2x2_slot_inorder_place_random_15_greedy_ver3_grasp_ver3,20260312002524,14,762.0,0.0
2x2_slot_inorder_place_random_15_greedy_ver3_grasp_ver3,20260312002527,2,211.0,0.0
2x2_slot_inorder_place_random_15_greedy_ver3_grasp_ver3,20260312002531,4,315.0,0.0
2x2_slot_inorder_place_random_15_greedy_ver3_grasp_ver3,20260312002535,4,319.0,0.0
2x2_slot_inorder_place_random_15_greedy_ver3_grasp_ver3,20260312002538,41,2012.0,0.015625
2x2_slot_inorder_place_random_15_greedy_ver3_grasp_ver3,20260312002543,15,758.0,0.0
2x2_slot_inorder_place_random_15_greedy_ver3_grasp_ver3,20260312002548,31,1782.0,0.0
2x2_slot_inorder_place_random_15_greedy_ver3_grasp_ver3,20260312002556,9,483.0,0.0
2x2_slot_inorder_place_random_15_greedy_ver3_grasp_ver3,20260312002600,30,1354.0,0.0
2x2_slot_inorder_place_random_15_greedy_ver3_grasp_ver3,20260312002613,34,1795.0,0.0
2x2_slot_inorder_place_random_15_greedy_ver3_grasp_ver3,20260312002626,8,502.0,0.0
2x2_slot_inorder_place_random_15_greedy_ver3_grasp_ver3,20260312002630,2,271.0,0.0
2x2_slot_inorder_place_random_15_greedy_ver3_grasp_ver3,20260312002633,2,263.0,0.0
2x2_slot_inorder_place_random_15_greedy_ver3_grasp_ver3,20260312002635,5,307.0,0.0
2x2_slot_inorder_place_random_15_greedy_ver3_grasp_ver3,20260312002638,4,273.0,0.0
2x2_slot_inorder_place_random_15_greedy_ver3_grasp_ver3,20260312002642,20,1047.0,0.0
2x2_slot_inorder_place_random_15_greedy_ver3_grasp_ver3,20260312002644,5,285.0,0.0
2x2_slot_inorder_place_random_15_greedy_ver3_grasp_ver3,20260312002647,3,275.0,0.0
2x2_slot_inorder_place_random_15_greedy_ver3_grasp_ver3,20260312002649,14,839.0,0.0
2x2_slot_inorder_place_random_15_greedy_ver3_grasp_ver3,20260312002653,2,209.0,0.0
2x2_slot_inorder_place_random_15_greedy_ver3_grasp_ver3,20260312002655,4,253.0,0.0
2x2_slot_inorder_place_random_15_greedy_ver3_grasp_ver3,20260312002659,4,625.0,0.015625
2x2_slot_inorder_place_random_15_greedy_ver3_grasp_ver3,20260312002702,4,445.0,0.015625
2x2_slot_inorder_place_random_15_greedy_ver3_grasp_ver3,20260312002706,7,405.0,0.0
2x2_slot_inorder_place_random_15_greedy_ver3_grasp_ver3,20260312002709,61,2973.0,0.0
2x2_slot_inorder_place_random_15_greedy_ver3_grasp_ver3,20260312002713,11,684.0,0.0
2x2_slot_inorder_place_random_15_greedy_ver3_grasp_ver3,20260312002719,2,209.0,0.0
2x2_slot_inorder_place_random_15_greedy_ver3_grasp_ver3,20260312002722,2,195.0,0.0
2x2_slot_inorder_place_random_15_greedy_ver3_grasp_ver3,20260312002725,5,303.0,0.0
2x2_slot_inorder_place_random_15_greedy_ver3_grasp_ver3,20260312002728,16,933.0,0.0
2x2_slot_inorder_place_random_15_greedy_ver3_grasp_ver3,20260312002730,6,337.0,0.0
2x2_slot_inorder_place_random_15_greedy_ver3_grasp_ver3,20260312002733,2,257.0,0.0
2x2_slot_inorder_place_random_15_greedy_ver3_grasp_ver3,20260312002736,4,279.0,0.0
2x2_slot_inorder_place_random_15_greedy_ver3_grasp_ver3,20260312002739,18,1017.0,0.0
2x2_slot_inorder_place_random_15_greedy_ver3_grasp_ver3,20260312002742,4,333.0,0.0
2x2_slot_inorder_place_random_15_greedy_ver3_grasp_ver3,20260312002745,7,424.0,0.0
2x2_slot_inorder_place_random_15_greedy_ver3_grasp_ver3,20260312002749,10,474.0,0.0
2x2_slot_inorder_place_random_15_greedy_ver3_grasp_ver3,20260312002754,2,213.0,0.0
2x2_slot_inorder_place_random_15_greedy_ver3_grasp_ver3,20260312002756,6,192.0,0.0
2x2_slot_inorder_place_random_15_greedy_ver3_grasp_ver3,20260312002800,4,259.0,0.0
2x2_slot_inorder_place_random_15_greedy_ver3_grasp_ver3,20260312002803,8,426.0,0.0
2x2_slot_inorder_place_random_15_greedy_ver3_grasp_ver3,20260312002807,8,580.0,0.0
2x2_slot_inorder_place_random_15_greedy_ver3_grasp_ver3,20260312002810,16,754.0,0.0
2x2_slot_inorder_place_random_15_greedy_ver3_grasp_ver3,20260312002815,21,1076.0,0.0
2x2_slot_inorder_place_random_15_greedy_ver3_grasp_ver3,20260312002822,30,1462.0,0.0
2x2_slot_inorder_place_random_15_greedy_ver3_grasp_ver3,20260312002832,18,990.0,0.0
2x2_slot_inorder_place_random_15_greedy_ver3_grasp_ver3,20260312002836,20,1134.0,0.015625
2x2_slot_inorder_place_random_15_greedy_ver3_grasp_ver3,20260312002843,80,3774.0,0.0
2x2_slot_inorder_place_random_15_greedy_ver3_grasp_ver3,20260312002851,4,267.0,0.0
2x2_slot_inorder_place_random_15_greedy_ver3_grasp_ver3,20260312002854,4,257.0,0.0
2x2_slot_inorder_place_random_15_greedy_ver3_grasp_ver3,20260312002858,5,249.0,0.0
2x2_slot_inorder_place_random_15_greedy_ver3_grasp_ver3,20260312002901,3,275.0,0.0
2x2_slot_inorder_place_random_15_greedy_ver3_grasp_ver3,20260312002904,5,257.0,0.0
2x2_slot_inorder_place_random_15_greedy_ver3_grasp_ver3,20260312002907,4,277.0,0.0
2x2_slot_inorder_place_random_15_greedy_ver3_grasp_ver3,20260312002911,4,279.0,0.0
2x2_slot_inorder_place_random_15_greedy_ver3_grasp_ver3,20260312002914,11,662.0,0.015625
2x2_slot_inorder_place_random_15_greedy_ver3_grasp_ver3,20260312002920,24,1225.0,0.0
2x2_slot_inorder_place_random_15_greedy_ver3_grasp_ver3,20260312002929,17,906.0,0.0
2x2_slot_inorder_place_random_15_greedy_ver3_grasp_ver3,20260312002933,11,532.0,0.0
2x2_slot_inorder_place_random_15_greedy_ver3_grasp_ver3,20260312002936,4,291.0,0.0
2x2_slot_inorder_place_random_15_greedy_ver3_grasp_ver3,20260312002939,11,638.0,0.015625
2x2_slot_inorder_place_random_15_greedy_ver3_grasp_ver3,20260312002943,11,708.0,0.015625
2x2_slot_inorder_place_random_15_greedy_ver3_grasp_ver3,20260312002946,11,778.0,0.0
2x2_slot_inorder_place_random_15_greedy_ver3_grasp_ver3,20260312002948,17,924.0,0.0
2x2_slot_inorder_place_random_15_greedy_ver3_grasp_ver3,20260312002952,14,854.0,0.0
2x2_slot_inorder_place_random_15_greedy_ver3_grasp_ver3,20260312002958,14,804.0,0.0
2x2_slot_inorder_place_random_15_greedy_ver3_grasp_ver3,20260312003001,5,309.0,0.0
2x2_slot_inorder_place_random_15_greedy_ver3_grasp_ver3,20260312003004,6,238.0,0.0
2x2_slot_inorder_place_random_15_greedy_ver3_grasp_ver3,20260312003007,8,466.0,0.015625
2x2_slot_inorder_place_random_15_greedy_ver3_grasp_ver3,20260312003011,2,207.0,0.0
2x2_slot_inorder_place_random_15_greedy_ver3_grasp_ver3,20260312003013,5,275.0,0.015625
2x2_slot_inorder_place_random_15_greedy_ver3_grasp_ver3,20260312003016,8,432.0,0.0
2x2_slot_inorder_place_random_15_greedy_ver3_grasp_ver3,20260312003020,6,286.0,0.0
2x2_slot_inorder_place_random_15_greedy_ver3_grasp_ver3,20260312003024,24,1218.0,0.0
2x2_slot_inorder_place_random_15_greedy_ver3_grasp_ver3,20260312003032,14,736.0,0.0
2x2_slot_inorder_place_random_15_greedy_ver3_grasp_ver3,20260312003037,13,635.0,0.0
2x2_slot_inorder_place_random_15_greedy_ver3_grasp_ver3,20260312003042,3,265.0,0.0
2x2_slot_inorder_place_random_15_greedy_ver3_grasp_ver3,20260312003044,5,287.0,0.0
2x2_slot_inorder_place_random_15_greedy_ver3_grasp_ver3,20260312003048,8,434.0,0.0
2x2_slot_inorder_place_random_15_greedy_ver3_grasp_ver3,20260312003051,11,616.0,0.0
2x2_slot_inorder_place_random_15_greedy_ver3_grasp_ver3,20260312003055,21,902.0,0.0
2x2_slot_inorder_place_random_15_greedy_ver3_grasp_ver3,20260312003101,12,648.0,0.0
2x2_slot_inorder_place_random_15_greedy_ver3_grasp_ver3,20260312003104,15,710.0,0.0
2x2_slot_inorder_place_random_15_greedy_ver3_grasp_ver3,20260312003108,21,1002.0,0.015625
2x2_slot_inorder_place_random_15_greedy_ver3_grasp_ver3,20260312003111,7,338.0,0.0
2x2_slot_inorder_place_random_15_greedy_ver3_grasp_ver3,20260312003115,37,1730.0,0.0
2x2_slot_inorder_place_random_15_greedy_ver3_grasp_ver3,20260312003122,26,1174.0,0.0
2x2_slot_inorder_place_random_15_greedy_ver3_grasp_ver3,20260312003127,24,1242.0,0.0
2x2_slot_inorder_place_random_15_greedy_ver3_grasp_ver3,20260312003131,8,442.0,0.0
2x2_slot_inorder_place_random_15_greedy_ver3_grasp_ver3,20260312003136,59,2793.0,0.0
2x2_slot_inorder_place_random_15_greedy_ver3_grasp_ver3,20260312003145,31,1730.0,0.0
2x2_slot_inorder_place_random_15_greedy_ver3_grasp_ver3,20260312003150,4,281.0,0.0
2x2_slot_inorder_place_random_15_greedy_ver3_grasp_ver3,20260312003153,12,698.0,0.0
2x2_slot_inorder_place_random_15_greedy_ver3_grasp_ver3,20260312003200,7,388.0,0.015625
2x2_slot_inorder_place_random_15_greedy_ver3_grasp_ver3,20260312003204,6,200.0,0.0
2x2_slot_inorder_place_random_15_greedy_ver3_grasp_ver3,20260312003209,31,1626.0,0.015625
2x2_slot_inorder_place_random_15_greedy_ver3_grasp_ver3,20260312003215,5,307.0,0.0
2x2_slot_inorder_place_random_15_greedy_ver3_grasp_ver3,20260312003218,15,774.0,0.0
2x2_slot_inorder_place_random_15_greedy_ver3_grasp_ver3,20260312003223,7,332.0,0.0
2x2_slot_inorder_place_random_15_greedy_ver3_grasp_ver3,20260312003227,11,636.0,0.0
2x2_slot_inorder_place_random_15_greedy_ver3_grasp_ver3,20260312003232,11,616.0,0.0
2x2_slot_inorder_place_random_15_greedy_ver3_grasp_ver3,20260312003238,10,676.0,0.0
2x2_slot_inorder_place_random_15_greedy_ver3_grasp_ver3,20260312003243,7,344.0,0.0
2x2_slot_inorder_place_random_15_greedy_ver3_grasp_ver3,20260312003247,26,1248.0,0.0
2x2_slot_inorder_place_random_15_greedy_ver3_grasp_ver3,20260312003252,41,2054.0,0.015625
2x2_slot_inorder_place_random_15_greedy_ver3_grasp_ver3,20260312003257,6,262.0,0.0
2x2_slot_inorder_place_random_15_greedy_ver3_grasp_ver3,20260312003301,9,458.0,0.0
2x2_slot_inorder_place_random_15_greedy_ver3_grasp_ver3,20260312003304,17,938.0,0.0
2x2_slot_inorder_place_random_15_greedy_ver3_grasp_ver3,20260312003309,30,1490.0,0.0
2x2_slot_inorder_place_random_15_greedy_ver3_grasp_ver3,20260312003318,11,544.0,0.015625
2x2_slot_inorder_place_random_15_greedy_ver3_grasp_ver3,20260312003324,11,686.0,0.0
2x2_slot_inorder_place_random_15_greedy_ver3_grasp_ver3,20260312003328,12,692.0,0.0
2x2_slot_inorder_place_random_15_greedy_ver3_grasp_ver3,20260312003333,26,1377.0,0.015625
2x2_slot_inorder_place_random_15_greedy_ver3_grasp_ver3,20260312003339,16,872.0,0.0
2x2_slot_inorder_place_random_15_greedy_ver3_grasp_ver3,20260312003346,34,1607.0,0.0
2x2_slot_inorder_place_random_15_greedy_ver3_grasp_ver3,20260312003357,2,187.0,0.0
2x2_slot_inorder_place_random_15_greedy_ver3_grasp_ver3,20260312003400,22,1176.0,0.0
2x2_slot_inorder_place_random_15_greedy_ver3_grasp_ver3,20260312003404,30,1370.0,0.0
2x2_slot_inorder_place_random_15_greedy_ver3_grasp_ver3,20260312003412,4,305.0,0.0
2x2_slot_inorder_place_random_15_greedy_ver3_grasp_ver3,20260312003415,18,846.0,0.0
2x2_slot_inorder_place_random_15_greedy_ver3_grasp_ver3,20260312003419,15,698.0,0.015625
2x2_slot_inorder_place_random_15_greedy_ver3_grasp_ver3,20260312003421,24,1148.0,0.015625
2x2_slot_inorder_place_random_15_greedy_ver3_grasp_ver3,20260312003429,30,1479.0,0.0
2x2_slot_inorder_place_random_15_greedy_ver3_greedy_ver3,20260312002442,8,467.0,0.0
2x2_slot_inorder_place_random_15_greedy_ver3_greedy_ver3,20260312002444,8,477.0,0.0
2x2_slot_inorder_place_random_15_greedy_ver3_greedy_ver3,20260312002447,8,467.0,0.0
2x2_slot_inorder_place_random_15_greedy_ver3_greedy_ver3,20260312002450,14,901.0,0.0
2x2_slot_inorder_place_random_15_greedy_ver3_greedy_ver3,20260312002453,12,551.0,0.0
2x2_slot_inorder_place_random_15_greedy_ver3_greedy_ver3,20260312002457,4,301.0,0.0
2x2_slot_inorder_place_random_15_greedy_ver3_greedy_ver3,20260312002459,37,1900.0,0.0
2x2_slot_inorder_place_random_15_greedy_ver3_greedy_ver3,20260312002502,4,299.0,0.0
2x2_slot_inorder_place_random_15_greedy_ver3_greedy_ver3,20260312002506,27,1170.0,0.0
2x2_slot_inorder_place_random_15_greedy_ver3_greedy_ver3,20260312002509,14,879.0,0.0
2x2_slot_inorder_place_random_15_greedy_ver3_greedy_ver3,20260312002512,6,345.0,0.0
2x2_slot_inorder_place_random_15_greedy_ver3_greedy_ver3,20260312002514,6,355.0,0.015625
2x2_slot_inorder_place_random_15_greedy_ver3_greedy_ver3,20260312002518,14,626.0,0.0
2x2_slot_inorder_place_random_15_greedy_ver3_greedy_ver3,20260312002522,8,413.0,0.0
2x2_slot_inorder_place_random_15_greedy_ver3_greedy_ver3,20260312002525,8,423.0,0.0
2x2_slot_inorder_place_random_15_greedy_ver3_greedy_ver3,20260312002529,8,443.0,0.0
2x2_slot_inorder_place_random_15_greedy_ver3_greedy_ver3,20260312002533,10,445.0,0.0
2x2_slot_inorder_place_random_15_greedy_ver3_greedy_ver3,20260312002536,12,785.0,0.0
2x2_slot_inorder_place_random_15_greedy_ver3_greedy_ver3,20260312002541,17,952.0,0.0
2x2_slot_inorder_place_random_15_greedy_ver3_greedy_ver3,20260312002546,16,802.0,0.0
2x2_slot_inorder_place_random_15_greedy_ver3_greedy_ver3,20260312002552,36,1805.0,0.0
2x2_slot_inorder_place_random_15_greedy_ver3_greedy_ver3,20260312002558,28,1515.0,0.0
2x2_slot_inorder_place_random_15_greedy_ver3_greedy_ver3,20260312002607,63,2734.0,0.0
2x2_slot_inorder_place_random_15_greedy_ver3_greedy_ver3,20260312002619,66,3295.0,0.0
2x2_slot_inorder_place_random_15_greedy_ver3_greedy_ver3,20260312002628,19,1064.0,0.0
2x2_slot_inorder_place_random_15_greedy_ver3_greedy_ver3,20260312002631,4,301.0,0.0
2x2_slot_inorder_place_random_15_greedy_ver3_greedy_ver3,20260312002634,25,1437.0,0.0
2x2_slot_inorder_place_random_15_greedy_ver3_greedy_ver3,20260312002637,8,447.0,0.015625
2x2_slot_inorder_place_random_15_greedy_ver3_greedy_ver3,20260312002640,12,617.0,0.0
2x2_slot_inorder_place_random_15_greedy_ver3_greedy_ver3,20260312002643,8,477.0,0.0
2x2_slot_inorder_place_random_15_greedy_ver3_greedy_ver3,20260312002646,14,671.0,0.0
2x2_slot_inorder_place_random_15_greedy_ver3_greedy_ver3,20260312002648,11,719.0,0.0
2x2_slot_inorder_place_random_15_greedy_ver3_greedy_ver3,20260312002651,32,1852.0,0.0
2x2_slot_inorder_place_random_15_greedy_ver3_greedy_ver3,20260312002654,28,1545.0,0.0
2x2_slot_inorder_place_random_15_greedy_ver3_greedy_ver3,20260312002657,13,590.0,0.0
2x2_slot_inorder_place_random_15_greedy_ver3_greedy_ver3,20260312002701,7,625.0,0.0
2x2_slot_inorder_place_random_15_greedy_ver3_greedy_ver3,20260312002704,6,615.0,0.0
2x2_slot_inorder_place_random_15_greedy_ver3_greedy_ver3,20260312002707,10,655.0,0.0
2x2_slot_inorder_place_random_15_greedy_ver3_greedy_ver3,20260312002711,19,932.0,0.015625
2x2_slot_inorder_place_random_15_greedy_ver3_greedy_ver3,20260312002716,17,860.0,0.0
2x2_slot_inorder_place_random_15_greedy_ver3_greedy_ver3,20260312002720,8,443.0,0.0
2x2_slot_inorder_place_random_15_greedy_ver3_greedy_ver3,20260312002723,26,1104.0,0.0
2x2_slot_inorder_place_random_15_greedy_ver3_greedy_ver3,20260312002726,17,1011.0,0.0
2x2_slot_inorder_place_random_15_greedy_ver3_greedy_ver3,20260312002729,6,349.0,0.0
2x2_slot_inorder_place_random_15_greedy_ver3_greedy_ver3,20260312002732,17,834.0,0.0
2x2_slot_inorder_place_random_15_greedy_ver3_greedy_ver3,20260312002734,4,287.0,0.015625
2x2_slot_inorder_place_random_15_greedy_ver3_greedy_ver3,20260312002737,18,1041.0,0.0
2x2_slot_inorder_place_random_15_greedy_ver3_greedy_ver3,20260312002740,23,1295.0,0.0
2x2_slot_inorder_place_random_15_greedy_ver3_greedy_ver3,20260312002744,10,499.0,0.0
2x2_slot_inorder_place_random_15_greedy_ver3_greedy_ver3,20260312002747,16,946.0,0.0
2x2_slot_inorder_place_random_15_greedy_ver3_greedy_ver3,20260312002751,29,1584.0,0.0
2x2_slot_inorder_place_random_15_greedy_ver3_greedy_ver3,20260312002755,13,643.0,0.015625
2x2_slot_inorder_place_random_15_greedy_ver3_greedy_ver3,20260312002758,18,822.0,0.0
2x2_slot_inorder_place_random_15_greedy_ver3_greedy_ver3,20260312002802,10,524.0,0.0
2x2_slot_inorder_place_random_15_greedy_ver3_greedy_ver3,20260312002805,14,742.0,0.0
2x2_slot_inorder_place_random_15_greedy_ver3_greedy_ver3,20260312002808,16,652.0,0.0
2x2_slot_inorder_place_random_15_greedy_ver3_greedy_ver3,20260312002813,20,1150.0,0.015625
2x2_slot_inorder_place_random_15_greedy_ver3_greedy_ver3,20260312002818,40,1879.0,0.0
2x2_slot_inorder_place_random_15_greedy_ver3_greedy_ver3,20260312002827,49,2277.0,0.0
2x2_slot_inorder_place_random_15_greedy_ver3_greedy_ver3,20260312002834,22,1056.0,0.0
2x2_slot_inorder_place_random_15_greedy_ver3_greedy_ver3,20260312002840,32,1608.0,0.0
2x2_slot_inorder_place_random_15_greedy_ver3_greedy_ver3,20260312002847,40,1865.0,0.0
2x2_slot_inorder_place_random_15_greedy_ver3_greedy_ver3,20260312002853,7,397.0,0.015625
2x2_slot_inorder_place_random_15_greedy_ver3_greedy_ver3,20260312002856,72,3466.0,0.0
2x2_slot_inorder_place_random_15_greedy_ver3_greedy_ver3,20260312002859,19,854.0,0.0
2x2_slot_inorder_place_random_15_greedy_ver3_greedy_ver3,20260312002902,6,355.0,0.0
2x2_slot_inorder_place_random_15_greedy_ver3_greedy_ver3,20260312002905,33,1486.0,0.0
2x2_slot_inorder_place_random_15_greedy_ver3_greedy_ver3,20260312002908,20,986.0,0.0
2x2_slot_inorder_place_random_15_greedy_ver3_greedy_ver3,20260312002912,20,972.0,0.0
2x2_slot_inorder_place_random_15_greedy_ver3_greedy_ver3,20260312002917,25,1395.0,0.0
2x2_slot_inorder_place_random_15_greedy_ver3_greedy_ver3,20260312002924,35,1741.0,0.0
2x2_slot_inorder_place_random_15_greedy_ver3_greedy_ver3,20260312002931,34,1525.0,0.0
2x2_slot_inorder_place_random_15_greedy_ver3_greedy_ver3,20260312002935,22,1062.0,0.015625
2x2_slot_inorder_place_random_15_greedy_ver3_greedy_ver3,20260312002938,15,698.0,0.0
2x2_slot_inorder_place_random_15_greedy_ver3_greedy_ver3,20260312002941,21,1168.0,0.0
2x2_slot_inorder_place_random_15_greedy_ver3_greedy_ver3,20260312002944,21,1244.0,0.0
2x2_slot_inorder_place_random_15_greedy_ver3_greedy_ver3,20260312002947,6,345.0,0.0
2x2_slot_inorder_place_random_15_greedy_ver3_greedy_ver3,20260312002950,31,1539.0,0.0
2x2_slot_inorder_place_random_15_greedy_ver3_greedy_ver3,20260312002955,27,1546.0,0.015625
2x2_slot_inorder_place_random_15_greedy_ver3_greedy_ver3,20260312002959,18,830.0,0.0
2x2_slot_inorder_place_random_15_greedy_ver3_greedy_ver3,20260312003003,8,411.0,0.0
2x2_slot_inorder_place_random_15_greedy_ver3_greedy_ver3,20260312003006,9,467.0,0.0
2x2_slot_inorder_place_random_15_greedy_ver3_greedy_ver3,20260312003009,9,461.0,0.0
2x2_slot_inorder_place_random_15_greedy_ver3_greedy_ver3,20260312003012,22,944.0,0.0
2x2_slot_inorder_place_random_15_greedy_ver3_greedy_ver3,20260312003014,14,675.0,0.0
2x2_slot_inorder_place_random_15_greedy_ver3_greedy_ver3,20260312003017,25,988.0,0.0
2x2_slot_inorder_place_random_15_greedy_ver3_greedy_ver3,20260312003022,16,852.0,0.015625
2x2_slot_inorder_place_random_15_greedy_ver3_greedy_ver3,20260312003028,36,1668.0,0.0
2x2_slot_inorder_place_random_15_greedy_ver3_greedy_ver3,20260312003035,23,1066.0,0.0
2x2_slot_inorder_place_random_15_greedy_ver3_greedy_ver3,20260312003039,11,534.0,0.0
2x2_slot_inorder_place_random_15_greedy_ver3_greedy_ver3,20260312003043,15,664.0,0.0
2x2_slot_inorder_place_random_15_greedy_ver3_greedy_ver3,20260312003045,23,1048.0,0.0
2x2_slot_inorder_place_random_15_greedy_ver3_greedy_ver3,20260312003049,22,934.0,0.0
2x2_slot_inorder_place_random_15_greedy_ver3_greedy_ver3,20260312003052,13,662.0,0.0
2x2_slot_inorder_place_random_15_greedy_ver3_greedy_ver3,20260312003058,19,876.0,0.0
2x2_slot_inorder_place_random_15_greedy_ver3_greedy_ver3,20260312003102,12,629.0,0.0
2x2_slot_inorder_place_random_15_greedy_ver3_greedy_ver3,20260312003106,23,1012.0,0.0
2x2_slot_inorder_place_random_15_greedy_ver3_greedy_ver3,20260312003110,27,1318.0,0.0
2x2_slot_inorder_place_random_15_greedy_ver3_greedy_ver3,20260312003113,23,1060.0,0.0
2x2_slot_inorder_place_random_15_greedy_ver3_greedy_ver3,20260312003119,30,1282.0,0.0
2x2_slot_inorder_place_random_15_greedy_ver3_greedy_ver3,20260312003125,27,1242.0,0.0
2x2_slot_inorder_place_random_15_greedy_ver3_greedy_ver3,20260312003129,35,1527.0,0.0
2x2_slot_inorder_place_random_15_greedy_ver3_greedy_ver3,20260312003133,22,980.0,0.0
2x2_slot_inorder_place_random_15_greedy_ver3_greedy_ver3,20260312003140,39,1911.0,0.0
2x2_slot_inorder_place_random_15_greedy_ver3_greedy_ver3,20260312003147,24,1096.0,0.0
2x2_slot_inorder_place_random_15_greedy_ver3_greedy_ver3,20260312003151,26,1162.0,0.0
2x2_slot_inorder_place_random_15_greedy_ver3_greedy_ver3,20260312003156,29,1462.0,0.0
2x2_slot_inorder_place_random_15_greedy_ver3_greedy_ver3,20260312003202,16,728.0,0.0
2x2_slot_inorder_place_random_15_greedy_ver3_greedy_ver3,20260312003206,26,1162.0,0.0
2x2_slot_inorder_place_random_15_greedy_ver3_greedy_ver3,20260312003211,30,1524.0,0.0
2x2_slot_inorder_place_random_15_greedy_ver3_greedy_ver3,20260312003216,12,704.0,0.0
2x2_slot_inorder_place_random_15_greedy_ver3_greedy_ver3,20260312003220,44,2179.0,0.0
2x2_slot_inorder_place_random_15_greedy_ver3_greedy_ver3,20260312003225,13,850.0,0.0
2x2_slot_inorder_place_random_15_greedy_ver3_greedy_ver3,20260312003230,23,996.0,0.0
2x2_slot_inorder_place_random_15_greedy_ver3_greedy_ver3,20260312003235,25,1132.0,0.0
2x2_slot_inorder_place_random_15_greedy_ver3_greedy_ver3,20260312003240,22,1090.0,0.0
2x2_slot_inorder_place_random_15_greedy_ver3_greedy_ver3,20260312003245,15,688.0,0.0
2x2_slot_inorder_place_random_15_greedy_ver3_greedy_ver3,20260312003249,36,1737.0,0.0
2x2_slot_inorder_place_random_15_greedy_ver3_greedy_ver3,20260312003254,23,1030.0,0.015625
2x2_slot_inorder_place_random_15_greedy_ver3_greedy_ver3,20260312003259,19,866.0,0.0
2x2_slot_inorder_place_random_15_greedy_ver3_greedy_ver3,20260312003302,26,1120.0,0.015625
2x2_slot_inorder_place_random_15_greedy_ver3_greedy_ver3,20260312003307,34,1539.0,0.0
2x2_slot_inorder_place_random_15_greedy_ver3_greedy_ver3,20260312003314,37,1824.0,0.0
2x2_slot_inorder_place_random_15_greedy_ver3_greedy_ver3,20260312003321,32,1404.0,0.0
2x2_slot_inorder_place_random_15_greedy_ver3_greedy_ver3,20260312003326,25,1188.0,0.0
2x2_slot_inorder_place_random_15_greedy_ver3_greedy_ver3,20260312003331,38,1743.0,0.0
2x2_slot_inorder_place_random_15_greedy_ver3_greedy_ver3,20260312003336,58,2693.0,0.0
2x2_slot_inorder_place_random_15_greedy_ver3_greedy_ver3,20260312003343,56,2577.0,0.0
2x2_slot_inorder_place_random_15_greedy_ver3_greedy_ver3,20260312003352,62,2961.0,0.015625
2x2_slot_inorder_place_random_15_greedy_ver3_greedy_ver3,20260312003358,12,650.0,0.0
2x2_slot_inorder_place_random_15_greedy_ver3_greedy_ver3,20260312003402,15,638.0,0.0
2x2_slot_inorder_place_random_15_greedy_ver3_greedy_ver3,20260312003408,36,1639.0,0.0
2x2_slot_inorder_place_random_15_greedy_ver3_greedy_ver3,20260312003414,12,575.0,0.0
2x2_slot_inorder_place_random_15_greedy_ver3_greedy_ver3,20260312003417,16,748.0,0.0
2x2_slot_inorder_place_random_15_greedy_ver3_greedy_ver3,20260312003420,6,343.0,0.0
2x2_slot_inorder_place_random_15_greedy_ver3_greedy_ver3,20260312003425,39,1867.0,0.015625
2x2_slot_inorder_place_random_15_greedy_ver3_greedy_ver3,20260312003431,8,579.0,0.0
